time,timestamp,recordtime,lat,long,alt,speed,course,verticalAccuracy,horizontalAccuracy,locTimeStamp,accelerationX,accelerationY,accelerationZ,HeadingX,HeadingY,HeadingZ,TrueHeading,MagneticHeading,HeadingAccuracy,RotationX,RotationY,RotationZ,motionYaw,motionRoll,motionPitch,motionRotationRateX,motionRotationRateY,motionRotationRateZ,motionUserAccelerationX,motionUserAccelerationY,motionUserAccelerationZ,DeviceOrientation
2014-02-24 18:37:28.563,1,0.1,43.60563,3.913171,33.26708,1.266214,353.1319,14.51331,10,1393263447,-0.977066,0.03134155,0.02926636,-63.37624,-7.527325,-43.37999,353.1021,352.3911,26,0.008577509,0.03859054,-0.001467402,1.534341,-1.599681,-0.01898788,-0.007485699,-0.07201707,0.000392603,0.0008064756,-0.001362835,-0.03488778,5
2014-02-24 18:37:28.749,2,0.2,43.60563,3.913168,31.57401,1.278125,354.8718,14.33155,10,1393263448,-1.062866,-0.08830261,0.04669189,-66.82971,-4.210506,-46.28156,347.407,346.696,26,0.01479759,-0.02029489,-0.0008330368,1.534348,-1.602037,-0.01552228,-0.002680725,0.02774366,-0.0005529601,-0.06640426,-0.06865276,0.0395537,5
2014-02-24 18:37:28.874,3,0.3,43.60563,3.913168,31.57401,1.278125,354.8718,14.33155,10,1393263448,-1.013763,0.02102661,0.0006103516,-67.7616,-3.612396,-45.8833,346.339,345.628,26,0.001280182,0.03052542,-0.01084359,1.534432,-1.601846,-0.01547533,0.003539396,-0.03114172,8.140138e-05,-0.01250352,0.008527363,-0.02164104,5
2014-02-24 18:37:28.976,4,0.4,43.60563,3.913168,31.57401,1.278125,354.8718,14.33155,10,1393263448,-1.04808,-0.02879333,0.04252625,-69.0224,-3.77552,-44.68853,346.2242,345.5132,26,0.006220612,-0.01020816,-0.006879478,1.534405,-1.602011,-0.01535625,-0.009977979,0.01967861,-0.009929157,-0.06347119,-0.1036583,0.01548628,5
2014-02-24 18:37:29.082,5,0.5,43.60563,3.913168,31.57401,1.278125,354.8718,14.33155,10,1393263448,-0.9324188,0.06307983,0.005142212,-68.52905,-4.047386,-43.03863,347.4533,346.7423,26,0.005893043,0.01841256,0.02920423,1.534326,-1.602232,-0.0160186,-0.005233365,-0.02096771,-0.005975131,-0.01438573,0.005008693,-0.03081649,5
2014-02-24 18:37:29.171,6,0.6,43.60563,3.913168,31.57401,1.278125,354.8718,14.33155,10,1393263448,-1.04744,-0.06065369,0.05349731,-68.85794,-3.829891,-43.03863,347.4072,346.6962,26,0.01217571,0.02059742,0.01281966,1.534305,-1.602784,-0.01622047,-0.005560881,0.007653069,0.03010857,-0.04872348,-0.04501309,0.01054858,5
2014-02-24 18:37:29.299,7,0.7,43.60563,3.913168,31.57401,1.278125,354.8718,14.33155,10,1393263448,-1.04744,-0.06065369,0.05349731,-68.03569,-2.905533,-44.23339,347.222,346.511,26,0.01490411,-0.06341732,-0.007449927,1.534359,-1.603137,-0.01449254,0.00344917,-0.07417751,-0.00655533,-0.01953351,-0.03911971,-0.01290701,5
2014-02-24 18:37:29.504,8,0.8,43.60563,3.913168,31.57401,1.278125,354.8718,14.33155,10,1393263448,-1.015747,-0.04237366,0.05665588,-69.29649,-2.633659,-43.03863,344.8896,344.1786,26,0.008479238,0.08283656,0.003964914,1.534395,-1.605637,-0.01801279,-0.002973901,0.07206603,0.00487484,0.05800785,0.0587399,0.03838366,5
2014-02-24 18:37:29.679,9,0.9,43.60563,3.913168,31.57401,0,354.8718,9.5,5,1393263449,-0.9421082,0.1088715,0.09735107,-67.48752,9.056747,-37.74754,331.0587,330.3477,26,0.005161739,0.08810323,-0.04304228,1.534643,-1.605503,-0.01845005,0.02642907,-0.1471986,0.05422135,0.005544834,-0.09643667,-0.005808726,1
2014-02-24 18:37:29.826,10,1,43.60563,3.913168,31.57401,0,354.8718,9.5,5,1393263449,-1.040665,0.008728027,0.01112366,-68.47423,6.99054,-30.12381,331.3016,330.5906,26,0.01586791,0.06930318,0.00534097,1.534655,-1.608521,-0.01818608,-0.006291634,0.07731924,-0.04213406,0.05701513,0.09068638,0.05964214,1
2014-02-24 18:37:29.982,11,1.1,43.60563,3.913168,31.57401,0,354.8718,9.5,5,1393263449,-1.043411,-0.08911133,-0.00378418,-69.6802,9.926739,-21.58979,328.967,328.256,26,0.01799844,0.03455105,0.05145174,1.534664,-1.606735,-0.01817508,0.004414562,0.05851921,0.006249184,-0.02704065,-0.0872201,0.024713,1
2014-02-24 18:37:30.097,12,1.2,43.60563,3.913168,31.57401,0,354.8718,9.5,5,1393263449,-1.01593,-0.03536987,0.05952454,-24.56575,38.90807,29.55744,315.4053,314.6943,26,0.03186952,-0.05963244,0.02434955,1.534796,-1.607074,-0.01862307,0.02041627,-0.07041631,0.02525775,-0.0399548,-0.0339113,-0.02884785,1
2014-02-24 18:37:30.313,13,1.3,43.60563,3.913168,31.57401,0,354.8718,9.5,5,1393263449,-1.033447,0.08448792,0.0282135,16.54707,56.634,-4.806213,298.5919,297.8809,26,0.01356774,0.02837305,-0.008358598,1.534896,-1.606299,-0.01926095,0.00183627,-0.03760955,0.03531731,0.0374993,0.01144093,-0.04798529,1
2014-02-24 18:37:30.497,14,1.4,43.60563,3.913168,31.57401,0,354.8718,9.5,5,1393263449,-1.10376,-0.05249023,0.04205322,8.269688,49.61975,-55.38451,287.6551,286.9441,26,0.01092322,0.01494886,0.01638217,1.534959,-1.605914,-0.01948481,0.002114612,0.0175893,-0.007450402,-0.03425353,0.06500434,-0.006890307,1
2014-02-24 18:37:30.570,15,1.5,43.60563,3.913168,31.57401,0,354.8718,9.5,5,1393263450,-0.9099884,0.09645081,-0.003631592,-0.1721458,47.66228,-59.13948,285.3678,284.6568,26,0.0112926,0.01572011,-0.02937307,1.534974,-1.606111,-0.01977231,-0.0005298526,0.00416515,0.01729036,-0.1045786,-0.07226126,0.006753212,1
2014-02-24 18:37:30.803,16,1.6,43.60563,3.913168,31.57401,0,354.8718,9.5,5,1393263450,-1.021057,-0.08496094,-0.054245,-24.89466,34.34066,-36.09762,289.0932,288.3822,26,0.02084243,0.01495099,0.007092531,1.535063,-1.606746,-0.01953222,-0.01128282,-0.02679882,-0.01770358,-0.1144232,0.09092739,0.02625943,3
2014-02-24 18:37:30.948,17,1.7,43.60563,3.913168,31.57401,0,354.8718,9.5,5,1393263450,-1.021057,-0.08496094,-0.054245,-23.63386,35.70002,-32.17198,286.9592,286.2482,26,0.002651976,0.1141692,-0.0409746,1.535035,-1.604808,-0.01887363,-0.008800949,0.1033856,-0.04006642,-0.03591259,-0.04195906,0.008633928,3
2014-02-24 18:37:31.072,18,1.8,43.60563,3.913168,31.57401,0,354.8718,9.5,5,1393263450,-0.970932,0.1101837,0.05116272,-20.72856,36.84187,-30.06692,278.6073,277.8963,26,0.02225151,-0.1233238,0.006109292,1.535204,-1.606233,-0.01880275,0.01079864,-0.1341073,0.007017468,-0.0218616,-0.1037626,-0.08966813,3
2014-02-24 18:37:31.215,19,1.9,43.60563,3.913168,31.57401,0,354.8718,9.5,5,1393263450,-1.088989,0.1074829,0.001052856,-18.91959,35.37377,-30.80653,270.6095,269.8985,26,0.01606872,0.03514547,-0.01426602,1.535379,-1.606968,-0.0186053,0.004615887,0.02436199,-0.01335785,0.02824092,0.09157949,0.01500539,3
2014-02-24 18:37:31.321,20,2,43.60563,3.913168,31.57401,0,354.8718,9.5,5,1393263450,-1.093124,-0.02500916,0.01077271,-19.41294,36.51562,-31.20479,269.0139,268.3029,26,0.02709234,-0.01226545,-0.0007933557,1.535406,-1.606575,-0.01860329,0.01563956,-0.02304888,0.0001148125,-0.08980218,0.0888807,-0.03471239,3
2014-02-24 18:37:31.500,21,2.1,43.60563,3.913168,31.57401,0,354.8718,9.5,5,1393263450,-1.057098,-0.0559845,-0.01976013,-17.76843,37.27686,-30.86343,270.946,270.235,26,0.01117968,0.07243292,-0.02406193,1.535496,-1.606411,-0.0183276,-0.0002730706,0.06164952,-0.02315376,-0.04486934,-0.09114151,0.002424212,3
2014-02-24 18:37:31.578,22,2.2,43.60563,3.913168,31.57401,0,354.8718,9.5,5,1393263451,-0.9651489,0.07029724,0.0690918,-16.28837,37.43998,-31.48925,272.1201,271.4091,26,0.01363725,-0.05659857,-0.004009122,1.535453,-1.606164,-0.01810514,0.002184547,-0.06738192,-0.00310096,0.03320741,0.03347056,-0.07339492,3
2014-02-24 18:37:31.684,23,2.3,43.60563,3.913168,31.57401,0,354.8718,9.5,5,1393263451,-0.9651489,0.07029724,0.0690918,-15.63057,36.67874,-31.60304,271.8019,271.0909,26,0.01372167,0.03501524,-0.02836453,1.535701,-1.608371,-0.01836298,0.01566339,-0.06835446,0.004076255,-0.07559661,-0.02846327,0.02304843,3
2014-02-24 18:37:31.788,24,2.4,43.60563,3.913168,31.57401,0,354.8718,9.5,5,1393263451,-0.9707642,-0.08126831,0.06137085,-13.76679,36.02626,-33.08227,272.2638,271.5528,26,0.01372167,0.03501524,-0.02836453,1.535713,-1.607748,-0.01816673,0.002269066,0.02423198,-0.02745637,-0.045037,0.01258073,-0.02405912,3
2014-02-24 18:37:31.941,25,2.5,43.60563,3.913168,31.57401,0,354.8718,9.5,5,1393263451,-0.9168091,0.0397644,-0.0003509521,-10.64221,33.79693,-33.82188,268.062,267.351,26,0.02718235,-0.0655601,-0.003791809,1.535985,-1.608677,-0.01771969,0.00574856,0.05163677,-0.005401412,0.02836158,-0.09898707,0.02350535,3
2014-02-24 18:37:32.038,26,2.6,43.60563,3.913168,31.57401,0,354.8718,9.5,5,1393263451,-0.9499512,0.01712036,0.07453918,-12.72526,34.23191,-34.16325,267.1631,266.4521,26,0.01732786,-0.01468307,-0.01024838,1.536158,-1.609069,-0.01753559,0.01572987,-0.07634325,-0.002883664,0.08230499,0.02222971,-0.038608,3
2014-02-24 18:37:32.185,27,2.7,43.60563,3.913168,31.57401,0,354.8718,9.5,5,1393263451,-1.010727,-0.08740234,0.05607605,-13.32825,32.65507,-33.76499,261.9763,261.2653,26,0.01481969,0.07590808,-0.01819525,1.536289,-1.610331,-0.01745103,0.005875403,-0.0254662,-0.009340233,-0.01103487,-0.08596211,0.007630916,3
2014-02-24 18:37:32.297,28,2.8,43.60563,3.913168,31.57401,0,354.8718,9.5,5,1393263451,-0.9293976,0.02882385,-0.03160095,-13.4927,31.73071,-36.78035,259.954,259.243,26,0.01356508,0.03063967,-0.008380702,1.536417,-1.610206,-0.01736929,0.00336729,0.065125,-0.01728711,0.08632256,0.04766455,0.01961193,3
2014-02-24 18:37:32.496,29,2.9,43.60563,3.913168,31.57401,0,354.8718,9.5,5,1393263451,-0.9359283,0.1085815,0.07499695,-13.38307,32.49195,-38.032,259.7936,259.0826,26,0.03331694,-0.09153258,0.00238566,1.536356,-1.608883,-0.0172665,0.002112728,0.01985664,-0.007472567,-0.02127516,-0.01110109,-0.04521275,3
2014-02-24 18:37:32.583,30,3,43.60563,3.913168,31.57401,0,354.8718,9.5,5,1393263451,-1.084686,-0.04219055,0.008071899,-12.61562,32.3832,-37.91821,259.7448,259.0338,26,0.01979874,0.08381474,-0.0264364,1.536554,-1.612414,-0.01686105,0.02186423,-0.1023268,0.003291212,-0.06626973,-0.007094625,0.0365409,3
2014-02-24 18:37:32.688,31,3.1,43.60563,3.913168,31.57401,0,354.8718,9.5,5,1393263451,-1.03009,-0.00668335,-0.01690674,-12.88971,31.67634,-37.63374,259.7643,259.0533,26,0.02090715,0.05790618,-0.007403322,1.536779,-1.612392,-0.01679649,0.00834606,0.07302054,-0.02553085,0.06306575,0.09178584,0.03341929,3
2014-02-24 18:37:32.885,32,3.2,43.60563,3.913168,31.57401,0,354.8718,9.5,5,1393263452,-0.9488831,0.110672,-0.08705139,-11.40965,31.94821,-36.55277,259.8222,259.1112,26,0.01726714,0.05443075,-0.01326973,1.537075,-1.607722,-0.01916267,0.005602195,0.04838973,0.01341008,-0.03095548,-0.02584485,-0.05381729,3
2014-02-24 18:37:33.009,33,3.3,43.60563,3.913168,31.57401,0,354.8718,9.5,5,1393263452,-0.9488831,0.110672,-0.08705139,-11.84819,31.18697,-36.21141,259.7948,259.0838,26,0.009843576,0.07365877,-0.01118235,1.537257,-1.600426,-0.01587641,-0.001608037,0.062909,-0.01027844,-0.06277499,-0.05309193,-0.0925035,3
2014-02-24 18:37:33.239,34,3.4,43.60563,3.913168,31.57401,0,354.8718,9.5,5,1393263452,-1.111298,-0.08407593,-0.06993103,-10.64221,30.86073,-35.87005,259.8022,259.0912,26,0.0219085,0.09210143,0.01573475,1.537702,-1.600176,-0.01631348,0.01045697,0.08135174,0.01663865,0.00296021,-0.001755875,-0.04022104,3
2014-02-24 18:37:33.464,35,3.5,43.60563,3.913168,31.57401,0,354.8718,9.5,5,1393263452,-0.9861603,0.05403137,-0.1738739,-10.91629,34.06879,-36.26831,263.4131,262.7021,26,0.01346654,0.1575262,-0.01548548,1.53779,-1.597472,-0.01613792,0.002015056,0.1467766,-0.01458159,-0.1117835,-0.1002131,-0.09660015,3
2014-02-24 18:37:33.549,36,3.6,43.60563,3.913168,31.57401,0,354.8718,9.5,5,1393263452,-1.006943,0.02687073,-0.1290283,-9.984409,34.12317,-35.87005,263.2519,262.5409,26,-0.004814729,0.1130624,-0.03047775,1.537633,-1.594709,-0.0160569,-0.01626616,0.1023128,-0.02957386,0.01342495,0.03797517,-0.1977816,3
2014-02-24 18:37:33.672,37,3.7,43.60563,3.913168,31.57401,0,354.8718,9.5,5,1393263452,-0.9280548,0.0743866,0.06265259,-10.31331,34.23191,-35.64248,263.3574,262.6464,26,0.007268299,0.2390315,-0.02220597,1.538023,-1.599042,-0.01667122,0.04149437,-0.3816898,0.05312981,-0.05833807,-0.07299064,-0.2313779,3
2014-02-24 18:37:33.771,38,3.8,43.60563,3.913168,31.57401,0,354.8718,9.5,5,1393263452,-0.9375916,0.04179382,-0.3331757,-10.9163,34.17754,-36.04073,263.3708,262.6598,26,-0.02592348,0.4606273,-0.05988091,1.53856,-1.600648,-0.01720063,-0.004183057,0.228282,-0.02130209,-0.02317639,0.02627251,0.1548499,3
2014-02-24 18:37:33.895,39,3.9,43.60563,3.913168,31.57401,0,354.8718,9.5,5,1393263452,-1.033676,0.0534668,0.01477051,-10.03923,34.39503,-36.49588,263.3773,262.6663,26,0.05026876,-0.3481074,0.07543936,1.538088,-1.591325,-0.01615983,-0.03737478,0.4498778,-0.05897703,-0.1415003,-0.03157051,-0.2064071,3
2014-02-24 18:37:33.984,40,4,43.60563,3.913168,31.57401,0,354.8718,9.5,5,1393263453,-1.018066,0.04776001,0.09985352,-12.23191,34.28629,-35.35801,263.3945,262.6835,26,0.02954591,-0.1129923,0.01546338,1.537844,-1.593767,-0.01610089,0.0388175,-0.3588568,0.07634324,-0.01742222,-0.1539176,-0.1967485,3
2014-02-24 18:37:34.088,41,4.1,43.60563,3.913168,31.57401,0,354.8718,9.5,5,1393263453,-0.8831482,0.05889893,-0.2819519,-11.84819,36.18938,-36.09762,263.3915,262.6805,26,-0.001030377,0.3869573,-0.08355828,1.538798,-1.598817,-0.01703712,0.01809468,-0.1237417,0.01636725,-0.03421377,0.0364305,-0.01324235,3
2014-02-24 18:37:34.238,42,4.2,43.60563,3.913168,31.57401,0,354.8718,9.5,5,1393263453,-1.02002,0.0340271,-0.008331299,-11.2452,36.02626,-36.60966,263.3892,262.6782,26,-0.01332699,0.02572853,-0.0297073,1.538728,-1.593942,-0.01617338,-0.01248156,0.3762079,-0.08265441,-0.01846501,0.03158734,0.07671257,3
2014-02-24 18:37:34.355,43,4.3,43.60563,3.913168,31.57401,0,354.8718,9.5,5,1393263453,-1.02002,0.0340271,-0.008331299,-11.30001,36.29813,-36.55277,263.3817,262.6707,26,0.04784635,-0.2496753,0.0556859,1.538561,-1.594218,-0.01610676,0.03639524,-0.2604246,0.05658976,0.02634472,-0.09301036,-0.1932311,3
2014-02-24 18:37:34.511,44,4.4,43.60563,3.913168,31.57401,0,354.8718,9.5,5,1393263453,-0.9794769,-0.05117798,-0.07937622,-11.84819,36.62437,-37.80443,263.4004,262.6894,26,0.02352903,-0.007890946,-0.01729377,1.538561,-1.594218,-0.01610676,0.03639524,-0.2604246,0.05658976,0.02634472,-0.09301036,-0.1932311,3
2014-02-24 18:37:34.685,45,4.5,43.60563,3.913168,31.57401,0,354.8718,9.5,5,1393263453,-0.9514618,0.01177979,0.02090454,-10.75184,36.62437,-37.12171,263.4876,262.7766,26,0.020766,-0.05063335,0.02650165,1.538941,-1.594436,-0.01664253,0.009315016,-0.06138253,0.0274055,0.02010522,-0.06781974,-0.1030105,3
2014-02-24 18:37:34.787,46,4.6,43.60569,3.913177,25.59124,0,354.8718,9.5,5,1393263454,-1.015015,-0.01780701,-0.1278381,-11.62892,36.18938,-38.71472,263.6206,262.9096,26,0.01203775,0.0580902,0.02418337,1.539209,-1.595845,-0.01686821,0.0005868239,0.04734107,0.02508722,0.04808227,-0.005087627,-0.004138398,3
2014-02-24 18:37:34.897,47,4.7,43.60569,3.913177,25.59124,0,354.8718,9.5,5,1393263454,-1.030533,0.01423645,-0.1614227,-13.65715,36.57,-39.11298,263.597,262.886,26,0.01484366,0.09626155,-0.02425927,1.539266,-1.593438,-0.01648634,0.003198173,0.08559527,-0.02337147,-0.01540682,-0.0342926,-0.1504749,3
2014-02-24 18:37:34.986,48,4.8,43.60569,3.913177,25.59124,0,354.8718,9.5,5,1393263454,-1.120224,0.0214386,0.004257202,-14.20532,36.24376,-39.45434,263.5903,262.8793,26,0.0272966,-0.1234061,-0.009091499,1.539402,-1.594227,-0.01661897,0.01565116,-0.1340723,-0.008203708,-0.03094538,-0.002381749,-0.1848482,3
2014-02-24 18:37:35.184,49,4.9,43.60569,3.913177,25.59124,0,354.8718,9.5,5,1393263454,-1.013535,-0.03483582,0.00201416,-14.47941,37.6031,-38.9423,263.5884,262.8774,26,0.02332263,0.04778111,-0.000242614,1.539975,-1.598249,-0.01664109,0.00541138,-0.01263239,0.02218642,0.03995111,-0.0007406661,-0.01445989,3
2014-02-24 18:37:35.308,50,5,43.60569,3.913177,25.59124,0,354.8718,9.5,5,1393263454,-0.9417877,0.008010864,-0.05792236,-14.69868,36.95061,-39.51124,263.5887,262.8777,26,0.02332263,0.04778111,-0.000242614,1.540176,-1.597624,-0.01647327,0.01167732,0.03711497,0.0006451675,0.02851148,-0.04483861,-0.1014062,3
2014-02-24 18:37:35.472,51,5.1,43.60569,3.913177,25.59124,0,354.8718,9.5,5,1393263454,-0.9417877,0.008010864,-0.05792236,-14.53422,36.02626,-39.68192,263.5783,262.8673,26,0.01470225,-0.08586085,0.02092153,1.540302,-1.597415,-0.01614275,0.01183314,0.000737011,-0.01307544,-0.004009277,0.01808342,-0.09520016,3
2014-02-24 18:37:35.572,52,5.2,43.60569,3.913177,25.59124,0,354.8718,9.5,5,1393263454,-0.9636688,-0.02096558,0.006393433,-15.30166,36.13501,-39.11298,263.5759,262.8649,26,0.02097639,-0.02706544,-0.003054113,1.540556,-1.598969,-0.01600904,0.00305701,-0.09652691,0.0218093,0.05768738,-0.007997494,-0.08608731,3
2014-02-24 18:37:35.713,53,5.3,43.60569,3.913177,25.59124,0,354.8718,9.5,5,1393263455,-1.051392,0.005706787,-0.02601624,-15.35648,36.08063,-39.62502,263.5613,262.8503,26,0.008398012,0.1202737,0.008291219,1.540756,-1.600159,-0.0159303,0.009331205,-0.03773145,-0.002166342,0.03577329,-0.0368952,-0.02296136,3
2014-02-24 18:37:35.833,54,5.4,43.60569,3.913177,25.59124,0,354.8718,9.5,5,1393263455,-1.053879,0.08622742,-0.07052612,-15.35648,35.3194,-39.05608,263.5583,262.8474,26,0.02183712,-0.03575107,0.0439632,1.540863,-1.598758,-0.01612876,-0.003247128,0.1096077,0.009178988,-0.05191253,-0.01042128,-0.05397096,3
2014-02-24 18:37:35.921,55,5.5,43.60569,3.913177,25.59124,0,354.8718,9.5,5,1393263455,-1.057388,0.04580688,-0.01274109,-16.39801,35.91751,-40.25085,263.5506,262.8396,26,0.02336578,-0.07225875,0.0126604,1.541057,-1.599044,-0.01634682,0.01019202,-0.04641702,0.04485096,-0.0344833,0.001277806,-0.1448326,3
2014-02-24 18:37:36.050,56,5.6,43.60569,3.913177,25.59124,0,354.8718,9.5,5,1393263455,-1.027298,0.01202393,-0.04432678,-16.67209,36.18938,-40.6491,263.5458,262.8348,26,0.009967946,0.06448072,-0.025169,1.541376,-1.600003,-0.01644525,0.01172072,-0.08292464,0.01354816,0.0410338,-0.03876812,-0.05587115,3
2014-02-24 18:37:36.131,57,5.7,43.60569,3.913177,25.59124,0,354.8718,9.5,5,1393263455,-0.9916534,0.01072693,-0.1121521,-16.78173,36.95062,-40.99046,263.5437,262.8327,26,0.02093058,0.09524103,-0.01597897,1.541529,-1.600131,-0.0166769,-0.001677065,0.05381487,-0.02428124,-0.004917994,0.03106863,-0.02294862,3
2014-02-24 18:37:36.268,58,5.8,43.60569,3.913177,25.59124,0,354.8718,9.5,5,1393263455,-0.9434204,0.01940918,-0.003448486,-15.57575,36.18938,-40.30775,263.5374,262.8264,26,0.03081597,-0.08132388,0.005781456,1.541678,-1.598226,-0.01646748,0.009285606,0.08457521,-0.01509121,-0.02780969,-0.00444281,-0.0717496,3
2014-02-24 18:37:36.447,59,5.9,43.60569,3.913177,25.59124,0,354.8718,9.5,5,1393263455,-0.9876251,0.02035522,-0.14534,-15.57575,34.55816,-40.76289,263.5123,262.8013,26,0.03449086,0.06475556,-0.01437841,1.542036,-1.598964,-0.01643369,0.01917104,-0.09198967,0.006669209,0.0078149,-0.005706017,-0.1403122,3
2014-02-24 18:37:36.547,60,6,43.60569,3.913177,25.59124,0,354.8718,9.5,5,1393263455,-1.053345,0.004730225,-0.02896118,-15.30166,34.72128,-39.7957,263.4932,262.7822,26,0.01584927,0.1678098,-0.007351124,1.542449,-1.596912,-0.01652517,0.02284622,0.05410226,-0.01348896,0.05610211,0.002884761,-0.02955752,3
2014-02-24 18:37:36.662,61,6.1,43.60569,3.913177,25.59124,0,354.8718,9.5,5,1393263455,-1.053345,0.004730225,-0.02896118,-14.86313,34.83002,-39.11298,263.4839,262.7729,26,0.03168709,-0.1239816,0.0566497,1.542781,-1.595456,-0.01653919,0.02004252,-0.1346348,0.05753914,0.04535087,-0.06551915,-0.13499,3
2014-02-24 18:37:36.761,62,6.2,43.60569,3.913177,25.59124,0,354.8718,9.5,5,1393263456,-1.00119,-0.07453918,-0.2023621,-15.46612,34.6669,-39.28365,263.4759,262.7649,26,0.02217934,0.05447842,-0.01205,1.542781,-1.595456,-0.01653919,0.02004252,-0.1346348,0.05753914,0.04535087,-0.06551915,-0.13499,3
2014-02-24 18:37:36.837,63,6.3,43.60569,3.913177,25.59124,0,354.8718,9.5,5,1393263456,-1.00119,-0.07453918,-0.2023621,-16.50764,35.04752,-40.02327,263.4657,262.7547,26,0.0002969425,0.2532898,-0.07520181,1.543111,-1.588536,-0.01565332,-0.01134751,0.242656,-0.07431666,-0.06221526,-0.04827597,0.007089381,3
2014-02-24 18:37:36.950,64,6.4,43.60569,3.913177,25.59124,0,354.8718,9.5,5,1393263456,-1.042709,0.04193115,-0.08956909,-15.52093,35.37377,-41.61629,263.445,262.734,26,0.04651131,-0.0763784,0.04225052,1.543714,-1.591714,-0.01664743,0.03486696,-0.08701211,0.04313566,0.01973852,0.007767399,0.006414987,3
2014-02-24 18:37:37.085,65,6.5,43.60569,3.913177,25.59124,0,354.8718,9.5,5,1393263456,-1.020187,-0.04196167,-0.1735687,-15.7402,35.15627,-41.04736,263.4368,262.7258,26,0.000942759,0.2821707,-0.00743741,1.543639,-1.58854,-0.01675117,-0.01070154,0.271537,-0.006552271,-0.04300703,0.02518076,-0.1073089,3
2014-02-24 18:37:37.195,66,6.6,43.60569,3.913177,25.59124,0,354.8718,9.5,5,1393263456,-0.9379272,-0.03292847,-0.04881287,-15.74021,34.17754,-40.25085,263.3954,262.6844,26,0.02165576,0.006311692,0.05997439,1.543618,-1.58644,-0.01683957,0.01001149,-0.004321952,0.06085952,0.066371,-0.07776712,-0.1948708,3
2014-02-24 18:37:37.308,67,6.7,43.60569,3.913177,25.59124,0,354.8718,9.5,5,1393263456,-0.9720001,0.102417,-0.05995178,-15.68538,34.55816,-40.76289,263.363,262.652,26,0.03828214,-0.1537994,0.006560431,1.543982,-1.58846,-0.01734445,0.02663792,-0.164433,0.007445564,-0.06483581,0.07555193,-0.163458,3
2014-02-24 18:37:37.565,68,6.8,43.60569,3.913177,25.59124,0,354.8718,9.5,5,1393263456,-0.9720001,0.102417,-0.05995178,-16.45282,34.12317,-39.62502,263.3524,262.6414,26,0.01692945,0.1170241,0.01896277,1.544209,-1.588418,-0.01809916,0.009137006,0.1153188,-0.001317838,-0.04475261,0.02848691,-0.02144771,3
2014-02-24 18:37:37.662,69,6.9,43.60569,3.913177,25.59124,0,354.8718,9.5,5,1393263457,-1.003906,-0.0171051,0.002944946,-16.56245,34.12317,-40.87668,263.3427,262.6317,26,0.01692945,0.1170241,0.01896277,1.544293,-1.585939,-0.01786433,0.005285299,0.1063906,0.0198479,0.02772569,0.08455361,-0.07509105,3
2014-02-24 18:37:37.738,70,7,43.60569,3.913177,25.59124,0,354.8718,9.5,5,1393263457,-1.003906,-0.0171051,0.002944946,-17.00099,34.23192,-40.08017,263.3333,262.6223,26,0.02579671,-0.07107817,0.01619122,1.544517,-1.587342,-0.01796044,0.0189202,-0.1290693,0.04339264,0.03862702,-0.07376087,-0.1288321,3
2014-02-24 18:37:37.865,71,7.1,43.60569,3.913177,25.59124,0,354.8718,9.5,5,1393263457,-0.9375763,0.09454346,-0.07411194,-16.23356,34.23191,-40.87668,263.3256,262.6146,26,0.006378004,0.2817079,-0.0707285,1.544799,-1.589572,-0.01825249,0.01415267,-0.08171161,0.01707634,-0.004249042,-0.03535658,-0.01582607,3
2014-02-24 18:37:37.950,72,7.2,43.60569,3.913177,25.59124,0,354.8718,9.5,5,1393263457,-0.9863892,-0.02774048,-0.1703186,-16.72691,34.50378,-40.02327,263.3246,262.6136,26,0.03438887,-0.2011773,0.03865951,1.544876,-1.586132,-0.01799738,-0.005265994,0.2710744,-0.06984338,0.06214419,0.07654704,-0.08944466,3
2014-02-24 18:37:38.086,73,7.3,43.60569,3.913177,25.59124,0,354.8718,9.5,5,1393263457,-0.9671478,0.02058411,0.08407593,-15.79502,33.47068,-41.10426,263.3067,262.5957,26,0.06289108,-0.2204003,0.01683198,1.545112,-1.586432,-0.01823581,0.02274489,-0.2118107,0.03954463,-0.01952981,-0.09141595,-0.2250283,3
2014-02-24 18:37:38.193,74,7.4,43.60569,3.913177,25.59124,0,354.8718,9.5,5,1393263457,-0.9805603,-0.02471924,-0.149826,-14.86313,32.98131,-40.36464,263.2945,262.5835,26,0.008702145,0.293181,-0.05556792,1.545884,-1.591657,-0.01904659,0.05124716,-0.2310336,0.01771709,0.002118789,0.006238374,-0.06588376,3
2014-02-24 18:37:38.319,75,7.5,43.60569,3.913177,25.59124,0,354.8718,9.5,5,1393263457,-1.083694,-0.04908752,-0.1137543,-15.24685,33.57942,-40.76289,263.2953,262.5843,26,0.02324327,0.04219805,0.01036875,1.546115,-1.589989,-0.01910877,-0.002941724,0.2825477,-0.05468281,-0.08599903,0.06551763,0.006462117,3
2014-02-24 18:37:38.514,76,7.6,43.60569,3.913177,25.59124,0,354.8718,9.5,5,1393263457,-0.9700317,0.07516479,0.1762848,-15.52093,32.76382,-40.25085,263.2945,262.5835,26,0.07397702,-0.4286243,0.0471249,1.545907,-1.586139,-0.01834458,0.01159942,0.0315648,0.01125386,0.01915377,-0.04306279,-0.1651654,3
2014-02-24 18:37:38.716,77,7.7,43.60572,3.91322,23.145,0,354.8718,9.5,5,1393263458,-1.026566,-0.02871704,-0.0186615,-16.28837,34.06879,-40.47842,263.2887,262.5777,26,-0.006127135,0.1346414,-0.02366245,1.547118,-1.594016,-0.01891211,-0.005510745,0.1705611,-0.02428657,0.02951993,0.05625381,0.1530718,3
2014-02-24 18:37:38.830,78,7.8,43.60572,3.91322,23.145,0,354.8718,9.5,5,1393263458,-1.037247,-0.02688599,0.06410217,-16.01428,32.92694,-40.53532,263.2723,262.5613,26,0.02486167,-0.1789216,-0.003880758,1.546885,-1.590231,-0.01793941,-0.01777083,0.1240083,-0.02277736,0.04377869,-0.046686,-0.09869985,3
2014-02-24 18:37:38.933,79,7.9,43.60572,3.91322,23.145,0,354.8718,9.5,5,1393263458,-1.037247,-0.02688599,0.06410217,-15.46611,32.49195,-40.99046,263.2723,262.5613,26,0.03223037,-0.1007389,-0.01395789,1.547517,-1.595147,-0.01852147,0.02058676,-0.1113719,-0.01307281,0.004781099,0.07728953,0.0354553,3
2014-02-24 18:37:39.096,80,8,43.60572,3.91322,23.145,0,354.8718,9.5,5,1393263458,-0.9470978,-0.0003509521,0.01226807,-15.79502,33.14444,-40.42153,263.2737,262.5627,26,0.03559155,-0.09472758,0.02590084,1.547918,-1.593694,-0.01834627,0.02394801,-0.1053606,0.02678592,0.03554983,-0.04974782,-0.07980748,3
2014-02-24 18:37:39.234,81,8.1,43.60572,3.91322,23.145,0,354.8718,9.5,5,1393263458,-1.045578,0.07406616,-0.06936646,-15.19203,32.98132,-40.47842,263.2688,262.5578,26,0.02044828,0.09344766,0.043862,1.548273,-1.594735,-0.01859265,0.008804795,0.08281472,0.04474707,0.05244293,-0.01894253,-0.01166378,3
2014-02-24 18:37:39.508,82,8.2,43.60572,3.91322,23.145,0,354.8718,9.5,5,1393263458,-1.046005,-0.08651733,-0.07014465,-14.31496,32.32883,-39.7957,263.263,262.552,26,0.02101074,-0.01577843,-0.009029182,1.548793,-1.594737,-0.01830963,0.009367352,-0.02641127,-0.008144111,-0.04864138,-0.0401592,0.01169536,3
2014-02-24 18:37:39.624,83,8.3,43.60572,3.91322,23.145,0,354.8718,9.5,5,1393263459,-0.9549866,0.03964233,0.00604248,-15.95947,32.65507,-40.81979,263.2613,262.5503,26,0.02111301,0.01921524,-0.02696637,1.548953,-1.593338,-0.01794625,0.009469649,0.008582427,-0.0260813,-0.003604132,0.04130459,-0.07861237,3
2014-02-24 18:37:39.798,84,8.400001,43.60572,3.91322,23.145,0,354.8718,9.5,5,1393263459,-0.979187,0.008087158,-0.02226257,-16.61728,32.87256,-41.61629,263.2572,262.5462,26,0.02911634,0.08666832,0.03814579,1.549487,-1.593765,-0.01850954,0.01781982,-0.002414741,0.008125929,-0.1539842,-0.06352191,-0.06539796,3
2014-02-24 18:37:40.014,85,8.5,43.60572,3.91322,23.145,0,354.8718,9.5,5,1393263459,-0.9519806,-0.01600647,0.03962708,-15.84983,32.43758,-41.5025,263.254,262.543,26,0.02334261,0.0137997,0.002435461,1.549887,-1.593064,-0.01876761,0.007630377,-0.05649149,0.05899949,-0.0198179,0.04489316,-0.07076979,3
2014-02-24 18:37:40.199,86,8.6,43.60572,3.91322,23.145,0,354.8718,9.5,5,1393263459,-0.9759064,0.04484558,-0.03128052,-14.04087,31.94821,-40.08017,263.2376,262.5266,26,0.01743705,0.02256789,-0.02938079,1.550395,-1.586009,-0.01737666,0.005826892,0.0164702,-0.03324116,0.02605474,-0.01964935,-0.0744142,3
2014-02-24 18:37:40.322,87,8.7,43.60572,3.91322,23.145,0,354.8718,9.5,5,1393263459,-1.023911,0.07496643,-0.01548767,-14.80831,31.07822,-39.05609,263.2331,262.5221,26,0.0229426,-0.02656343,0.0579613,1.550571,-1.586082,-0.01772605,0.005794166,0.01197401,-0.02850526,-0.005812844,0.006795749,-0.05358195,3
2014-02-24 18:37:40.529,88,8.8,43.60572,3.91322,23.145,0,354.8718,9.5,5,1393263459,-0.9331207,-0.01135254,-0.08596802,-15.13721,31.83945,-39.05608,263.2297,262.5187,26,0.01556245,0.1284682,0.03408846,1.550687,-1.58645,-0.01816975,0.01129977,-0.03715726,0.05883684,0.01606986,-0.07885295,-0.04331498,3
2014-02-24 18:37:40.636,89,8.900001,43.60572,3.91322,23.145,0,354.8718,9.5,5,1393263460,-0.929184,0.05305481,0.007202148,-15.0824,32.32883,-39.90948,263.2139,262.5029,26,0.02323102,-0.04609,0.02530749,1.550912,-1.583371,-0.02242057,0.003919882,0.1178879,0.03498844,0.003224929,-0.002032951,-0.04588094,3
2014-02-24 18:37:40.750,90,9,43.60572,3.91322,23.145,0,354.8718,9.5,5,1393263460,-0.9486847,0.05290222,-0.07589722,-14.58904,32.6007,-39.85259,263.2039,262.4929,26,0.01601252,0.02614372,-0.005967079,1.551077,-1.58239,-0.02244783,0.01158849,-0.05667031,0.02620747,0.06656015,-0.03379848,-0.09755813,3
2014-02-24 18:37:40.861,91,9.1,43.60572,3.91322,23.145,0,354.8718,9.5,5,1393263460,-1.025513,0.05802917,-0.01731873,-14.04087,32.6007,-39.96638,263.1979,262.4869,26,0.027144,0.04202255,-0.0154,1.551339,-1.583175,-0.02526776,0.004370048,0.01556546,-0.005052723,0.07042024,0.02778974,-0.005172442,3
2014-02-24 18:37:40.936,92,9.2,43.60572,3.91322,23.145,0,354.8718,9.5,5,1393263460,-0.9742737,0.01785278,-0.03887939,-13.71197,32.05695,-39.39745,263.1922,262.4812,26,0.01604714,-0.02030394,-0.003167297,1.551474,-1.581422,-0.02545069,0.01531357,0.03151209,-0.01450543,0.05093503,0.02745428,-0.08651897,3
2014-02-24 18:37:41.072,93,9.3,43.60572,3.91322,23.145,0,354.8718,9.5,5,1393263460,-0.9742737,0.01785278,-0.03887939,-13.98606,32.32882,-39.90948,263.1844,262.4734,26,0.0242385,0.03224901,0.0409762,1.551869,-1.579383,-0.0282962,0.01240842,0.02174896,0.04188205,0.003240207,-0.04902912,-0.07178507,3
2014-02-24 18:37:41.187,94,9.400001,43.60572,3.91322,23.145,0,354.8718,9.5,5,1393263460,-0.9866486,0.06428528,0.004501343,-14.64386,32.32883,-38.99919,263.1768,262.4658,26,0.02053484,-0.02323848,0.05086718,1.552151,-1.580581,-0.02882197,0.008704816,-0.03373848,0.05177302,-0.02101676,-0.02056298,-0.001342491,3
2014-02-24 18:37:41.270,95,9.5,43.60572,3.91322,23.145,0,354.8718,9.5,5,1393263460,-0.9826508,0.01248169,-0.1169586,-15.02758,32.1657,-39.96638,263.1728,262.4618,26,0.009666475,0.1779809,-0.005163869,1.552207,-1.578473,-0.03121743,-0.002163594,0.1674826,-0.004245242,0.01283477,0.03307292,-0.003171338,3
2014-02-24 18:37:41.478,96,9.6,43.60572,3.91322,23.145,0,354.8718,9.5,5,1393263460,-1.069305,0.07327271,0.02397156,-14.91795,32.70944,-40.08017,263.155,262.444,26,0.03072595,-0.1763287,0.03134327,1.552442,-1.57969,-0.03149661,0.01889594,-0.1868269,0.0322619,0.01681374,-0.01900971,-0.1258475,3
2014-02-24 18:37:41.592,97,9.7,43.60572,3.91322,23.145,0,354.8718,9.5,5,1393263460,-0.9886017,0.05644226,-0.1222076,-13.71197,32.27446,-39.73881,263.1461,262.4351,26,0.02364781,0.0950096,-0.04762451,1.55269,-1.580815,-0.0340413,0.01181748,0.08450694,-0.04669347,-0.06993493,0.03923798,0.01395862,3
2014-02-24 18:37:41.685,98,9.8,43.60572,3.91322,23.145,0,354.8718,9.5,5,1393263461,-1.005096,0.076828,0.02175903,-13.38307,32.3832,-40.08017,263.1404,262.4294,26,0.009775932,0.04995158,0.0007789746,1.552555,-1.578765,-0.03421656,-0.002054367,0.03944894,0.001710016,0.05375,-0.07023589,-0.09292522,3
2014-02-24 18:37:41.905,99,9.900001,43.60572,3.91322,23.145,0,354.8718,9.5,5,1393263461,-1.068039,0.05735779,-0.1046143,-12.78008,31.56759,-40.25085,263.1231,262.4121,26,0.02059236,0.1000992,0.02502865,1.552899,-1.581438,-0.03504386,0.008762171,0.08959662,0.02595969,-0.09284891,-0.06296027,0.01773071,3
2014-02-24 18:37:42.044,100,10,43.60572,3.91322,23.145,0,354.8718,9.5,5,1393263461,-1.087616,0.04267883,0.01228333,-13.65715,32.43757,-39.34055,263.1158,262.4048,26,0.02060222,0.01744956,0.03639343,1.553027,-1.580081,-0.03503972,0.008772069,0.006947056,0.03732445,-0.01097184,-0.05068807,-0.1000075,3
2014-02-24 18:37:42.147,101,10.1,43.60572,3.91322,23.145,0,354.8718,9.5,5,1393263461,-1.087616,0.04267883,0.01228333,-13.98606,32.22007,-38.77161,263.1096,262.3987,26,0.01016156,0.0450471,-0.04609346,1.553337,-1.582286,-0.03531989,0.01026321,-0.1449926,0.02826385,-0.06872859,0.02204524,-0.1160963,3
2014-02-24 18:37:42.237,102,10.2,43.60572,3.91322,23.145,0,354.8718,9.5,5,1393263461,-1.006378,0.0536499,-0.01124573,-13.43789,32.11133,-39.56812,263.1049,262.3939,26,0.0247381,-0.06333131,-0.006183328,1.553566,-1.582331,-0.0354849,-0.001668511,0.03454467,-0.04516244,-0.08831198,0.007201384,0.0007557297,3
2014-02-24 18:37:42.447,103,10.3,43.60572,3.91322,23.145,0,354.8718,9.5,5,1393263461,-1.008453,0.07131958,-0.05622864,-14.86313,32.22008,-40.13706,263.0821,262.3711,26,0.03074113,0.05799193,-0.006136456,1.553765,-1.583053,-0.03580878,0.01290809,-0.07383369,-0.005252308,-0.007094298,0.01784877,-0.0234938,3
2014-02-24 18:37:42.543,104,10.4,43.60572,3.91322,23.145,0,354.8718,9.5,5,1393263461,-1.080627,0.0894165,0.01202393,-14.53422,32.11133,-40.59221,263.0726,262.3616,26,0.02935123,-0.1173309,0.04013916,1.553943,-1.582658,-0.03589197,0.01891114,0.04748956,-0.005205438,-0.06879906,-0.05166186,-0.02329753,3
2014-02-24 18:37:42.638,105,10.5,43.60572,3.91322,23.145,0,354.8718,9.5,5,1393263461,-1.079025,0.02923584,-0.02748108,-14.42459,31.89383,-41.16114,263.0631,262.3521,26,0.01711507,0.1123143,-0.003278351,1.554235,-1.584357,-0.03618395,0.0175213,-0.1278332,0.04107018,-0.01519652,-0.05842337,-0.06526297,3
2014-02-24 18:37:42.767,106,10.6,43.60572,3.91322,23.145,0,354.8718,9.5,5,1393263461,-1.029022,0.07911682,-0.01170349,-13.98606,32.11133,-40.93357,263.0583,262.3474,26,0.009805759,-0.03384931,0.009808955,1.55445,-1.584227,-0.03592673,0.005285191,0.101812,-0.002347343,0.01392827,0.001724429,0.03227882,3
2014-02-24 18:37:42.849,107,10.7,43.60572,3.91322,23.145,0,354.8718,9.5,5,1393263462,-0.9705048,0.0657959,-0.01383972,-13.93124,32.6007,-39.05609,263.041,262.33,26,0.02133485,-0.0002460761,-0.05140939,1.554567,-1.58399,-0.03564967,-0.002024077,-0.04435154,0.01073996,0.04754118,-0.03629825,-0.05751206,3
2014-02-24 18:37:42.977,108,10.8,43.60572,3.91322,23.145,0,354.8718,9.5,5,1393263462,-0.9928741,0.02851868,0.004699707,-14.26014,31.94821,-39.16987,263.0308,262.3198,26,0.02361105,-0.05438521,-0.0203588,1.554729,-1.58449,-0.03548468,0.009505046,-0.01074828,-0.05047839,-0.02974543,0.04363959,-0.02538819,3
2014-02-24 18:37:43.098,109,10.9,43.60572,3.91322,23.145,0,354.8718,9.5,5,1393263462,-1.01651,-0.05827332,-0.07098389,-14.64385,31.45884,-38.20268,263.0269,262.3159,26,0.01317412,0.08988861,0.03092276,1.554956,-1.585031,-0.03578059,0.01178129,-0.06488737,-0.0194278,0.02875394,0.03002295,-0.02806457,3
2014-02-24 18:37:43.213,110,11,43.60572,3.91322,23.145,0,354.8718,9.5,5,1393263462,-1.01651,-0.05827332,-0.07098389,-14.26014,32.27445,-39.16987,263.0134,262.3024,26,0.01925545,-0.02999225,0.05795944,1.555071,-1.583836,-0.03646784,0.007425782,-0.04049434,0.05889043,0.09290861,0.001656693,-0.06783985,3
2014-02-24 18:37:43.385,111,11.1,43.60572,3.91322,23.145,0,354.8718,9.5,5,1393263462,-0.996521,0.03016663,-0.05482483,-13.87642,32.32883,-39.90948,262.9956,262.2846,26,0.01570999,0.0004024036,0.03533988,1.555071,-1.583836,-0.03646784,0.007425782,-0.04049434,0.05889043,0.09290861,0.001656693,-0.06783985,3
2014-02-24 18:37:43.515,112,11.2,43.60572,3.91322,23.145,0,354.8718,9.5,5,1393263462,-0.996521,0.03016663,-0.05482483,-13.71197,32.49195,-40.19395,262.9903,262.2793,26,0.009406019,0.09899157,0.03900945,1.555442,-1.578591,-0.0309039,-0.002421643,0.08852107,0.03990519,0.03683041,-0.04994195,-0.009209425,3
2014-02-24 18:37:43.618,113,11.3,43.60572,3.91322,23.145,0,354.8718,9.5,5,1393263462,-1.041351,0.06497192,-0.07023621,-14.04087,32.49195,-40.6491,262.9868,262.2758,26,0.005091432,0.03383333,-0.02608992,1.555589,-1.573405,-0.03097267,-0.006735555,0.02338536,-0.02519431,0.002995989,-0.0008010878,-0.05743212,3
2014-02-24 18:37:43.829,114,11.4,43.60572,3.91322,23.145,0,354.8718,9.5,5,1393263462,-1.064056,-0.004150391,-0.04852295,-13.93124,32.27446,-40.42153,262.98,262.269,26,0.02175057,0.03112436,0.04448278,1.555806,-1.573785,-0.02914998,0.009924589,0.02067837,0.04535908,-0.04229941,-0.05240025,-0.004314854,3
2014-02-24 18:37:43.939,115,11.5,43.60572,3.91322,23.145,0,354.8718,9.5,5,1393263463,-1.034607,0.1070862,-0.0226593,-14.04087,32.70944,-40.42153,262.9606,262.2496,26,0.02051992,0.08884945,0.03569568,1.555802,-1.571975,-0.02955841,0.008693985,0.0784035,0.03657198,-0.06449391,-0.0337045,-0.0497008,3
2014-02-24 18:37:44.048,116,11.6,43.60572,3.91322,23.145,0,354.8718,9.5,5,1393263463,-1.07692,0.07006836,-0.027771,-15.13722,32.49195,-38.9423,262.9513,262.2403,26,0.0117741,-0.02655678,0.06958494,1.5558,-1.572559,-0.03015959,-5.18027e-05,-0.0370027,0.07046123,0.02705528,-0.04825194,-0.03644485,3
2014-02-24 18:37:44.137,117,11.7,43.60572,3.91322,23.145,0,354.8718,9.5,5,1393263463,-1.07692,0.07006836,-0.027771,-14.7535,32.43758,-39.68191,262.9453,262.2343,26,-0.008773251,0.06461574,0.009842244,1.555839,-1.571374,-0.03512324,-0.01102789,0.04206565,0.04614733,0.04973708,-0.05635625,0.009874611,3
2014-02-24 18:37:44.263,118,11.8,43.60572,3.91322,23.145,0,354.8718,9.5,5,1393263463,-1.05275,0.02171326,-0.02615356,-14.36977,32.05695,-39.85259,262.9415,262.2305,26,-0.008773251,0.06461574,0.009842244,1.555581,-1.569772,-0.0359305,-0.02060005,0.05417748,0.01074352,0.003260295,0.02798104,-0.07745268,3
2014-02-24 18:37:44.468,119,11.9,43.60572,3.91322,23.145,0,354.8718,9.5,5,1393263463,-1.05275,0.02171326,-0.02615356,-14.31495,32.22009,-40.25085,262.9253,262.2143,26,0.003364638,-0.03021889,0.04490489,1.555623,-1.565514,-0.03476325,-0.007281839,-0.04509858,0.0528858,-0.03929916,-0.04075295,-0.07998659,3
2014-02-24 18:37:44.566,120,12,43.60572,3.91322,23.145,0,354.8718,9.5,5,1393263463,-1.026947,0.02334595,0.01017761,-13.98605,32.22008,-40.706,262.9219,262.2109,26,0.0006114618,0.1081579,0.05995148,1.555412,-1.566208,-0.03585076,-0.008460498,-0.04063055,0.04579246,-0.05340273,-0.01412983,-0.02156794,3
2014-02-24 18:37:44.692,121,12.1,43.60572,3.91322,23.145,0,354.8718,9.5,5,1393263463,-1.067581,0.1047363,-0.03668213,-13.65715,32.54632,-39.34055,262.9173,262.2063,26,-0.003113502,-0.06051368,0.08971631,1.555139,-1.566298,-0.03624872,-0.01121341,0.09774164,0.06083445,-0.02761404,-0.01289484,0.01467273,3
2014-02-24 18:37:44.789,122,12.2,43.60572,3.91322,23.145,0,354.8718,9.5,5,1393263463,-1.018875,0.06510925,0.01679993,-13.54752,31.89383,-38.54404,262.9131,262.2021,26,-0.01641226,0.03990401,0.04520343,1.554697,-1.566197,-0.03717973,-0.01493833,-0.07092989,0.09059926,-0.06828284,0.06756517,-0.03208573,3
2014-02-24 18:37:44.899,123,12.3,43.60572,3.91322,23.145,0,354.8718,12.76767,10,1393263464,-1.033081,0.057724,-0.08372498,-14.31495,32.11133,-39.68192,262.9,262.189,26,-0.01494966,0.0940253,0.008322911,1.554388,-1.567067,-0.03804409,-0.02823706,0.02948782,0.04608639,0.0456104,0.07449866,0.01898585,3
2014-02-24 18:37:45.017,124,12.4,43.60572,3.91322,23.145,0,354.8718,12.76767,10,1393263464,-1.038437,0.09527588,-0.01094055,-15.68538,32.1657,-40.76289,262.8831,262.1721,26,-0.01738272,-0.03733885,0.02483211,1.553776,-1.566317,-0.03996577,-0.02677504,0.08360279,0.009213964,-0.02905257,0.1037674,-0.03887461,3
2014-02-24 18:37:45.149,125,12.5,43.60572,3.91322,23.145,0,354.8718,12.76767,10,1393263464,-1.025192,0.1826477,-0.02993774,-15.79502,32.49195,-39.96638,262.8791,262.1681,26,-0.01582344,-0.001425058,-0.02125442,1.553353,-1.566889,-0.04059201,-0.02920805,-0.04776131,0.02572316,0.009956595,0.06430805,-0.04260483,3
2014-02-24 18:37:45.267,126,12.6,43.60572,3.91322,23.145,0,354.8718,12.76767,10,1393263464,-1.06163,0.07929993,-0.08616638,-15.90466,32.05696,-40.64911,262.8695,262.1585,26,-0.01722426,0.09722056,-0.01519174,1.5528,-1.566996,-0.04076485,-0.02764874,-0.01184749,-0.02036338,-0.03927488,0.05452231,-0.007143732,3
2014-02-24 18:37:45.414,127,12.7,43.60572,3.91322,23.145,0,354.8718,12.76767,10,1393263464,-1.005905,0.06878662,0.01400757,-14.69868,32.1657,-40.87668,262.8642,262.1532,26,-0.01375123,-0.04291205,0.03313319,1.552354,-1.566434,-0.04087177,-0.02904952,0.08679818,-0.01430069,-0.0260369,0.1417873,-0.02557897,3
2014-02-24 18:37:45.579,128,12.8,43.60572,3.91322,23.145,0,354.8718,12.76767,10,1393263464,-0.9833832,0.03271484,-0.07614136,-14.04087,33.14443,-39.96638,262.8407,262.1297,26,-0.0260806,0.06116562,0.02026799,1.551749,-1.565965,-0.0407389,-0.02557643,-0.05333439,0.03402423,-0.06247162,0.03857229,-0.08133949,3
2014-02-24 18:37:45.685,129,12.9,43.60572,3.91322,23.145,0,354.8718,9.5,5,1393263465,-0.9833832,0.03271484,-0.07614136,-15.19203,31.89384,-40.13706,262.8332,262.1222,26,-0.03081384,0.0292455,0.001764344,1.550436,-1.56536,-0.04057923,-0.04263896,0.01882323,0.002655378,-0.003187842,0.06958511,-0.04420491,3
2014-02-24 18:37:45.885,130,13,43.60572,3.91322,23.145,0,354.8718,9.5,5,1393263465,-0.9883118,0.02494812,-0.06248474,-16.12392,32.3832,-39.85259,262.8237,262.1127,26,-0.03119813,0.05792242,0.04488572,1.549046,-1.562408,-0.04076789,-0.0375906,-0.024256,-0.006262694,0.05026616,0.005477528,-0.02161788,3
2014-02-24 18:37:46.102,131,13.1,43.60572,3.91322,23.145,0,354.8718,9.5,5,1393263465,-0.961731,0.07661438,-0.00894165,-15.79502,31.83946,-40.53532,262.8123,262.1013,26,-0.0372222,-0.05319158,0.04591237,1.547525,-1.560142,-0.04656383,-0.04303813,0.0101887,0.05320558,0.01054764,-0.02159888,-0.05184248,3
2014-02-24 18:37:46.219,132,13.2,43.60572,3.91322,23.145,0,354.8718,9.5,5,1393263465,-0.961731,0.07661438,-0.00894165,-16.50764,31.89383,-39.90948,262.8092,262.0982,26,-0.03833993,0.03838467,0.0180264,1.545942,-1.561565,-0.05122399,-0.05016737,0.0279947,0.0189642,-0.04537582,0.06816792,0.000964565,3
2014-02-24 18:37:46.400,133,13.3,43.60572,3.91322,23.145,0,354.8718,9.5,5,1393263465,-1.013367,0.0566864,-0.02693176,-16.0691,31.35009,-40.13706,262.796,262.085,26,-0.03564428,-0.03314411,-1.917476e-05,1.545942,-1.561565,-0.05122399,-0.05016737,0.0279947,0.0189642,-0.04537582,0.06816792,0.000964565,3
2014-02-24 18:37:46.588,134,13.4,43.60572,3.91322,23.145,0,354.8718,9.5,5,1393263465,-0.9862518,0.09321594,0.0004119873,-14.86313,32.32883,-40.81979,262.782,262.071,26,-0.04800481,-0.03431723,0.006911968,1.543046,-1.561646,-0.055741,-0.05983321,-0.04470184,0.007869444,-0.01496162,0.0009742591,-0.01779596,3
2014-02-24 18:37:46.729,135,13.5,43.60572,3.91322,23.145,0,354.8718,9.5,5,1393263465,-1.003586,0.07624817,-0.05133057,-15.0824,33.30756,-40.59221,262.7775,262.0665,26,-0.05194363,0.0655167,0.02232315,1.541849,-1.561258,-0.05596708,-0.06377198,0.05513213,0.02328062,0.012137,0.03727807,0.009935358,3
2014-02-24 18:37:46.898,136,13.6,43.60572,3.91322,23.145,0,354.8718,12.85593,10,1393263466,-1.054352,0.09840393,-0.04234314,-14.86313,32.65507,-39.7957,262.7703,262.0593,26,-0.06306791,0.05981966,0.02931075,1.539617,-1.560131,-0.06141027,-0.07508288,0.04950082,0.03026724,-0.08641444,0.07772744,-0.01379991,3
2014-02-24 18:37:47.128,137,13.7,43.60572,3.91322,23.145,0,354.8718,12.85593,10,1393263466,-0.963913,0.1178284,0.02680969,-15.46612,32.6007,-39.73881,262.7555,262.0445,26,-0.07771371,0.05506006,0.01513927,1.536964,-1.558588,-0.06742889,-0.07727294,-0.07076766,0.0150224,-0.05431825,0.095052,0.001560155,3
2014-02-24 18:37:47.245,138,13.8,43.60572,3.91322,23.145,0,354.8718,12.85593,10,1393263466,-0.9648895,0.1802826,-0.03117371,-16.34319,32.70944,-40.42153,262.7399,262.0289,26,-0.07771371,0.05506006,0.01513927,1.535387,-1.558211,-0.07280008,-0.08973168,0.04475573,0.01614761,-0.05088448,0.100543,-0.003927669,3
2014-02-24 18:37:47.362,139,13.9,43.60572,3.91322,23.145,0,354.8718,12.85593,10,1393263466,-0.9648895,0.1802826,-0.03117371,-17.05581,32.65507,-40.81978,262.7361,262.0251,26,-0.07302707,-0.03749997,0.05831977,1.53389,-1.557984,-0.07348149,-0.07890216,-0.006994248,0.05429606,-0.01079127,0.01310196,-0.01333005,3
2014-02-24 18:37:47.514,140,14,43.60572,3.91322,23.145,0,354.8718,12.85593,10,1393263466,-0.9898529,0.1514587,0.04089355,-16.45282,33.25319,-39.85259,262.7337,262.0227,26,-0.1012829,0.08110284,0.03460139,1.532308,-1.558789,-0.07411801,-0.08504497,-0.04780423,0.0593281,0.0322931,0.1062324,-0.01919929,3
2014-02-24 18:37:47.641,141,14.1,43.60572,3.91322,23.145,0,354.8718,12.85593,10,1393263466,-0.9685059,0.08334351,-0.06561279,-16.61728,32.76382,-40.81978,262.7311,262.0201,26,-0.08736607,0.07064594,-0.0109139,1.530425,-1.561284,-0.08034123,-0.1133054,0.07078914,0.03564197,0.006876381,0.07120392,0.05037479,3
2014-02-24 18:37:47.741,142,14.2,43.60572,3.91322,23.145,0,354.8718,12.95407,10,1393263467,-0.9144135,0.1222839,-0.03115845,-16.56246,32.49195,-40.87668,262.7304,262.0194,26,-0.07856432,-0.06871435,-0.0129885,1.528588,-1.559368,-0.08022244,-0.09938845,0.06033225,-0.009873322,0.005217962,0.1265897,-0.03296624,3
2014-02-24 18:37:47.851,143,14.3,43.60572,3.91322,23.145,0,354.8718,12.95407,10,1393263467,-1.005188,0.1813202,-0.01409912,-29.06076,33.47068,-52.48294,262.7274,262.0164,26,-0.0973364,0.08201417,0.002956375,1.527068,-1.55669,-0.08566231,-0.09058551,-0.07901029,-0.01192054,-0.07928165,0.1197494,-0.07124256,3
2014-02-24 18:37:47.963,144,14.4,43.60572,3.91322,23.145,0,354.8718,12.95407,10,1393263467,-0.9817505,0.1257935,-0.03096008,-28.51258,33.68818,-50.43478,262.7262,262.0152,26,-0.0987628,0.04597016,0.03262239,1.525173,-1.557069,-0.08623286,-0.1093576,0.07171828,0.004024335,-0.06240337,0.05460579,0.01483556,3
2014-02-24 18:37:48.048,145,14.5,43.60572,3.91322,23.145,0,354.8718,12.95407,10,1393263467,-0.9434509,0.1609192,-0.02102661,-27.79996,33.19881,-48.78487,262.7249,262.0139,26,-0.09865201,-0.05036251,0.03356355,1.523136,-1.555893,-0.08633155,-0.1107839,0.03567428,0.03369035,-0.009022884,0.09509584,0.0007483537,3
2014-02-24 18:37:48.153,146,14.6,43.60572,3.91322,23.145,0,354.8718,12.95407,10,1393263467,-0.9685516,0.1516876,-0.132431,-23.7435,33.30756,-46.39535,262.7158,262.0048,26,-0.1083672,0.1599977,-0.01433393,1.521321,-1.555179,-0.09228769,-0.1106736,-0.06064634,0.0346632,0.01387259,0.03363671,-0.01540979,3
2014-02-24 18:37:48.327,147,14.7,43.60572,3.91322,23.145,0,354.8718,12.95407,10,1393263467,-0.9445801,0.2283936,-0.07615662,-21.49599,33.25319,-46.33845,262.7102,261.9992,26,-0.1057339,0.01834146,-0.01409904,1.519245,-1.553826,-0.0920663,-0.1203888,0.1497139,-0.01323429,0.05217058,0.06898289,-0.004128961,3
2014-02-24 18:37:48.516,148,14.8,43.60572,3.91322,23.145,0,354.8718,12.95407,10,1393263467,-1.015442,0.1387939,0.007522583,-15.68538,31.29572,-38.9423,262.7433,262.0323,26,-0.09692841,-0.107437,-0.01865251,1.517402,-1.548633,-0.09620763,-0.1177527,0.00807871,-0.01297653,0.02657952,0.05562834,-0.1103721,3
2014-02-24 18:37:48.749,149,14.9,43.60572,3.91322,23.145,0,354.8718,13.08015,10,1393263468,-0.9402618,0.1381989,-0.1183624,-17.05581,32.98131,-39.90948,262.6654,261.9544,26,-0.1183562,0.1215738,0.00940735,1.510826,-1.549907,-0.09786449,-0.1303764,0.1113087,0.01053628,-0.02628805,0.07225931,-0.09484325,3
2014-02-24 18:37:48.978,150,15,43.60572,3.91322,23.145,0,354.8718,13.08015,10,1393263468,-0.9839172,0.2128754,0.001495361,-17.16545,33.19881,-40.13706,262.6486,261.9376,26,-0.09251795,-0.1419939,0.04976702,1.508735,-1.551518,-0.09817344,-0.1045381,-0.152259,0.05089595,0.05473809,0.04018303,-0.09917822,3
2014-02-24 18:37:49.317,151,15.1,43.60572,3.91322,23.145,0,354.8718,13.08015,10,1393263468,-1.007736,0.256073,-0.03125,-14.80831,33.03569,-39.39745,262.6087,261.8977,26,-0.1131122,0.04771373,-0.01914893,1.506524,-1.552307,-0.09811635,-0.1213926,0.02837367,-0.02258813,0.0111031,0.1149164,0.01989518,3
2014-02-24 18:37:49.610,152,15.2,43.60572,3.91322,23.145,0,354.8718,13.08015,10,1393263468,-0.9767609,0.2223358,-0.04820251,-17.71361,32.43757,-38.0889,262.5739,261.8629,26,-0.1093126,-0.01349424,-0.02320758,1.504261,-1.551748,-0.09822167,-0.1251322,0.03744871,-0.01802001,-0.01273661,0.1580092,-0.01229481,3
2014-02-24 18:37:49.729,153,15.3,43.60572,3.91322,23.145,0,354.8718,13.08015,10,1393263468,-0.9264374,0.1410675,-0.09284973,-17.6588,33.25319,-39.73881,262.5634,261.8524,26,-0.115566,0.1076865,-0.02914271,1.501877,-1.552233,-0.0981691,-0.1213326,-0.02375922,-0.02207867,0.01825295,0.1243243,-0.02972949,3
2014-02-24 18:37:49.844,154,15.4,43.60572,3.91322,23.145,0,354.8718,9.5,5,1393263469,-0.9579163,0.1001434,-0.05488586,-17.54917,33.57943,-40.53532,262.5551,261.8441,26,-0.1108482,-0.03697879,0.01806529,1.499387,-1.55152,-0.09809989,-0.1275859,0.09742156,-0.0280138,0.008709571,0.09483693,-0.005506504,3
2014-02-24 18:37:49.920,155,15.5,43.60572,3.91322,23.145,0,354.8718,9.5,5,1393263469,-1.039688,0.2487793,-0.03448486,-17.38472,33.30756,-40.36464,262.5471,261.8362,26,-0.1282797,-0.01540293,0.03997618,1.496976,-1.551362,-0.09829975,-0.1228681,-0.04724369,0.01919419,-0.04412374,0.06123653,-0.09835145,3
2014-02-24 18:37:50.087,156,15.6,43.60572,3.91322,23.145,0,354.8718,9.5,5,1393263469,-1.000137,0.2358246,-0.04856873,-17.05581,33.41631,-40.13706,262.5183,261.8073,26,-0.129072,0.02491334,-0.02025307,1.494539,-1.553401,-0.09855065,-0.1402995,-0.02566779,0.04110508,0.05627655,0.1134771,0.01932395,3
2014-02-24 18:37:50.172,157,15.7,43.60572,3.91322,23.145,0,354.8718,9.5,5,1393263469,-0.9645081,0.1721039,-0.05940247,-17.38471,33.09006,-39.90948,262.5057,261.7947,26,-0.1291497,-0.03953756,-0.000855141,1.491894,-1.552796,-0.0984594,-0.1410918,0.0146485,-0.01912418,-0.04469254,0.1504789,-0.01657274,3
2014-02-24 18:37:50.295,158,15.8,43.60572,3.91322,23.145,0,354.8718,9.5,5,1393263469,-1.01683,0.1684418,-0.1740723,-16.94617,33.19881,-39.45434,262.5005,261.7895,26,-0.1377874,0.1302275,-0.02371092,1.489341,-1.553856,-0.09874902,-0.1411695,-0.04980236,0.0002737501,-0.005151831,0.137236,-0.03171213,3
2014-02-24 18:37:50.464,159,15.9,43.60572,3.91322,23.145,0,354.8718,9.5,5,1393263469,-1.01683,0.1684418,-0.1740723,-16.61727,32.98132,-39.45434,262.4907,261.7797,26,-0.1451902,0.0158522,-0.003895938,1.48354,-1.551502,-0.09886076,-0.1572099,0.005587469,-0.002767055,-0.07632652,0.06528641,-0.1096458,3
2014-02-24 18:37:50.565,160,16,43.60572,3.91322,23.145,0,354.8718,9.5,5,1393263469,-1.017349,0.2177582,-0.1149597,-17.76844,33.36193,-40.99046,262.4734,261.7624,26,-0.1269659,-0.1535858,0.0507223,1.48354,-1.551502,-0.09886076,-0.1572099,0.005587469,-0.002767055,-0.07632652,0.06528641,-0.1096458,3
2014-02-24 18:37:50.767,161,16.1,43.60572,3.91322,23.145,0,354.8718,9.5,5,1393263470,-1.025009,0.2341919,-0.07322693,-17.87807,33.47068,-40.53532,262.4699,261.7589,26,-0.1342979,-0.1152028,0.03854633,1.474901,-1.553251,-0.09996334,-0.1463175,-0.1254674,0.0396752,-0.02249457,0.1179612,-0.09750248,3
2014-02-24 18:37:50.915,162,16.2,43.60572,3.91322,23.145,0,354.8718,9.5,5,1393263470,-1.011871,0.2709198,-0.06066895,-17.38472,33.52505,-39.90948,262.4676,261.7566,26,-0.1489248,-0.03734045,0.00949124,1.472054,-1.555689,-0.1007832,-0.1609443,-0.04760502,0.01062011,-0.03019702,0.1335792,-0.0581967,3
2014-02-24 18:37:51.051,163,16.3,43.60572,3.91322,23.145,0,354.8718,9.5,5,1393263470,-0.9972687,0.254425,-0.08769226,-17.49435,32.87256,-40.25085,262.467,261.756,26,-0.1515352,0.1258027,0.003181678,1.469084,-1.554398,-0.1012982,-0.1635546,0.1155381,0.004310539,-0.01713138,0.1697948,-0.04435509,3
2014-02-24 18:37:51.153,164,16.4,43.60572,3.91322,23.145,0,354.8718,9.5,5,1393263470,-1.021866,0.2467041,0.007644653,-17.43953,33.03569,-39.73881,262.4659,261.7549,26,-0.1466813,-0.02126002,0.03399125,1.466019,-1.55449,-0.1018683,-0.1587007,-0.0315245,0.03512011,-0.002585023,0.1527329,-0.07147104,3
2014-02-24 18:37:51.301,165,16.5,43.60572,3.91322,23.145,0,354.8718,9.5,5,1393263470,-1.048203,0.2279663,-0.04223633,-18.86477,33.25318,-39.62502,262.4594,261.7484,26,-0.1590395,-0.06545305,0.04720826,1.463006,-1.556304,-0.1024133,-0.1710588,-0.0757175,0.04833711,0.04772594,0.1363368,-0.04332313,3
2014-02-24 18:37:51.468,166,16.6,43.60572,3.91322,23.145,0,354.8718,9.5,5,1393263470,-1.048203,0.2279663,-0.04223633,-16.61728,33.30756,-39.34055,262.4558,261.7448,26,-0.1687184,0.04751532,0.009646236,1.459756,-1.555066,-0.1025288,-0.1747574,0.1699168,0.01188402,0.06313743,0.1843176,0.03574238,3
2014-02-24 18:37:51.565,167,16.7,43.60572,3.91322,23.145,0,354.8718,9.5,5,1393263470,-1.048111,0.2922974,0.02651978,-16.12392,32.70944,-39.51123,262.4547,261.7437,26,-0.1687184,0.04751532,0.009646236,1.456335,-1.552748,-0.1023043,-0.1807377,0.03725095,0.01077508,-0.001636878,0.08491635,-0.1423707,3
2014-02-24 18:37:51.694,168,16.8,43.60572,3.91322,23.145,0,354.8718,9.5,5,1393263470,-1.048111,0.2922974,0.02651978,-16.39801,33.09006,-39.7957,262.4537,261.7427,26,-0.1735768,0.06665999,-0.001145426,1.453125,-1.55455,-0.102583,-0.1681151,-0.1157918,-0.005206287,-0.02476696,0.1593613,-0.09036119,3
2014-02-24 18:37:51.808,169,16.9,43.60572,3.91322,23.145,0,354.8718,9.5,5,1393263470,-0.9951324,0.2444916,-0.07296753,-16.61728,33.30756,-39.7957,262.4531,261.7421,26,-0.1896304,0.2488532,-0.02184724,1.449822,-1.555877,-0.1029818,-0.185596,0.05639569,-1.658917e-05,-0.05351961,0.1894975,0.04135993,3
2014-02-24 18:37:52.045,170,17,43.60572,3.91322,23.145,0,354.8718,9.5,5,1393263471,-1.129578,0.2385864,-0.06665039,-17.11063,31.94821,-39.73881,262.4468,261.7358,26,-0.1710181,-0.04322577,0.003470898,1.442666,-1.551266,-0.1022827,-0.185601,-0.02171076,0.01247682,-0.02259744,0.1740491,-0.1622895,3
2014-02-24 18:37:52.139,171,17.1,43.60572,3.91322,23.145,0,354.8718,9.5,5,1393263471,-1.053802,0.3203888,-0.109314,-17.22026,32.81819,-39.16987,262.4425,261.7315,26,-0.1906086,0.09576993,-0.02974724,1.43927,-1.553089,-0.1023433,-0.1830371,-0.05348996,0.004599722,0.06751804,0.1498494,-0.04778584,3
2014-02-24 18:37:52.278,172,17.2,43.60572,3.91322,23.145,0,354.8718,9.5,5,1393263471,-1.010361,0.1337128,-0.1289062,-16.61727,32.76382,-38.99919,262.4386,261.7276,26,-0.1842505,0.08203229,-0.05301422,1.435683,-1.552583,-0.102003,-0.2026276,0.0855058,-0.02861842,-5.27282e-05,0.117824,-0.04099529,3
2014-02-24 18:37:52.479,173,17.3,43.60572,3.91322,23.145,0,354.8718,9.5,5,1393263471,-0.876236,0.1370239,-0.08250427,-15.68538,33.14443,-39.51123,262.4207,261.7097,26,-0.1772203,0.01677392,0.0004796353,1.43199,-1.551128,-0.1015876,-0.1962695,0.07176816,-0.0518854,-0.05915049,0.2189758,-0.0897483,3
2014-02-24 18:37:52.575,174,17.4,43.60572,3.91322,23.145,0,354.8718,9.5,5,1393263471,-0.9560242,0.1714325,-0.1246338,-16.23355,33.36193,-40.08017,262.4104,261.6994,26,-0.1836268,-0.05094814,0.04213786,1.428393,-1.551149,-0.1018766,-0.1892392,0.006509849,0.001608446,-0.01573765,0.03201235,-0.1093622,3
2014-02-24 18:37:52.684,175,17.5,43.60572,3.91322,23.145,0,354.8718,9.5,5,1393263471,-0.9333038,0.2250061,-0.09649658,-15.57575,33.47068,-39.73881,262.4065,261.6955,26,-0.1944997,0.1208417,-0.008913334,1.42482,-1.553237,-0.1021815,-0.1956457,-0.06121216,0.04326667,0.1183947,0.03502013,-0.06503727,3
2014-02-24 18:37:52.772,176,17.6,43.60572,3.91322,23.145,0,354.8718,9.5,5,1393263471,-0.9257507,0.209671,-0.1226044,-16.34319,32.92694,-39.39745,262.4032,261.6922,26,-0.1771548,0.0506717,-0.01275441,1.421044,-1.551583,-0.1020572,-0.2065185,0.1105777,-0.00778453,0.04940739,0.1505765,-0.04259481,3
2014-02-24 18:37:52.896,177,17.7,43.60572,3.91322,23.145,0,354.8718,9.5,5,1393263472,-0.9257507,0.209671,-0.1226044,-17.9877,31.94821,-38.9423,262.3944,261.6834,26,-0.1931271,0.02222381,-0.01145719,1.41367,-1.550946,-0.1021363,-0.2051458,0.0119599,-0.01032839,0.04393956,0.1041721,-0.1197201,3
2014-02-24 18:37:52.988,178,17.8,43.60572,3.91322,23.145,0,354.8718,9.5,5,1393263472,-0.9101868,0.2195892,-0.08349609,-18.42624,32.49195,-38.9423,262.3824,261.6714,26,-0.1895281,0.02800234,-0.0009214538,1.40991,-1.5514,-0.102261,-0.2015468,0.01773847,0.0002073354,0.06226151,0.1199935,-0.06348527,3
2014-02-24 18:37:53.187,179,17.9,43.60572,3.91322,23.145,0,354.8718,9.5,5,1393263472,-0.883728,0.2215729,-0.1397705,-18.70033,33.30756,-39.45434,262.3815,261.6705,26,-0.1921886,0.08591331,0.01491157,1.402244,-1.549657,-0.1021239,-0.2042072,0.07564951,0.01604035,0.07968114,0.1623205,-0.1057724,3
2014-02-24 18:37:53.398,180,18,43.60572,3.91322,23.145,0,354.8718,9.5,5,1393263472,-0.9381409,0.3069305,-0.09519958,-17.49435,34.0688,-39.11298,262.3764,261.6654,26,-0.1954811,-0.04582288,-0.014335,1.399173,-1.540865,-0.1131312,-0.2074927,-0.0560306,-0.01314665,0.1094344,0.1086829,-0.110035,3
2014-02-24 18:37:53.534,181,18.1,43.60572,3.91322,23.145,0,354.8718,9.5,5,1393263472,-1.034958,0.3045654,-0.171402,-17.76843,33.14444,-38.71472,262.3359,261.6249,26,-0.2077979,0.113714,-0.0371266,1.39524,-1.540831,-0.1132928,-0.2199889,0.1035436,-0.03593321,-0.04640759,0.1424273,-0.04477051,3
2014-02-24 18:37:53.637,182,18.2,43.60572,3.91322,23.145,0,354.8718,9.5,5,1393263472,-1.116791,0.260025,-0.09591675,-17.38471,32.87257,-39.45434,262.3224,261.6114,26,-0.205538,0.09015573,-0.008719988,1.391891,-1.53347,-0.1188033,-0.2177237,0.08001961,-0.007499252,0.01336246,0.08835464,-0.08614495,3
2014-02-24 18:37:53.754,183,18.3,43.60572,3.91322,23.145,0,354.8718,9.5,5,1393263472,-1.036148,0.2598724,-0.1437683,-17.76843,32.49195,-38.37336,262.3386,261.6276,26,-0.201955,0.01897023,0.0154711,1.387951,-1.534044,-0.1188201,-0.2141406,0.008834154,0.01669183,0.07072411,0.131856,-0.09809782,3
2014-02-24 18:37:53.835,184,18.4,43.60572,3.91322,23.145,0,354.8718,13.42424,10,1393263473,-1.036148,0.2598724,-0.1437683,-17.87807,32.3832,-38.71472,262.3896,261.6786,26,-0.2053185,-0.009678992,-0.02064775,1.383886,-1.533291,-0.1185596,-0.2151438,0.07539403,-0.02150642,-0.124509,0.141743,-0.05868335,3
2014-02-24 18:37:53.932,185,18.5,43.60572,3.91322,23.145,0,354.8718,13.42424,10,1393263473,-1.007416,0.3094025,-0.1047821,-17.9877,33.25319,-39.16987,262.3896,261.6786,26,-0.2115088,0.1057794,-0.03356542,1.380483,-1.527511,-0.125722,-0.2174999,-0.01977953,-0.01939131,-0.04496994,0.1344813,-0.1008383,3
2014-02-24 18:37:54.068,186,18.6,43.60572,3.91322,23.145,0,354.8718,13.42424,10,1393263473,-1.106094,0.2532654,-0.1718445,-18.91959,33.30756,-38.8854,262.3887,261.6777,26,-0.2105096,0.07544922,-0.00041279,1.376294,-1.52736,-0.1256709,-0.22369,0.09567893,-0.03230897,-0.01623774,0.184062,-0.06170197,3
2014-02-24 18:37:54.152,187,18.7,43.60572,3.91322,23.145,0,354.8718,13.42424,10,1393263473,-1.065598,0.3184357,-0.1386871,-18.42624,33.25319,-40.76289,262.3882,261.6772,26,-0.2079196,-0.06956044,0.005719671,1.372084,-1.526329,-0.1257303,-0.2226908,0.06534875,0.0008436516,0.03513199,0.09383894,-0.09064852,3
2014-02-24 18:37:54.285,188,18.8,43.60572,3.91322,23.145,0,354.8718,13.42424,10,1393263473,-1.07341,0.3183746,-0.171936,-18.59069,33.30756,-40.02327,262.3878,261.6768,26,-0.2226523,0.100101,-0.0242321,1.368937,-1.519762,-0.1324142,-0.2200931,-0.07961677,0.007006116,-0.006504493,0.1147528,-0.126772,3
2014-02-24 18:37:54.476,189,18.9,43.60572,3.91322,23.145,0,354.8718,13.42424,10,1393263473,-1.164047,0.2572479,-0.07598877,-16.39801,33.74255,-39.45434,262.353,261.642,26,-0.2224001,-0.05297241,-0.03212038,1.364652,-1.519429,-0.1324089,-0.2348256,0.09004475,-0.02294566,-0.08803312,0.1518674,-0.07500531,3
2014-02-24 18:37:54.579,190,19,43.60572,3.91322,23.145,0,354.8718,13.42424,10,1393263473,-1.054901,0.2355804,-0.1145477,-16.78173,33.47068,-39.05609,262.359,261.648,26,-0.2248387,0.06811674,-0.05326828,1.360324,-1.519801,-0.1320862,-0.2345734,-0.06302865,-0.03083395,-0.03050718,0.09603498,-0.07526407,3
2014-02-24 18:37:54.684,191,19.1,43.60572,3.91322,23.145,0,354.8718,13.49494,10,1393263474,-0.9304352,0.2601624,-0.19133,-17.3299,32.81819,-39.16987,262.3588,261.6478,26,-0.2347622,0.1292491,-0.05278732,1.355847,-1.520693,-0.1318949,-0.237012,0.05806052,-0.05198185,-0.1739768,0.1257351,-0.02634098,3
2014-02-24 18:37:54.778,192,19.2,43.60572,3.91322,23.145,0,354.8718,13.49494,10,1393263474,-1.085693,0.2125244,-0.08547974,-17.93288,32.76382,-40.47842,262.3586,261.6476,26,-0.2337534,-0.02448377,-0.002006692,1.351089,-1.519371,-0.1313944,-0.2469354,0.1191929,-0.05150089,-0.06483156,0.1045638,-0.06358782,3
2014-02-24 18:37:54.878,193,19.3,43.60572,3.91322,23.145,0,354.8718,13.49494,10,1393263474,-1.085693,0.2125244,-0.08547974,-18.91959,33.6338,-40.25085,262.358,261.647,26,-0.239562,-0.0588287,-0.03926644,1.343055,-1.512017,-0.1381914,-0.2517267,-0.06883354,-0.0379437,-0.09849355,0.1211897,-0.09788122,3
2014-02-24 18:37:54.979,194,19.4,43.60572,3.91322,23.145,0,354.8718,13.49494,10,1393263474,-0.9355011,0.226181,-0.2154999,-18.86477,33.14443,-40.53532,262.3555,261.6445,26,-0.2517532,0.1232258,-0.08104638,1.343055,-1.512017,-0.1381914,-0.2517267,-0.06883354,-0.0379437,-0.09849355,0.1211897,-0.09788122,3
2014-02-24 18:37:55.082,195,19.5,43.60572,3.91322,23.145,0,354.8718,13.49494,10,1393263474,-0.9355011,0.226181,-0.2154999,-17.6588,33.36193,-40.08017,262.306,261.595,26,-0.2469126,0.1029663,-0.06789783,1.333195,-1.510788,-0.1374176,-0.2590771,0.09296158,-0.0665751,-0.0957284,0.1904681,-0.1332196,3
2014-02-24 18:37:55.176,196,19.6,43.60572,3.91322,23.145,0,354.8718,13.49494,10,1393263474,-1.000458,0.2654114,-0.0975647,-17.05581,33.52505,-39.68192,262.3041,261.5931,26,-0.2336383,-0.09138744,-0.006045109,1.329836,-1.503134,-0.1424301,-0.2457903,-0.1013392,-0.004701003,0.05210782,0.08423202,-0.1485738,3
2014-02-24 18:37:55.269,197,19.7,43.60572,3.91322,23.145,0,354.8718,13.49494,10,1393263474,-0.9674988,0.2531128,-0.1790161,-17.38471,33.74255,-40.47842,262.304,261.593,26,-0.2446715,0.02169198,-0.02837065,1.329836,-1.503134,-0.1424301,-0.2457903,-0.1013392,-0.004701003,0.05210782,0.08423202,-0.1485738,3
2014-02-24 18:37:55.453,198,19.8,43.60572,3.91322,23.145,0,354.8718,13.49494,10,1393263474,-0.9674988,0.2531128,-0.1790161,-18.20697,33.03569,-38.37337,262.3992,261.6882,26,-0.2373707,-0.0393016,-0.008935438,1.320077,-1.504443,-0.1422065,-0.2495226,-0.04925329,-0.007591345,-0.03346712,0.1247518,-0.08385541,3
2014-02-24 18:37:55.551,199,19.9,43.60572,3.91322,23.145,0,354.8718,13.49494,10,1393263474,-1.020691,0.3206787,-0.1060028,-17.71362,32.87257,-38.77162,262.3928,261.6818,26,-0.258124,0.01584581,-0.0378278,1.315428,-1.502551,-0.1493131,-0.2702785,0.005916893,-0.0364472,0.0190728,0.1043539,-0.1115823,3
2014-02-24 18:37:55.666,200,20,43.60572,3.91322,23.145,0,354.8718,13.49494,10,1393263474,-0.9620056,0.2457275,-0.07843018,-19.41295,33.79692,-38.9423,262.365,261.654,26,-0.2496469,-0.02244379,-0.01508361,1.306535,-1.498653,-0.1544136,-0.2617947,-0.03233666,-0.0136798,0.05242616,0.08463317,-0.0985155,3
2014-02-24 18:37:55.793,201,20.1,43.60572,3.91322,23.145,0,354.8718,13.72859,10,1393263475,-0.9620056,0.2457275,-0.07843018,-18.91959,34.28629,-38.9992,262.4016,261.6906,26,-0.2431439,0.06895776,-0.072222,1.30176,-1.501525,-0.154417,-0.2493353,-0.1671072,-0.01224463,0.02984473,0.1131332,-0.09109204,3
2014-02-24 18:37:55.894,202,20.2,43.60572,3.91322,23.145,0,354.8718,13.72859,10,1393263475,-0.9953156,0.2632141,-0.1082153,-18.59069,33.74255,-40.36463,262.325,261.614,26,-0.2431439,0.06895776,-0.072222,1.296964,-1.502854,-0.1543935,-0.2552917,0.05906495,-0.07081819,0.02381962,0.09194666,-0.01134773,3
2014-02-24 18:37:55.999,203,20.3,43.60572,3.91322,23.145,0,354.8718,13.72859,10,1393263475,-0.9953156,0.2632141,-0.1082153,-18.20697,33.79693,-39.96638,262.3339,261.6229,26,-0.2556813,-0.03392681,-0.02793363,1.292385,-1.501348,-0.1563237,-0.2577901,-0.03033208,-0.05236197,-0.06834682,0.1285529,-0.07171266,3
2014-02-24 18:37:56.181,204,20.4,43.60572,3.91322,23.145,0,354.8718,13.72859,10,1393263475,-0.9715576,0.2913208,-0.1481323,-17.3299,32.1657,-39.51123,262.3379,261.6269,26,-0.2528043,-0.01620161,-0.08204214,1.282713,-1.502054,-0.1624071,-0.2639033,-0.05077719,-0.05453134,0.04620145,0.07509182,-0.06884255,3
2014-02-24 18:37:56.332,205,20.5,43.60572,3.91322,23.145,0,354.8718,13.72859,10,1393263475,-1.02887,0.3151093,-0.07095337,-16.45282,33.79692,-39.28366,262.35,261.639,26,-0.248168,0.009020393,-0.0505697,1.277601,-1.503255,-0.1618801,-0.2649534,-0.0260577,-0.08059117,-0.125035,0.1035355,-0.05268525,3
2014-02-24 18:37:56.507,206,20.6,43.60572,3.91322,23.145,0,354.8718,13.72859,10,1393263475,-1.003952,0.2405853,-0.09254456,-15.46612,32.70944,-38.71472,262.3398,261.6288,26,-0.2520346,-0.0530997,-0.01949967,1.272672,-1.505565,-0.1616235,-0.2603171,-0.0008356688,-0.04911875,-0.04804495,0.079161,-0.04803057,3
2014-02-24 18:37:56.711,207,20.7,43.60572,3.91322,23.145,0,354.8718,13.72859,10,1393263475,-0.9888,0.2206421,-0.04248047,-18.15215,33.09006,-38.77162,262.3934,261.6824,26,-0.2545127,0.0114247,-0.02719167,1.262416,-1.509609,-0.1680678,-0.2678597,-0.08337446,-0.0178489,-0.01988717,0.07330763,-0.03225746,3
2014-02-24 18:37:56.903,208,20.8,43.60572,3.91322,23.145,0,354.8718,13.72487,10,1393263476,-0.9362183,0.2962341,-0.05023193,-18.86477,32.81819,-39.51123,262.3853,261.6743,26,-0.26598,-0.009785785,0.02452159,1.252433,-1.51154,-0.1700091,-0.2742631,-0.06165789,0.01003873,-0.004946684,0.05145076,0.01588778,3
2014-02-24 18:37:57.039,209,20.9,43.60572,3.91322,23.145,0,354.8718,13.72487,10,1393263476,-0.9407806,0.2539062,-0.1231079,-17.82325,32.65507,-40.47842,262.3841,261.6731,26,-0.257386,-0.009700298,0.02694959,1.247213,-1.512302,-0.1703012,-0.2781356,-0.01962361,0.02601503,0.002952188,0.0530855,0.02691488,3
2014-02-24 18:37:57.146,210,21,43.60572,3.91322,23.145,0,354.8718,13.72487,10,1393263476,-0.9407806,0.2539062,-0.1231079,-16.83654,33.09006,-40.47842,262.2443,261.5333,26,-0.2644652,0.05673758,-0.02069116,1.23686,-1.512782,-0.1729191,-0.276621,0.04690564,-0.01918883,-0.07231092,0.06239269,-0.07499338,3
2014-02-24 18:37:57.253,211,21.1,43.60572,3.91322,23.145,0,354.8718,13.72487,10,1393263476,-0.9894104,0.2846832,-0.01956177,-18.04252,33.19881,-41.16114,262.2498,261.5388,26,-0.2633747,-0.08575539,0.01824904,1.232327,-1.511941,-0.1777183,-0.2755266,-0.09556515,0.01977129,0.002915889,0.08061623,0.02208273,3
2014-02-24 18:37:57.463,212,21.2,43.60572,3.91322,23.145,0,354.8718,13.72487,10,1393263476,-0.9833679,0.2191162,-0.09799194,-17.11063,33.03569,-38.9423,262.3048,261.5938,26,-0.2731338,0.1133276,-0.02249972,1.226894,-1.511437,-0.1777942,-0.2852857,0.1035179,-0.02097748,-0.006907681,0.1078242,0.03882738,3
2014-02-24 18:37:57.593,213,21.3,43.60572,3.91322,23.145,0,354.8718,13.72487,10,1393263476,-0.9927216,0.2206268,-0.05421448,-15.35648,33.14444,-38.14579,262.3378,261.6268,26,-0.2682714,-0.04166835,0.008387093,1.221956,-1.511044,-0.1799729,-0.2804206,-0.0514664,0.009917946,-0.001275173,0.04011332,-0.03923991,3
2014-02-24 18:37:57.685,214,21.4,43.60572,3.91322,23.145,0,354.8718,13.72487,10,1393263476,-0.9698029,0.2700806,-0.04457092,-16.94618,32.65507,-39.34055,262.3546,261.6436,26,-0.2805552,0.07255356,-0.01161511,1.216471,-1.511048,-0.1798579,-0.2927044,0.06275556,-0.01008427,-0.01060804,0.04173706,0.004534954,3
2014-02-24 18:37:57.881,215,21.5,43.60572,3.91322,23.145,0,354.8718,13.7635,10,1393263477,-1.057938,0.2893677,-0.1374207,-18.53588,33.14443,-39.62502,262.3531,261.6421,26,-0.2767269,-0.04641704,-0.01041722,1.211023,-1.512436,-0.1801022,-0.2888761,-0.05621501,-0.008886379,-0.03698407,0.1165547,-0.05035862,3
2014-02-24 18:37:57.979,216,21.6,43.60572,3.91322,23.145,0,354.8718,13.7635,10,1393263477,-1.026962,0.2653503,-0.1846771,-18.59069,33.41631,-39.68192,262.358,261.647,26,-0.2929365,0.2468702,-0.02868571,1.205042,-1.514053,-0.1845232,-0.3050941,0.2370714,-0.02713283,-0.06010801,0.1013427,0.03266396,3
2014-02-24 18:37:58.099,217,21.7,43.60572,3.91322,23.145,0,354.8718,13.7635,10,1393263477,-1.011063,0.2252197,-0.03106689,-17.05581,33.74255,-40.02327,262.5235,261.8125,26,-0.2806202,-0.04398397,0.01415683,1.199231,-1.512744,-0.1845273,-0.2927777,-0.05378272,0.0157097,0.007291819,0.02635698,-0.1900052,3
2014-02-24 18:37:58.199,218,21.8,43.60572,3.91322,23.145,0,354.8718,13.7635,10,1393263477,-1.011063,0.2252197,-0.03106689,-16.78172,33.57943,-38.82851,262.4514,261.7404,26,-0.2858067,0.01283883,0.0381876,1.193774,-1.516325,-0.1853301,-0.2926098,-0.1501715,0.009613189,-0.06950087,0.1420382,-0.05677884,3
2014-02-24 18:37:58.361,219,21.9,43.60572,3.91322,23.145,0,354.8718,13.7635,10,1393263477,-0.9878845,0.2899933,-0.1063843,-16.23355,33.47068,-39.39745,262.4297,261.7187,26,-0.2858067,0.01283883,0.0381876,1.188259,-1.519756,-0.186495,-0.2979641,0.003040152,0.03974046,-0.02968217,0.03980388,0.01906661,3
2014-02-24 18:37:58.468,220,22,43.60572,3.91322,23.145,0,354.8718,13.7635,10,1393263477,-0.9878845,0.2899933,-0.1063843,-15.79502,32.3832,-39.05608,262.4577,261.7467,26,-0.2733008,-0.3110303,0.06258455,1.182157,-1.515513,-0.1865132,-0.321019,0.2912171,-0.0442378,-0.09333786,0.1233584,0.0686703,3
2014-02-24 18:37:58.569,221,22.1,43.60572,3.91322,23.145,0,354.8718,13.7635,10,1393263477,-1.003372,0.2683411,0.02134705,-16.17874,32.76382,-39.56812,262.466,261.755,26,-0.3013836,-0.01259888,-0.009811086,1.17651,-1.51934,-0.1875884,-0.2854581,-0.3208289,0.0641374,-0.00672806,0.1035031,-0.05585299,3
2014-02-24 18:37:58.684,222,22.2,43.60572,3.91322,23.145,0,354.8718,13.7635,10,1393263477,-1.025925,0.3932343,-0.02272034,-15.84983,32.98132,-39.22676,262.4079,261.6969,26,-0.3142184,0.2085734,0.02192714,1.170772,-1.522776,-0.188411,-0.3135408,-0.02239746,-0.00825824,-0.1077422,0.1816898,0.06384534,3
2014-02-24 18:37:58.817,223,22.3,43.60572,3.91322,23.145,0,354.8718,13.83301,10,1393263478,-0.927475,0.2035522,-0.1450195,-16.34319,33.36193,-38.48715,262.4037,261.6927,26,-0.3100434,-0.1043171,0.009770606,1.164799,-1.522716,-0.1892148,-0.3263756,0.1987749,0.02347998,0.05128392,0.10659,0.07702008,3
2014-02-24 18:37:58.984,224,22.4,43.60572,3.91322,23.145,0,354.8718,13.83301,10,1393263478,-1.065231,0.3346558,-0.1017456,-15.30166,33.19881,-39.56813,262.334,261.623,26,-0.3250085,0.1436834,-0.003351588,1.15289,-1.526846,-0.1905205,-0.3138203,-0.07646299,0.03449853,0.05348265,0.01418228,-0.1018784,3
2014-02-24 18:37:59.212,225,22.5,43.60572,3.91322,23.145,0,354.8718,13.83301,10,1393263478,-1.020859,0.3335419,0.01773071,-15.95947,32.32882,-39.45434,262.3826,261.6716,26,-0.3115302,-0.161811,0.05020272,1.140218,-1.526138,-0.1913715,-0.3322359,-0.01325144,0.01962742,-0.08446587,0.1444502,-0.05791678,3
2014-02-24 18:37:59.368,226,22.6,43.60572,3.91322,23.145,0,354.8718,13.83301,10,1393263478,-0.9979401,0.2960815,-0.1231079,-15.02758,32.70944,-39.96638,262.2602,261.5492,26,-0.3310876,0.1299801,-0.01031469,1.133971,-1.529536,-0.1920824,-0.3236872,-0.1716094,0.05175553,-0.06008962,0.11177,0.003639645,3
2014-02-24 18:37:59.520,227,22.7,43.60572,3.91322,23.145,0,354.8718,13.83301,10,1393263478,-0.9979401,0.2960815,-0.1231079,-15.90465,31.40446,-37.91822,262.1349,261.4239,26,-0.3469705,0.09804827,-0.01954041,1.120843,-1.529011,-0.192483,-0.3592829,0.08825142,-0.018061,-0.05138322,0.1728696,-0.01667615,3
2014-02-24 18:37:59.689,228,22.8,43.60572,3.91322,23.145,0,354.8718,13.83301,10,1393263478,-1.060547,0.3349152,-0.05293274,-17.00099,32.27445,-37.69064,262.1485,261.4375,26,-0.3507309,0.01771109,0.001149953,1.107645,-1.535051,-0.1933271,-0.3630432,0.007914301,0.002629355,-0.0165404,0.1228468,0.04344941,3
2014-02-24 18:37:59.900,229,22.9,43.60572,3.91322,23.145,0,354.8718,9.5,5,1393263479,-1.04129,0.3089447,0.003067017,-16.50764,32.32883,-38.54404,262.09,261.379,26,-0.3522134,-0.08506936,0.04789003,1.09385,-1.536963,-0.1946664,-0.3449144,-0.19426,0.07398981,-0.08699986,0.03814343,-0.1214604,3
2014-02-24 18:38:00.128,230,23,43.60572,3.91322,23.145,0,354.8718,9.5,5,1393263479,-0.9393463,0.3442535,-0.04182434,-16.28837,32.11133,-39.34055,261.9239,261.2129,26,-0.3571028,-0.1541941,0.05438308,1.079881,-1.541238,-0.1968642,-0.3867778,0.1280792,0.02821006,-0.05984373,0.0975415,0.05559422,3
2014-02-24 18:38:00.243,231,23.1,43.60572,3.91322,23.145,0,354.8718,9.5,5,1393263479,-0.9623871,0.4130402,0.01686096,-16.39801,32.65507,-38.54404,261.7156,261.0046,26,-0.3585432,-0.05437775,0.06512627,1.065804,-1.547488,-0.1991875,-0.3708552,-0.0641743,0.06660563,-0.06877516,0.1136047,0.07748734,3
2014-02-24 18:38:00.443,232,23.2,43.60572,3.91322,23.145,0,354.8718,9.5,5,1393263479,-0.9679108,0.326767,-0.06643677,-16.78173,31.83946,-38.71472,261.7444,261.0334,26,-0.3841485,0.06405861,0.01797314,1.058457,-1.547642,-0.1997104,-0.3964604,0.05426209,0.0194525,0.01747425,0.2146546,0.03955327,3
2014-02-24 18:38:00.550,233,23.3,43.60572,3.91322,23.145,0,354.8718,9.5,5,1393263479,-0.9068756,0.3627167,-0.009460449,-15.68538,32.27445,-37.2355,262.2439,261.5329,26,-0.3755755,-0.06602163,0.04278715,1.051249,-1.5496,-0.2005164,-0.3878874,-0.07581811,0.0442665,0.01183297,0.1275916,-0.04566689,3
2014-02-24 18:38:00.664,234,23.4,43.60572,3.91322,23.145,0,354.8718,9.5,5,1393263479,-1.047134,0.40065,-0.02593994,-15.7402,33.19881,-38.0889,262.2207,261.5097,26,-0.3580024,-0.02094416,-0.006754043,1.044069,-1.551861,-0.2009696,-0.3703142,-0.0307406,-0.005274693,0.07282224,0.1630972,0.009092223,3
2014-02-24 18:38:00.767,235,23.5,43.60572,3.91322,23.145,0,354.8718,9.5,5,1393263479,-1.072601,0.3761597,-0.04264832,-16.23355,33.36193,-38.71473,262.1441,261.4331,26,-0.3656326,0.08678497,0.00737163,1.036852,-1.553231,-0.2013731,-0.3779444,0.07698854,0.008850977,0.01220396,0.1731236,0.02065816,3
2014-02-24 18:38:00.861,236,23.6,43.60575,3.913234,26.2421,1.681035,7.063055,9.5,5,1393263480,-1.040558,0.3862915,-0.06184387,-16.34319,32.70944,-38.37336,262.1243,261.4133,26,-0.3792341,-0.01174347,0.03049133,1.029541,-1.554349,-0.2012882,-0.3915459,-0.02153985,0.03197067,0.09283649,0.1330914,-0.03575013,3
2014-02-24 18:38:00.970,237,23.7,43.60575,3.913234,26.2421,1.681035,7.063055,9.5,5,1393263480,-1.092743,0.373764,-0.02238464,-15.24685,32.70944,-38.71472,262.2728,261.5618,26,-0.3703309,0.04124677,-0.0133451,1.022253,-1.555221,-0.2011428,-0.3826427,0.03145044,-0.01186577,0.02734273,0.1427706,-0.0247475,3
2014-02-24 18:38:01.080,238,23.8,43.60575,3.913234,26.2421,1.681035,7.063055,9.5,5,1393263480,-1.092743,0.373764,-0.02238464,-15.30166,32.32882,-37.29239,261.7239,261.0129,26,-0.3701648,-0.03702699,-0.02196442,1.014888,-1.555949,-0.2008328,-0.3898587,0.01877754,-0.03058113,-0.06076507,0.1868061,-0.04729578,3
2014-02-24 18:38:01.155,239,23.9,43.60575,3.913234,26.2421,1.681035,7.063055,9.5,5,1393263480,-1.086945,0.3904419,-0.04585266,-15.68538,32.3832,-37.57685,261.2957,260.5847,26,-0.3800174,0.1361096,-0.04721092,1.007546,-1.558723,-0.200754,-0.3824764,-0.04682326,-0.0204851,-0.1128978,0.1743558,-0.01055396,3
2014-02-24 18:38:01.348,240,24,43.60575,3.913234,26.2421,1.681035,7.063055,9.5,5,1393263480,-0.940094,0.360611,0.01068115,-16.89136,33.47068,-37.46307,261.6534,260.9424,26,-0.3724748,-0.06889118,-0.03575294,0.9927249,-1.559537,-0.1996434,-0.3885581,-0.08316574,-0.02370833,-0.009396188,0.1195971,-0.1033754,3
2014-02-24 18:38:01.512,241,24.1,43.60575,3.913234,26.2421,1.681035,7.063055,9.5,5,1393263480,-0.940567,0.2937012,-0.1399841,-16.34319,33.25319,-38.9423,261.6329,260.9219,26,-0.3827951,0.2133797,-0.01983709,0.9857861,-1.561123,-0.2070708,-0.3847847,-0.07866555,-0.03423804,-0.03958166,0.1633481,-0.03737761,3
2014-02-24 18:38:01.684,242,24.2,43.60578,3.913233,25.28767,2.763151,4.579439,9.5,5,1393263481,-0.9034119,0.328064,0.03767395,-15.95947,33.52506,-38.65783,261.3134,260.6024,26,-0.3667996,-0.1329045,0.03296647,0.972599,-1.551698,-0.2123666,-0.3839768,-0.02837507,0.0122224,0.008255628,0.1044574,-0.127664,3
2014-02-24 18:38:01.787,243,24.3,43.60578,3.913233,25.28767,2.763151,4.579439,9.5,5,1393263481,-1.009781,0.382019,-0.141449,-15.79502,33.47068,-37.91822,261.4947,260.7837,26,-0.38144,0.2121352,-0.03506264,0.9654286,-1.556523,-0.2130019,-0.3790939,-0.1426361,0.03450054,0.08341078,0.07301363,-0.02204531,3
2014-02-24 18:38:02.009,244,24.4,43.60578,3.913233,25.28767,2.763151,4.579439,9.5,5,1393263481,-1.075821,0.3491211,-0.06684875,-15.4113,32.87257,-37.29239,261.7161,261.0051,26,-0.3603779,-0.05387628,-0.01232085,0.9432032,-1.557581,-0.2130739,-0.3726721,-0.06360777,-0.0107868,0.1129966,0.03177509,-0.1043784,3
2014-02-24 18:38:02.171,245,24.5,43.60578,3.913233,25.28767,2.763151,4.579439,9.5,5,1393263481,-0.9779205,0.3083649,-0.1571045,-15.68538,33.36193,-37.34928,261.7288,261.0178,26,-0.384112,0.2304353,-0.01180446,0.9283851,-1.55751,-0.212513,-0.3964061,0.2207039,-0.01027042,0.03497384,0.003667304,-0.03475763,3
2014-02-24 18:38:02.262,246,24.6,43.60578,3.913233,25.28767,2.763151,4.579439,9.5,5,1393263481,-1.078232,0.2929382,-0.1181641,-16.45282,34.01442,-38.25958,261.726,261.015,26,-0.3814733,0.02651044,-0.002750779,0.9208361,-1.556011,-0.2121604,-0.3937674,0.01677908,-0.001216746,0.05182751,0.01652423,-0.1804471,3
2014-02-24 18:38:02.495,247,24.7,43.60578,3.913233,25.28767,2.763151,4.579439,9.5,5,1393263481,-1.04335,0.3100281,0.00692749,-17.3299,32.60069,-37.12171,261.7117,261.0007,26,-0.3802957,0.2869447,-0.0357817,0.913639,-1.559732,-0.2127479,-0.3789625,-0.09974591,0.01179412,-0.1008372,0.08179158,-0.1073499,3
2014-02-24 18:38:02.598,248,24.8,43.60578,3.913233,25.28767,2.763151,4.579439,9.5,5,1393263481,-0.9935608,0.2468109,-0.1636505,-16.01428,34.44941,-38.37336,261.4998,260.7888,26,-0.369365,-0.06716253,0.03581978,0.9062028,-1.557977,-0.2128779,-0.3925896,0.2772134,-0.03424768,-0.06600359,0.09875438,0.01945706,3
2014-02-24 18:38:02.713,249,24.9,43.60582,3.913234,25.73518,3.502691,3.814953,13.06573,10,1393263482,-1.040802,0.3055267,-0.05540466,-14.47941,32.70944,-38.60094,261.6139,260.9029,26,-0.3767872,0.13206,0.01034132,0.8988358,-1.558917,-0.2131974,-0.3816589,-0.07689378,0.0373538,-0.01627036,0.03522496,-0.1520406,3
2014-02-24 18:38:02.928,250,25,43.60582,3.913234,25.73518,3.502691,3.814953,13.06573,10,1393263482,-0.9824371,0.2816162,-0.1433105,-13.76678,33.09006,-38.54404,261.6151,260.9041,26,-0.3755449,0.0969641,0.01421515,0.891544,-1.560034,-0.2135323,-0.3890811,0.1223288,0.01187533,0.01222028,0.06512529,-0.02526413,3
2014-02-24 18:38:03.043,251,25.1,43.60582,3.913234,25.73518,3.502691,3.814953,13.06573,10,1393263482,-0.9329681,0.328125,-0.04457092,-13.38307,32.92694,-38.25957,261.6949,260.9839,26,-0.3706031,-0.02754294,0.03072835,0.8841017,-1.558887,-0.2135869,-0.3878387,0.08723292,0.01574916,0.08726923,0.1036156,-0.1172063,3
2014-02-24 18:38:03.149,252,25.2,43.60582,3.913234,25.73518,3.502691,3.814953,13.06573,10,1393263482,-0.9347839,0.3396759,-0.1061249,-12.94453,32.92694,-37.34928,261.7002,260.9892,26,-0.3745163,0.1650939,0.02881088,0.8768871,-1.560828,-0.2141436,-0.3828968,-0.03727409,0.03226235,0.07476645,0.1056656,-0.07439609,3
2014-02-24 18:38:03.255,253,25.3,43.60582,3.913234,25.73518,3.502691,3.814953,13.06573,10,1393263482,-0.9176483,0.3724365,-0.07885742,-16.23355,33.14443,-38.14579,261.7118,261.0008,26,-0.359477,0.04267929,0.01372646,0.8697509,-1.561235,-0.2147941,-0.3868101,0.1553628,0.03034487,0.04400751,0.1149788,-0.03522947,3
2014-02-24 18:38:03.463,254,25.4,43.60582,3.913234,25.73518,3.502691,3.814953,13.06573,10,1393263482,-1.004379,0.3210297,-0.1448364,-13.87641,33.74255,-38.77161,261.7054,260.9944,26,-0.3647652,0.105262,0.0494312,0.8624071,-1.56012,-0.2154693,-0.3717707,0.03294821,0.01526045,0.04203655,0.12587,-0.09569589,3
2014-02-24 18:38:03.552,255,25.5,43.60582,3.913234,25.73518,3.502691,3.814953,13.06573,10,1393263482,-1.014038,0.3179474,-0.04542542,-13.32825,33.30756,-38.88541,261.7029,260.9919,26,-0.353646,-0.02488245,0.0637124,0.8552415,-1.561173,-0.2168668,-0.3770588,0.09553094,0.05096518,0.05888288,0.1572657,-0.06945977,3
2014-02-24 18:38:03.654,256,25.6,43.60582,3.913234,25.73518,3.502691,3.814953,13.06573,10,1393263482,-1.0616,0.2812805,-0.1617889,-14.26014,33.47068,-38.60094,261.7082,260.9972,26,-0.3534553,0.07341989,0.02521561,0.8338543,-1.561401,-0.2197517,-0.3657488,0.06368896,0.02674957,-0.05206083,0.1235655,-0.1273049,3
2014-02-24 18:38:03.751,257,25.7,43.60587,3.913234,24.89365,3.73342,2.340477,12.93249,10,1393263483,-1.081665,0.337326,-0.1985321,-15.0824,33.96004,-37.97511,261.7128,261.0018,26,-0.3534401,0.1017067,0.01907383,0.8268153,-1.562505,-0.2204417,-0.3657335,0.09197576,0.02060778,-0.07467813,0.08181543,-0.08543096,3
2014-02-24 18:38:03.855,258,25.8,43.60587,3.913234,24.89365,3.73342,2.340477,12.93249,10,1393263483,-0.9867706,0.3552704,-0.04441833,-16.12392,34.01442,-38.48715,261.7244,261.0134,26,-0.3591377,0.01178236,-0.02350772,0.819626,-1.561664,-0.2202573,-0.3714311,0.002051496,-0.02197377,-0.1058645,0.1188453,-0.1896201,3
2014-02-24 18:38:03.976,259,25.9,43.60587,3.913234,24.89365,3.73342,2.340477,12.93249,10,1393263483,-1.048935,0.3545837,-0.1943665,-15.90465,33.79692,-38.71472,261.7351,261.0241,26,-0.3555576,0.04248541,-0.01438826,0.8127121,-1.565025,-0.2205444,-0.3678509,0.03275458,-0.01285431,-0.01100838,0.1365095,-0.03878704,3
2014-02-24 18:38:04.075,260,26,43.60587,3.913234,24.89365,3.73342,2.340477,12.93249,10,1393263483,-1.024124,0.4831696,-0.1325836,-15.95947,32.54632,-37.74754,261.7494,261.0384,26,-0.356373,0.1111263,-0.0760676,0.8053994,-1.56326,-0.2198105,-0.3686664,0.1013955,-0.07453366,-0.07302386,0.1365391,-0.1870111,3
2014-02-24 18:38:04.155,261,26.1,43.60587,3.913234,24.89365,3.73342,2.340477,12.93249,10,1393263483,-0.9808807,0.3152161,-0.1825562,-16.45282,31.94821,-37.34928,261.7605,261.0495,26,-0.3516155,0.03094833,-0.04356559,0.7983905,-1.565057,-0.2199198,-0.3639088,0.02121757,-0.04203165,-0.06166827,-0.025204,-0.1533043,3
2014-02-24 18:38:04.283,262,26.2,43.60587,3.913234,24.89365,3.73342,2.340477,12.93249,10,1393263483,-1.075592,0.3488922,-0.0990448,-15.95947,32.11133,-37.29239,261.7818,261.0708,26,-0.3501194,-0.09269532,-0.05759485,0.7913191,-1.565925,-0.2189159,-0.3624126,-0.102426,-0.05606092,-0.1373425,0.08249579,-0.1206871,3
2014-02-24 18:38:04.470,263,26.3,43.60587,3.913234,24.89365,3.73342,2.340477,12.93249,10,1393263483,-1.032608,0.4125061,-0.1321716,-18.20697,33.47068,-37.34928,261.8217,261.1107,26,-0.3574191,0.04980537,-0.08955652,0.7844514,-1.569329,-0.2185681,-0.3697123,0.0400747,-0.08802259,-0.03306946,0.1852523,0.01197657,3
2014-02-24 18:38:04.578,264,26.4,43.60587,3.913234,24.89365,3.73342,2.340477,12.93249,10,1393263483,-1.032608,0.4125061,-0.1321716,-16.89136,33.25319,-39.05609,262.3273,261.6163,26,-0.3598272,-0.01252831,-0.08662491,0.7774819,-1.569016,-0.2170788,-0.3623715,0.04356934,-0.08329362,-0.0121335,0.01586901,-0.09248421,3
2014-02-24 18:38:04.679,265,26.5,43.6059,3.913232,24.26035,3.345094,2.753198,12.80229,10,1393263484,-0.9498444,0.3117523,-0.01637268,-15.35648,33.57943,-37.91821,262.2837,261.5727,26,-0.3598272,-0.01252831,-0.08662491,0.7705085,-1.570697,-0.2161117,-0.3721203,-0.02225892,-0.08509099,-0.05586943,0.1980727,-0.1320747,3
2014-02-24 18:38:04.776,266,26.6,43.6059,3.913232,24.26035,3.345094,2.753198,12.80229,10,1393263484,-0.9498444,0.3117523,-0.01637268,-14.58904,33.90567,-38.71472,262.33,261.619,26,-0.3651745,0.03539528,-0.04139271,0.7636734,-1.5733,-0.2152662,-0.3601671,-0.06370619,-0.03530134,0.006976309,0.1181033,-0.08160868,3
2014-02-24 18:38:04.877,267,26.7,43.6059,3.913232,24.26035,3.345094,2.753198,12.80229,10,1393263484,-0.9181824,0.2958679,-0.04611206,-16.39801,31.78508,-38.31647,262.4164,261.7054,26,-0.3493516,-0.0209146,-0.01136371,0.7567215,-1.57529,-0.2145763,-0.3774675,0.02566475,-0.03985881,0.02721249,0.09881889,-0.020763,3
2014-02-24 18:38:04.979,268,26.8,43.6059,3.913232,24.26035,3.345094,2.753198,12.80229,10,1393263484,-0.9294434,0.2670288,-0.06555176,-16.83654,32.43758,-37.97511,262.3067,261.5957,26,-0.3581403,-0.008357,0.008371913,0.7498527,-1.577018,-0.2139344,-0.3616446,-0.0306451,-0.009829811,-0.06831744,0.02957609,-0.04839225,3
2014-02-24 18:38:05.083,269,26.9,43.6059,3.913232,24.26035,3.345094,2.753198,12.80229,10,1393263484,-0.9393158,0.2466125,-0.02453613,-17.001,32.92694,-38.25958,262.3066,261.5956,26,-0.3558444,-0.01383725,0.02956322,0.7429388,-1.578591,-0.21365,-0.3704332,-0.01808746,0.009905805,0.00741572,-0.02977733,-0.05836838,3
2014-02-24 18:38:05.155,270,27,43.6059,3.913232,24.26035,3.345094,2.753198,12.80229,10,1393263484,-0.9678955,0.2018127,-0.09866333,-16.89136,33.03569,-38.48715,262.3067,261.5957,26,-0.3495854,0.05855758,0.005454686,0.7360212,-1.581175,-0.2136775,-0.3681372,-0.02356767,0.0310971,0.08644272,-0.0303078,-0.02389074,3
2014-02-24 18:38:05.264,271,27.1,43.6059,3.913232,24.26035,3.345094,2.753198,12.80229,10,1393263484,-0.9764709,0.3831024,-0.02792358,-16.72691,33.96005,-38.65783,262.3117,261.6007,26,-0.3567925,0.005122324,-0.008170046,0.7220824,-1.584865,-0.2143725,-0.3584568,-0.1061166,0.04600416,0.00911788,-0.01092154,-0.1124097,3
2014-02-24 18:38:05.474,272,27.2,43.6059,3.913232,24.26035,3.345094,2.753198,12.80229,10,1393263484,-0.9558716,0.3177032,-0.1783752,-16.45282,33.25319,-39.73881,262.3161,261.6051,26,-0.3542798,0.009618805,-0.01522849,0.7149532,-1.585708,-0.2141327,-0.3692295,-0.004611812,-0.006706458,-0.0407088,0.0837799,-0.03646675,3
2014-02-24 18:38:05.568,273,27.3,43.60593,3.913232,23.6842,3.535079,0.9869387,12.64387,10,1393263485,-0.9212189,0.3584137,-0.09831238,-15.0824,32.54632,-38.54404,262.318,261.607,26,-0.3453459,0.07729585,-0.06507381,0.7080194,-1.588669,-0.2139374,-0.3667168,-0.0001152947,-0.0137649,0.0005755392,0.1707933,-0.04538774,3
2014-02-24 18:38:05.668,274,27.4,43.60593,3.913232,23.6842,3.535079,0.9869387,12.64387,10,1393263485,-0.9212189,0.3584137,-0.09831238,-15.30166,32.43757,-38.65784,262.3183,261.6073,26,-0.3405549,-0.04027206,-0.03103302,0.6939656,-1.590464,-0.2118983,-0.3529918,-0.05000609,-0.02956944,-0.0806306,-0.006733377,-0.1511388,3
2014-02-24 18:38:05.767,275,27.5,43.60593,3.913232,23.6842,3.535079,0.9869387,12.64387,10,1393263485,-0.9287415,0.1911621,-0.06887817,-15.95947,32.76382,-38.43026,262.3167,261.6057,26,-0.3413837,-0.05086185,-0.07903516,0.6871545,-1.592333,-0.2106205,-0.3538205,-0.06059584,-0.07757159,-0.0873431,0.08342902,-0.1595481,3
2014-02-24 18:38:05.869,276,27.6,43.60593,3.913232,23.6842,3.535079,0.9869387,12.64387,10,1393263485,-0.9599609,0.300293,-0.111969,-16.17873,33.09006,-38.65783,262.3149,261.6039,26,-0.3319063,-0.005146293,-0.04067766,0.6804367,-1.594792,-0.2100571,-0.3443431,-0.01488026,-0.03921409,0.048996,-0.0173536,-0.09234464,3
2014-02-24 18:38:05.984,277,27.7,43.60593,3.913232,23.6842,3.535079,0.9869387,12.64387,10,1393263485,-0.9595642,0.2422791,-0.132019,-16.34319,32.27446,-38.71473,262.227,261.516,26,-0.3310432,0.09144682,-0.009938384,0.6673434,-1.597881,-0.2092459,-0.3434799,0.08171294,-0.008474834,0.05096443,0.1534074,-0.04295512,3
2014-02-24 18:38:06.088,278,27.8,43.60593,3.913232,23.6842,3.535079,0.9869387,12.64387,10,1393263485,-0.9680023,0.2536774,0.03747559,-16.50764,33.6338,-39.11298,262.2255,261.5145,26,-0.3187202,0.0009598032,0.001621066,0.6608282,-1.597463,-0.208911,-0.3311568,-0.008774042,0.00308461,0.01834533,0.03488437,-0.1581033,3
2014-02-24 18:38:06.287,279,27.9,43.60593,3.913232,23.6842,3.535079,0.9869387,12.64387,10,1393263485,-0.9954224,0.3072968,0.05432129,-15.84983,33.52505,-38.99919,262.1837,261.4727,26,-0.3211948,0.08699003,-0.0097999,0.6356761,-1.60208,-0.2090197,-0.3335,-0.1107927,0.004057711,-0.03068195,0.1058382,-0.1461525,3
2014-02-24 18:38:06.504,280,28,43.60593,3.913232,23.6842,3.535079,0.9869387,12.64387,10,1393263485,-1.027451,0.2580566,-0.09098816,-15.08239,34.39504,-38.65783,262.2752,261.5642,26,-0.3272389,0.215891,-0.04278981,0.6295522,-1.604784,-0.2089747,-0.3336312,0.07725635,-0.008336382,-0.0177432,0.0998397,0.02107939,3
2014-02-24 18:38:06.687,281,28.1,43.60597,3.913234,21.1521,3.698226,1.382887,9.5,5,1393263486,-0.9703827,0.3516998,0.06404114,-15.95947,33.19881,-37.97511,262.3334,261.6224,26,-0.328364,-0.08987582,-0.00931627,0.6168843,-1.603649,-0.2071285,-0.3297493,-0.1459157,0.002090415,-0.1106782,0.09091919,-0.2333629,3
2014-02-24 18:38:06.883,282,28.2,43.60597,3.913234,21.1521,3.698226,1.382887,9.5,5,1393263486,-0.9874725,0.2856903,-0.150238,-15.35648,34.34066,-38.37336,262.318,261.607,26,-0.3482365,0.03807442,-0.006063219,0.604176,-1.606509,-0.2053437,-0.3630068,0.2976269,-0.06121293,-0.1506768,-0.01365704,-0.02422815,3
2014-02-24 18:38:06.981,283,28.3,43.60597,3.913234,21.1521,3.698226,1.382887,9.5,5,1393263486,-0.9210968,0.2568207,0.06628418,-15.4113,34.83003,-38.77162,262.1429,261.4319,26,-0.3235906,-0.2334642,0.03084367,0.5973961,-1.604015,-0.2040443,-0.3606727,0.02834093,-0.004599729,-0.1496421,-0.0541328,-0.2740857,3
2014-02-24 18:38:07.084,284,28.4,43.60597,3.913234,21.1521,3.698226,1.382887,9.5,5,1393263486,-0.9889069,0.1270752,-0.01643372,-16.0691,35.15627,-38.20269,262.1199,261.4089,26,-0.344658,0.09481599,-0.0007171893,0.5910103,-1.609836,-0.2040387,-0.3360267,-0.2431976,0.03230715,-0.008962469,0.08306438,-0.1884582,3
2014-02-24 18:38:07.282,285,28.5,43.60597,3.913234,21.1521,3.698226,1.382887,9.5,5,1393263486,-0.9523468,0.2604675,-0.2169495,-16.0691,34.17754,-38.31647,261.692,260.981,26,-0.3495159,0.09697928,-0.008996691,0.5706357,-1.610913,-0.2028516,-0.3619519,0.08724593,-0.007533222,-0.03082872,-0.01294091,-0.1724618,3
2014-02-24 18:38:07.484,286,28.6,43.60597,3.913234,21.1521,3.698226,1.382887,9.5,5,1393263486,-1.001953,0.2815857,0.06417847,-15.24685,34.44941,-39.05608,261.6372,260.9262,26,-0.3211932,-0.3431922,0.05539961,0.5706357,-1.610913,-0.2028516,-0.3619519,0.08724593,-0.007533222,-0.03082872,-0.01294091,-0.1724618,3
2014-02-24 18:38:07.568,287,28.7,43.60601,3.913238,22.5296,3.901083,2.148875,9.5,5,1393263487,-1.001953,0.2815857,0.06417847,-13.27343,34.44941,-37.91822,261.6578,260.9468,26,-0.3287161,0.05084268,0.01276906,0.5575862,-1.620579,-0.2035311,-0.341152,0.04110941,0.01423252,-0.02000808,0.07471137,0.06135706,3
2014-02-24 18:38:07.679,288,28.8,43.60601,3.913238,22.5296,3.901083,2.148875,9.5,5,1393263487,-1.021317,0.1690063,-0.1097717,-13.60233,34.01442,-37.69064,261.6637,260.9527,26,-0.3420647,0.1365919,-0.02338895,0.550683,-1.618629,-0.2028358,-0.3545006,0.1268587,-0.02192549,-0.02357418,0.08013794,0.01734438,3
2014-02-24 18:38:07.765,289,28.9,43.60601,3.913238,22.5296,3.901083,2.148875,9.5,5,1393263487,-0.9491272,0.2661438,0.02685547,-14.31495,33.8513,-37.74754,261.9296,261.2186,26,-0.3332014,-0.05603477,-0.02494317,0.5440172,-1.620005,-0.2026771,-0.3456373,-0.06576797,-0.02347972,-0.04297104,-0.03228597,-0.1579537,3
2014-02-24 18:38:07.894,290,29,43.60601,3.913238,22.5296,3.901083,2.148875,9.5,5,1393263487,-1.029495,0.2738342,0.1497498,-14.91794,34.34066,-37.34928,262.1179,261.4069,26,-0.3073767,-0.3241176,0.01780669,0.5376813,-1.625784,-0.2028554,-0.3198125,-0.3338508,0.01927014,0.02888765,0.0646768,-0.02697765,3
2014-02-24 18:38:07.994,291,29.1,43.60601,3.913238,22.5296,3.901083,2.148875,9.5,5,1393263487,-1.085281,0.2599487,-0.009765625,-15.13721,36.18938,-38.032,262.1746,261.4636,26,-0.3282053,0.02770273,-0.04682849,0.5313716,-1.629772,-0.2029153,-0.3406411,0.01796961,-0.04536505,-0.05171487,0.07230856,0.09201797,3
2014-02-24 18:38:08.081,292,29.2,43.60601,3.913238,22.5296,3.901083,2.148875,9.5,5,1393263487,-1.057724,0.2667542,0.04901123,-14.36977,36.51562,-38.03201,262.1728,261.4618,26,-0.3396247,0.1298387,-0.0197801,0.5249307,-1.628734,-0.2022164,-0.3520604,0.1201056,-0.01831666,0.05065775,0.1109876,0.005164573,3
2014-02-24 18:38:08.197,293,29.3,43.60601,3.913238,22.5296,3.901083,2.148875,9.5,5,1393263487,-1.057724,0.2667542,0.04901123,-13.32825,36.02626,-37.51997,261.9733,261.2623,26,-0.3224358,-0.01942217,0.007649664,0.5185548,-1.631972,-0.2017684,-0.33237,-0.2295498,0.03455533,0.07272968,0.09325325,-0.09706739,3
2014-02-24 18:38:08.302,294,29.4,43.60601,3.913238,22.5296,3.901083,2.148875,9.5,5,1393263487,-0.9871521,0.2511902,-0.08950806,-12.72526,36.40688,-37.69064,262.0913,261.3803,26,-0.3224358,-0.01942217,0.007649664,0.5122929,-1.636307,-0.2014792,-0.3348714,-0.02915518,0.009113083,0.03157926,0.1147768,0.08919572,3
2014-02-24 18:38:08.508,295,29.5,43.60601,3.913238,22.5296,3.901083,2.148875,9.5,5,1393263487,-0.9871521,0.2511902,-0.08950806,-12.78008,35.04752,-36.38209,262.2257,261.5147,26,-0.3294938,-0.1363983,-0.01473847,0.5056505,-1.634409,-0.2001349,-0.3591674,0.2522304,-0.07246434,-0.07812533,0.1279044,0.004807337,3
2014-02-24 18:38:08.684,296,29.6,43.60605,3.91324,24.60793,4.534221,1.382054,9.5,5,1393263488,-0.9882507,0.2445526,0.09094238,-15.30166,36.3525,-35.92695,262.3225,261.6115,26,-0.3433137,0.2679188,-0.04110616,0.4928407,-1.641739,-0.1982485,-0.3383893,-0.2206702,0.01681413,0.04694719,-0.00835378,0.04981375,3
2014-02-24 18:38:08.894,297,29.7,43.60605,3.91324,24.60793,4.534221,1.382054,9.5,5,1393263488,-0.8726654,0.3190002,0.1210022,-14.69868,36.73312,-36.09763,263.2339,262.5229,26,-0.3274224,-0.1937335,0.04215038,0.4796973,-1.639129,-0.195235,-0.3480384,0.03943604,-0.04681865,0.06205617,0.1277039,-0.1230126,3
2014-02-24 18:38:08.997,298,29.8,43.60605,3.91324,24.60793,4.534221,1.382054,9.5,5,1393263488,-0.9733124,0.1789246,0.0291748,-14.80831,36.62437,-38.25957,263.1965,262.4855,26,-0.3483497,0.1117686,-0.003264503,0.4732917,-1.644249,-0.1948549,-0.3398577,-0.2034663,0.04361377,-0.1326689,0.07641064,-0.009986119,3
2014-02-24 18:38:09.081,299,29.9,43.60605,3.91324,24.60793,4.534221,1.382054,9.5,5,1393263488,-0.9877472,0.156189,0.01260376,-13.8216,35.64564,-38.48715,263.2274,262.5164,26,-0.3360853,0.07228112,0.00779667,0.4667343,-1.64528,-0.1937248,-0.360785,0.1020358,-0.001801119,0.1059078,0.1264849,0.04797931,3
2014-02-24 18:38:09.185,300,30,43.60605,3.91324,24.60793,4.534221,1.382054,9.5,5,1393263488,-1.065033,0.2125549,0.1195679,-13.32825,35.70002,-37.29239,263.2446,262.5336,26,-0.3299012,-0.1043027,0.03069533,0.4601456,-1.644688,-0.1928192,-0.3485205,0.06254839,0.009260047,0.005477309,-0.01270205,-0.04328202,3
2014-02-24 18:38:09.469,301,30.1,43.60605,3.91324,24.60793,4.534221,1.382054,9.5,5,1393263488,-1.079666,0.2348938,0.1289825,-13.93124,35.75439,-37.91822,264.2843,263.5733,26,-0.3508315,0.1298826,-0.003465039,0.4470553,-1.648986,-0.1926205,-0.3461431,0.05246069,0.02111217,-0.08652577,0.02112335,0.04290223,3
2014-02-24 18:38:09.588,302,30.2,43.60605,3.91324,24.60793,4.534221,1.382054,9.5,5,1393263488,-1.079666,0.2348938,0.1289825,-13.65715,35.15628,-37.29239,264.8044,264.0934,26,-0.3285209,-0.1848154,0.02445581,0.4335691,-1.650231,-0.1921505,-0.3409559,-0.194548,0.02591916,-0.0828855,0.07552454,-0.07769216,3
2014-02-24 18:38:09.772,303,30.3,43.6061,3.913242,25.19146,5.388102,0.9368018,9.011541,5,1393263489,-0.9975281,0.1990967,-0.01608276,-16.34319,36.95061,-37.69064,265.1647,264.4537,26,-0.3444804,0.1138877,-0.02553678,0.420087,-1.650049,-0.191215,-0.3569154,0.1041552,-0.02407344,-0.04201374,0.02915585,-0.004514712,3
2014-02-24 18:38:09.928,304,30.4,43.6061,3.913242,25.19146,5.388102,0.9368018,9.011541,5,1393263489,-1.035736,0.2790375,0.02284241,-15.35648,37.05936,-37.2355,265.4534,264.7424,26,-0.3323026,0.0009009474,0.00735645,0.4134858,-1.651349,-0.1912438,-0.3447375,-0.00883153,0.008819789,-0.01894301,0.009016512,-0.09508147,3
2014-02-24 18:38:10.270,305,30.5,43.6061,3.913242,25.19146,5.388102,0.9368018,9.011541,5,1393263489,-1.017059,0.2302094,0.08876038,-14.53422,36.78749,-38.99919,265.6877,264.9767,26,-0.3384018,0.05400838,-0.007297328,0.4068271,-1.651386,-0.1909154,-0.3508366,0.04427593,-0.005833995,-0.05709178,0.0892797,-0.05619752,3
2014-02-24 18:38:10.503,306,30.6,43.6061,3.913242,25.19146,5.388102,0.9368018,9.011541,5,1393263489,-1.089478,0.2670746,-0.005981445,-15.35648,37.05937,-38.60094,265.8994,265.1884,26,-0.3347428,0.05746489,-0.003776629,0.4003142,-1.652547,-0.1908043,-0.3471777,0.04773249,-0.002313303,-0.03848642,0.04056071,0.00858268,3
2014-02-24 18:38:10.685,307,30.7,43.60616,3.913245,26.07642,5.441488,2.38396,9,10,1393263490,-1.06221,0.3180389,-0.04698181,-15.02758,35.75439,-37.00792,266.0188,265.3078,26,-0.3309278,-0.0003619236,-0.01021455,0.3873361,-1.654188,-0.1896116,-0.3434963,-0.01009811,-0.00881521,0.02802687,0.1357718,-0.02613848,3
2014-02-24 18:38:10.803,308,30.8,43.60616,3.913245,26.07642,5.441488,2.38396,9,10,1393263490,-1.06221,0.3180389,-0.04698181,-16.45282,35.42814,-37.34928,266.0257,265.3147,26,-0.3187056,-0.08622277,0.01302978,0.3807842,-1.652926,-0.1884894,-0.3633256,0.195922,-0.02274701,0.04237763,0.08679465,-0.007799918,3
2014-02-24 18:38:11.016,309,30.9,43.60616,3.913245,26.07642,5.441488,2.38396,9,10,1393263490,-0.9454651,0.2254028,0.06037903,-16.01429,36.62437,-37.69064,266.0296,265.3186,26,-0.3160898,-0.0557895,-0.01070378,0.36801,-1.65539,-0.1869613,-0.3446954,0.08608606,-0.02736175,-0.0002033324,0.1072931,-0.0001349016,3
2014-02-24 18:38:11.152,310,31,43.60616,3.913245,26.07642,5.441488,2.38396,9,10,1393263490,-0.9459839,0.3069305,0.02075195,-15.95947,36.89624,-37.74754,266.0528,265.3418,26,-0.3407682,0.2440822,-0.04788763,0.3616922,-1.65665,-0.1860433,-0.328658,-0.06552553,-0.009304455,0.03365911,0.04043088,-0.02388951,3
2014-02-24 18:38:11.269,311,31.1,43.60616,3.913245,26.07642,5.441488,2.38396,9,10,1393263490,-0.9910126,0.3048553,0.004638672,-15.30166,37.22248,-38.20268,266.0742,265.3632,26,-0.3136961,-0.1541938,0.01256826,0.3552767,-1.655607,-0.184967,-0.3533365,0.2343462,-0.04648831,0.07921707,0.06288154,0.03892795,3
2014-02-24 18:38:11.466,312,31.2,43.60616,3.913245,26.07642,5.441488,2.38396,9,10,1393263490,-0.9185181,0.2786713,0.05737305,-15.08239,37.98372,-37.97511,266.0901,265.3791,26,-0.3207474,0.0367431,-0.05740284,0.3490011,-1.657089,-0.1839402,-0.3262643,-0.1639298,0.01396757,0.03991257,-0.008283088,-0.1301878,3
2014-02-24 18:38:11.555,313,31.3,43.60616,3.913245,26.07642,5.441488,2.38396,9,10,1393263490,-0.9631195,0.1863251,-0.01754761,-15.02758,37.6031,-37.57685,266.13,265.419,26,-0.3266623,0.1440083,-0.1030846,0.3427725,-1.659397,-0.1828309,-0.3333155,0.02700718,-0.05600353,-0.05485641,0.09684202,0.02263985,3
2014-02-24 18:38:11.669,314,31.4,43.60622,3.91325,25.63447,5.332124,4.11847,9,10,1393263491,-0.9362183,0.2318268,0.008743286,-15.79502,37.38561,-36.89413,266.1703,265.4593,26,-0.3230409,-0.009853963,-0.07104728,0.3301643,-1.658646,-0.1790258,-0.3356089,-0.01958982,-0.06964798,0.01710347,0.008254048,-0.103882,3
2014-02-24 18:38:11.768,315,31.5,43.60622,3.91325,25.63447,5.332124,4.11847,9,10,1393263491,-0.9589844,0.2925568,0.05874634,-15.90465,36.51562,-35.87005,266.1927,265.4817,26,-0.3167926,-0.04386173,-0.07769426,0.323983,-1.660143,-0.1772503,-0.3293605,-0.05359755,-0.07629497,0.04418775,0.05550313,-0.07908618,3
2014-02-24 18:38:11.870,316,31.6,43.60622,3.91325,25.63447,5.332124,4.11847,9,10,1393263491,-0.9353943,0.1968384,0.004135132,-15.24685,37.05936,-36.78035,266.2213,265.5103,26,-0.3317737,0.1271745,-0.0771611,0.3177306,-1.660479,-0.1757389,-0.3443416,0.1174387,-0.07576181,0.02165634,0.117721,-0.02943677,3
2014-02-24 18:38:11.996,317,31.7,43.60622,3.91325,25.63447,5.332124,4.11847,9,10,1393263491,-0.984726,0.2029419,0.004501343,-15.68538,37.49435,-37.12171,266.2712,265.5602,26,-0.3257355,0.1024284,-0.05926466,0.3114817,-1.661433,-0.1742176,-0.326012,-0.0690827,-0.03153337,0.002716292,0.003496508,-0.08633464,3
2014-02-24 18:38:12.096,318,31.8,43.60622,3.91325,25.63447,5.332124,4.11847,9,10,1393263491,-0.9903717,0.1822357,0.01823425,-14.97276,37.11374,-38.54404,268.1512,267.4402,26,-0.2963768,0.01226066,-0.02408297,0.3053277,-1.662469,-0.1731736,-0.3383033,0.09269266,-0.05786538,-0.1128739,0.03656821,-0.01482747,3
2014-02-24 18:38:12.186,319,31.9,43.60622,3.91325,25.63447,5.332124,4.11847,9,10,1393263491,-0.9910126,0.184845,0.1020813,-15.19203,38.52746,-39.34055,268.1694,267.4584,26,-0.2953789,-0.05768939,0.0153217,0.2991939,-1.662139,-0.1720973,-0.3089446,0.002524992,-0.0226837,-0.1081892,-0.04100002,-0.114313,3
2014-02-24 18:38:12.481,320,32,43.60622,3.91325,25.63447,5.332124,4.11847,9,10,1393263491,-1.070145,0.153183,0.03312683,-15.30166,37.22248,-38.20268,268.4625,267.7515,26,-0.2891698,0.007961254,-0.001683118,0.2874794,-1.664739,-0.1704505,-0.3127802,0.1033909,-0.02018566,-0.009849561,0.01521865,0.009636412,3
2014-02-24 18:38:12.567,321,32.1,43.60622,3.91325,25.63447,5.332124,4.11847,9,10,1393263491,-1.047867,0.1856842,0.04290771,-14.86313,37.65748,-38.77162,268.6989,267.9879,26,-0.2803169,-0.03522377,-0.02463824,0.2817239,-1.665231,-0.1695526,-0.3017374,-0.001774306,-0.0002838636,-0.057916,-0.05414785,-0.05720661,3
2014-02-24 18:38:12.696,322,32.2,43.60627,3.913258,24.84746,4.913811,4.713193,9,5,1393263492,-1.046951,0.1027985,0.034729,-15.24685,36.95062,-37.57685,268.7297,268.0187,26,-0.2852251,0.07679811,-0.04337517,0.2760322,-1.666369,-0.1683993,-0.2928845,-0.04495929,-0.02323898,-0.0887894,-0.01442152,-0.06095082,3
2014-02-24 18:38:12.786,323,32.3,43.60627,3.913258,24.84746,4.913811,4.713193,9,5,1393263492,-1.046951,0.1027985,0.034729,-15.57575,37.38561,-37.91821,268.7815,268.0705,26,-0.2763877,-0.05240835,-0.05141419,0.2649315,-1.667708,-0.1660527,-0.2889552,-0.06214381,-0.05001495,-0.08713891,-0.008643917,-0.1295781,3
2014-02-24 18:38:12.887,324,32.4,43.60627,3.913258,24.84746,4.913811,4.713193,9,5,1393263492,-1.071533,0.1233215,0.03822327,-16.17874,37.87498,-38.43026,268.8195,268.1086,26,-0.2777184,0.034848,-0.05227865,0.2595723,-1.669407,-0.1651211,-0.2902859,0.02511258,-0.05087942,-0.04498961,0.05483602,-0.04153919,3
2014-02-24 18:38:13.084,325,32.5,43.60627,3.913258,24.84746,4.913811,4.713193,9,5,1393263492,-1.1026,0.06541443,0.07337952,-15.7402,37.65748,-38.43026,268.8551,268.1441,26,-0.2657012,-0.02930303,-0.006959106,0.2489681,-1.670216,-0.1630632,-0.28556,-0.03578879,-0.01739257,-0.1401625,-0.05424828,-0.1128622,3
2014-02-24 18:38:13.180,326,32.6,43.60627,3.913258,24.84746,4.913811,4.713193,9,5,1393263492,-1.106125,0.1206055,-0.03140259,-15.63057,37.43999,-38.43026,268.872,268.161,26,-0.2870046,0.1656244,0.01087662,0.2437994,-1.672214,-0.1623453,-0.2782685,-0.03903833,-0.005559889,-0.12082,-0.09621873,-0.0265328,3
2014-02-24 18:38:13.334,327,32.7,43.60627,3.913258,24.84746,4.913811,4.713193,9,5,1393263492,-0.9848785,0.06254578,0.04257202,-15.02758,38.03809,-39.05608,268.9583,268.2473,26,-0.2525287,-0.1850681,0.06155444,0.2384423,-1.671299,-0.1617715,-0.2995719,0.1558891,0.01227583,0.005599116,0.009175471,-0.03762209,3
2014-02-24 18:38:13.510,328,32.8,43.60627,3.913258,24.84746,4.913811,4.713193,9,5,1393263492,-0.9017944,0.130249,0.004989624,-14.86313,37.43998,-38.43026,269.0066,268.2956,26,-0.2476695,0.06747944,0.03098189,0.2333397,-1.673682,-0.1614677,-0.2650959,-0.1948034,0.06295365,-0.014992,-0.0717777,-0.1644327,3
2014-02-24 18:38:13.698,329,32.9,43.60627,3.913258,24.84746,4.913811,4.713193,9,5,1393263492,-0.7145996,0.01832581,0.007019043,-14.91795,36.95062,-37.69064,269.0661,268.3551,26,-0.2434249,0.08629175,0.1117835,0.223352,-1.677039,-0.1623515,-0.2382,-0.1593297,0.0792892,0.007759572,-0.1933165,-0.09148052,3
2014-02-24 18:38:13.895,330,33,43.60631,3.913265,25.24043,3.771,5.365668,9,5,1393263493,-0.8932343,0.02902222,0.1072845,-16.28837,37.11374,-37.51997,269.1238,268.4128,26,-0.2501462,0.0856675,0.1821112,0.2034487,-1.681542,-0.1695952,-0.2627131,0.07593248,0.1835104,0.07711866,-0.07393477,-0.03344879,3
2014-02-24 18:38:14.004,331,33.1,43.60631,3.913265,25.24043,3.771,5.365668,9,5,1393263493,-0.9974213,0.2702332,0.02627563,-16.0691,37.00499,-37.63375,269.1584,268.4474,26,-0.2210059,-0.124363,0.1105356,0.1987289,-1.683695,-0.1713032,-0.2335728,-0.1340979,0.1119347,-0.07690945,0.08380584,-0.1281765,3
2014-02-24 18:38:14.216,332,33.2,43.60631,3.913265,25.24043,3.771,5.365668,9,5,1393263493,-1.110718,0.2257233,0.004806519,-14.97276,36.89624,-38.54404,269.3139,268.6029,26,-0.2311933,0.04230804,0.1275806,0.1892706,-1.684113,-0.1735032,-0.24376,0.03257314,0.1289798,-0.106521,0.1155435,-0.08136299,3
2014-02-24 18:38:14.494,333,33.3,43.60631,3.913265,25.24043,3.771,5.365668,9,5,1393263493,-1.026489,0.3440399,0.07122803,-16.0691,37.33124,-39.34055,270.5392,269.8282,26,-0.2064245,0.07169709,-0.04843411,0.1804654,-1.685546,-0.1733129,-0.2105024,-0.09407289,-0.00789102,-0.1321769,0.05327669,-0.107976,3
2014-02-24 18:38:14.598,334,33.4,43.60631,3.913265,25.24043,3.771,5.365668,9,5,1393263493,-1.049362,0.261322,0.01599121,-15.90465,36.84187,-37.91822,270.5432,269.8322,26,-0.2075644,0.001412008,-0.04893212,0.1763812,-1.686319,-0.1726642,-0.2189912,0.06196229,-0.04703497,-0.04792498,0.1722323,-0.04232421,3
2014-02-24 18:38:14.681,335,33.5,43.60631,3.913265,25.24043,3.771,5.365668,9,5,1393263493,-1.106232,0.2593231,-0.02558899,-14.97276,36.46125,-37.86132,270.5471,269.8361,26,-0.2015121,0.1623088,-0.06100237,0.1722672,-1.68595,-0.1713135,-0.220131,-0.008322773,-0.04753298,-0.1123049,0.05822195,-0.04771096,3
2014-02-24 18:38:14.812,336,33.6,43.60634,3.913271,24.62834,3.140648,6.51023,9,5,1393263494,-1.183899,0.2252655,-0.007736206,-15.35648,37.8206,-38.032,270.5717,269.8607,26,-0.1989749,-0.02793177,-0.04152454,0.1685259,-1.686257,-0.1700468,-0.2140786,0.152574,-0.05960323,-0.1576278,0.06766427,-0.02426387,3
2014-02-24 18:38:15.016,337,33.7,43.60634,3.913271,24.62834,3.140648,6.51023,9,5,1393263494,-1.129364,0.06858826,0.01550293,-15.95947,37.54873,-37.97511,270.602,269.891,26,-0.1739334,0.1076831,-0.1153404,0.1612889,-1.688051,-0.1662886,-0.1891452,-0.07169869,-0.06538683,-0.165738,0.002720151,-0.02664247,3
2014-02-24 18:38:15.198,338,33.8,43.60634,3.913271,24.62834,3.140648,6.51023,9,5,1393263494,-1.120178,0.01748657,0.0111084,-15.79502,37.8206,-38.82851,270.6308,269.9198,26,-0.1566027,0.1156392,-0.1293287,0.1549312,-1.688015,-0.1617918,-0.1704489,-0.0491483,-0.09827395,-0.1491965,-0.09249859,-0.09992065,3
2014-02-24 18:38:15.485,339,33.9,43.60634,3.913271,24.62834,3.140648,6.51023,9,5,1393263494,-1.043015,0.0003509521,0.0872345,-14.75349,38.20122,-38.20268,270.6821,269.9711,26,-0.1405515,-0.08126876,-0.1061368,0.1464594,-1.688632,-0.1544731,-0.1531177,-0.09100324,-0.1047377,-0.04970412,-0.09139,-0.08970468,3
2014-02-24 18:38:15.669,340,34,43.60634,3.913271,24.62834,3.140648,6.51023,9,5,1393263494,-0.8092804,-0.08760071,-0.03912354,-13.87642,38.30997,-38.31647,270.7062,269.9952,26,-0.1382189,0.1950971,-0.1322739,0.1413064,-1.685891,-0.1496949,-0.150785,0.1853626,-0.1308748,0.002507648,-0.14433,-0.04219138,3
2014-02-24 18:38:15.769,341,34.1,43.60634,3.913271,24.62834,3.140648,6.51023,9,5,1393263494,-0.8261261,-0.0337677,0.04222107,-14.69867,37.71185,-38.14579,270.7201,270.0091,26,-0.1328563,-0.07577705,0.006501575,0.1385728,-1.686029,-0.1478453,-0.1454224,-0.08551142,0.007900659,0.1732507,-0.2349079,-0.1528475,3
2014-02-24 18:38:15.868,342,34.2,43.60637,3.913274,22.86172,2.408064,7.261864,9,5,1393263495,-1.093872,-0.02531433,-0.1696472,-15.35648,37.71185,-37.46307,270.7246,270.0136,26,-0.1369142,0.1554122,-0.1353932,0.1360973,-1.686143,-0.1463719,-0.1494802,0.1456779,-0.1339942,0.1566067,-0.1796174,-0.07163934,3
2014-02-24 18:38:15.972,343,34.3,43.60637,3.913274,22.86172,2.408064,7.261864,9,5,1393263495,-0.876358,-0.0657959,0.150116,-14.42459,38.30997,-37.29239,270.7432,270.0322,26,-0.1009612,-0.1490185,0.02981169,0.1330322,-1.684356,-0.1457195,-0.1478868,-0.07420675,0.006593301,-0.1108431,-0.1705187,-0.2817623,3
2014-02-24 18:38:16.070,344,34.4,43.60637,3.913274,22.86172,2.408064,7.261864,9,5,1393263495,-1.072571,-0.06109619,-0.08428955,-14.58904,38.58184,-36.3252,270.7511,270.0401,26,-0.1362407,0.1525693,-0.06614573,0.1310247,-1.6898,-0.1452205,-0.1135272,-0.1587528,0.03121076,0.05318513,-0.2135277,-0.1395679,3
2014-02-24 18:38:16.196,345,34.5,43.60637,3.913274,22.86172,2.408064,7.261864,9,5,1393263495,-1.04277,-0.03019714,0.003585815,-13.93124,39.45182,-38.71472,270.7827,270.0717,26,-0.1223323,-0.1260967,0.08217263,0.1281283,-1.68744,-0.1447913,-0.1489313,0.1428312,-0.06480537,-0.02188777,-0.0005175863,-0.07924273,3
2014-02-24 18:38:16.282,346,34.6,43.60637,3.913274,22.86172,2.408064,7.261864,9,5,1393263495,-1.10022,0.08837891,-0.05352783,-12.94453,39.12558,-38.14579,270.8045,270.0935,26,-0.1107326,0.01951112,-0.004773716,0.125587,-1.68968,-0.1449985,-0.1350229,-0.1358347,0.08351298,0.005196443,-0.2143609,-0.156574,3
2014-02-24 18:38:16.468,347,34.7,43.60637,3.913274,22.86172,2.408064,7.261864,9,5,1393263495,-0.9997711,0.09492493,0.05874634,-12.67045,38.63622,-37.40617,270.8221,270.1111,26,-0.08102241,-0.1864697,0.004560663,0.1232843,-1.690259,-0.1445163,-0.1234232,0.009773085,-0.003433367,-0.06024756,-0.174211,-0.1143503,3
2014-02-24 18:38:16.593,348,34.8,43.60637,3.913274,22.86172,2.408064,7.261864,9,5,1393263495,-0.9905243,0.01741028,-0.01078796,-13.54752,38.09247,-37.86132,270.8401,270.1291,26,-0.09148092,0.04272962,0.04562767,0.1211146,-1.692877,-0.1450937,-0.09371294,-0.1962077,0.005901007,-0.1180918,-0.05620623,-0.1740259,3
2014-02-24 18:38:16.691,349,34.9,43.60637,3.913274,22.86172,2.408064,7.261864,9,5,1393263495,-0.9905243,0.01741028,-0.01078796,-13.54752,38.63621,-38.54404,270.8463,270.1353,26,-0.07168803,-0.1236327,0.05799992,0.1173396,-1.695763,-0.1461935,-0.08437846,-0.1333706,0.05934025,-0.008906488,-0.1282631,-0.1340996,3
2014-02-24 18:38:16.797,350,35,43.60637,3.913274,22.86172,2.408064,7.261864,9,5,1393263495,-1.083176,0.04212952,-0.04811096,-14.58904,39.66932,-36.66656,270.8652,270.1542,26,-0.0620205,-0.1030081,0.07666095,0.1157283,-1.698985,-0.1473917,-0.07471088,-0.112746,0.07800128,-0.04341836,-0.0586323,-0.1030453,3
2014-02-24 18:38:16.899,351,35.1,43.60639,3.913279,20.80727,2.200017,9.306764,9,10,1393263496,-1.083176,0.04212952,-0.04811096,-13.71197,42.06177,-37.91822,271.1474,270.4364,26,-0.03697852,-0.2730483,0.04923332,0.1141216,-1.698761,-0.1482949,-0.07735747,0.09797824,0.06888048,0.01519392,-0.03201406,-0.1189209,3
2014-02-24 18:38:16.993,352,35.2,43.60639,3.913279,20.80727,2.200017,9.306764,9,10,1393263496,-1.028839,0.08087158,0.09655762,-13.38307,41.30054,-38.032,271.1633,270.4523,26,-0.03697852,-0.2730483,0.04923332,0.1128283,-1.701062,-0.1488144,-0.0496688,-0.2827861,0.05057364,-0.01787494,-0.08982459,-0.1425606,3
2014-02-24 18:38:17.093,353,35.3,43.60639,3.913279,20.80727,2.200017,9.306764,9,10,1393263496,-1.028839,0.08087158,0.09655762,-13.10898,41.02866,-38.54404,271.1664,270.4554,26,-0.07015565,0.1172094,-0.01589534,0.1118716,-1.705507,-0.1498833,-0.05200543,-0.06896833,0.00271344,-0.1368842,-0.05911278,0.01437287,3
2014-02-24 18:38:17.192,354,35.4,43.60639,3.913279,20.80727,2.200017,9.306764,9,10,1393263496,-1.042786,0.1044922,0.007461548,-12.8349,40.86555,-38.14579,271.1624,270.4514,26,-0.04919977,-0.01511584,-0.0003254383,0.1104347,-1.703785,-0.149795,-0.08284584,0.1074717,-0.01455503,-0.0487685,-0.06836385,-0.0345545,3
2014-02-24 18:38:17.282,355,35.5,43.60639,3.913279,20.80727,2.200017,9.306764,9,10,1393263496,-1.100418,0.07492065,0.01676941,-12.61563,41.73553,-38.03201,271.1588,270.4478,26,-0.05752481,-0.09244445,-0.0242859,0.1091824,-1.704056,-0.1496217,-0.06188993,-0.02485354,0.001014867,-0.0912131,-0.077714,-0.1064479,3
2014-02-24 18:38:17.487,356,35.6,43.60639,3.913279,20.80727,2.200017,9.306764,9,10,1393263496,-1.078812,0.1130066,0.1074371,-13.32825,40.91992,-37.51996,271.1662,270.4552,26,-0.06392252,0.02208533,-0.01138768,0.1078824,-1.70517,-0.1491787,-0.07021493,-0.1021821,-0.0229456,-0.04086441,-0.04347764,-0.1052749,3
2014-02-24 18:38:17.585,357,35.7,43.60639,3.913279,20.80727,2.200017,9.306764,9,10,1393263496,-1.104233,-0.01397705,-0.01283264,-14.42459,40.37617,-36.38209,271.173,270.462,26,-0.08196917,0.09512572,-0.07327581,0.1066361,-1.707183,-0.1486997,-0.07661258,0.0123477,-0.01004738,-0.07061893,-0.1023912,0.004040724,3
2014-02-24 18:38:17.687,358,35.8,43.60639,3.913279,20.80727,2.200017,9.306764,9,10,1393263496,-1.048965,0.02574158,-0.005691528,-15.79502,41.30054,-36.78035,271.1832,270.4722,26,-0.06598328,-0.01228649,-0.05565021,0.1050351,-1.704852,-0.1472053,-0.09465918,0.08538813,-0.07193553,0.01497791,-0.04598152,-0.1345431,3
2014-02-24 18:38:17.887,359,35.9,43.60641,3.913284,21.22619,2.129387,10.61242,9,5,1393263497,-1.037582,0.06124878,-0.02333069,-14.04087,41.73552,-37.69064,271.1866,270.4756,26,-0.0710803,0.1485985,-0.05844227,0.1025107,-1.706758,-0.1452428,-0.06895931,-0.09880001,-0.02648576,-0.06862604,-0.1189911,-0.1398074,3
2014-02-24 18:38:18.085,360,36,43.60641,3.913284,21.22619,2.129387,10.61242,9,5,1393263497,-1.105927,-0.08451843,0.02081299,-12.94453,40.21305,-36.3252,271.188,270.4771,26,-0.04518585,0.03440751,-0.04769428,0.09992744,-1.706287,-0.1434775,-0.05554113,-0.1212219,-0.008541659,-0.05692825,-0.081737,-0.1570188,3
2014-02-24 18:38:18.184,361,36.1,43.60641,3.913284,21.22619,2.129387,10.61242,9,5,1393263497,-1.105927,-0.08451843,0.02081299,-12.94453,40.5393,-36.43899,271.1904,270.4794,26,-0.03656227,-0.08213775,-0.0312237,0.09802623,-1.708045,-0.1420022,-0.049252,-0.09187512,-0.02988344,-0.04626056,-0.1562807,-0.1542095,3
2014-02-24 18:38:18.352,362,36.2,43.60641,3.913284,21.22619,2.129387,10.61242,9,5,1393263497,-1.044205,0.02879333,0.01971436,-12.23191,40.91992,-38.20268,271.2015,270.4905,26,-0.05281555,0.09232593,-0.02604385,0.09802623,-1.708045,-0.1420022,-0.049252,-0.09187512,-0.02988344,-0.04626056,-0.1562807,-0.1542095,3
2014-02-24 18:38:18.511,363,36.3,43.60641,3.913284,21.22619,2.129387,10.61242,9,5,1393263497,-1.044205,0.02879333,0.01971436,-12.67044,40.48493,-36.49588,271.2092,270.4982,26,-0.01110858,-0.1268429,0.02341957,0.09633693,-1.709031,-0.1411509,-0.02379822,-0.1365802,0.02475982,-0.06864496,-0.1761594,-0.1942857,3
2014-02-24 18:38:18.689,364,36.4,43.60641,3.913284,21.22619,2.129387,10.61242,9,5,1393263497,-0.9897766,-0.01750183,-0.005661011,-13.4927,39.77806,-35.87005,271.2284,270.5174,26,-0.01485351,-0.1381398,0.03170573,0.09514979,-1.713426,-0.141354,-0.02754304,-0.147877,0.03304597,-0.03173047,-0.1326745,-0.1097537,3
2014-02-24 18:38:18.900,365,36.5,43.60642,3.91329,20.60141,2.325775,11.18445,9,5,1393263498,-1.059235,-0.03134155,0.0687561,-12.45117,41.13742,-37.97511,271.1323,270.4213,26,-0.01225747,-0.1563654,0.01783146,0.09369861,-1.714043,-0.1411451,-0.02494691,-0.1661025,0.01917169,-0.05841498,-0.1636108,-0.222591,3
2014-02-24 18:38:19.111,366,36.6,43.60642,3.91329,20.60141,2.325775,11.18445,9,5,1393263498,-1.031433,-0.05218506,0.03216553,-12.06746,41.40928,-38.25957,271.046,270.335,26,-0.03087003,-0.03749065,0.01883867,0.09244765,-1.719524,-0.1420819,-0.03374961,-0.07541967,0.02875986,-0.03444796,-0.09846775,-0.1189308,3
2014-02-24 18:38:19.271,367,36.7,43.60642,3.91329,20.60141,2.325775,11.18445,9,5,1393263498,-0.9700623,0.01858521,0.07427979,-12.45118,40.91992,-38.31647,270.8541,270.1431,26,-0.02741884,-0.03496331,0.04817472,0.09104763,-1.722864,-0.1429928,-0.02632516,-0.1693637,0.03795974,-0.05081832,-0.1481365,-0.1570923,3
2014-02-24 18:38:19.478,368,36.8,43.60642,3.91329,20.60141,2.325775,11.18445,9,5,1393263498,-1.012833,-0.03651428,0.04980469,-13.54752,39.17995,-37.63374,270.7446,270.0336,26,-0.01513048,-0.1118317,0.06194726,0.09029512,-1.724833,-0.1437226,-0.04010803,-0.04470027,0.04951492,0.007909353,-0.1246431,-0.07756609,3
2014-02-24 18:38:19.567,369,36.9,43.60642,3.91329,20.60141,2.325775,11.18445,9,5,1393263498,-1.004623,0.04119873,0.06591797,-12.88971,40.37618,-37.97511,270.7663,270.0553,26,-0.01118554,-0.1177115,0.03154168,0.08964588,-1.726712,-0.1444567,-0.02781963,-0.1215687,0.06328745,-0.03525235,-0.1804691,-0.1038631,3
2014-02-24 18:38:19.668,370,37,43.60645,3.913295,20.02241,2.468843,10.51444,9,5,1393263499,-0.9959106,-0.03672791,0.07147217,-12.78008,40.48492,-38.77162,270.9139,270.2029,26,-0.01628177,-0.01569401,0.03753566,0.08906535,-1.729073,-0.1452281,-0.02387465,-0.1274484,0.03288187,-0.01311423,-0.07391735,-0.09301487,3
2014-02-24 18:38:19.791,371,37.1,43.60645,3.913295,20.02241,2.468843,10.51444,9,5,1393263499,-0.9365082,0.05838013,0.02954102,-13.16379,41.40929,-39.39745,270.7059,269.9949,26,-0.001518534,-0.02237002,0.03891571,0.08850696,-1.730945,-0.1460251,-0.02897083,-0.02543087,0.03887584,-0.04353607,-0.0907276,-0.05799041,3
2014-02-24 18:38:19.881,372,37.2,43.60645,3.913295,20.02241,2.468843,10.51444,9,5,1393263499,-0.9458466,0.0413208,0.1251221,-12.67044,40.59368,-40.70599,270.5366,269.8256,26,0.01063453,-0.1387286,0.07536133,0.08807318,-1.730727,-0.1465232,-0.01420754,-0.03210684,0.04025589,0.008794777,-0.2125736,-0.1245384,3
2014-02-24 18:38:19.984,373,37.3,43.60645,3.913295,20.02241,2.468843,10.51444,9,5,1393263499,-1.023834,0.01933289,0.1507111,-12.45118,39.94119,-39.34055,270.3093,269.5983,26,0.009498697,-0.09694439,0.05734585,0.0877504,-1.733035,-0.1476526,-0.002054445,-0.1484654,0.07670151,0.03962195,-0.08873656,-0.1302296,3
2014-02-24 18:38:20.085,374,37.4,43.60645,3.913295,20.02241,2.468843,10.51444,9,5,1393263499,-0.951355,-0.04101562,0.03105164,-12.23191,39.94118,-39.11298,270.3144,269.6034,26,0.004732171,0.1066356,0.007216102,0.08749712,-1.735637,-0.1484363,-0.003190224,-0.1066811,0.05868602,0.0297505,-0.106571,-0.03716905,3
2014-02-24 18:38:20.282,375,37.5,43.60645,3.913295,20.02241,2.468843,10.51444,9,5,1393263499,-0.9454346,0.1043854,0.154892,-12.28673,39.01683,-38.9423,270.8536,270.1426,26,0.01825118,-0.01210993,0.0272745,0.0871015,-1.737007,-0.1497208,0.005562443,-0.02184653,0.02861465,-0.009357192,-0.1396101,-0.001623805,3
2014-02-24 18:38:20.490,376,37.6,43.60645,3.913295,20.02241,2.468843,10.51444,9,5,1393263499,-0.9881897,-0.02488708,0.08024597,-13.32825,38.41872,-37.74754,270.8881,270.1771,26,0.007399859,0.1166414,-0.01983709,0.08702229,-1.735359,-0.1495833,-0.005288813,0.1069048,-0.01849694,-0.006291499,-0.108102,-0.06361801,3
2014-02-24 18:38:20.592,377,37.7,43.60645,3.913295,20.02241,2.468843,10.51444,9,5,1393263499,-0.9506378,0.007095337,0.06289673,-15.02758,38.14685,-37.46307,270.8585,270.1475,26,0.0001765676,0.06095816,-0.03109427,0.08696162,-1.734046,-0.1493415,-0.01251208,0.05122161,-0.02975412,-0.01246813,-0.1736741,-0.08047068,3
2014-02-24 18:38:20.699,378,37.8,43.60646,3.913299,18.15383,2.637244,9.099015,9,5,1393263500,-0.9455719,0.02740479,0.1320648,-14.36977,38.25559,-37.80444,270.7341,270.0231,26,0.01725915,-0.004427772,-0.003310576,0.08714989,-1.733589,-0.1488578,0.004570557,-0.01416427,-0.001970437,0.02522803,-0.1412133,-0.0973855,3
2014-02-24 18:38:20.787,379,37.9,43.60646,3.913299,18.15383,2.637244,9.099015,9,5,1393263500,-0.9432373,0.0738678,0.08100891,-13.60233,36.95061,-37.2355,270.7816,270.0706,26,0.009777264,0.04881841,0.0007901599,0.08726561,-1.733778,-0.148828,-0.002911268,0.03908195,0.002130293,0.03026808,-0.1208744,-0.02840205,3
2014-02-24 18:38:20.982,380,38,43.60646,3.913299,18.15383,2.637244,9.099015,9,5,1393263500,-0.9936829,-0.0799408,0.03474426,-13.4927,37.16811,-37.46307,270.7106,269.9996,26,0.01235867,0.06796493,-0.01696833,0.08742127,-1.730831,-0.1481622,-0.0003297827,0.05822854,-0.01562821,-0.01721607,-0.1983562,-0.08308294,3
2014-02-24 18:38:21.130,381,38.1,43.60646,3.913299,18.15383,2.637244,9.099015,9,5,1393263500,-0.9634705,-0.05531311,0.08758545,-14.1505,36.51562,-38.03201,270.5731,269.8621,26,0.01360236,0.1551297,-0.03188443,0.08746158,-1.728227,-0.1477591,0.000913972,0.1453933,-0.03054431,0.0243874,-0.1480765,-0.09019281,3
2014-02-24 18:38:21.235,382,38.2,43.60646,3.913299,18.15383,2.637244,9.099015,9,5,1393263500,-0.9634705,-0.05531311,0.08758545,-14.64386,36.02626,-38.9992,270.4917,269.7807,26,0.03062582,0.009425992,0.01545193,0.0876008,-1.726913,-0.1477509,0.01048489,0.04385049,0.01863575,-0.0007838618,-0.1716432,-0.1182825,3
2014-02-24 18:38:21.384,383,38.3,43.60646,3.913299,18.15383,2.637244,9.099015,9,5,1393263500,-0.9492645,0.02326965,0.1008301,-13.71197,36.18938,-38.37336,270.4612,269.7502,26,0.0124327,0.2263807,-0.05018754,0.08775847,-1.726794,-0.1478516,0.01793751,-0.0003102896,0.01679204,0.01360894,-0.2026267,-0.06608487,3
2014-02-24 18:38:21.529,384,38.4,43.60646,3.913299,18.15383,2.637244,9.099015,9,5,1393263500,-1.017303,-0.02915955,-0.05072021,-13.98605,37.22248,-38.31647,270.4684,269.7574,26,0.02727716,0.1324568,-0.04560903,0.08793309,-1.724369,-0.1475503,-0.0002555581,0.2166444,-0.04884743,0.02822847,-0.1237458,-0.05047722,3
2014-02-24 18:38:21.700,385,38.5,43.60649,3.913304,17.94646,2.545371,9.726151,9,5,1393263501,-1.055679,-0.05345154,0.05918884,-15.30166,37.76623,-38.99919,270.435,269.724,26,0.03926298,0.0626759,0.004457333,0.08848827,-1.720471,-0.147337,0.02654792,-0.0228818,0.02061419,-0.04514807,-0.2286069,-0.1852051,3
2014-02-24 18:38:21.883,386,38.6,43.60649,3.913304,17.94646,2.545371,9.726151,9,5,1393263501,-0.9846649,0.01065063,0.03613281,-14.4794,37.49436,-39.28366,270.4326,269.7216,26,0.03585733,-0.01234721,-0.01947809,0.08921678,-1.717932,-0.1474176,0.009344597,0.1138158,-0.01848057,-0.04692461,-0.1016572,-0.1398268,3
2014-02-24 18:38:22.099,387,38.7,43.60649,3.913304,17.94646,2.545371,9.726151,9,5,1393263501,-1.035309,-0.02194214,0.06211853,-13.93123,36.84187,-38.82851,270.4509,269.7399,26,0.06047906,-0.05631893,-0.01411981,0.09005776,-1.716477,-0.1470428,0.01912621,0.1014998,-0.00888148,-0.00593461,-0.1358629,-0.1074665,3
2014-02-24 18:38:22.188,388,38.8,43.60649,3.913304,17.94646,2.545371,9.726151,9,5,1393263501,-1.035309,-0.02194214,0.06211853,-15.30166,36.89624,-38.54404,270.2874,269.5764,26,0.04073039,-0.01112935,-0.01357786,0.09133323,-1.716852,-0.1465984,0.02791818,-0.02086945,-0.01229539,0.02010733,-0.1251999,-0.1300291,3
2014-02-24 18:38:22.477,389,38.9,43.60649,3.913304,17.94646,2.545371,9.726151,9,5,1393263501,-1.075424,-0.1001892,0.01737976,-15.68539,37.27686,-38.60094,270.5102,269.7992,26,0.05922417,-0.07668199,-0.00806778,0.0937665,-1.715505,-0.1456065,0.04641214,-0.08642196,-0.00678533,-0.0158422,-0.1945615,-0.1715481,3
2014-02-24 18:38:22.575,390,39,43.60652,3.913307,17.83037,2.862873,9.30158,9,5,1393263502,-0.9686584,-0.03649902,0.04934692,-16.0691,37.54873,-38.43026,270.6102,269.8992,26,0.06816015,-0.08485471,-0.04661491,0.09475671,-1.717368,-0.1454119,0.05534815,-0.09459464,-0.04533246,-0.09658714,-0.2450892,-0.1271264,3
2014-02-24 18:38:22.685,391,39.1,43.60652,3.913307,17.83037,2.862873,9.30158,9,5,1393263502,-1.010712,-0.06887817,-0.006484985,-14.97276,37.11374,-38.9992,270.3965,269.6855,26,0.07038202,0.007093862,-0.03106737,0.09583981,-1.718111,-0.1449568,0.05757007,-0.002646042,-0.02978493,0.01013606,-0.1809487,-0.09589633,3
2014-02-24 18:38:22.781,392,39.2,43.60652,3.913307,17.83037,2.862873,9.30158,9,5,1393263502,-0.9661102,0.009735107,-0.02992249,-14.31496,36.57,-38.54404,270.3652,269.6542,26,0.07042463,0.04441034,-0.04198899,0.09693317,-1.717168,-0.1441989,0.05761274,0.03467048,-0.04070656,-0.03167251,-0.2125778,-0.1508204,3
2014-02-24 18:38:22.877,393,39.3,43.60652,3.913307,17.83037,2.862873,9.30158,9,5,1393263502,-1.019897,-0.1261444,0.05233765,-14.80831,37.05936,-38.71473,270.3698,269.6588,26,0.07416797,-0.03372334,-0.03649809,0.09812167,-1.717314,-0.1433999,0.06135611,-0.04346317,-0.03521566,-0.04403154,-0.2853192,-0.1466927,3
2014-02-24 18:38:22.977,394,39.4,43.60652,3.913307,17.83037,2.862873,9.30158,9,5,1393263502,-1.019897,-0.1261444,0.05233765,-15.90465,37.16811,-38.9423,270.3773,269.6664,26,0.06947602,-0.02719407,-0.06593481,0.09939197,-1.719086,-0.1425092,0.06295086,-0.1456947,-0.06470352,-0.01743021,-0.2202439,-0.1554194,3
2014-02-24 18:38:23.075,395,39.5,43.60652,3.913307,17.83037,2.862873,9.30158,9,5,1393263502,-0.9962158,-0.06083679,0.04824829,-16.12392,37.05936,-38.82851,270.3845,269.6735,26,0.06947602,-0.02719407,-0.06593481,0.1007512,-1.721022,-0.1419577,0.05666427,-0.03693382,-0.06465238,0.06622445,-0.09613225,-0.05390197,3
2014-02-24 18:38:23.176,396,39.6,43.60652,3.913307,17.83037,2.862873,9.30158,9,5,1393263502,-0.9962158,-0.06083679,0.04824829,-17.16545,36.3525,-36.49588,270.4281,269.7171,26,0.07314638,-0.03393719,-0.06231424,0.1020567,-1.720633,-0.1409216,0.07382356,-0.01182951,-0.06003979,0.02084834,-0.1629928,-0.06623888,3
2014-02-24 18:38:23.251,397,39.7,43.60652,3.913307,17.83037,2.862873,9.30158,9,5,1393263502,-1.002838,-0.07087708,0.0209198,-16.67209,36.51562,-38.032,270.4724,269.7614,26,0.08414311,-0.06547328,-0.04782345,0.1034208,-1.721538,-0.1402234,0.06033472,-0.04367688,-0.06103183,-0.01725971,-0.2006011,-0.100449,3
2014-02-24 18:38:23.480,398,39.8,43.60652,3.913307,17.83037,2.862873,9.30158,9,5,1393263502,-1.151047,-0.1020813,0.07211304,-16.72691,37.00499,-37.97511,270.5012,269.7902,26,0.08530638,-0.09822804,-0.03458834,0.1047534,-1.721811,-0.1393539,0.0713315,-0.07521292,-0.04654104,-0.02380293,-0.2097804,-0.1280632,3
2014-02-24 18:38:23.578,399,39.9,43.60654,3.913313,17.68351,2.846494,9.44396,9,5,1393263503,-1.048584,0.0224762,0.09384155,-17.00099,38.47309,-39.05608,270.5204,269.8094,26,0.08412393,-0.007719705,-0.05425259,0.1061322,-1.72381,-0.1389423,0.0724948,-0.1079677,-0.03330593,-0.01798859,-0.1245949,-0.116937,3
2014-02-24 18:38:23.678,400,40,43.60654,3.913313,17.68351,2.846494,9.44396,9,5,1393263503,-1.066101,-0.05384827,-0.02867126,-16.50764,37.65748,-38.77162,270.5488,269.8378,26,0.08676419,0.08382034,-0.09031392,0.1075744,-1.724934,-0.1381804,0.07131241,-0.01745928,-0.05297019,-0.08214173,-0.1499023,-0.05713965,3
2014-02-24 18:38:23.767,401,40.1,43.60654,3.913313,17.68351,2.846494,9.44396,9,5,1393263503,-1.08638,-0.1107788,0.03779602,-16.12392,36.73312,-38.03201,270.571,269.86,26,0.0856414,-0.05100859,-0.08314335,0.1092575,-1.723693,-0.1367538,0.07395273,0.0740808,-0.08903152,-0.1383554,-0.2601377,-0.07920884,3
2014-02-24 18:38:23.869,402,40.2,43.60654,3.913313,17.68351,2.846494,9.44396,9,5,1393263503,-1.029541,-0.1565552,0.09147644,-15.46612,37.16811,-38.37337,270.5825,269.8715,26,0.1015114,-0.1152893,-0.05772828,0.1108721,-1.723276,-0.1353445,0.07282996,-0.0607481,-0.08186097,-0.08674258,-0.1887799,-0.1791717,3
2014-02-24 18:38:23.971,403,40.3,43.60654,3.913313,17.68351,2.846494,9.44396,9,5,1393263503,-1.037659,-0.03623962,0.009536743,-15.7402,36.89624,-37.63375,270.597,269.886,26,0.1014771,0.02172261,-0.07431658,0.1144471,-1.725939,-0.1332596,0.08866577,0.01198318,-0.0730342,-0.050311,-0.2894207,-0.06167493,3
2014-02-24 18:38:24.063,404,40.4,43.60654,3.913313,17.68351,2.846494,9.44396,9,5,1393263503,-1.112228,-0.2041473,0.0128479,-16.89136,36.29813,-37.69064,270.6043,269.8933,26,0.09922219,0.06565278,-0.1064407,0.116321,-1.724153,-0.1317714,0.08641092,0.05591339,-0.1051583,-0.05796229,-0.16763,-0.1418948,3
2014-02-24 18:38:24.164,405,40.5,43.60654,3.913313,17.68351,2.846494,9.44396,9,5,1393263503,-1.082901,-0.1835327,0.05789185,-16.72691,36.3525,-38.31647,270.6107,269.8997,26,0.112477,-0.05396603,-0.05352927,0.1182943,-1.724429,-0.1307891,0.09966578,-0.06370539,-0.0522469,-0.05569515,-0.3064725,-0.1538128,3
2014-02-24 18:38:24.272,406,40.6,43.60654,3.913313,17.68351,2.846494,9.44396,9,5,1393263503,-1.009659,-0.09629822,0.07272339,-17.87807,36.95062,-38.14579,270.6335,269.9225,26,0.1113369,-0.03368712,-0.06781527,0.1204245,-1.725167,-0.12975,0.09852572,-0.04342645,-0.0665329,-0.01352925,-0.2750924,-0.1026005,3
2014-02-24 18:38:24.483,407,40.7,43.60654,3.913313,17.68351,2.846494,9.44396,9,5,1393263503,-1.042084,-0.160675,0.03479004,-16.56246,36.95062,-38.71472,270.6478,269.9368,26,0.1222495,0.08995013,-0.06657103,0.1245738,-1.724471,-0.1280094,0.1032329,0.06889483,-0.05702622,-0.02952919,-0.2239583,-0.07909501,3
2014-02-24 18:38:24.568,408,40.8,43.60654,3.913313,17.68351,2.846494,9.44396,9,5,1393263503,-1.086044,-0.1941071,-0.03079224,-16.39801,37.11374,-38.99919,270.6492,269.9382,26,0.1177202,-0.08593968,-0.08835996,0.1267264,-1.722712,-0.1268363,0.1094384,0.08021092,-0.06528869,-0.06154121,-0.2871715,-0.1153266,3
2014-02-24 18:38:24.670,409,40.9,43.60657,3.913321,17.79449,2.327946,9.779623,9,5,1393263504,-1.028961,-0.1669006,0.04377747,-16.56245,37.05936,-39.05608,270.6501,269.9391,26,0.1185075,0.05148103,-0.05450053,0.1288801,-1.722794,-0.1259448,0.1049093,-0.09567884,-0.08707762,-0.105403,-0.3197192,-0.1810063,3
2014-02-24 18:38:24.779,410,41,43.60657,3.913321,17.79449,2.327946,9.779623,9,5,1393263504,-1.054214,-0.2237854,-0.03800964,-16.39801,36.56999,-38.77162,270.6284,269.9174,26,0.1257806,0.1388141,-0.05410957,0.1335139,-1.722245,-0.1246691,0.1204609,-0.006820548,-0.04556374,-0.06817579,-0.2820002,-0.1325641,3
2014-02-24 18:38:24.880,411,41.1,43.60657,3.913321,17.79449,2.327946,9.779623,9,5,1393263504,-0.970993,-0.1776733,-0.02566528,-16.34319,36.40688,-38.25957,270.6191,269.9081,26,0.1381105,-0.05696129,-0.02744547,0.1359226,-1.720595,-0.1242042,0.1129697,0.129075,-0.05282724,0.03288074,-0.2967824,-0.1326019,3
2014-02-24 18:38:24.986,412,41.2,43.60657,3.913321,17.79449,2.327946,9.779623,9,5,1393263504,-0.9682312,-0.08966064,0.01365662,-16.39801,36.02626,-37.86132,270.6073,269.8963,26,0.1614358,-0.05219955,-0.02140223,0.1382563,-1.719599,-0.1237624,0.1252997,-0.06670031,-0.02616315,0.01730414,-0.2816651,-0.2196762,3
2014-02-24 18:38:25.182,413,41.3,43.60657,3.913321,17.79449,2.327946,9.779623,9,5,1393263504,-1.057922,-0.1957092,-0.02947998,-17.60398,36.7875,-39.11298,270.4833,269.7723,26,0.1467889,0.03473827,-0.04937288,0.1437251,-1.720259,-0.1234921,0.1401671,0.05897272,-0.05774745,0.01308948,-0.2128391,-0.1341162,3
2014-02-24 18:38:25.287,414,41.4,43.60657,3.913321,17.79449,2.327946,9.779623,9,5,1393263504,-0.980011,-0.1111145,0.04489136,-17.43953,37.05937,-38.71472,270.4584,269.7474,26,0.1774515,-0.05322674,-0.02358469,0.1465364,-1.719657,-0.1230648,0.1339783,0.02499936,-0.04809056,-0.05401524,-0.3017552,-0.1404605,3
2014-02-24 18:38:25.502,415,41.5,43.60657,3.913321,17.79449,2.327946,9.779623,9,5,1393263504,-0.980011,-0.1111145,0.04489136,-16.67209,36.84187,-39.16987,270.4263,269.7153,26,0.1652321,-0.0115195,-0.04053225,0.1523285,-1.720137,-0.1228052,0.1524215,-0.02125835,-0.03924994,-0.1210254,-0.3607932,-0.133475,3
2014-02-24 18:38:25.572,416,41.6,43.60657,3.913321,17.79449,2.327946,9.779623,9,5,1393263504,-1.067963,-0.2520905,0.006896973,-16.23356,36.95061,-39.62502,270.4011,269.6901,26,0.1590538,0.04392831,-0.04582554,0.1523285,-1.720137,-0.1228052,0.1524215,-0.02125835,-0.03924994,-0.1210254,-0.3607932,-0.133475,3
2014-02-24 18:38:25.664,417,41.7,43.60659,3.913329,17.90948,2.388732,9.138213,9,5,1393263505,-1.067963,-0.2520905,0.006896973,-16.01429,37.38561,-38.60094,270.3767,269.6657,26,0.1823512,-0.05090366,-0.02121394,0.158315,-1.719778,-0.1223798,0.1695407,-0.06064243,-0.01993165,-0.05132566,-0.2909588,-0.1133245,3
2014-02-24 18:38:25.766,418,41.8,43.60659,3.913329,17.90948,2.388732,9.138213,9,5,1393263505,-0.9903107,-0.1672821,-0.02696228,-15.95947,37.54873,-38.77162,270.3593,269.6483,26,0.1798949,0.04416506,-0.03624269,0.1613277,-1.718965,-0.1222966,0.1670845,0.03442632,-0.0349604,-0.08630661,-0.3740824,-0.1396274,3
2014-02-24 18:38:25.894,419,41.9,43.60659,3.913329,17.90948,2.388732,9.138213,9,5,1393263505,-1.113449,-0.1970978,0.02058411,-15.57575,37.38561,-38.48715,270.3398,269.6288,26,0.179811,-0.06443013,-0.009375392,0.16446,-1.719154,-0.1223125,0.1670007,-0.07416883,-0.008093108,-0.00868431,-0.2892899,-0.1736722,3
2014-02-24 18:38:25.988,420,42,43.60659,3.913329,17.90948,2.388732,9.138213,9,5,1393263505,-0.976059,-0.1579895,0.0589447,-17.49434,37.54873,-37.1786,270.2537,269.5427,26,0.1895939,-0.08580305,0.001485245,0.1676436,-1.720561,-0.1227888,0.1767836,-0.09554172,0.002767523,-0.1320877,-0.3195782,-0.1274983,3
2014-02-24 18:38:26.091,421,42.1,43.60659,3.913329,17.90948,2.388732,9.138213,9,5,1393263505,-0.9932709,-0.2472839,-0.06443787,-17.22026,38.0381,-37.00792,270.2227,269.5117,26,0.1811823,0.003365703,-0.03700542,0.1707781,-1.721344,-0.12284,0.168372,-0.006372931,-0.03572315,-0.04529614,-0.2176546,-0.1065526,3
2014-02-24 18:38:26.192,422,42.2,43.60659,3.913329,17.90948,2.388732,9.138213,9,5,1393263505,-1.000259,-0.194458,0.04722595,-17.60398,37.33123,-38.0889,270.2069,269.4959,26,0.1640832,0.0744271,-0.06367139,0.1737592,-1.718918,-0.1228704,0.151273,0.0646885,-0.06238912,-0.1146589,-0.2352323,-0.1243576,3
2014-02-24 18:38:26.298,423,42.3,43.60659,3.913329,17.90948,2.388732,9.138213,9,5,1393263505,-1.000259,-0.194458,0.04722595,-16.78172,37.71185,-39.28366,270.1876,269.4766,26,0.185817,-0.02801353,0.003230947,0.1769907,-1.721356,-0.12342,0.1766591,-0.1769278,0.03054188,-0.07313929,-0.3594503,-0.1321728,3
2014-02-24 18:38:26.485,424,42.4,43.60659,3.913329,17.90948,2.388732,9.138213,9,5,1393263505,-0.9865723,-0.1651154,0.00718689,-16.06911,35.80877,-39.22677,270.1242,269.4132,26,0.185817,-0.02801353,0.003230947,0.1803342,-1.722376,-0.1238478,0.1730068,-0.03775206,0.004513208,-0.01929706,-0.3179894,-0.1026169,3
2014-02-24 18:38:26.568,425,42.5,43.60661,3.913335,17.56522,2.35947,9.636612,9,5,1393263506,-0.9865723,-0.1651154,0.00718689,-15.30166,37.33123,-38.65784,270.103,269.392,26,0.2016221,-0.002798183,0.02307949,0.1834373,-1.722078,-0.1243789,0.1731776,-0.01301391,-0.02036152,-0.07751449,-0.2616317,-0.1433915,3
2014-02-24 18:38:26.677,426,42.6,43.60661,3.913335,17.56522,2.35947,9.636612,9,5,1393263506,-1.060745,-0.1918793,0.07577515,-15.7402,36.89624,-37.86132,270.0919,269.3809,26,0.1959738,-0.1188079,-0.02159344,0.1867319,-1.721675,-0.1248837,0.188812,-0.01253663,0.02436174,-0.005632222,-0.2896747,-0.1419493,3
2014-02-24 18:38:26.772,427,42.7,43.60661,3.913335,17.56522,2.35947,9.636612,9,5,1393263506,-1.054642,-0.1794281,0.02503967,-16.28837,37.54873,-38.88541,270.0724,269.3614,26,0.191187,-0.02162087,-0.05308878,0.1936975,-1.723316,-0.1249354,0.1722238,0.05236627,-0.06441395,0.05397555,-0.2067181,-0.06740151,3
2014-02-24 18:38:26.892,428,42.8,43.60661,3.913335,17.56522,2.35947,9.636612,9,5,1393263506,-1.097473,-0.2344666,0.008361816,-18.15215,36.24376,-38.54404,269.7278,269.0168,26,0.1899319,-9.720538e-05,-0.05331089,0.1970875,-1.722625,-0.1248529,0.1783771,-0.03135921,-0.05180655,-0.08836643,-0.2319507,-0.1452471,3
2014-02-24 18:38:26.970,429,42.9,43.60661,3.913335,17.56522,2.35947,9.636612,9,5,1393263506,-0.9286804,-0.1543579,0.02044678,-18.64551,37.16811,-38.48715,269.6802,268.9692,26,0.2037917,-0.01049818,-0.09178904,0.2005919,-1.722623,-0.1241424,0.177122,-0.009835504,-0.05202866,0.03046498,-0.2965685,-0.1180369,3
2014-02-24 18:38:27.093,430,43,43.60661,3.913335,17.56522,2.35947,9.636612,9,5,1393263506,-0.9265289,-0.1193848,0.03192139,-18.26179,37.33123,-38.43026,269.6554,268.9444,26,0.200621,0.0207415,-0.008833439,0.2042144,-1.722108,-0.1238097,0.1908623,-0.02024067,-0.09056141,-0.116466,-0.3579602,-0.1412189,3
2014-02-24 18:38:27.195,431,43.1,43.60661,3.913335,17.56522,2.35947,9.636612,9,5,1393263506,-1.113647,-0.2252197,-0.006515503,-17.22026,36.73312,-38.48715,269.6942,268.9832,26,0.2022218,-0.01244016,-0.04955317,0.2114599,-1.721872,-0.1231944,0.1892925,-0.02218256,-0.04832555,0.05458836,-0.2422678,-0.1174394,3
2014-02-24 18:38:27.292,432,43.2,43.60661,3.913335,17.56522,2.35947,9.636612,9,5,1393263506,-0.9942017,-0.1741333,-0.02108765,-16.72691,36.78749,-38.8854,269.7012,268.9902,26,0.1871531,0.1032113,-0.02971076,0.2149061,-1.720466,-0.1232407,0.1742238,0.09346896,-0.02848314,-0.03752392,-0.3262523,-0.1418616,3
2014-02-24 18:38:27.486,433,43.3,43.60661,3.913335,17.56522,2.35947,9.636612,9,5,1393263506,-0.9942017,-0.1741333,-0.02108765,-16.67209,37.49436,-39.51123,269.6853,268.9743,26,0.1922368,0.003470365,-0.03455398,0.2184796,-1.719632,-0.1230756,0.2047306,-0.03283461,0.02231292,-0.04127178,-0.3651663,-0.1768737,3
2014-02-24 18:38:27.599,434,43.4,43.60663,3.913341,15.38206,2.045436,8.91476,9,5,1393263507,-1.119644,-0.2241516,-0.01341248,-16.78172,37.27686,-37.80443,269.6656,268.9546,26,0.1922368,0.003470365,-0.03455398,0.2219809,-1.719546,-0.1233317,0.1793076,-0.006271932,-0.03332638,-0.1075898,-0.3277923,-0.1495635,3
2014-02-24 18:38:27.671,435,43.5,43.60663,3.913341,15.38206,2.045436,8.91476,9,5,1393263507,-1.119644,-0.2241516,-0.01341248,-16.78173,37.6031,-38.14579,269.6591,268.9481,26,0.2205318,-0.008757539,-0.03181652,0.2254858,-1.718892,-0.1233766,0.1767667,0.02208862,-0.02776197,-0.06799419,-0.296831,-0.1516365,3
2014-02-24 18:38:27.769,436,43.6,43.60663,3.913341,15.38206,2.045436,8.91476,9,5,1393263507,-1.027206,-0.134491,-0.02275085,-17.22026,37.8206,-38.48715,269.6497,268.9387,26,0.1958411,0.06245086,-0.03274889,0.2290825,-1.718598,-0.1235816,0.2076027,-0.01849977,-0.03058892,-0.1380904,-0.3474189,-0.1595539,3
2014-02-24 18:38:27.869,437,43.7,43.60663,3.913341,15.38206,2.045436,8.91476,9,5,1393263507,-1.021088,-0.2333069,-0.009292603,-17.71362,37.22249,-37.40618,269.6428,268.9318,26,0.1958638,-0.006626477,-0.02503558,0.2326385,-1.717461,-0.1237034,0.1829121,0.05270867,-0.0315213,-0.04550187,-0.2578791,-0.1677734,3
2014-02-24 18:38:27.980,438,43.8,43.60663,3.913341,15.38206,2.045436,8.91476,9,5,1393263507,-0.9919281,-0.1441803,-0.01057434,-17.27508,35.80876,-38.0889,269.6266,268.9156,26,0.203286,-0.02472079,-0.02713415,0.2399736,-1.716481,-0.1235339,0.1988866,0.01323137,-0.02277069,0.03484538,-0.2085776,-0.1594139,3
2014-02-24 18:38:28.088,439,43.9,43.60663,3.913341,15.38206,2.045436,8.91476,9,5,1393263507,-1.004044,-0.1838684,-0.02015686,-16.67209,36.40688,-38.03201,269.6192,268.9082,26,0.208269,0.04544418,-0.04536721,0.2437263,-1.716579,-0.1232616,0.1903571,-0.03446288,-0.02590657,-0.09114261,-0.3622227,-0.1734917,3
2014-02-24 18:38:28.313,440,44,43.60663,3.913341,15.38206,2.045436,8.91476,9,5,1393263507,-0.988266,-0.2952118,-0.05329895,-15.46611,36.40688,-38.71472,269.5828,268.8718,26,0.2296036,0.1040665,-0.1055632,0.2635456,-1.713889,-0.12213,0.2261713,-0.09091693,-0.03322309,-0.0312342,-0.3088536,-0.2135035,3
2014-02-24 18:38:28.515,441,44.1,43.60665,3.913349,15.00436,1.919104,10.99857,9,5,1393263508,-0.970459,-0.1714172,-0.1222687,-16.0691,37.98372,-38.0889,269.5538,268.8428,26,0.2278081,0.07517491,-0.03139254,0.2677741,-1.713261,-0.1217762,0.216675,0.09432461,-0.1043356,0.04683907,-0.2258913,-0.1365524,3
2014-02-24 18:38:28.715,442,44.2,43.60665,3.913349,15.00436,1.919104,10.99857,9,5,1393263508,-0.9557343,-0.1626129,-0.1016998,-16.94618,38.20122,-37.63374,269.5091,268.7981,26,0.2204693,0.07847137,-0.03736096,0.2761414,-1.711661,-0.1213194,0.2371769,-0.09755661,-0.02366768,0.01235864,-0.2924393,-0.2616357,3
2014-02-24 18:38:28.885,443,44.3,43.60665,3.913349,15.00436,1.919104,10.99857,9,5,1393263508,-1.145996,-0.2701569,-0.1138306,-16.78172,37.16811,-38.48715,269.4879,268.7769,26,0.2441552,0.01722133,-0.06586344,0.2844173,-1.710565,-0.1212297,0.2259087,-0.05217013,-0.006622399,0.02724622,-0.2835459,-0.2399916,3
2014-02-24 18:38:28.988,444,44.4,43.60665,3.913349,15.00436,1.919104,10.99857,9,5,1393263508,-1.145996,-0.2701569,-0.1138306,-15.46611,37.49435,-38.82851,269.4457,268.7347,26,0.2380823,-0.002148905,-0.07277141,0.2931634,-1.709317,-0.1205249,0.225154,-0.01189056,-0.07154388,-0.09800137,-0.3698824,-0.2464062,3
2014-02-24 18:38:29.193,445,44.5,43.60665,3.913349,15.00436,1.919104,10.99857,9,5,1393263508,-1.10495,-0.2865601,-0.04690552,-14.47941,36.95062,-36.78035,269.4098,268.6988,26,0.2490351,-0.06986723,-0.04736965,0.3066886,-1.710113,-0.119034,0.2361069,-0.07960878,-0.04614213,-0.06315958,-0.3639161,-0.212698,3
2014-02-24 18:38:29.295,446,44.6,43.60665,3.913349,15.00436,1.919104,10.99857,9,5,1393263508,-1.007462,-0.282959,-0.07505798,-15.7402,37.11374,-36.60966,269.3951,268.6841,26,0.2489555,0.05700017,-0.05682041,0.3112377,-1.709411,-0.118645,0.2360273,0.04725866,-0.05559289,-0.1215042,-0.4049269,-0.1841052,3
2014-02-24 18:38:29.482,447,44.7,43.60665,3.913349,15.00436,1.919104,10.99857,9,5,1393263508,-1.043732,-0.2478638,-0.02307129,-17.3299,37.8206,-37.80443,269.3419,268.6309,26,0.2638575,-0.08678976,-0.05175454,0.315874,-1.709676,-0.1182207,0.2509294,-0.09653122,-0.05052704,-0.02400262,-0.4009045,-0.2125257,3
2014-02-24 18:38:29.595,448,44.8,43.60667,3.913358,14.76749,2.153528,10.26292,9,5,1393263509,-1.033646,-0.2725525,-0.09593201,-16.17874,36.67875,-37.97511,269.347,268.636,26,0.2403953,0.02744814,-0.05896079,0.3204016,-1.709838,-0.1180193,0.2274672,0.01770669,-0.05773329,-0.07099847,-0.4222957,-0.1701621,3
2014-02-24 18:38:29.696,449,44.9,43.60667,3.913358,14.76749,2.153528,10.26292,9,5,1393263509,-1.005127,-0.2716217,-0.01756287,-15.68539,37.38561,-37.91822,269.3439,268.6329,26,0.2659587,0.06867147,-0.03096271,0.3251955,-1.708498,-0.1176962,0.2530307,0.05893007,-0.02973522,0.04908059,-0.298104,-0.1888682,3
2014-02-24 18:38:29.795,450,45,43.60667,3.913358,14.76749,2.153528,10.26292,9,5,1393263509,-1.005127,-0.2716217,-0.01756287,-15.68539,37.8206,-37.57685,269.3312,268.6202,26,0.2624455,0.005074387,-0.04327983,0.3300276,-1.708705,-0.1173952,0.2556971,-0.1110589,-0.02922389,-0.06988553,-0.3474113,-0.2437189,3
2014-02-24 18:38:29.892,451,45.1,43.60667,3.913358,14.76749,2.153528,10.26292,9,5,1393263509,-1.039703,-0.3173065,-0.09371948,-14.80831,36.95062,-38.37336,269.3181,268.6071,26,0.2624455,0.005074387,-0.04327983,0.334884,-1.709617,-0.1176509,0.2495176,-0.004666948,-0.04205234,-0.02159341,-0.3890013,-0.1549812,3
2014-02-24 18:38:29.992,452,45.2,43.60667,3.913358,14.76749,2.153528,10.26292,9,5,1393263509,-1.039703,-0.3173065,-0.09371948,-14.20532,37.00499,-37.97511,269.3061,268.5951,26,0.2770556,-0.08295987,-0.01060657,0.3395602,-1.706578,-0.1172329,0.2480284,0.09632895,-0.0254558,-0.01629487,-0.3631346,-0.2057862,3
2014-02-24 18:38:30.070,453,45.3,43.60667,3.913358,14.76749,2.153528,10.26292,9,5,1393263509,-0.9395599,-0.1767426,-0.07701111,-15.46611,37.92935,-38.48715,269.2966,268.5856,26,0.2602489,-0.001994974,-0.07490593,0.3445664,-1.707381,-0.1172101,0.2641278,-0.09270111,-0.009379097,-0.0558139,-0.4342484,-0.2289456,3
2014-02-24 18:38:30.171,454,45.4,43.60667,3.913358,14.76749,2.153528,10.26292,9,5,1393263509,-0.9216919,-0.2042999,-0.1048737,-15.13721,37.05936,-37.2355,269.2945,268.5835,26,0.277348,0.1001476,-0.07456558,0.3495164,-1.706743,-0.1167629,0.2473212,-0.01173618,-0.07367846,0.04446733,-0.2932403,-0.2116165,3
2014-02-24 18:38:30.266,455,45.5,43.60667,3.913358,14.76749,2.153528,10.26292,9,5,1393263509,-1.09787,-0.2819061,-0.0683136,-15.52093,35.15627,-37.06481,269.2951,268.5841,26,0.277002,-0.0364933,-0.01106064,0.3545189,-1.705515,-0.1167836,0.2644203,0.09040646,-0.07333811,-0.0685144,-0.4452689,-0.1949961,3
2014-02-24 18:38:30.474,456,45.6,43.60667,3.913358,14.76749,2.153528,10.26292,9,5,1393263509,-0.8969116,-0.2425537,-0.07701111,-17.3299,36.73312,-36.89413,269.298,268.587,26,0.2664738,0.04213174,-0.09052724,0.3645194,-1.704648,-0.1161703,0.2535462,0.03239064,-0.08929978,0.003555694,-0.3902317,-0.1712945,3
2014-02-24 18:38:30.593,457,45.7,43.60668,3.913363,16.37775,1.880449,10.6294,9,5,1393263510,-1.030594,-0.3253632,-0.07600403,-15.46612,36.51562,-38.82851,269.2968,268.5858,26,0.2842725,0.003295662,-0.003167297,0.3694812,-1.703743,-0.1164253,0.2713449,-0.00644541,-0.001939844,0.08755401,-0.3587162,-0.2086686,3
2014-02-24 18:38:30.862,458,45.8,43.60668,3.913363,16.37775,1.880449,10.6294,9,5,1393263510,-0.9744263,-0.2386932,-0.06037903,-15.68538,37.71185,-38.9423,269.2965,268.5855,26,0.277038,0.006489591,-0.02203766,0.3746128,-1.703447,-0.116311,0.2641105,-0.003251445,-0.02081021,-0.04607625,-0.4414121,-0.2073726,3
2014-02-24 18:38:30.998,459,45.9,43.60668,3.913363,16.37775,1.880449,10.6294,9,5,1393263510,-0.9690094,-0.242157,-0.104187,-14.97276,37.54873,-38.77162,269.2924,268.5814,26,0.2745525,0.003098322,-0.01850924,0.3794678,-1.702546,-0.1167822,0.261625,-0.006642669,-0.01728179,0.010155,-0.3552102,-0.1908532,3
2014-02-24 18:38:31.201,460,46,43.60668,3.913363,16.37775,1.880449,10.6294,9,5,1393263510,-1.049026,-0.3177643,-0.0489502,-14.91794,36.95062,-37.46307,269.2793,268.5683,26,0.2807105,0.07219563,-0.02968226,0.3896862,-1.70081,-0.1175065,0.2839533,-0.06438127,-0.03058083,-0.04773301,-0.4407531,-0.2320857,3
2014-02-24 18:38:31.510,461,46.1,43.60668,3.913363,16.37775,1.880449,10.6294,9,5,1393263510,-0.9741211,-0.1999664,-0.08308411,-15.90465,37.38561,-36.89413,269.2512,268.5402,26,0.2967824,0.04734035,-0.0351508,0.4001393,-1.698611,-0.1183809,0.2774209,0.01858212,0.003739853,-0.01429027,-0.455156,-0.2050512,3
2014-02-24 18:38:31.709,462,46.2,43.6067,3.913371,15.17023,1.558674,9.937381,9,5,1393263511,-1.007492,-0.283905,-0.06529236,-15.79502,37.6031,-37.91822,269.2222,268.5112,26,0.3154554,0.04047951,-0.06071288,0.4108159,-1.696755,-0.1189834,0.2811111,0.01974441,0.003764078,-0.02013973,-0.3756303,-0.1785097,3
2014-02-24 18:38:31.820,463,46.3,43.6067,3.913371,15.17023,1.558674,9.937381,9,5,1393263511,-0.9824982,-0.1672516,-0.1390381,-15.35648,38.36434,-38.25958,269.2108,268.4998,26,0.2904377,0.09049821,-0.01803626,0.4163518,-1.695745,-0.1189405,0.3025283,0.03073878,-0.05948547,-0.02229802,-0.4025653,-0.1890358,3
2014-02-24 18:38:32.031,464,46.4,43.6067,3.913371,15.17023,1.558674,9.937381,9,5,1393263511,-1.085495,-0.3674316,-0.1319122,-16.61727,37.98372,-38.8854,269.1918,268.4808,26,0.302644,0.1427641,-0.01373659,0.4272684,-1.693777,-0.1189021,0.307717,-0.1019334,-0.07221805,-0.1193877,-0.3848574,-0.253702,3
2014-02-24 18:38:32.143,465,46.5,43.6067,3.913371,15.17023,1.558674,9.937381,9,5,1393263511,-0.9432068,-0.1897125,-0.0867157,-16.28837,38.41872,-37.1786,269.163,268.452,26,0.315653,-0.06499418,-0.06906642,0.4328043,-1.692101,-0.1190566,0.289717,0.1330235,-0.01250919,0.02386326,-0.3515025,-0.1433596,3
2014-02-24 18:38:32.266,466,46.6,43.6067,3.913371,15.17023,1.558674,9.937381,9,5,1393263511,-1.004654,-0.2848053,-0.04283142,-17.05581,37.98372,-37.1786,269.1486,268.4376,26,0.314297,0.01096663,-0.0651284,0.4385427,-1.691224,-0.118546,0.3027261,-0.07473478,-0.06783903,-0.09970518,-0.4857001,-0.251206,3
2014-02-24 18:38:32.468,467,46.7,43.6067,3.913371,15.17023,1.558674,9.937381,9,5,1393263511,-0.9802246,-0.319809,-0.1183624,-17.22026,37.8206,-37.80443,269.1408,268.4298,26,0.3125893,0.02953579,-0.009016931,0.4442107,-1.690795,-0.1186682,0.3013701,0.001226066,-0.06390101,0.04261982,-0.3081024,-0.2055842,3
2014-02-24 18:38:32.550,468,46.8,43.6067,3.913371,15.17023,1.558674,9.937381,9,5,1393263511,-0.9583893,-0.1853638,-0.08399963,-17.82325,38.74496,-37.29239,269.1252,268.4142,26,0.3141353,0.06885896,-0.0539639,0.4499775,-1.69059,-0.1187755,0.2995506,0.01979113,-0.00783984,-0.01881567,-0.4033017,-0.161497,3
2014-02-24 18:38:32.755,469,46.9,43.6067,3.913371,15.17023,0,9.937381,9,5,1393263512,-0.9583893,-0.1853638,-0.08399963,-16.0691,37.98372,-37.1786,269.0836,268.3726,26,0.3202156,-0.09969916,-0.01941338,0.4614022,-1.68868,-0.1189934,0.3071769,-0.1094438,-0.01823629,-0.05134655,-0.4861291,-0.235462,3
2014-02-24 18:38:32.850,470,47,43.6067,3.913371,15.17023,0,9.937381,9,5,1393263512,-1.022888,-0.3047485,-0.09849548,-13.93124,37.05936,-38.14579,269.0268,268.3158,26,0.3041948,0.07906606,-0.04360101,0.4614022,-1.68868,-0.1189934,0.3071769,-0.1094438,-0.01823629,-0.05134655,-0.4861291,-0.235462,3
2014-02-24 18:38:32.919,471,47.1,43.6067,3.913371,15.17023,0,9.937381,9,5,1393263512,-1.022888,-0.3047485,-0.09849548,-13.1638,37.71185,-38.1458,268.9949,268.2839,26,0.3201509,0.0475313,-0.0337553,0.4727803,-1.68621,-0.1189679,0.3071123,0.03778678,-0.03257823,0.04171529,-0.3323716,-0.2096655,3
2014-02-24 18:38:33.044,472,47.2,43.6067,3.913371,15.17023,0,9.937381,9,5,1393263512,-0.9390106,-0.2036591,-0.06900024,-13.05416,37.05936,-36.89414,268.9856,268.2746,26,0.3155244,0.005318333,-0.06388844,0.4785821,-1.68536,-0.1186697,0.3024859,-0.004426156,-0.06271137,-0.03643029,-0.4231399,-0.2120046,3
2014-02-24 18:38:33.150,473,47.3,43.6067,3.913371,15.17023,0,9.937381,9,5,1393263512,-1.047943,-0.308136,-0.09289551,-13.76678,36.46125,-37.74754,268.9749,268.2639,26,0.3090606,0.05312128,-0.0327433,0.4842543,-1.684438,-0.1188018,0.2960222,0.04337682,-0.03156623,0.04753595,-0.3221816,-0.1815981,3
2014-02-24 18:38:33.305,474,47.4,43.6067,3.913371,15.17023,0,9.937381,9,5,1393263512,-0.9608612,-0.3117218,-0.04408264,-13.65715,37.33123,-38.0889,268.943,268.232,26,0.3141071,-0.0137531,-0.03790744,0.4898704,-1.683493,-0.1187222,0.3010687,-0.0234975,-0.03673038,-0.06128125,-0.4265795,-0.2045624,3
2014-02-24 18:38:33.470,475,47.5,43.6067,3.913371,15.17023,0,9.937381,9,5,1393263512,-0.9673309,-0.2311401,-0.09449768,-13.87642,38.09247,-38.43026,268.926,268.215,26,0.308984,0.06225299,-0.02462119,0.495485,-1.682926,-0.1189408,0.2959456,0.0525086,-0.02344413,0.05365488,-0.363381,-0.182668,3
2014-02-24 18:38:33.603,476,47.6,43.6067,3.913371,15.17023,0,9.937381,9.085867,5,1393263513,-1.057541,-0.3249512,-0.1026611,-14.04087,37.16811,-39.05609,268.8655,268.1545,26,0.3127848,0.04972202,-0.03619369,0.5011059,-1.681256,-0.1188994,0.2997465,0.03997767,-0.03501664,-0.01228769,-0.3629737,-0.19837,3
2014-02-24 18:38:33.680,477,47.7,43.6067,3.913371,15.17023,0,9.937381,9.085867,5,1393263513,-1.057541,-0.3249512,-0.1026611,-12.94453,37.38561,-38.48715,268.8432,268.1322,26,0.3127371,-0.0328714,-0.01779151,0.506739,-1.68002,-0.1191418,0.3083827,-0.005260334,-0.0309729,-0.09564731,-0.4364108,-0.2317078,3
2014-02-24 18:38:33.948,478,47.8,43.6067,3.913371,15.17023,0,9.937381,9.085867,5,1393263513,-0.9452057,-0.2853241,-0.06945801,-12.78008,37.00499,-38.54404,268.8243,268.1133,26,0.3127371,-0.0328714,-0.01779151,0.5124159,-1.680152,-0.1191744,0.2996989,-0.04261566,-0.01661447,0.06726789,-0.2851218,-0.1842455,3
2014-02-24 18:38:34.049,479,47.9,43.6067,3.913371,15.17023,0,9.937381,9.085867,5,1393263513,-0.9452057,-0.2853241,-0.06945801,-13.54752,36.78749,-37.51996,268.7806,268.0696,26,0.316318,0.04650865,-0.01618536,0.5181784,-1.679576,-0.1190669,0.3000961,0.02491974,-0.07592493,-0.1005191,-0.4158134,-0.1671078,3
2014-02-24 18:38:34.142,480,48,43.6067,3.913371,15.17023,0,9.937381,9.085867,5,1393263513,-0.942627,-0.2195587,-0.07478333,-14.20532,36.78749,-36.95103,268.7529,268.0419,26,0.3213961,-0.03171745,-0.02358495,0.5237879,-1.677926,-0.1192537,0.30328,0.03676446,-0.01500833,0.04199985,-0.4042954,-0.1756233,3
2014-02-24 18:38:34.268,481,48.1,43.6067,3.913371,15.17023,0,9.937381,9.085867,5,1393263513,-1.063019,-0.3585358,-0.07514954,-15.02758,36.73312,-37.00792,268.7448,268.0338,26,0.3224747,0.02617488,-0.01358186,0.5295663,-1.67769,-0.1193474,0.3083581,-0.0414616,-0.02240792,0.04459253,-0.338623,-0.1807144,3
2014-02-24 18:38:34.443,482,48.2,43.6067,3.913371,15.17023,0,9.937381,9.085867,5,1393263513,-0.9254913,-0.2219543,-0.07553101,-15.19203,37.33123,-37.86132,268.7284,268.0174,26,0.3248484,-0.005417935,0.002000034,0.5352669,-1.676937,-0.1197056,0.3094367,0.01643076,-0.01240483,-0.07576233,-0.4779557,-0.1803329,3
2014-02-24 18:38:34.534,483,48.3,43.6067,3.913371,15.17023,0,9.937381,9.085867,5,1393263513,-0.9588623,-0.2590637,-0.06687927,-14.15051,37.49435,-37.69064,268.7154,268.0044,26,0.3115438,0.008968461,-0.02876906,0.5409231,-1.676356,-0.1201492,0.3118104,-0.01516202,0.003177056,0.03561971,-0.3851191,-0.1791436,3
2014-02-24 18:38:34.694,484,48.4,43.6067,3.913371,15.17023,0,9.937381,9.745886,10,1393263514,-0.9912415,-0.3020325,-0.03865051,-14.75349,37.87497,-39.11298,268.68,267.969,26,0.3296099,-0.006355634,0.02199744,0.546625,-1.675648,-0.120346,0.2985059,-0.0007755919,-0.02759205,-0.06847117,-0.4906611,-0.1681576,3
2014-02-24 18:38:34.772,485,48.5,43.6067,3.913371,15.17023,0,9.937381,9.745886,10,1393263514,-0.9479065,-0.2435913,-0.1009979,-15.95947,37.65748,-39.22677,268.6626,267.9516,26,0.3199985,0.07258525,-0.01875078,0.55229,-1.675232,-0.121176,0.316572,-0.01609964,0.02317446,-0.03253198,-0.4472041,-0.1432765,3
2014-02-24 18:38:34.905,486,48.6,43.6067,3.913371,15.17023,0,9.937381,9.745886,10,1393263514,-0.9133301,-0.1988983,-0.02388,-16.0691,37.43998,-38.20268,268.6417,267.9307,26,0.3039974,-0.01356987,-0.005159342,0.5579541,-1.673608,-0.1215434,0.3069607,0.06284127,-0.01757377,-0.003860264,-0.4232768,-0.1405239,3
2014-02-24 18:38:35.047,487,48.7,43.6067,3.913371,15.17023,0,9.937381,9.745886,10,1393263514,-1.084106,-0.3141327,-0.06791687,-15.84983,37.98373,-37.29239,268.6314,267.9204,26,0.3160405,0.007157778,0.02408137,0.5634743,-1.672464,-0.1223735,0.2909597,-0.02331381,-0.003982337,0.03949009,-0.3656596,-0.2017318,3
2014-02-24 18:38:35.162,488,48.8,43.6067,3.913371,15.17023,0,9.937381,9.745886,10,1393263514,-1.093933,-0.3238831,-0.06895447,-15.52093,37.11374,-37.51996,268.6243,267.9133,26,0.3128325,0.1402399,-0.05584622,0.5691345,-1.672767,-0.1230628,0.3030028,-0.002586121,0.02525837,0.07395205,-0.3216507,-0.124904,3
2014-02-24 18:38:35.275,489,48.9,43.6067,3.913371,15.17023,0,9.937381,9.745886,10,1393263514,-1.093933,-0.3238831,-0.06895447,-16.17874,36.3525,-38.0889,268.6109,267.8999,26,0.2914383,-0.03152943,0.02891527,0.580209,-1.669201,-0.124159,0.2784006,-0.04127327,0.03009226,0.009794621,-0.33786,-0.2000444,3
2014-02-24 18:38:35.450,490,49,43.6067,3.913371,15.17023,0,9.937381,9.745886,10,1393263514,-1.019501,-0.2436676,-0.05793762,-16.28837,37.11374,-37.97511,268.5711,267.8601,26,0.3088819,0.03518302,-0.007934356,0.580209,-1.669201,-0.124159,0.2784006,-0.04127327,0.03009226,0.009794621,-0.33786,-0.2000444,3
2014-02-24 18:38:35.549,491,49.1,43.6067,3.913371,15.17023,0,9.937381,9.745886,10,1393263514,-1.019501,-0.2436676,-0.05793762,-16.45282,37.71186,-38.60094,268.5431,267.8321,26,0.3285158,0.007086406,0.003086337,0.5914125,-1.667393,-0.1254421,0.3154783,-0.002657349,0.00426332,-0.1300975,-0.4186467,-0.1787726,3
2014-02-24 18:38:35.661,492,49.2,43.6067,3.913371,15.17023,0,9.937381,9.5,5,1393263515,-1.096191,-0.3314209,-0.1508331,-16.56246,38.0381,-39.16988,268.5397,267.8287,26,0.2988605,0.1405619,-0.00202054,0.5968325,-1.665305,-0.1255969,0.285823,0.1308182,-0.0008435617,-0.0318051,-0.3689345,-0.1515621,3
2014-02-24 18:38:35.769,493,49.3,43.6067,3.913371,15.17023,0,9.937381,9.5,5,1393263515,-1.065552,-0.2974396,-0.04734802,-15.90466,37.71186,-39.73881,268.5142,267.8032,26,0.3067189,-0.09984138,-0.02423397,0.6023695,-1.664688,-0.1256959,0.2936815,-0.1095851,-0.02305699,-0.1084506,-0.4567861,-0.2438477,3
2014-02-24 18:38:35.880,494,49.4,43.6067,3.913371,15.17023,0,9.937381,9.5,5,1393263515,-0.9988861,-0.2085571,-0.1057434,-15.63057,37.33123,-37.86132,268.4896,267.7786,26,0.3039967,0.05322221,-0.01519626,0.6079382,-1.664616,-0.1262286,0.2909593,0.04347856,-0.01401929,-0.07787088,-0.4233332,-0.1402849,3
2014-02-24 18:38:35.977,495,49.5,43.6067,3.913371,15.17023,0,9.937381,9.5,5,1393263515,-1.104187,-0.3497925,-0.09812927,-15.84984,36.89624,-37.86132,268.4795,267.7685,26,0.3076686,0.04534538,-0.01156478,0.613454,-1.662695,-0.1264061,0.2946313,0.03560175,-0.01038781,-0.06758459,-0.4189622,-0.16756,3
2014-02-24 18:38:36.078,496,49.6,43.6067,3.913371,15.17023,0,9.937381,9.5,5,1393263515,-1.01683,-0.2268219,-0.06486511,-16.01429,36.95062,-38.14579,268.4646,267.7536,26,0.3150653,-0.02479856,-0.002597381,0.6188951,-1.661759,-0.1265835,0.2862639,0.003597524,-0.03596402,-0.02211191,-0.3754523,-0.1956857,3
2014-02-24 18:38:36.176,497,49.7,43.6067,3.913371,15.17023,0,9.937381,9.5,5,1393263515,-0.9826355,-0.1875916,-0.05305481,-15.95947,37.22248,-37.51996,268.45,267.739,26,0.3100063,0.02850381,0.006218481,0.6245278,-1.66181,-0.1271225,0.3020281,-0.03454209,-0.001420425,-0.03462039,-0.3206586,-0.1719115,3
2014-02-24 18:38:36.267,498,49.8,43.6067,3.913371,15.17023,0,9.937381,9.5,5,1393263515,-0.975174,-0.205719,-0.05673218,-16.01428,37.27686,-38.032,268.4425,267.7315,26,0.3126996,-0.02491014,-0.01435018,0.6300554,-1.660831,-0.1274247,0.2969691,0.0187603,0.007395434,-0.02895554,-0.353902,-0.1540493,3
2014-02-24 18:38:36.472,499,49.9,43.6067,3.913371,15.17023,0,9.937381,9.5,5,1393263515,-0.991333,-0.3273163,-0.0872345,-14.97276,38.20122,-39.22677,268.4139,267.7029,26,0.2968703,0.04499011,-0.0456852,0.6356362,-1.660863,-0.1276126,0.2996625,-0.03465362,-0.01317323,0.005212766,-0.3148581,-0.1422683,3
2014-02-24 18:38:36.567,500,50,43.6067,3.913371,15.17023,0,9.937381,9.5,5,1393263516,-0.991333,-0.3273163,-0.0872345,-14.69868,37.71185,-38.71472,268.3966,267.6856,26,0.3085672,0.0445467,0.02951022,0.6465695,-1.658601,-0.128334,0.2955301,0.0348033,0.03068716,-0.00337716,-0.4552983,-0.1742049,3
2014-02-24 18:38:36.681,501,50.1,43.6067,3.913371,15.17023,0,9.937381,9.5,5,1393263516,-1.000015,-0.1137085,-0.09963989,-15.30166,38.09247,-38.99919,268.3894,267.6784,26,0.33521,-0.1009405,-0.04741172,0.6465695,-1.658601,-0.128334,0.2955301,0.0348033,0.03068716,-0.00337716,-0.4552983,-0.1742049,3
2014-02-24 18:38:36.778,502,50.2,43.6067,3.913371,15.17023,0,9.937381,9.5,5,1393263516,-1.000015,-0.1137085,-0.09963989,-15.4113,38.30997,-38.65783,268.3799,267.6689,26,0.2961635,0.08983082,0.0348147,0.6578528,-1.65844,-0.1291897,0.2831266,0.08008751,0.03599164,0.07941306,-0.4653327,-0.08330804,3
2014-02-24 18:38:36.877,503,50.3,43.6067,3.913371,15.17023,0,9.937381,9.5,5,1393263516,-0.9846039,-0.285202,-0.03675842,-14.80831,37.8206,-37.57686,268.3635,267.6525,26,0.3178613,-0.0273709,-0.04360394,0.6634101,-1.657144,-0.1289985,0.3048244,-0.03711418,-0.04242701,0.02528901,-0.4404849,-0.1520676,3
2014-02-24 18:38:36.978,504,50.4,43.6067,3.913371,15.17023,0,9.937381,9.5,5,1393263516,-0.9864349,-0.2706909,-0.1061096,-15.19203,37.98372,-37.51996,268.3474,267.6364,26,0.30883,0.08844012,-0.009628126,0.6689424,-1.656001,-0.1292523,0.2957932,0.07869686,-0.008451205,0.003457178,-0.4140948,-0.1211504,3
2014-02-24 18:38:37.072,505,50.5,43.6067,3.913371,15.17023,0,9.937381,9.5,5,1393263516,-0.9116058,-0.1830444,-0.03373718,-15.13721,37.6031,-37.57685,268.3398,267.6288,26,0.3058798,-0.06853565,-0.07733767,0.6744492,-1.655691,-0.1288578,0.292843,-0.07827887,-0.07616075,0.001702891,-0.3991924,-0.1901989,3
2014-02-24 18:38:37.212,506,50.6,43.6067,3.913371,15.17023,0,9.937381,9.5,5,1393263516,-0.921875,-0.2411804,-0.1007233,-15.95947,38.20122,-38.0889,268.3124,267.6014,26,0.2965353,0.1132403,-0.01468041,0.6799337,-1.654724,-0.1291237,0.2834985,0.1034971,-0.0135035,0.07657876,-0.3118096,-0.1168681,3
2014-02-24 18:38:37.383,507,50.7,43.6067,3.913371,15.17023,0,9.937381,9.5,5,1393263516,-1.070908,-0.3272705,-0.05206299,-16.67209,38.36434,-38.032,268.2889,267.5779,26,0.3200366,0.0148133,-0.01466736,0.6853665,-1.652404,-0.1291071,0.3069999,0.005070155,-0.01349045,0.02145798,-0.3837078,-0.1566135,3
2014-02-24 18:38:37.516,508,50.8,43.6067,3.913371,15.17023,0,9.937381,9.5,5,1393263516,-1.070908,-0.3272705,-0.05206299,-16.28837,38.41871,-38.43026,268.2846,267.5736,26,0.3040068,0.01132616,-0.01009471,0.6908873,-1.652853,-0.1295612,0.2933539,-0.02209512,0.004240339,0.05822839,-0.3759032,-0.1420536,3
2014-02-24 18:38:37.711,509,50.9,43.6067,3.913371,15.17023,0,9.937381,9.5,5,1393263517,-1.029724,-0.2227478,-0.09625244,-15.63057,38.63622,-39.56812,268.2644,267.5534,26,0.3296407,-0.0992142,0.03228896,0.7018061,-1.650386,-0.1306401,0.2894208,0.0641477,0.02095726,0.01780478,-0.3181655,-0.1356371,3
2014-02-24 18:38:37.905,510,51,43.6067,3.913371,15.17023,0,9.937381,9.5,5,1393263517,-1.04129,-0.2942352,-0.08221436,-16.94618,37.76623,-38.43026,268.2167,267.5057,26,0.3076811,-0.03164634,-0.001428253,0.7129185,-1.649113,-0.1314025,0.28513,0.1348134,-0.06775664,-0.1235218,-0.3921636,-0.07892039,3
2014-02-24 18:38:38.040,511,51.1,43.6067,3.913371,15.17023,0,9.937381,9.5,5,1393263517,-0.9225922,-0.1819153,-0.04751587,-17.27508,37.22248,-38.99919,268.2143,267.5033,26,0.3101259,-0.00104609,-0.004049869,0.7184146,-1.647741,-0.1315973,0.2946447,-0.04138928,-0.0002513699,0.03640926,-0.3219374,-0.1913011,3
2014-02-24 18:38:38.149,512,51.2,43.6067,3.913371,15.17023,0,9.937381,9.5,5,1393263517,-1.106628,-0.3005219,-0.04974365,-17.27508,37.43998,-38.54404,268.2115,267.5005,26,0.3004224,0.03383413,-0.02677249,0.7240048,-1.64769,-0.1317296,0.2970896,-0.01078898,-0.002872991,-0.04291936,-0.4354719,-0.1162373,3
2014-02-24 18:38:38.264,513,51.3,43.6067,3.913371,15.17023,0,9.937381,9.5,5,1393263517,-0.9871216,-0.3276062,-0.1154633,-16.17874,37.76622,-38.0889,268.2071,267.4961,26,0.2981893,0.1083084,-0.06623308,0.7294754,-1.646349,-0.1316095,0.2873861,0.02409128,-0.02559562,-0.03206025,-0.415791,-0.1344294,3
2014-02-24 18:38:38.532,514,51.4,43.6067,3.913371,15.17023,0,9.937381,9.5,5,1393263517,-0.9728546,-0.3134613,-0.0471344,-15.52093,38.41872,-39.22677,268.1953,267.4843,26,0.303623,-0.03471297,0.04431367,0.734911,-1.644342,-0.1315374,0.2851531,0.09856554,-0.06505621,-0.1179469,-0.4316802,-0.1225887,3
2014-02-24 18:38:38.652,515,51.5,43.6067,3.913371,15.17023,0,9.937381,9.5,5,1393263517,-0.9420624,-0.1879272,-0.1110992,-15.84983,38.41872,-39.68192,268.196,267.485,26,0.3113835,0.0328983,-0.01258051,0.7404304,-1.643799,-0.1318727,0.2905868,-0.04445576,0.04549053,0.001555445,-0.459097,-0.1877675,3
2014-02-24 18:38:38.759,516,51.6,43.6067,3.913371,15.17023,0,9.937381,9.5,5,1393263518,-1.006729,-0.3637543,-0.06666565,-15.79502,37.38561,-37.2355,268.1758,267.4648,26,0.2988658,0.08621771,0.00554843,0.7459558,-1.643055,-0.1322587,0.2982421,0.02315147,-0.01145026,0.0158252,-0.4453347,-0.1187,3
2014-02-24 18:38:38.861,517,51.7,43.6067,3.913371,15.17023,0,9.937381,9.5,5,1393263518,-1.022751,-0.2375031,-0.04338074,-16.94618,37.65748,-37.63375,268.1633,267.4523,26,0.3054624,-0.04435521,-0.02948013,0.7514072,-1.640704,-0.1328164,0.2857245,0.07647093,0.006678672,0.04670945,-0.3203535,-0.1803347,3
2014-02-24 18:38:38.997,518,51.8,43.6067,3.913371,15.17023,0,9.937381,9.5,5,1393263518,-1.022751,-0.2375031,-0.04338074,-17.43953,38.0381,-38.60094,268.1429,267.4319,26,0.3096529,0.07979177,0.04208088,0.7625519,-1.639415,-0.1340264,0.2965117,0.07004505,0.04321111,0.0695102,-0.3354841,-0.1035641,3
2014-02-24 18:38:39.087,519,51.9,43.6067,3.913371,15.17023,0,9.937381,9.5,5,1393263518,-0.9466248,-0.2302094,-0.04161072,-17.22026,38.69059,-38.71472,268.1374,267.4264,26,0.3174983,0.04883119,-0.0103312,0.7625519,-1.639415,-0.1340264,0.2965117,0.07004505,0.04321111,0.0695102,-0.3354841,-0.1035641,3
2014-02-24 18:38:39.281,520,52,43.6067,3.913371,15.17023,0,9.937381,9.5,5,1393263518,-1.039261,-0.3284912,-0.1219177,-15.46612,37.92935,-38.48715,268.1005,267.3895,26,0.3075666,0.100916,-0.007415572,0.7794532,-1.63504,-0.1347987,0.2944255,0.09116936,-0.00628535,0.04225947,-0.3646002,-0.1052274,3
2014-02-24 18:38:39.493,521,52.1,43.6067,3.913371,15.17023,0,9.937381,9.5,5,1393263519,-0.956131,-0.2520142,-0.04934692,-14.31495,37.87498,-38.0889,268.0667,267.3557,26,0.3237746,-0.02595757,-0.01423353,0.785069,-1.633257,-0.1348924,0.3106336,-0.03570412,-0.01310331,-0.05027739,-0.4629748,-0.183771,3
2014-02-24 18:38:39.586,522,52.2,43.6067,3.913371,15.17023,0,9.937381,9.5,5,1393263519,-1.006744,-0.2398071,-0.1729126,-14.86313,37.22248,-37.86132,268.0392,267.3282,26,0.3102143,0.1199975,-0.03338486,0.7908043,-1.632309,-0.1352781,0.2970734,0.110251,-0.03225464,0.03285885,-0.3868801,-0.1102592,3
2014-02-24 18:38:39.788,523,52.3,43.6067,3.913371,15.17023,0,9.937381,9.5,5,1393263519,-1.044266,-0.3322906,-0.1112213,-15.4113,36.02626,-37.29239,268.0183,267.3073,26,0.3370925,-0.1263936,0.02793336,0.802286,-1.630375,-0.135982,0.3239517,-0.1361401,0.02906357,-0.09149461,-0.476704,-0.1247291,3
2014-02-24 18:38:39.927,524,52.4,43.6067,3.913371,15.17023,0,9.937381,9.5,5,1393263519,-1.044266,-0.3322906,-0.1112213,-16.17874,36.135,-36.72345,268.0075,267.2965,26,0.3188195,0.0193183,-0.017069,0.8081166,-1.629228,-0.1363391,0.3054169,0.1049202,0.001897725,-0.01687577,-0.369697,-0.08449876,3
2014-02-24 18:38:40.100,525,52.5,43.6067,3.913371,15.17023,0,9.937381,9.5,5,1393263519,-0.9906006,-0.3290253,-0.04429626,-16.12392,36.84187,-38.032,267.9872,267.2762,26,0.3258202,0.01295654,0.03115712,0.8197287,-1.627082,-0.1368411,0.3129674,-0.05706939,0.005896985,0.01516032,-0.3785714,-0.1765491,3
2014-02-24 18:38:40.233,526,52.6,43.6067,3.913371,15.17023,0,9.937381,9.5,5,1393263519,-0.9205322,-0.2542572,-0.1103516,-16.28837,36.24375,-38.65783,267.9534,267.2424,26,0.3371884,0.01275468,-0.005097557,0.8255973,-1.626891,-0.137176,0.3126795,0.003210241,0.03228731,-0.001552569,-0.4657714,-0.09983464,3
2014-02-24 18:38:40.382,527,52.7,43.6067,3.913371,15.17023,0,9.937381,9.5,5,1393263519,-1.026367,-0.3442078,-0.04948425,-15.19203,36.89624,-38.99919,267.9364,267.2254,26,0.3261147,-0.0201604,-0.000190416,0.8314261,-1.625207,-0.1372898,0.3240478,0.003008391,-0.003967371,0.09790451,-0.3255491,-0.1136557,3
2014-02-24 18:38:40.509,528,52.8,43.6067,3.913371,15.17023,0,9.937381,9.5,5,1393263519,-0.9337921,-0.2019958,-0.09919739,-13.98605,36.67875,-39.11298,267.9211,267.2101,26,0.3210955,0.0727248,-0.002318015,0.8373614,-1.625344,-0.1377748,0.3129742,-0.02990664,0.0009397637,0.07634632,-0.3495586,-0.122638,3
2014-02-24 18:38:40.702,529,52.9,43.6067,3.913371,15.17023,0,9.937381,9.5,5,1393263520,-1.049545,-0.3270264,-0.08987427,-15.63057,36.89624,-38.77161,267.9041,267.1931,26,0.3235655,0.03198137,0.00279552,0.8491145,-1.623214,-0.1384602,0.3240184,-0.02865913,0.004553398,-0.01674425,-0.4480158,-0.131604,3
2014-02-24 18:38:40.821,530,53,43.6067,3.913371,15.17023,0,9.937381,9.5,5,1393263520,-1.092728,-0.380722,-0.0597229,-16.23356,37.27686,-38.37336,267.8959,267.1849,26,0.3200009,0.03748905,-0.01371581,0.8549518,-1.622178,-0.1388359,0.3104251,0.02223524,0.003925687,-0.01459139,-0.4632347,-0.1090008,3
2014-02-24 18:38:40.961,531,53.1,43.6067,3.913371,15.17023,0,9.937381,9.5,5,1393263520,-0.8844604,-0.1436615,-0.02102661,-16.56246,38.36434,-37.69064,267.873,267.162,26,0.3332749,-0.06630019,0.03434892,0.8607479,-1.620748,-0.139318,0.3068605,0.02774296,-0.01258565,-0.06046961,-0.4658941,-0.1393217,3
2014-02-24 18:38:41.053,532,53.2,43.6067,3.913371,15.17023,0,9.937381,9.5,5,1393263520,-1.089081,-0.197937,-0.1585693,-16.34319,37.38561,-38.82851,267.8496,267.1386,26,0.3345751,0.05477084,0.007371364,0.8666853,-1.620732,-0.1397026,0.3201346,-0.07604624,0.03547908,-0.1037046,-0.5199707,-0.1091516,3
2014-02-24 18:38:41.193,533,53.3,43.6067,3.913371,15.17023,0,9.937381,9.5,5,1393263520,-1.089081,-0.197937,-0.1585693,-15.84984,38.09247,-38.65783,267.8442,267.1332,26,0.31879,0.1110437,-0.0273496,0.878355,-1.617213,-0.1400457,0.3056497,0.1012977,-0.02621945,-0.1389392,-0.5066385,-0.1198594,3
2014-02-24 18:38:41.292,534,53.4,43.6067,3.913371,15.17023,0,9.937381,9.5,5,1393263520,-1.112488,-0.3503265,-0.0592041,-16.83654,37.43998,-38.43026,267.8353,267.1243,26,0.328658,-0.1164465,0.004293282,0.8844129,-1.617339,-0.1399357,0.3155179,-0.1261924,0.005423427,0.04155131,-0.3404683,-0.1873675,3
2014-02-24 18:38:41.482,535,53.5,43.6067,3.913371,15.17023,0,9.937381,9.5,5,1393263520,-1.011978,-0.3175354,-0.03877258,-15.13721,37.16811,-38.25957,267.8181,267.1071,26,0.3301257,-0.009123458,-0.04131814,0.8905286,-1.617939,-0.1399596,0.3169856,-0.01886938,-0.040188,-0.1233663,-0.4898296,-0.105869,3
2014-02-24 18:38:41.597,536,53.6,43.6067,3.913371,15.17023,0,9.937381,9.5,5,1393263521,-0.9228821,-0.1875,-0.1284332,-15.08239,37.00499,-38.20268,267.8027,267.0917,26,0.3299081,0.155237,-0.03940493,0.8964916,-1.615361,-0.1394019,0.3167681,0.1454911,-0.03827479,-0.02266209,-0.4564862,-0.08289067,3
2014-02-24 18:38:41.684,537,53.7,43.6067,3.913371,15.17023,0,9.937381,9.5,5,1393263521,-0.9511871,-0.2891388,-0.06362915,-16.12392,37.05936,-37.69064,267.7926,267.0816,26,0.324177,0.03704457,-0.07349978,0.9024379,-1.613048,-0.1387795,0.311037,0.02729874,-0.07236965,0.06661961,-0.3258344,-0.1702661,3
2014-02-24 18:38:41.912,538,53.8,43.6067,3.913371,15.17023,0,9.937381,9.5,5,1393263521,-1.066956,-0.381958,-0.150116,-16.67209,36.95062,-37.91821,267.7731,267.0621,26,0.3383029,0.1057067,-0.004820854,0.9147165,-1.613214,-0.1387884,0.325163,0.09596095,-0.003690729,0.01348031,-0.4076609,-0.06218468,3
2014-02-24 18:38:42.113,539,53.9,43.6067,3.913371,15.17023,0,9.937381,9.5,5,1393263521,-0.8831635,-0.1996155,-0.02841187,-15.90465,37.92935,-39.05609,267.7555,267.0445,26,0.3195495,0.08321233,0.03510366,0.9266323,-1.609016,-0.1392324,0.3340003,-0.1238099,0.002058227,0.04247129,-0.3890119,-0.08903426,3
2014-02-24 18:38:42.316,540,54,43.6067,3.913371,15.17023,0,9.937381,9.5,5,1393263521,-1.007584,-0.3482513,-0.1350708,-15.95947,37.65747,-37.74754,267.4418,266.7308,26,0.3368758,0.02890915,0.03110785,0.9387071,-1.605592,-0.1401405,0.3251429,0.1299425,-0.006368821,-0.0120967,-0.3678774,-0.1030202,3
2014-02-24 18:38:42.515,541,54.1,43.6067,3.913371,15.17023,0,9.937381,9.5,5,1393263521,-0.9716797,-0.3175507,-0.05586243,-15.02758,37.27686,-37.57685,267.5312,266.8202,26,0.3522076,-0.04284893,-0.02787264,0.9446662,-1.602875,-0.1405386,0.3237361,0.01916357,0.03223795,-0.01795233,-0.4883277,-0.166828,3
2014-02-24 18:38:42.645,542,54.2,43.6067,3.913371,15.17023,0,9.937381,9.5,5,1393263522,-1.032761,-0.260788,-0.1203918,-15.02758,36.95061,-37.12171,267.5114,266.8004,26,0.3287694,0.1415531,-0.04866714,0.9509559,-1.603666,-0.140757,0.3390679,-0.05259449,-0.02674254,-0.01961052,-0.3688998,-0.1801825,3
2014-02-24 18:38:42.750,543,54.3,43.6067,3.913371,15.17023,0,9.937381,9.5,5,1393263522,-0.9742584,-0.1851959,-0.1105042,-15.52093,37.22248,-37.74754,267.4326,266.7216,26,0.3359402,0.06144152,-0.01027714,0.9569957,-1.600702,-0.1405832,0.3156298,0.1318076,-0.04753704,-0.02553654,-0.3441153,-0.1072884,3
2014-02-24 18:38:42.865,544,54.4,43.6067,3.913371,15.17023,0,9.937381,9.5,5,1393263522,-1.131393,-0.3549805,-0.06915283,-15.35648,36.95061,-37.91822,267.4331,266.7221,26,0.3449284,-0.01696993,-0.04461887,0.9631464,-1.598627,-0.1402257,0.3228006,0.05169605,-0.009147049,-0.07242431,-0.4795646,-0.1282011,3
2014-02-24 18:38:42.954,545,54.5,43.6067,3.913371,15.17023,0,9.937381,9.5,5,1393263522,-0.9741211,-0.2438965,-0.08666992,-16.78172,37.05937,-37.46307,267.3557,266.6447,26,0.3462874,0.05310157,-0.07109788,0.969359,-1.597302,-0.1397471,0.3317889,-0.02671536,-0.04348878,0.001484861,-0.3612012,-0.1493365,3
2014-02-24 18:38:43.095,546,54.6,43.6067,3.913371,15.17023,0,9.937381,9.5,5,1393263522,-0.9691925,-0.2351227,-0.09934998,-16.23356,36.95062,-38.14579,267.285,266.574,26,0.3312421,0.1392964,-0.04979445,0.9757439,-1.59701,-0.139156,0.3331479,0.04335616,-0.0699678,-0.1414003,-0.4936878,-0.09511036,3
2014-02-24 18:38:43.211,547,54.7,43.6067,3.913371,15.17023,0,9.937381,9.5,5,1393263522,-0.9710999,-0.2390747,-0.1013031,-15.63057,36.89624,-38.54404,267.2704,266.5594,26,0.3446623,-0.04161536,-0.008014517,0.9817586,-1.593536,-0.1381911,0.3181027,0.129551,-0.04866438,0.01608964,-0.3816482,-0.1091904,3
2014-02-24 18:38:43.395,548,54.8,43.6067,3.913371,15.17023,0,9.937381,9.5,5,1393263522,-0.9710999,-0.2390747,-0.1013031,-15.90465,36.29813,-38.82851,267.1787,266.4677,26,0.3545983,-0.006535397,-0.02468484,0.9942176,-1.592349,-0.1371613,0.341459,-0.01628069,-0.02355477,-0.08297095,-0.5240303,-0.1042037,3
2014-02-24 18:38:43.518,549,54.9,43.6067,3.913371,15.17023,0,9.937381,9.5,5,1393263522,-1.041718,-0.2919006,-0.1729126,-15.63057,37.00499,-37.86132,267.3694,266.6584,26,0.3460727,0.0001043959,-0.03656254,0.9942176,-1.592349,-0.1371613,0.341459,-0.01628069,-0.02355477,-0.08297095,-0.5240303,-0.1042037,3
2014-02-24 18:38:43.681,550,55,43.6067,3.913371,15.17023,0,9.937381,9.5,5,1393263523,-1.036224,-0.3022156,-0.06550598,-16.56246,36.84187,-37.34928,267.2871,266.5761,26,0.3542156,-0.08653755,0.03474733,1.013072,-1.588746,-0.136909,0.3410764,-0.09628275,0.03587739,-0.05123451,-0.4283823,-0.1906931,3
2014-02-24 18:38:43.783,551,55.1,43.6067,3.913371,15.17023,0,9.937381,9.5,5,1393263523,-0.914505,-0.1782227,-0.06402588,-16.39801,37.33123,-38.0889,267.3208,266.6098,26,0.3668906,-0.08680414,-0.01087928,1.019518,-1.589759,-0.1370356,0.3537515,-0.09654929,-0.009749225,-0.04577715,-0.4388227,-0.08428933,3
2014-02-24 18:38:43.988,552,55.2,43.6067,3.913371,15.17023,0,9.937381,9.5,5,1393263523,-1.063248,-0.3085175,-0.05406189,-17.93289,36.46125,-38.43026,267.17,266.459,26,0.3497767,-0.04402924,-0.031404,1.031995,-1.586618,-0.1364425,0.3366376,-0.05377433,-0.03027395,-0.02572948,-0.4111812,-0.1416202,3
2014-02-24 18:38:44.229,553,55.3,43.6067,3.913371,15.17023,0,9.937381,9.5,5,1393263523,-0.9551544,-0.2754364,-0.1135101,-17.05581,36.13501,-39.11298,267.1848,266.4738,26,0.3461859,-0.04868418,-0.04312377,1.044605,-1.585413,-0.136102,0.3400844,0.001963856,-0.008495694,-0.01875284,-0.4206248,-0.09248433,3
2014-02-24 18:38:44.360,554,55.4,43.6067,3.913371,15.17023,0,9.937381,9.5,5,1393263523,-0.9438782,-0.2983551,-0.07421875,-17.60398,37.11374,-40.02327,267.093,266.382,26,0.3461859,-0.04868418,-0.04312377,1.050903,-1.58565,-0.135794,0.333047,-0.05842914,-0.04199374,0.03188359,-0.4071666,-0.05028446,3
2014-02-24 18:38:44.488,555,55.5,43.6067,3.913371,15.17023,0,9.937381,9.5,5,1393263523,-0.9438782,-0.2983551,-0.07421875,-17.6588,36.95062,-38.48715,267.1747,266.4637,26,0.3434333,-0.01785303,-0.0117773,1.057119,-1.584123,-0.1353436,0.3280481,0.05820988,-0.05021891,0.09889082,-0.2917301,-0.07907615,3
2014-02-24 18:38:44.684,556,55.6,43.6067,3.913371,15.17023,0,9.937381,9.5,5,1393263523,-0.8545685,-0.3890991,-0.06668091,-17.22026,36.08064,-39.05609,267.0933,266.3823,26,0.3437142,0.1007381,-0.0645489,1.069611,-1.583453,-0.1346252,0.3302141,-0.02762027,-0.01303668,0.005856465,-0.490237,-0.0497426,3
2014-02-24 18:38:44.821,557,55.7,43.6067,3.913371,15.17023,0,9.937381,9.5,5,1393263524,-0.8912354,-0.2247772,-0.08389282,-17.93288,35.59127,-39.11298,266.9648,266.2538,26,0.3508619,-0.01670841,-0.01758299,1.075809,-1.581573,-0.1340139,0.3304762,0.09098922,-0.06346232,0.03751533,-0.4243846,-0.03141683,3
2014-02-24 18:38:44.997,558,55.8,43.6067,3.913371,15.17023,0,9.937381,9.5,5,1393263524,-1.071442,-0.3296814,-0.1086273,-17.3299,36.95062,-38.48715,266.9149,266.2039,26,0.3431502,0.1454392,-0.001642904,1.088499,-1.5807,-0.1337926,0.339852,-0.03866323,0.01414486,-0.01273915,-0.518602,-0.002200471,3
2014-02-24 18:38:45.120,559,55.9,43.6067,3.913371,15.17023,0,9.937381,9.5,5,1393263524,-1.003662,-0.3228912,-0.06399536,-16.7269,36.57,-38.31647,266.904,266.193,26,0.3532374,0.01622345,-0.01201565,1.100975,-1.575958,-0.1334676,0.3451368,0.0006418984,-0.03663151,-0.08034845,-0.4627531,-0.1137426,3
2014-02-24 18:38:45.244,560,56,43.6067,3.913371,15.17023,0,9.937381,9.5,5,1393263524,-0.9477386,-0.2057343,-0.1061401,-16.50764,36.89624,-38.54404,266.9417,266.2307,26,0.3531319,0.09104176,-0.01040098,1.107486,-1.575244,-0.1333483,0.3399996,0.006474799,-0.01092908,-0.00527119,-0.461109,-0.08585981,3
2014-02-24 18:38:45.317,561,56.1,43.6067,3.913371,15.17023,0,9.937381,9.5,5,1393263524,-0.9477386,-0.2057343,-0.1061401,-17.05581,36.3525,-39.45434,266.9778,266.2668,26,0.3543437,0.06616464,-0.004281031,1.120267,-1.571314,-0.1331095,0.341106,0.05641606,-0.003194471,-0.07247528,-0.4594074,-0.08761073,3
2014-02-24 18:38:45.514,562,56.2,43.6067,3.913371,15.17023,0,9.937381,9.5,5,1393263524,-1.07402,-0.3622437,-0.06745911,-17.00099,37.27686,-39.16987,266.7731,266.0621,26,0.3485204,0.03636227,-0.0404124,1.133035,-1.568365,-0.1328767,0.3352828,0.02661375,-0.03932585,-0.05729523,-0.4234864,-0.06819295,3
2014-02-24 18:38:45.633,563,56.3,43.6067,3.913371,15.17023,0,9.937381,9.5,5,1393263524,-1.076096,-0.3513947,-0.09291077,-16.78172,36.62437,-39.28366,266.7702,266.0592,26,0.3458059,0.09998599,-0.01877023,1.139357,-1.566462,-0.1327683,0.3325683,0.09023751,-0.01768368,-0.08283047,-0.4946222,-0.06316294,3
2014-02-24 18:38:45.721,564,56.4,43.6067,3.913382,17.91234,1.084305,23.613,9.5,5,1393263525,-0.9133911,-0.2242279,-0.07635498,-16.34319,36.18938,-38.71473,266.7693,266.0583,26,0.3429667,0.09014747,0.02939571,1.145569,-1.564263,-0.1327905,0.3297292,0.08039904,0.03048225,-0.08492044,-0.4837952,-0.08643463,3
2014-02-24 18:38:45.820,565,56.5,43.6067,3.913382,17.91234,1.084305,23.613,9.5,5,1393263525,-0.9104156,-0.225235,-0.06950378,-16.72691,36.67875,-39.68192,266.7637,266.0527,26,0.3631236,-0.02109969,-0.01155652,1.152002,-1.563364,-0.1325863,0.3498861,-0.03084808,-0.01046998,0.07780481,-0.3564261,-0.06898801,3
2014-02-24 18:38:45.941,566,56.6,43.6067,3.913382,17.91234,1.084305,23.613,9.5,5,1393263525,-0.987442,-0.3829041,-0.03507996,-17.71362,36.24376,-38.8854,266.7509,266.0399,26,0.3531599,0.07516586,-0.01141884,1.158352,-1.561656,-0.1323731,0.3399225,0.06541749,-0.0103323,-0.03534023,-0.5658094,-0.01535352,3
2014-02-24 18:38:46.055,567,56.7,43.6067,3.913382,17.91234,1.084305,23.613,9.5,5,1393263525,-0.9982147,-0.3156128,-0.144928,-16.34319,37.16811,-38.82851,266.6864,265.9754,26,0.3459513,0.07267474,-0.03257952,1.164628,-1.559946,-0.132279,0.3327139,0.06292641,-0.03149298,0.01914438,-0.4247097,-0.07260361,3
2014-02-24 18:38:46.136,568,56.8,43.6067,3.913382,17.91234,1.084305,23.613,9.5,5,1393263525,-1.02121,-0.2605133,-0.0480957,-17.71362,36.57,-37.86132,266.6517,265.9407,26,0.3477034,0.1356489,0.04542074,1.170862,-1.556626,-0.132487,0.3344661,0.1259006,0.04650727,0.1524681,-0.3232466,-0.08412899,3
2014-02-24 18:38:46.264,569,56.9,43.6067,3.913382,17.91234,1.084305,23.613,9.5,5,1393263525,-1.02121,-0.2605133,-0.0480957,-17.71362,36.89624,-38.31647,266.6428,265.9318,26,0.3393813,0.1964292,0.0001696434,1.177446,-1.55648,-0.1325763,0.3570702,-0.06455851,0.01925541,-0.00709168,-0.4478011,-0.1307376,3
2014-02-24 18:38:46.405,570,57,43.6067,3.913382,17.91234,1.084305,23.613,9.5,5,1393263525,-0.929657,-0.1963501,-0.1362457,-17.001,37.38561,-38.82851,266.6355,265.9245,26,0.3620195,0.009332782,-0.0318072,1.183666,-1.553431,-0.1329709,0.326144,0.1866809,0.001256163,-0.03018676,-0.3930927,-0.03088488,3
2014-02-24 18:38:46.521,571,57.1,43.6067,3.913382,17.91234,1.084305,23.613,9.5,5,1393263525,-0.9969482,-0.2094879,-0.08914185,-17.27508,37.33123,-38.31647,266.6137,265.9027,26,0.3568966,0.1181685,-0.02353382,1.190075,-1.551329,-0.1324626,0.3487823,-0.0004153916,-0.03072068,0.06139485,-0.3284257,-0.1169504,3
2014-02-24 18:38:46.645,572,57.2,43.6067,3.913382,17.91234,1.084305,23.613,9.5,5,1393263525,-1.021194,-0.3835297,-0.08912659,-17.05581,36.78749,-37.97511,266.6038,265.8928,26,0.376669,0.06050302,-0.02512692,1.196552,-1.549469,-0.1323839,0.3436595,0.1084203,-0.02244731,-0.005923626,-0.3414854,-0.06800266,3
2014-02-24 18:38:46.756,573,57.3,43.60671,3.913387,17.99188,1.623413,22.47359,9.5,5,1393263526,-0.995224,-0.3605652,-0.144577,-15.68538,36.62437,-38.71473,266.207,265.496,26,0.3540857,0.1252836,0.01860165,1.203198,-1.547683,-0.131635,0.3634319,0.0507549,-0.02404042,-0.0002644381,-0.3531637,-0.1109386,3
2014-02-24 18:38:46.839,574,57.4,43.60671,3.913387,17.99188,1.623413,22.47359,9.5,5,1393263526,-0.9952393,-0.3185577,-0.130249,-15.46612,35.97188,-37.80443,266.1941,265.4831,26,0.3460469,-0.002134257,-0.0330216,1.209532,-1.545091,-0.1313988,0.3408487,0.1155355,0.01968815,0.08446637,-0.3805785,-0.08183373,3
2014-02-24 18:38:46.938,575,57.5,43.60671,3.913387,17.99188,1.623413,22.47359,9.5,5,1393263526,-0.8544464,-0.2321014,-0.1536407,-16.17874,36.13501,-37.97511,266.1867,265.4757,26,0.3632523,0.0817918,-0.04306038,1.215822,-1.543713,-0.1302975,0.33281,-0.01188229,-0.0319351,0.1237738,-0.373551,-0.1053972,3
2014-02-24 18:38:47.049,576,57.6,43.60671,3.913387,17.99188,1.623413,22.47359,9.5,5,1393263526,-0.9691925,-0.2107544,-0.17659,-16.83655,36.57,-37.97511,266.176,265.465,26,0.3382814,0.08308663,0.001265268,1.222298,-1.541359,-0.1302714,0.3500153,0.07204379,-0.04197389,-0.004142166,-0.448461,-0.1010652,3
2014-02-24 18:38:47.154,577,57.7,43.60671,3.913387,17.99188,1.623413,22.47359,9.5,5,1393263526,-1.063034,-0.339035,-0.1338196,-17.22026,36.95062,-37.34928,266.1709,265.4599,26,0.361607,0.03803713,0.01483301,1.228682,-1.539808,-0.129445,0.3250445,0.07333867,0.00235176,0.1367112,-0.3611853,-0.122917,3
2014-02-24 18:38:47.281,578,57.8,43.60671,3.913387,17.99188,1.623413,22.47359,9.5,5,1393263526,-0.9862823,-0.2718201,-0.1236725,-16.94618,37.65748,-37.74754,266.1679,265.4569,26,0.3652834,0.04260871,0.01599654,1.23515,-1.538032,-0.1298157,0.3483701,0.02828921,0.0159195,0.02186107,-0.3402058,-0.1441068,3
2014-02-24 18:38:47.464,579,57.9,43.60671,3.913387,17.99188,1.623413,22.47359,9.5,5,1393263526,-0.9745789,-0.4074097,-0.07278442,-17.3299,36.62437,-38.71472,266.1578,265.4468,26,0.366256,0.002115349,0.05394046,1.241616,-1.536712,-0.1297887,0.3520467,0.03286083,0.01708303,-0.07202073,-0.4684596,-0.1000281,3
2014-02-24 18:38:47.582,580,58,43.60671,3.913387,17.99188,1.623413,22.47359,9.5,5,1393263526,-0.9745789,-0.4074097,-0.07278442,-15.4113,37.11374,-38.0889,266.252,265.541,26,0.3767199,-0.008602276,-0.02093271,1.254923,-1.535269,-0.1296239,0.3634832,-0.0183501,-0.01984624,0.09401217,-0.357136,-0.08188899,3
2014-02-24 18:38:47.666,581,58.1,43.60671,3.913387,17.99188,1.623413,22.47359,9.5,5,1393263526,-1.003464,-0.3026123,-0.1558228,-16.28837,36.89624,-38.43026,266.1518,265.4408,26,0.3590932,0.1003325,0.01185453,1.2614,-1.532904,-0.1300081,0.3458566,0.09058469,0.012941,0.03473335,-0.3504826,-0.1144141,3
2014-02-24 18:38:47.772,582,58.2,43.60673,3.913397,18.56472,2.121423,20.85823,9.539691,10,1393263527,-0.9241333,-0.2555542,-0.1630707,-16.28837,36.89624,-38.54404,266.1559,265.4449,26,0.3581462,0.03551885,-0.01333019,1.267913,-1.531348,-0.1300031,0.3449096,0.02577109,-0.01224372,-0.01267367,-0.4322495,-0.1167176,3
2014-02-24 18:38:47.869,583,58.3,43.60673,3.913397,18.56472,2.121423,20.85823,9.539691,10,1393263527,-0.9284515,-0.2570801,-0.1143341,-16.94618,37.00499,-38.77162,266.1561,265.4451,26,0.3527698,0.009887785,0.04669667,1.27454,-1.530638,-0.1304221,0.3395332,0.0001400745,0.04778313,0.06657439,-0.3856069,-0.1232642,3
2014-02-24 18:38:47.988,584,58.4,43.60673,3.913397,18.56472,2.121423,20.85823,9.539691,10,1393263527,-0.9616699,-0.1889496,-0.1756897,-16.17874,36.13501,-38.65783,265.9389,265.2279,26,0.3578857,0.006340188,0.02331811,1.281056,-1.529123,-0.1303117,0.3445036,0.08163844,0.02943874,0.06220905,-0.3870232,-0.07302593,3
2014-02-24 18:38:48.092,585,58.5,43.60673,3.913397,18.56472,2.121423,20.85823,9.539691,10,1393263527,-0.941925,-0.2085266,-0.06413269,-16.72691,36.78749,-38.20268,265.8083,265.0973,26,0.3654456,0.02546941,-0.001430916,1.287447,-1.527082,-0.1302463,0.3446493,-0.003407459,0.02440456,-0.03001667,-0.4310564,-0.1049087,3
2014-02-24 18:38:48.170,586,58.6,43.60673,3.913397,18.56472,2.121423,20.85823,9.539691,10,1393263527,-0.9586639,-0.1851044,-0.1844635,-16.83654,36.3525,-38.43026,265.8576,265.1466,26,0.3541783,0.1602869,0.001837581,1.294007,-1.527262,-0.1300136,0.3522092,0.01572181,-0.0003444652,-0.06214422,-0.452493,-0.02920417,3
2014-02-24 18:38:48.301,587,58.7,43.60673,3.913397,18.56472,2.121423,20.85823,9.539691,10,1393263527,-0.9777527,-0.2549286,-0.1071014,-16.72691,36.3525,-39.34055,265.8608,265.1498,26,0.374057,-0.03106498,0.007415306,1.300358,-1.523845,-0.1295504,0.340942,0.1505393,0.002924027,-0.03458867,-0.4200056,-0.06475694,3
2014-02-24 18:38:48.511,588,58.8,43.60673,3.913397,18.56472,2.121423,20.85823,9.539691,10,1393263527,-0.9226379,-0.2062683,-0.1029205,-16.78173,37.05936,-39.05609,265.7267,265.0157,26,0.3582687,0.03653138,-0.0285893,1.30688,-1.522673,-0.1289821,0.3608207,-0.04081249,0.008501748,-0.01246074,-0.4482659,-0.1187222,3
2014-02-24 18:38:48.698,589,58.9,43.60673,3.913397,18.56472,2.121423,20.85823,9.539691,10,1393263527,-0.9512634,-0.1826782,-0.1034393,-16.89136,36.29813,-38.82851,265.7158,265.0048,26,0.3657277,0.0444391,-0.03915273,1.319913,-1.519819,-0.1279532,0.3560007,0.0858406,-0.02328122,0.06789875,-0.3338726,-0.05238142,3
2014-02-24 18:38:48.895,590,59,43.60673,3.913397,18.56472,2.121423,20.85823,9.539691,10,1393263527,-0.9553833,-0.274231,-0.08427429,-16.89136,37.71185,-37.80443,265.7171,265.0061,26,0.3557973,0.07048456,-0.03246367,1.339318,-1.514555,-0.126674,0.3425612,0.0607372,-0.03137724,-0.03823689,-0.3960193,-0.04403107,3
2014-02-24 18:38:49.028,591,59.1,43.60675,3.913409,18.59322,2.027039,18.56462,9.54507,10,1393263528,-0.9622498,-0.231308,-0.1022339,-17.00099,36.51562,-37.91822,265.7134,265.0024,26,0.3567589,0.1386796,-0.009657954,1.339318,-1.514555,-0.126674,0.3425612,0.0607372,-0.03137724,-0.03823689,-0.3960193,-0.04403107,3
2014-02-24 18:38:49.181,592,59.2,43.60675,3.913409,18.59322,2.027039,18.56462,9.54507,10,1393263528,-0.9616547,-0.2865601,-0.1544952,-18.70032,37.87498,-37.63375,265.7153,265.0043,26,0.3530702,0.1284602,-0.008420383,1.358711,-1.508175,-0.1257409,0.3398343,0.118713,-0.007333972,0.02791068,-0.3567178,-0.04014783,3
2014-02-24 18:38:49.282,593,59.3,43.60675,3.913409,18.59322,2.027039,18.56462,9.54507,10,1393263528,-0.9035339,-0.2018433,-0.12323,-18.09734,38.14685,-38.48715,265.7115,265.0005,26,0.3692127,0.01749963,-0.009528524,1.365198,-1.506377,-0.1251247,0.3559768,0.007752439,-0.008442119,0.02846944,-0.4113585,-0.09062351,3
2014-02-24 18:38:49.467,594,59.4,43.60675,3.913409,18.59322,2.027039,18.56462,9.54507,10,1393263528,-0.8879242,-0.2310333,-0.1082153,-17.54917,38.14685,-39.05608,265.7092,264.9982,26,0.3571014,0.08853439,-0.04435841,1.371625,-1.504283,-0.1245692,0.3438657,0.07878724,-0.04327201,0.08652327,-0.3260905,-0.0572804,3
2014-02-24 18:38:49.602,595,59.5,43.60675,3.913409,18.59322,2.027039,18.56462,9.54507,10,1393263528,-0.9937897,-0.3141632,-0.2073212,-15.0824,37.22248,-38.43026,265.7278,265.0168,26,0.3602522,0.1128645,0.01878194,1.378136,-1.502143,-0.124186,0.3470165,0.1031174,0.01986834,0.06906284,-0.4519158,-0.03982409,3
2014-02-24 18:38:49.716,596,59.6,43.60677,3.913417,22.71538,1.650104,18.92691,9.52212,10,1393263529,-1.011856,-0.26297,-0.08502197,-17.27508,38.30997,-37.63374,265.7552,265.0442,26,0.344277,0.169323,0.007519435,1.384322,-1.498207,-0.1237409,0.3310413,0.1595759,0.008605829,0.04339048,-0.4096039,-0.1164754,3
2014-02-24 18:38:49.908,597,59.7,43.60677,3.913417,22.71538,1.650104,18.92691,9.52212,10,1393263529,-1.026642,-0.251236,-0.1603699,-17.22026,36.84187,-38.03201,265.7795,265.0685,26,0.3456714,0.1838894,-0.01489799,1.397037,-1.495109,-0.1237509,0.3324358,0.1741424,-0.0138116,-0.02234448,-0.3864052,-0.009985141,3
2014-02-24 18:38:50.079,598,59.8,43.60677,3.913417,22.71538,1.650104,18.92691,9.52212,10,1393263529,-1.025192,-0.2809906,-0.1328278,-17.001,37.8206,-39.39745,265.8161,265.1051,26,0.3564534,0.08237503,0.03663977,1.409909,-1.491058,-0.1236345,0.3522533,0.01115194,-0.00499202,-0.03742805,-0.3745557,-0.08132353,3
2014-02-24 18:38:50.186,599,59.9,43.60677,3.913417,22.71538,1.650104,18.92691,9.52212,10,1393263529,-1.013016,-0.2121124,-0.2238922,-15.95947,37.54873,-39.7957,265.8326,265.1216,26,0.3452996,0.1355741,0.03835964,1.416325,-1.489099,-0.1237924,0.3431238,0.07262418,0.03768549,-0.03615461,-0.4044671,-0.05184581,3
2014-02-24 18:38:50.482,600,60,43.60677,3.913417,22.71538,1.650104,18.92691,9.52212,10,1393263529,-1.012405,-0.3112335,-0.1373291,-15.90465,36.84187,-38.1458,265.8861,265.1751,26,0.3519586,0.05814693,-0.01243723,1.429201,-1.485541,-0.1234902,0.3590893,-0.01665424,0.05513372,-0.02762283,-0.4285354,-0.07827676,3
2014-02-24 18:38:50.571,601,60.1,43.6068,3.913429,21.02609,2.203788,17.96249,9.483414,10,1393263530,-1.018173,-0.2889252,-0.1053772,-16.56245,37.49435,-38.71472,265.943,265.232,26,0.3680023,-0.01649083,-0.006862434,1.435726,-1.484401,-0.1232102,0.338629,0.04839618,-0.01139152,0.07515873,-0.3245284,-0.0396709,3
2014-02-24 18:38:50.696,602,60.2,43.6068,3.913429,21.02609,2.203788,17.96249,9.483414,10,1393263530,-0.9886475,-0.2460785,-0.1560822,-16.23356,37.38561,-37.80443,265.9485,265.2375,26,0.3530228,0.1364308,-0.00380619,1.442209,-1.483149,-0.1232023,0.3546728,-0.02624155,-0.005816725,-0.02379468,-0.4341244,-0.05045734,3
2014-02-24 18:38:50.781,603,60.3,43.6068,3.913429,21.02609,2.203788,17.96249,9.483414,10,1393263530,-0.9577789,-0.2991943,-0.09584045,-16.23356,37.49435,-38.60094,265.9543,265.2433,26,0.3638618,0.002031193,0.0457065,1.44866,-1.480887,-0.1228114,0.3396933,0.1266801,-0.002760486,-0.02971372,-0.411428,-0.01626566,3
2014-02-24 18:38:50.885,604,60.4,43.6068,3.913429,21.02609,2.203788,17.96249,9.483414,10,1393263530,-0.9996948,-0.2409363,-0.1708527,-16.23356,37.27686,-38.48715,265.9583,265.2473,26,0.3607569,0.04558027,-0.03334624,1.455146,-1.479919,-0.1222695,0.3505324,-0.007719444,0.0467522,-0.0002087311,-0.3680436,-0.06600779,3
2014-02-24 18:38:51.027,605,60.5,43.6068,3.913429,21.02609,2.203788,17.96249,9.483414,10,1393263530,-0.9996948,-0.2409363,-0.1708527,-16.67209,37.8206,-39.05609,265.9986,265.2876,26,0.3494174,0.05367814,-0.001860218,1.468062,-1.477053,-0.1212292,0.3360881,0.04392757,-0.0008145262,0.0584622,-0.3483495,-0.06066085,3
2014-02-24 18:38:51.269,606,60.6,43.6068,3.913429,21.02609,2.203788,17.96249,9.483414,10,1393263530,-0.9280396,-0.2340851,-0.103775,-15.02758,37.27686,-38.9423,266.0679,265.3569,26,0.3717626,-0.05162325,-0.01000257,1.474593,-1.476733,-0.1205517,0.3584334,-0.06137377,-0.008956879,-0.007724616,-0.3940484,-0.05685818,3
2014-02-24 18:38:51.480,607,60.7,43.6068,3.913429,21.02609,2.203788,17.96249,9.483414,10,1393263530,-0.9280396,-0.3141174,-0.1353607,-17.05581,38.20123,-38.77162,266.1013,265.3903,26,0.3591582,0.09347669,0.004883438,1.481143,-1.475743,-0.120166,0.345829,0.08372618,0.005929124,0.06026755,-0.3539621,-0.009548847,3
2014-02-24 18:38:51.571,608,60.8,43.6068,3.913429,21.02609,2.203788,17.96249,9.483414,10,1393263530,-0.9117126,-0.2786255,-0.1432343,-16.72691,38.41872,-39.56813,266.1095,265.3985,26,0.3517173,0.09460853,0.01183962,1.487508,-1.473249,-0.1191484,0.3383881,0.08485807,0.0128853,0.06015043,-0.4329841,-0.03865867,3
2014-02-24 18:38:51.683,609,60.9,43.60683,3.91344,22.54173,2.266325,17.50392,9.627744,10,1393263531,-0.9251251,-0.1862183,-0.09921265,-16.83654,38.52747,-39.11298,266.1145,265.4035,26,0.3692806,-0.06633828,-0.005190235,1.494039,-1.472826,-0.1184875,0.3559515,-0.0760887,-0.004144559,0.0765143,-0.3968359,-0.04610648,3
2014-02-24 18:38:51.783,610,61,43.60683,3.91344,22.54173,2.266325,17.50392,9.627744,10,1393263531,-0.8721008,-0.2487183,-0.1595764,-16.45282,38.47309,-39.16988,266.124,265.413,26,0.3518347,0.1080785,-0.004714062,1.500565,-1.471274,-0.1183008,0.3385057,0.09832815,-0.00366839,0.06297178,-0.3042434,-0.0005486073,3
2014-02-24 18:38:51.927,611,61.1,43.60683,3.91344,22.54173,2.266325,17.50392,9.627744,10,1393263531,-0.9312439,-0.2787018,-0.07519531,-16.34319,38.14685,-39.62502,266.1766,265.4656,26,0.3604522,0.06285886,0.001675661,1.506986,-1.468818,-0.1175507,0.3471232,0.0531085,0.002721329,0.01259769,-0.4273387,-0.03192744,3
2014-02-24 18:38:52.037,612,61.2,43.60683,3.91344,22.54173,2.266325,17.50392,9.627744,10,1393263531,-0.95961,-0.1499939,-0.1613159,-16.28837,39.39745,-38.77162,266.2122,265.5012,26,0.3677799,-0.0377828,0.02384355,1.513584,-1.468415,-0.117728,0.3544509,-0.04753312,0.02488921,0.04595288,-0.3924043,-0.03919094,3
2014-02-24 18:38:52.168,613,61.3,43.60683,3.91344,22.54173,2.266325,17.50392,9.627744,10,1393263531,-0.95961,-0.1499939,-0.1613159,-15.35648,39.12558,-38.14579,266.2182,265.5072,26,0.351835,0.05826784,0.0028107,1.520099,-1.467115,-0.1172815,0.3331196,0.1304409,0.04875593,0.01408814,-0.38572,0.03581347,3
2014-02-24 18:38:52.268,614,61.4,43.60683,3.91344,22.54173,2.266325,17.50392,9.627744,10,1393263531,-0.9538269,-0.2377319,-0.1352539,-15.02758,38.25559,-38.14579,266.2286,265.5176,26,0.3518712,0.01861044,0.00437078,1.526313,-1.464141,-0.1166919,0.3385062,0.04851758,0.003856358,0.02794562,-0.2664211,-0.05558689,3
2014-02-24 18:38:52.416,615,61.5,43.60683,3.91344,22.54173,2.266325,17.50392,9.627744,10,1393263531,-1.020874,-0.2510986,-0.1242371,-16.23355,38.90808,-37.91821,266.2426,265.5316,26,0.3445161,0.1102226,-0.013017,1.532747,-1.463333,-0.1161909,0.3385424,0.008860226,0.005416433,0.03370075,-0.3536615,-0.02872006,3
2014-02-24 18:38:52.563,616,61.6,43.60683,3.91344,22.54173,2.266325,17.50392,9.627744,10,1393263531,-1.024017,-0.2762909,-0.1679688,-16.34319,40.10431,-38.48715,266.289,265.578,26,0.354128,0.01430064,0.03024312,1.538975,-1.461047,-0.1157906,0.3311874,0.1004725,-0.01197135,-0.03354635,-0.3666306,-0.01544174,3
2014-02-24 18:38:52.651,617,61.7,43.60686,3.91345,24.19796,2.502888,17.03765,9.645745,10,1393263532,-0.9678802,-0.1759186,-0.05004883,-15.68538,40.10431,-39.05609,266.295,265.584,26,0.3576713,-0.01382713,0.05284058,1.545326,-1.459329,-0.1156163,0.3407993,0.004550514,0.03128877,-0.03685814,-0.3916498,-0.05747425,3
2014-02-24 18:38:52.779,618,61.8,43.60686,3.91345,24.19796,2.502888,17.03765,9.645745,10,1393263532,-1.027771,-0.2696533,-0.226593,-14.26014,40.43055,-39.05608,266.3034,265.5924,26,0.3429765,0.2384373,0.005659484,1.551747,-1.459557,-0.1152531,0.3443427,-0.02357723,0.05388622,-0.02476744,-0.4627459,0.02976847,3
2014-02-24 18:38:52.878,619,61.9,43.60686,3.91345,24.19796,2.502888,17.03765,9.645745,10,1393263532,-1.06424,-0.2518921,-0.09254456,-14.86313,39.94119,-38.77162,266.3083,265.5973,26,0.3529567,-0.08651944,0.03825444,1.557946,-1.455805,-0.1146552,0.329648,0.2286873,0.00670512,-0.04507846,-0.4101501,-0.009062293,3
2014-02-24 18:38:52.979,620,62,43.60686,3.91345,24.19796,2.502888,17.03765,9.645745,10,1393263532,-1.026077,-0.3435364,-0.09239197,-15.63057,40.15869,-38.88541,266.3131,265.6021,26,0.3545357,0.04786419,-0.02521641,1.564221,-1.454743,-0.1142421,0.3396282,-0.09626947,0.03930008,0.005750122,-0.3793289,-0.06030079,3
2014-02-24 18:38:53.084,621,62.1,43.60686,3.91345,24.19796,2.502888,17.03765,9.645745,10,1393263532,-0.9806061,-0.249176,-0.1491394,-16.0691,40.37618,-38.65783,266.321,265.61,26,0.3477513,0.1435265,0.03830558,1.570685,-1.454079,-0.1141144,0.3412072,0.0381142,-0.02417078,-0.07750302,-0.365759,0.0231509,3
2014-02-24 18:38:53.180,622,62.2,43.60686,3.91345,24.19796,2.502888,17.03765,9.645745,10,1393263532,-1.017136,-0.2997131,-0.07504272,-15.4113,40.26743,-38.77162,266.3291,265.6181,26,0.3599656,-0.001193363,0.07150907,1.577028,-1.45143,-0.114068,0.3344229,0.1337766,0.0393512,-0.03964539,-0.4573572,0.02591683,3
2014-02-24 18:38:53.294,623,62.3,43.60686,3.91345,24.19796,2.502888,17.03765,9.645745,10,1393263532,-1.017136,-0.2997131,-0.07504272,-14.36977,39.56057,-38.14579,266.3292,265.6182,26,0.360135,0.01675421,0.04787352,1.589908,-1.44966,-0.1141738,0.3468066,0.007004319,0.04891913,-0.02601331,-0.3502082,0.00263675,3
2014-02-24 18:38:53.471,624,62.4,43.60686,3.91345,24.19796,2.502888,17.03765,9.645745,10,1393263532,-0.9872284,-0.3177338,-0.1301727,-14.58904,39.99556,-37.57686,266.3333,265.6223,26,0.3425653,0.1584632,0.06861075,1.589908,-1.44966,-0.1141738,0.3468066,0.007004319,0.04891913,-0.02601331,-0.3502082,0.00263675,3
2014-02-24 18:38:53.580,625,62.5,43.60686,3.91345,24.19796,2.502888,17.03765,9.645745,10,1393263532,-0.9872284,-0.3177338,-0.1301727,-14.91795,39.56057,-38.71473,266.3315,265.6205,26,0.3629617,-0.08660067,0.0184083,1.602647,-1.445488,-0.1145509,0.3496334,-0.09635047,0.01945391,-0.03263855,-0.3133361,-0.1037891,3
2014-02-24 18:38:53.680,626,62.6,43.60686,3.91345,24.19796,2.502888,17.03765,9.645745,10,1393263532,-1.016159,-0.1542664,-0.1014709,-14.75349,40.15868,-38.65784,266.327,265.616,26,0.3537972,0.02934031,0.06880569,1.609199,-1.445721,-0.115262,0.340469,0.01959053,0.0698513,-0.001623638,-0.4327407,-0.006250678,3
2014-02-24 18:38:53.765,627,62.7,43.60689,3.91346,25.58061,2.554738,16.05214,9.556696,10,1393263533,-1.018509,-0.2037048,-0.183075,-15.02758,41.08304,-38.48715,266.3259,265.6149,26,0.3388886,0.1459679,0.0686973,1.615483,-1.443615,-0.1148033,0.3255604,0.1362181,0.0697429,-0.03076525,-0.2688177,0.02453316,3
2014-02-24 18:38:54.050,628,62.8,43.60689,3.91346,25.58061,2.554738,16.05214,9.556696,10,1393263533,-0.9042358,-0.1376648,-0.08081055,-15.57575,40.5393,-38.71472,266.3174,265.6064,26,0.356924,-0.04600664,-0.001988316,1.621803,-1.442183,-0.1145905,0.3435959,-0.05575633,-0.0009427185,-0.0332723,-0.3180448,-0.05565753,3
2014-02-24 18:38:54.147,629,62.9,43.60689,3.91346,25.58061,2.554738,16.05214,9.556696,10,1393263533,-0.9696503,-0.1936951,-0.1659851,-13.98605,41.02866,-38.77162,266.3168,265.6058,26,0.353238,-0.02566302,-0.005741509,1.628185,-1.442617,-0.114152,0.3399099,-0.03541268,-0.004695916,0.08110559,-0.2515691,0.04618588,3
2014-02-24 18:38:54.252,630,63,43.60689,3.91346,25.58061,2.554738,16.05214,9.556696,10,1393263533,-1.004196,-0.2628326,-0.1766052,-14.15051,40.75679,-38.60094,266.3111,265.6001,26,0.3507317,0.1294539,-0.02370293,1.634369,-1.440125,-0.1134546,0.3374036,0.1197042,-0.02265734,-0.0401071,-0.3648745,0.05200819,3
2014-02-24 18:38:54.591,631,63.1,43.60689,3.91346,25.58061,2.554738,16.05214,9.556696,10,1393263533,-1.004196,-0.2628326,-0.1766052,-13.4927,40.43055,-37.91822,266.3029,265.5919,26,0.371887,-0.1185362,-0.01521357,1.640583,-1.43836,-0.1126198,0.328138,0.07612403,0.06448874,0.08261992,-0.4022684,-0.0235415,3
2014-02-24 18:38:54.734,632,63.2,43.60689,3.91346,25.58061,2.554738,16.05214,9.556696,10,1393263533,-0.9666901,-0.2327576,-0.1793365,-15.57575,39.45182,-37.57686,266.469,265.758,26,0.371887,-0.1185362,-0.01521357,1.646913,-1.438604,-0.1118109,0.3585591,-0.1282858,-0.01416799,-0.006278043,-0.2641812,-0.07751161,3
2014-02-24 18:38:54.837,633,63.3,43.60689,3.91346,25.58061,2.554738,16.05214,9.556696,10,1393263533,-0.9666901,-0.2327576,-0.1793365,-14.75349,40.04993,-38.77162,266.4046,265.6936,26,0.3556388,-0.006340454,-0.001214668,1.653355,-1.437399,-0.1116409,0.3272148,0.08147518,0.02571497,0.03352969,-0.3388414,0.04760978,3
2014-02-24 18:38:54.930,634,63.4,43.60689,3.91346,25.58061,2.554738,16.05214,9.556696,10,1393263533,-0.9664764,-0.2222443,-0.102356,-14.64386,40.48493,-38.31647,266.2626,265.5516,26,0.3528585,-0.009443569,0.03867443,1.659653,-1.435972,-0.1107431,0.342311,-0.01608994,-0.0001690928,0.01816468,-0.3432744,-0.0457433,3
2014-02-24 18:38:55.132,635,63.5,43.60692,3.913468,25.48383,2.10701,16.95671,9.469693,10,1393263534,-0.9736481,-0.1887817,-0.186554,-14.09569,40.04993,-37.06481,266.2671,265.5561,26,0.3632315,-0.06535531,-0.01816249,1.672417,-1.435374,-0.1098868,0.3297719,0.04743852,0.01903309,0.05511966,-0.3527841,0.01682347,3
2014-02-24 18:38:55.250,636,63.6,43.60692,3.913468,25.48383,2.10701,16.95671,9.469693,10,1393263534,-0.9785614,-0.1633911,-0.1419373,-14.42459,41.24617,-37.1786,266.2934,265.5824,26,0.3452788,0.03823767,0.05573304,1.67871,-1.434524,-0.109363,0.3499038,-0.07510468,-0.01711693,0.001442564,-0.3233938,-0.01730431,3
2014-02-24 18:38:55.374,637,63.7,43.60692,3.913468,25.48383,2.10701,16.95671,9.469693,10,1393263534,-0.9566345,-0.1656342,-0.1094971,-13.05416,39.99556,-36.78035,266.3008,265.5898,26,0.3494962,-0.03130253,0.001316134,1.685201,-1.434566,-0.1090113,0.3319512,0.02848833,0.05677859,0.07535405,-0.3603367,0.0188835,3
2014-02-24 18:38:55.502,638,63.8,43.60692,3.913468,25.48383,2.10701,16.95671,9.469693,10,1393263534,-0.9926453,-0.2372284,-0.1864166,-14.91795,40.10431,-38.032,266.2923,265.5813,26,0.3323489,0.106597,-0.02952194,1.691422,-1.434423,-0.1078407,0.3361687,-0.04105182,0.002361689,0.0373132,-0.3680994,0.04794219,3
2014-02-24 18:38:55.640,639,63.9,43.60692,3.913468,25.48383,2.10701,16.95671,9.469693,10,1393263534,-0.9697266,-0.2707062,-0.05715942,-15.0824,40.70243,-36.60966,266.2818,265.5708,26,0.3531586,-0.09690498,0.01489559,1.697571,-1.432527,-0.1070812,0.3190214,0.09684776,-0.02847639,0.004314236,-0.3640178,-0.006179419,3
2014-02-24 18:38:55.721,640,64,43.60692,3.913468,25.48383,2.10701,16.95671,9.469693,10,1393263534,-0.9578094,-0.2298889,-0.1665649,-14.75349,40.04993,-37.1786,266.2809,265.5699,26,0.3380784,0.1025296,0.02336231,1.703719,-1.431808,-0.1064762,0.3398311,-0.1066542,0.01594114,-0.007897294,-0.3435035,-0.04865949,3
2014-02-24 18:38:55.847,641,64.1,43.60694,3.913474,26.50034,1.879932,18.50461,9.377516,10,1393263535,-0.9563446,-0.3201141,-0.08688354,-15.30166,40.15868,-37.29239,266.2819,265.5709,26,0.336876,0.004004063,0.03487037,1.709971,-1.432162,-0.1058616,0.324751,0.09278039,0.02440786,0.01513464,-0.3763701,0.080258,3
2014-02-24 18:38:55.943,642,64.2,43.60694,3.913474,26.50034,1.879932,18.50461,9.377516,10,1393263535,-0.9563446,-0.3201141,-0.08688354,-15.13721,39.88681,-37.46306,266.2838,265.5728,26,0.3482091,-0.02333249,0.007091465,1.722386,-1.430326,-0.1051186,0.3348818,-0.03308161,0.008137002,-0.02828529,-0.3492641,0.01019289,3
2014-02-24 18:38:56.046,643,64.3,43.60694,3.913474,26.50034,1.879932,18.50461,9.377516,10,1393263535,-1.035477,-0.205368,-0.1920319,-14.80831,40.75679,-36.21141,266.3092,265.5982,26,0.3452309,0.03036004,0.06284794,1.722386,-1.430326,-0.1051186,0.3348818,-0.03308161,0.008137002,-0.02828529,-0.3492641,0.01019289,3
2014-02-24 18:38:56.116,644,64.4,43.60694,3.913474,26.50034,1.879932,18.50461,9.377516,10,1393263535,-1.035477,-0.205368,-0.1920319,-15.13721,39.01683,-34.73219,266.3391,265.6281,26,0.3274857,0.1428064,0.1096775,1.734786,-1.427756,-0.1064086,0.3141585,0.1330574,0.110723,-0.03090205,-0.4001837,0.04131326,3
2014-02-24 18:38:56.252,645,64.5,43.60694,3.913474,26.50034,1.879932,18.50461,9.377516,10,1393263535,-1.051422,-0.1700134,-0.1778412,-15.13721,38.90808,-35.30112,266.3409,265.6299,26,0.3353857,-0.001412274,0.06775588,1.747189,-1.427099,-0.1079432,0.3220586,-0.01116125,0.0688014,-0.04379221,-0.2827367,0.03409383,3
2014-02-24 18:38:56.403,646,64.6,43.60694,3.913474,26.50034,1.879932,18.50461,9.377516,10,1393263535,-1.034897,-0.2108002,-0.1129913,-15.57575,39.23432,-34.84597,266.3445,265.6335,26,0.3130682,0.1378244,0.0673556,1.753169,-1.424473,-0.1083587,0.2997411,0.1280755,0.06840112,-0.06791075,-0.2781602,-0.03289412,3
2014-02-24 18:38:56.555,647,64.7,43.60696,3.913476,22.605,2.602482,16.19739,9.302333,5,1393263536,-1.037323,-0.1947174,-0.1043396,-15.4113,39.5062,-36.83724,266.3507,265.6397,26,0.3389874,-0.06355873,0.08833998,1.759257,-1.424487,-0.1087143,0.3255706,-0.07331154,0.08934729,-0.01928654,-0.2985637,-0.03707917,3
2014-02-24 18:38:56.654,648,64.8,43.60696,3.913476,22.605,2.602482,16.19739,9.302333,5,1393263536,-0.98172,-0.1455841,-0.1733093,-14.86313,38.52746,-37.1786,266.3643,265.6533,26,0.3243927,0.06861022,0.04702397,1.765216,-1.423514,-0.1091654,0.310976,0.05885746,0.04803127,-0.07916881,-0.2611398,0.05165358,3
2014-02-24 18:38:56.779,649,64.9,43.60696,3.913476,22.605,2.602482,16.19739,9.302333,5,1393263536,-0.98172,-0.1455841,-0.1733093,-14.80831,39.01683,-37.34928,266.4922,265.7812,26,0.3228739,-0.002436792,0.09345379,1.770999,-1.421437,-0.1096299,0.3084437,0.005701604,0.06494926,-0.0880691,-0.3058063,-0.01729518,3
2014-02-24 18:38:56.855,650,65,43.60696,3.913476,22.605,2.602482,16.19739,9.302333,5,1393263536,-1.00621,-0.09197998,-0.1466827,-14.75349,39.2887,-36.83724,266.4814,265.7704,26,0.3228739,-0.002436792,0.09345379,1.77697,-1.421295,-0.1103307,0.3094573,-0.01218948,0.09446108,-0.0952767,-0.3111568,0.009138615,3
2014-02-24 18:38:56.949,651,65.1,43.60696,3.913476,22.605,2.602482,16.19739,9.302333,5,1393263536,-1.00621,-0.09197998,-0.1466827,-14.26014,39.56057,-36.66656,266.6497,265.9387,26,0.3133041,0.04023717,0.05305976,1.782878,-1.421349,-0.1108218,0.3081884,0.004819096,0.09662942,-0.04831,-0.3076166,0.0203234,3
2014-02-24 18:38:57.052,652,65.2,43.60696,3.913476,22.605,2.602482,16.19739,9.302333,5,1393263536,-0.9692688,-0.08573914,-0.1365509,-14.09569,39.2887,-35.92695,266.6558,265.9448,26,0.3082761,-0.02422411,0.07592965,1.788586,-1.419611,-0.1115105,0.2998877,0.03048456,0.05406704,-0.02375714,-0.2032596,0.002992217,3
2014-02-24 18:38:57.175,653,65.3,43.60696,3.913476,22.605,2.602482,16.19739,9.302333,5,1393263536,-1.018188,-0.0692749,-0.08360291,-14.80831,39.01683,-35.41491,266.6476,265.9366,26,0.3020422,-0.002683135,0.08269835,1.794245,-1.419141,-0.1122786,0.2948596,-0.03397669,0.07693693,0.01302918,-0.197782,0.01357266,3
2014-02-24 18:38:57.282,654,65.4,43.60696,3.913476,22.605,2.602482,16.19739,9.302333,5,1393263536,-0.9631348,-0.1152496,-0.0592041,-15.7402,38.96246,-36.49588,266.614,265.903,26,0.2935824,0.04577867,0.05633571,1.79987,-1.419258,-0.1129635,0.2886257,-0.01243569,0.08370563,-0.006484345,-0.2386542,0.05252413,3
2014-02-24 18:38:57.466,655,65.5,43.60696,3.913476,22.605,2.602482,16.19739,9.302333,5,1393263536,-0.9347229,-0.08102417,-0.06889343,-15.79502,38.25559,-35.98383,266.5974,265.8864,26,0.3028131,-0.01249236,-0.01104679,1.805364,-1.418744,-0.1129094,0.280166,0.03602616,0.05734298,0.04097567,-0.1696765,0.07257584,3
2014-02-24 18:38:57.551,656,65.6,43.60696,3.913476,22.605,2.602482,16.19739,9.302333,5,1393263536,-0.8929596,-0.1069183,-0.06918335,-15.95947,38.85371,-36.49588,266.5948,265.8838,26,0.2803329,0.03747094,0.02226935,1.810589,-1.417337,-0.1125743,0.2893969,-0.02224482,-0.01003952,0.08172419,-0.1895614,0.02679898,3
2014-02-24 18:38:57.693,657,65.7,43.60696,3.913476,21.96126,2.238413,15.20905,9.30892,10,1393263537,-0.9731293,-0.09945679,-0.1150208,-14.64386,37.76623,-37.40618,266.5621,265.8511,26,0.2731929,0.03264849,-0.007079481,1.820791,-1.416443,-0.1117405,0.2717599,0.03802178,0.03143414,0.08898919,-0.2184264,0.0835993,3
2014-02-24 18:38:57.779,658,65.8,43.60696,3.913476,21.96126,2.238413,15.20905,9.30892,10,1393263537,-1.008453,-0.0916748,-0.1135559,-15.19203,37.87498,-37.1786,266.5511,265.8401,26,0.2704765,-0.001082841,0.02958958,1.825621,-1.415187,-0.1110994,0.2597768,0.02289613,-0.006072223,0.07943702,-0.1937873,0.06311493,3
2014-02-24 18:38:57.910,659,65.9,43.60696,3.913476,21.96126,2.238413,15.20905,9.30892,10,1393263537,-1.055725,-0.009521484,-0.07470703,-15.7402,38.74496,-36.72346,266.5565,265.8456,26,0.2455629,0.08279635,0.0543402,1.830426,-1.414111,-0.1111425,0.2570604,-0.01083516,0.03059684,0.008526213,-0.2103707,0.04006188,3
2014-02-24 18:38:58.095,660,66,43.60696,3.913476,21.96126,2.238413,15.20905,9.30892,10,1393263537,-1.017807,-0.0969696,-0.04730225,-14.36977,36.73312,-36.55278,266.5674,265.8564,26,0.247274,-0.02973712,0.01205,1.842483,-1.435688,-0.04228175,0.2338864,-0.03935431,0.012901,0.0268359,-0.1115898,0.07697507,3
2014-02-24 18:38:58.171,661,66.1,43.60696,3.913476,21.96126,2.238413,15.20905,9.30892,10,1393263537,-0.9599457,-0.1028137,-0.123642,-15.0824,37.33123,-37.29239,266.5667,265.8557,26,0.2298918,0.08122322,0.01431928,1.846691,-1.434228,-0.04262812,0.2165043,0.07160605,0.01517027,-0.02801793,-0.1395848,0.08871806,3
2014-02-24 18:38:58.316,662,66.2,43.60696,3.913476,21.96126,2.238413,15.20905,9.30892,10,1393263537,-1.035736,-0.006942749,-0.07060242,-16.56246,36.51563,-35.64248,266.5689,265.8579,26,0.2245213,-0.04856301,0.08944014,1.850682,-1.438258,-0.02807294,0.21114,-0.05814878,0.09026092,0.03089342,-0.130883,0.00845645,3
2014-02-24 18:38:58.499,663,66.3,43.60696,3.913476,21.96126,2.238413,15.20905,9.30892,10,1393263537,-1.013855,-0.03068542,-0.111145,-15.90465,37.6031,-37.46307,266.5618,265.8508,26,0.2188722,-0.007216367,0.02094203,1.854775,-1.439671,-0.0281578,0.205491,-0.01680209,0.02176282,-0.04471367,-0.03509683,0.06009543,3
2014-02-24 18:38:58.582,664,66.4,43.60696,3.913476,21.96126,2.238413,15.20905,9.30892,10,1393263537,-0.9925232,0.03303528,-0.05966187,-15.57575,37.49436,-37.00792,266.5598,265.8488,26,0.2140345,-0.03903395,0.01534061,1.858369,-1.444138,-0.02211055,0.2006567,-0.04861213,0.0161385,-0.06181128,-0.02892942,0.01842475,3
2014-02-24 18:38:58.687,665,66.5,43.60698,3.913484,22.46909,1.779143,33.44216,9.209051,10,1393263538,-1.023819,-0.01097107,-0.03923035,-15.79502,38.0381,-37.2355,266.5556,265.8446,26,0.2025491,0.01335655,0.05812376,1.862196,-1.445308,-0.02242859,0.1891713,0.003778422,0.05892165,0.02922538,-0.07760249,0.09572415,3
2014-02-24 18:38:58.894,666,66.6,43.60698,3.913484,22.46909,1.779143,33.44216,9.209051,10,1393263538,-0.9971008,-0.04046631,-0.03285217,-14.91795,37.6031,-38.71473,266.5325,265.8215,26,0.1871132,0.0387229,-0.01500452,1.868745,-1.456053,-0.01535086,0.1699585,0.04958239,-0.006265235,-0.03051179,-0.02632133,0.0752477,3
2014-02-24 18:38:58.967,667,66.7,43.60698,3.913484,22.46909,1.779143,33.44216,9.209051,10,1393263538,-1.043121,0.002349854,-0.04930115,-14.53423,37.76622,-38.77162,266.5294,265.8185,26,0.1755678,0.01079592,0.04733183,1.871734,-1.453997,-0.0150599,0.1737399,0.02914614,-0.01424141,-0.004026757,-0.05552564,0.08366865,3
2014-02-24 18:38:59.068,668,66.8,43.60698,3.913484,22.46909,1.779143,33.44216,9.209051,10,1393263538,-0.9515533,-0.1052551,-0.02110291,-14.97276,37.65748,-38.0889,266.5254,265.8144,26,0.169449,0.02316817,0.04128672,1.874752,-1.458111,-0.003659861,0.162198,0.001243838,0.04806967,-0.04947032,-0.001309999,0.06314556,3
2014-02-24 18:38:59.189,669,66.9,43.60698,3.913484,22.46909,1.779143,33.44216,9.209051,10,1393263538,-1.026276,0.03141785,-0.1117554,-14.20532,37.11374,-38.31647,266.5048,265.7938,26,0.1569449,0.07307821,0.05827609,1.880412,-1.464564,-0.00545239,0.144054,0.03814045,0.00411456,-0.03803127,0.0115917,0.05187752,3
2014-02-24 18:38:59.266,670,67,43.60698,3.913484,22.46909,1.779143,33.44216,9.209051,10,1393263538,-1.05687,-0.01519775,-0.03665161,-14.53422,37.65747,-37.86132,266.4985,265.7875,26,0.1519988,0.0198568,0.06930584,1.883144,-1.463172,-0.006102861,0.1435784,0.06351002,0.05899831,0.03638612,-0.04464652,0.04573873,3
2014-02-24 18:38:59.464,671,67.1,43.60698,3.913484,22.46909,1.779143,33.44216,9.209051,10,1393263538,-1.052124,0.06787109,-0.1181641,-15.0824,37.65748,-37.74754,266.486,265.775,26,0.1472102,0.06949972,0.04531342,1.885849,-1.468294,-0.003307384,0.1386346,0.01028951,0.07001176,0.00652557,-0.02723316,0.03823554,3
2014-02-24 18:38:59.548,672,67.2,43.60698,3.913484,22.46909,1.779143,33.44216,9.209051,10,1393263538,-0.9883118,0.007415771,-0.006774902,-14.91794,38.36434,-37.12171,266.4706,265.7596,26,0.1525043,-0.006673615,0.01091443,1.888517,-1.46712,-0.003871585,0.133846,0.05993245,0.04601933,-0.06224655,-0.01906933,0.06683843,3
2014-02-24 18:38:59.679,673,67.3,43.60699,3.913484,26.56509,1.728889,12.1383,9.444088,10,1393263539,-0.9630585,0.04081726,-0.1364441,-15.19203,38.52747,-37.86132,266.4468,265.7358,26,0.1225837,0.14291,0.03614868,1.893517,-1.46869,-0.001289158,0.1239047,0.03844981,0.06137355,0.006479036,0.006126614,0.09515446,3
2014-02-24 18:38:59.779,674,67.4,43.60699,3.913484,26.56509,1.728889,12.1383,9.444088,10,1393263539,-0.952301,0.02235413,-0.03572083,-15.57575,38.90808,-37.69064,266.4374,265.7264,26,0.1317157,-0.04431926,0.0005246428,1.895671,-1.466875,-0.001478543,0.1092203,0.1333495,0.03684423,0.05023747,-0.01432644,0.05081698,3
2014-02-24 18:38:59.884,675,67.5,43.60699,3.913484,26.56509,1.728889,12.1383,9.444088,10,1393263539,-0.952301,0.02235413,-0.03572083,-15.57575,39.66932,-37.69064,266.4223,265.7113,26,0.1191328,0.02491281,0.0243626,1.89994,-1.465485,-0.0033889,0.105769,0.01535185,0.0250617,-0.03751299,0.08251809,0.05923298,3
2014-02-24 18:38:59.955,676,67.6,43.60699,3.913484,26.56509,1.728889,12.1383,9.444088,10,1393263539,-1.016541,0.0871582,-0.1003265,-15.90466,39.45182,-37.2355,266.4058,265.6948,26,0.1114253,0.1089443,0.05162298,1.901773,-1.471198,-0.005907805,0.09806496,0.09936718,0.05231171,0.004410962,0.02329755,0.06613747,3
2014-02-24 18:39:00.066,677,67.7,43.60699,3.913484,26.56509,1.728889,12.1383,9.444088,10,1393263539,-1.018555,0.03549194,-0.07949829,-14.75349,38.30997,-37.40618,266.3804,265.6694,26,0.1056963,-0.04434376,0.02256363,1.903527,-1.469938,-0.00613323,0.08866695,0.009423458,0.01086759,-0.0216411,0.08102501,0.0003587075,3
2014-02-24 18:39:00.187,678,67.8,43.60699,3.913484,26.56509,1.728889,12.1383,9.444088,10,1393263539,-1.059967,0.04931641,-0.08691406,-14.47941,38.90808,-35.41491,266.3588,265.6478,26,0.07839121,0.1605782,0.02030128,1.905252,-1.470539,-0.006631552,0.09233605,-0.05392085,0.02325236,-0.02359807,0.02886044,0.02058847,3
2014-02-24 18:39:00.288,679,67.9,43.60699,3.913484,26.56509,1.728889,12.1383,9.444088,10,1393263539,-1.000153,0.04551697,-0.01402283,-14.69868,38.69059,-35.87005,266.3438,265.6328,26,0.08336839,-0.01943442,0.04087579,1.906584,-1.47466,-0.01008879,0.06503386,0.150985,0.02098344,-0.01156514,0.02259571,0.08197553,3
2014-02-24 18:39:00.504,680,68,43.60699,3.913484,26.56509,1.728889,12.1383,9.444088,10,1393263539,-1.000153,0.04551697,-0.01402283,-15.0824,37.98373,-35.01665,266.325,265.614,26,0.08496576,-0.06619766,0.002634932,1.909147,-1.47631,-0.01741778,0.07161108,-0.07581002,0.003325949,-0.002551625,0.08345895,0.01654259,3
2014-02-24 18:39:00.696,681,68.1,43.60701,3.913481,26.28299,1.136081,4.059977,9.369971,10,1393263540,-1.006027,0.1118317,-0.1043091,-15.35648,39.12558,-34.73218,266.2761,265.5651,26,0.05631334,0.03354731,0.03071397,1.911205,-1.475272,-0.01781245,0.04295875,0.02393502,0.03140498,0.03799249,0.06606606,0.0006217913,3
2014-02-24 18:39:00.793,682,68.2,43.60701,3.913481,26.28299,1.136081,4.059977,9.369971,10,1393263540,-0.9865875,0.07983398,-0.05409241,-14.58904,39.01683,-35.4149,266.249,265.538,26,0.04923572,-0.04152321,0.004397145,1.912034,-1.477172,-0.02047202,0.03588228,-0.05114394,0.005090245,-0.01061541,0.09136108,-0.01084105,3
2014-02-24 18:39:00.893,683,68.3,43.60701,3.913481,26.28299,1.136081,4.059977,9.369971,10,1393263540,-1.034576,0.08363342,-0.09367371,-14.80831,38.47309,-35.4149,266.2398,265.5288,26,0.05179795,-0.02235804,-0.01101563,1.912788,-1.47737,-0.02049558,0.03844456,-0.03197872,-0.01032254,0.008842261,0.05933984,0.03917888,3
2014-02-24 18:39:00.971,684,68.4,43.60701,3.913481,26.28299,1.136081,4.059977,9.369971,10,1393263540,-1.025742,0.07875061,-0.04966736,-15.19203,38.09247,-35.35801,266.2208,265.5098,26,0.04303562,0.05809686,-0.004846154,1.913335,-1.480714,-0.02562271,0.02968437,0.04845757,-0.004152366,0.01872022,0.06510885,0.05440858,3
2014-02-24 18:39:01.072,685,68.5,43.60701,3.913481,26.28299,1.136081,4.059977,9.369971,10,1393263540,-0.9607391,0.05218506,-0.07310486,-15.13721,38.0381,-34.6184,266.2021,265.4911,26,0.03656786,0.01873534,0.04005341,1.913986,-1.481132,-0.02586225,0.02321667,0.009096096,0.0407472,0.06060642,0.04178284,0.02635846,3
2014-02-24 18:39:01.194,686,68.6,43.60701,3.913481,26.28299,1.136081,4.059977,9.369971,10,1393263540,-0.9659424,0.06126404,-0.07713318,-15.13721,36.40688,-34.84597,266.1876,265.4766,26,0.03449193,-0.0269416,-0.0005792375,1.914891,-1.482038,-0.03405585,0.02114418,-0.03659777,0.000129844,-0.06713607,0.07256389,0.05488383,3
2014-02-24 18:39:01.289,687,68.7,43.60701,3.913481,26.28299,1.136081,4.059977,9.369971,10,1393263540,-0.9659424,0.06126404,-0.07713318,-14.58904,36.40688,-34.27703,266.1792,265.4682,26,0.02582574,-0.1209171,0.02019741,1.915047,-1.481127,-0.03410875,2.028989e-05,0.1015519,0.004444163,0.01758938,0.04580814,0.07158317,3
2014-02-24 18:39:01.498,688,68.8,43.60701,3.913481,26.28299,1.136081,4.059977,9.369971,10,1393263540,-0.9878693,0.1162567,0.01191711,-14.86313,35.04752,-34.22014,266.1422,265.4312,26,0.02095988,0.02842125,-0.009461146,1.915196,-1.481316,-0.03773806,0.01247972,-0.1305799,0.02091512,0.02934777,0.02353493,0.01216422,3
2014-02-24 18:39:01.585,689,68.9,43.60701,3.913481,26.28299,1.136081,4.059977,9.369971,10,1393263540,-1.02037,0.1115112,-0.05960083,-16.45282,35.75439,-33.13916,266.1284,265.4174,26,-0.01370809,0.1257214,0.00216009,1.915273,-1.482443,-0.03812966,0.007613924,0.01875851,-0.00874344,0.007506097,0.0781363,0.1000915,3
2014-02-24 18:39:01.781,690,69,43.60701,3.913481,26.28299,1.136081,4.059977,9.369971,10,1393263540,-0.9307556,0.1122131,0.04284668,-15.35648,35.75439,-34.50461,266.1111,265.4001,26,-0.007306383,-0.1076775,0.006845655,1.914372,-1.485843,-0.04076179,-0.01852167,-0.06051015,0.02812006,0.07337057,0.04923058,-0.02132915,3
2014-02-24 18:39:01.881,691,69.1,43.60703,3.91348,25.37777,1.256463,9.473098,9.354886,10,1393263541,-0.9312592,0.04725647,-0.1097717,-16.12392,35.75439,-34.95976,266.109,265.398,26,-0.0235751,0.1958558,-0.005657619,1.913902,-1.488915,-0.04512389,-0.02074456,-0.1173739,0.007542864,-0.02681054,0.06942389,0.02205953,3
2014-02-24 18:39:01.982,692,69.2,43.60703,3.91348,25.37777,1.256463,9.473098,9.354886,10,1393263541,-0.9383087,0.1294556,-0.07827759,-15.63057,34.93878,-35.01665,266.1057,265.3947,26,-0.04231071,0.04202548,0.05197265,1.913172,-1.487468,-0.04559767,-0.03701323,0.1861594,-0.004960413,0.02987244,0.08663554,0.0240332,3
2014-02-24 18:39:02.083,693,69.3,43.60703,3.91348,25.37777,1.256463,9.473098,9.354886,10,1393263541,-1.070526,0.1847839,-0.01197815,-14.91794,34.34067,-35.18733,266.088,265.377,26,-0.0223077,-0.1335991,0.03980174,1.912284,-1.485833,-0.04608868,-0.05574879,0.0323291,0.05266986,0.06407559,0.001184103,-0.02500097,3
2014-02-24 18:39:02.211,694,69.4,43.60703,3.91348,25.37777,1.256463,9.473098,9.354886,10,1393263541,-1.034531,0.1235657,-0.0871582,-14.58904,34.12317,-35.52869,266.0516,265.3406,26,-0.04819363,0.1051096,0.009068596,1.911835,-1.485308,-0.05061551,-0.03574239,-0.1432976,0.04051189,0.05676335,0.07886166,0.006997526,3
2014-02-24 18:39:02.479,695,69.5,43.60703,3.91348,25.37777,1.256463,9.473098,9.354886,10,1393263541,-1.026794,0.1647186,-0.03079224,-14.42459,31.89383,-36.3821,266.0228,265.3118,26,-0.06085669,-0.1029336,0.0848832,1.90942,-1.485574,-0.05741836,-0.0681475,0.0764628,0.05800363,-0.03980189,0.06617886,-0.002179003,3
2014-02-24 18:39:02.551,696,69.6,43.60703,3.91348,25.37777,1.256463,9.473098,9.354886,10,1393263541,-1.026794,0.1647186,-0.03079224,-14.20532,32.43758,-35.69938,266.0129,265.3019,26,-0.06810103,0.05762601,0.04336106,1.906866,-1.487052,-0.05963756,-0.08153537,0.04791299,0.04407636,0.03274885,0.1177659,0.07478477,3
2014-02-24 18:39:02.678,697,69.7,43.60703,3.91348,25.37777,1.256463,9.473098,9.354886,10,1393263541,-0.9229279,0.1551514,-0.06658936,-14.58904,32.81819,-35.30112,266.002,265.291,26,-0.07668759,0.07564603,0.03723738,1.905242,-1.485541,-0.06068858,-0.09012189,0.06593303,0.03795269,-0.03049078,0.1325249,-0.002574475,3
2014-02-24 18:39:02.778,698,69.8,43.60703,3.91348,25.37777,1.256463,9.473098,9.354886,10,1393263541,-0.9729309,0.2282867,-0.04040527,-13.93124,33.14443,-36.55277,265.9935,265.2825,26,-0.08426215,0.003324957,0.07189017,1.903672,-1.486174,-0.06187224,-0.09769641,-0.006388009,0.07260547,0.07158716,0.0933186,0.01777053,3
2014-02-24 18:39:02.875,699,69.9,43.60703,3.91348,25.37777,0,9.473098,9.305408,10,1393263542,-1.054199,0.1880341,-0.0634613,-14.64386,32.43758,-37.29238,265.9523,265.2413,26,-0.09647541,0.02351784,0.05749871,1.9019,-1.485874,-0.06291375,-0.1099096,0.01380491,0.05821401,0.02149409,0.1654145,0.04424699,3
2014-02-24 18:39:02.961,700,70,43.60703,3.91348,25.37777,0,9.473098,9.305408,10,1393263542,-0.9844055,0.2465363,-0.03578186,-14.69868,32.8182,-37.69064,265.9393,265.2283,26,-0.09978519,0.02990836,0.009306949,1.899863,-1.485079,-0.06381791,-0.1132193,0.02019548,0.01002224,-0.05989886,0.1242595,0.02197642,3
2014-02-24 18:39:03.070,701,70.1,43.60703,3.91348,25.37777,0,9.473098,9.305408,10,1393263542,-1.054382,0.2380066,-0.05213928,-14.97276,33.19881,-38.43026,265.9252,265.2142,26,-0.1074386,0.09237867,0.03325915,1.897805,-1.485099,-0.06502219,-0.1208727,0.0826658,0.03397445,-0.003028661,0.1660417,0.07201475,3
2014-02-24 18:39:03.171,702,70.2,43.60703,3.91348,25.37777,0,9.473098,9.305408,10,1393263542,-0.9693298,0.2481537,-0.04147339,-15.41129,33.8513,-38.8854,265.9168,265.2058,26,-0.1099531,0.02335672,0.05033188,1.895576,-1.484217,-0.06582701,-0.1233872,0.0136439,0.05104717,0.03146541,0.1132214,0.02199877,3
2014-02-24 18:39:03.285,703,70.3,43.60703,3.91348,25.37777,0,9.473098,9.305408,10,1393263542,-0.9432678,0.2485809,-0.03921509,-15.63057,33.30755,-38.65783,265.9107,265.1997,26,-0.1270552,-0.00180296,0.03868215,1.893105,-1.483925,-0.06674499,-0.1404891,-0.01151573,0.03939744,-0.003074777,0.1738899,0.01752336,3
2014-02-24 18:39:03.519,704,70.4,43.60703,3.91348,25.37777,0,9.473098,9.305408,10,1393263542,-0.9432678,0.2485809,-0.03921509,-16.89136,33.03569,-38.48715,265.8749,265.1639,26,-0.1530553,0.05588883,0.04960058,1.890283,-1.486835,-0.07506189,-0.1417325,0.04959913,0.03176243,-0.06626506,0.1363581,0.05210141,3
2014-02-24 18:39:03.711,705,70.5,43.60703,3.91348,25.37777,0,9.473098,9.305408,10,1393263542,-0.9728088,0.2310944,-0.06478882,-16.72691,35.70002,-40.47842,265.8469,265.1359,26,-0.1442062,-0.03370737,0.0341364,1.884456,-1.484693,-0.07639452,-0.1663712,0.05962626,0.03377444,0.01305811,0.09978145,-0.01873039,3
2014-02-24 18:39:03.926,706,70.6,43.60706,3.913475,27.99226,1.035075,1.808084,9.237917,10,1393263543,-1.051193,0.2241364,-0.0305481,-15.0824,34.72128,-40.706,265.8099,265.0989,26,-0.1689565,0.07265263,0.03520672,1.881507,-1.484509,-0.08689476,-0.1576343,-0.04345374,0.03488808,0.01971175,0.1443089,0.02106672,3
2014-02-24 18:39:04.077,707,70.7,43.60706,3.913475,27.99226,1.035075,1.808084,9.237917,10,1393263543,-0.996582,0.2576447,-0.05258179,-13.32825,33.19881,-39.34055,265.7869,265.0759,26,-0.1701621,0.05110979,0.03540539,1.878333,-1.484674,-0.08781312,-0.1823846,0.06290627,0.0359584,0.0679554,0.1676098,0.06807625,3
2014-02-24 18:39:04.150,708,70.8,43.60706,3.913475,27.99226,1.035075,1.808084,9.237917,10,1393263543,-0.9742432,0.2295685,-0.1438293,-13.05416,33.57943,-40.08017,265.7805,265.0695,26,-0.1762893,0.06235845,0.03054433,1.874932,-1.485142,-0.09807315,-0.1835877,0.04134555,0.03617824,0.03523211,0.1568142,0.02717057,3
2014-02-24 18:39:04.272,709,70.9,43.60706,3.913475,27.99226,1.035075,1.808084,9.237917,10,1393263543,-0.9720764,0.2762451,-0.02806091,-12.8349,34.44942,-40.19395,265.7765,265.0655,26,-0.1700657,-0.06558567,0.04123772,1.871365,-1.483665,-0.09883127,-0.1897148,0.05259426,0.03131717,-0.04402474,0.1575094,-0.01423354,3
2014-02-24 18:39:04.469,710,71,43.60706,3.913475,27.99226,1.035075,1.808084,9.237917,10,1393263543,-0.9894257,0.2564087,-0.06809998,-13.38307,34.44941,-39.28366,265.7332,265.0222,26,-0.1945514,0.05862923,0.006943393,1.867997,-1.485529,-0.09986914,-0.1834912,-0.07534984,0.04201056,0.01715912,0.1298653,-0.05908988,3
2014-02-24 18:39:04.551,711,71.1,43.60706,3.913475,27.99226,1.035075,1.808084,9.237917,10,1393263543,-1.006653,0.2334747,-0.1149445,-14.1505,35.31939,-39.85259,265.706,264.995,26,-0.2032285,0.08126583,0.01133148,1.863901,-1.488836,-0.1086468,-0.2079786,0.04884449,0.007731528,0.01869025,0.1678119,0.05332493,3
2014-02-24 18:39:04.655,712,71.2,43.60706,3.913475,27.99226,1.035075,1.808084,9.237917,10,1393263543,-1.001801,0.3028717,-0.02568054,-14.69868,35.21065,-38.82851,265.6955,264.9845,26,-0.1847198,-0.07146912,0.02825028,1.860053,-1.488227,-0.1094232,-0.2166556,0.07148114,0.01211961,0.001207023,0.1472037,0.01388271,3
2014-02-24 18:39:04.780,713,71.3,43.60706,3.913475,27.99226,1.035075,1.808084,9.237917,10,1393263543,-1.001801,0.3028717,-0.02568054,-13.87642,35.26503,-40.02328,265.6823,264.9713,26,-0.2106046,0.07554216,0.0113163,1.852561,-1.487751,-0.1188532,-0.2240246,0.06574881,0.01212745,-0.0138031,0.1204096,0.04737618,3
2014-02-24 18:39:04.850,714,71.4,43.60706,3.913475,27.99226,1.035075,1.808084,9.237917,10,1393263543,-0.9749603,0.2791138,-0.05541992,-13.38306,36.40688,-39.62502,265.6647,264.9537,26,-0.1959429,-0.01593822,0.03815857,1.852561,-1.487751,-0.1188532,-0.2240246,0.06574881,0.01212745,-0.0138031,0.1204096,0.04737618,3
2014-02-24 18:39:04.939,715,71.5,43.60709,3.913478,32.05312,1.022954,10.11019,9.182048,10,1393263544,-0.9749603,0.2791138,-0.05541992,-13.54751,36.02626,-39.7957,265.6588,264.9478,26,-0.2055545,0.03017282,0.002422678,1.844475,-1.488256,-0.1268719,-0.2189721,0.02036855,0.003251083,0.004195166,0.1316774,0.004940356,3
2014-02-24 18:39:05.058,716,71.6,43.60709,3.913478,32.05312,1.022954,10.11019,9.182048,10,1393263544,-0.97966,0.2915955,0.001953125,-14.53422,35.80876,-40.02328,265.6461,264.9351,26,-0.2128912,-0.06728583,0.01151524,1.840457,-1.490216,-0.1274526,-0.2263088,-0.07709007,0.01234365,0.01371006,0.152006,0.02442041,3
2014-02-24 18:39:05.163,717,71.7,43.60709,3.913478,32.05312,1.022954,10.11019,9.182048,10,1393263544,-1.051086,0.2444916,-0.1116333,-15.84983,35.80876,-40.13706,265.6411,264.9301,26,-0.225215,0.1307468,-0.01634382,1.835473,-1.494414,-0.1331436,-0.2386397,0.1209249,-0.01550691,0.008599521,0.1588448,0.07758595,3
2014-02-24 18:39:05.265,718,71.8,43.60709,3.913478,32.05312,1.022954,10.11019,9.182048,10,1393263544,-1.009781,0.2561493,-0.02639771,-16.83654,36.67875,-38.20268,265.614,264.903,26,-0.2213963,0.003861317,-0.01272245,1.831011,-1.49355,-0.1333733,-0.2348209,-0.00596053,-0.01188555,-0.06292299,0.1115133,-0.03514918,3
2014-02-24 18:39:05.415,719,71.9,43.60709,3.913478,32.05312,1.022954,10.11019,9.182048,10,1393263544,-0.9877777,0.2567444,-0.01737976,-16.0691,36.46125,-38.0889,265.6028,264.8918,26,-0.2290702,0.017673,0.02108877,1.826976,-1.493042,-0.1387397,-0.2424873,0.007849656,0.0219407,0.02925359,0.08014984,-0.03540515,3
2014-02-24 18:39:05.544,720,72,43.60709,3.913478,32.05312,1.022954,10.11019,9.182048,10,1393263544,-0.9169464,0.2448578,-0.05938721,-16.34319,37.38561,-38.48715,265.5972,264.8862,26,-0.2264464,-0.04133386,0.009958891,1.822397,-1.493307,-0.138986,-0.2398635,-0.05115716,0.01081081,-0.04709978,0.06895002,0.004491748,3
2014-02-24 18:39:05.647,721,72.1,43.60709,3.913478,32.05312,1.022954,10.11019,9.182048,10,1393263544,-0.9169464,0.2448578,-0.05938721,-16.50764,38.09247,-39.34055,265.5892,264.8782,26,-0.2363577,0.0175228,0.009289372,1.817486,-1.495589,-0.1467077,-0.2435887,0.09260312,-0.007034872,-0.06067308,0.1646548,0.04513955,3
2014-02-24 18:39:05.735,722,72.2,43.60709,3.913478,32.05312,1.022954,10.11019,9.182048,10,1393263544,-1.012009,0.2447205,0.04093933,-17.3299,38.03809,-37.69064,265.5813,264.8703,26,-0.2363577,0.0175228,0.009289372,1.812666,-1.49496,-0.1470981,-0.249776,0.007685875,0.01015796,-0.04205443,0.07437904,-0.04698794,3
2014-02-24 18:39:05.849,723,72.3,43.60709,3.913478,32.05312,1.022954,10.11019,9.182048,10,1393263544,-1.012009,0.2447205,0.04093933,-16.61727,37.76622,-37.86132,265.5755,264.8645,26,-0.2512,0.1669147,-0.004042412,1.808136,-1.497775,-0.1479473,-0.244843,-0.1258695,0.02910528,0.02141313,0.1012948,-0.01512096,3
2014-02-24 18:39:05.946,724,72.4,43.60709,3.913478,32.05312,1.022954,10.11019,9.182048,10,1393263544,-0.9843292,0.2386322,-0.1644592,-15.95947,37.76622,-38.08889,265.5683,264.8573,26,-0.2522924,0.096583,-0.01040524,1.802891,-1.500681,-0.1554534,-0.264622,0.1570617,-0.003157252,-0.02649471,0.08989243,0.1101529,3
2014-02-24 18:39:06.047,725,72.5,43.60709,3.913478,32.05312,0,10.11019,9.107388,10,1393263545,-1.014877,0.2094879,-0.009567261,-15.68538,36.95061,-38.60094,265.5602,264.8492,26,-0.2448883,-0.1694133,0.02745506,1.797782,-1.498464,-0.1556331,-0.2657143,0.0867301,-0.009520081,0.001001167,0.08362665,-0.09306384,3
2014-02-24 18:39:06.148,726,72.6,43.60709,3.913478,32.05312,0,10.11019,9.107388,10,1393263545,-0.9961395,0.2211304,0.001281738,-15.0824,35.59126,-36.83724,265.5015,264.7905,26,-0.256153,0.103512,0.009432917,1.792935,-1.501628,-0.1565429,-0.2583102,-0.1792662,0.02834021,-0.005861773,0.1111092,-0.05454954,3
2014-02-24 18:39:06.259,727,72.7,43.60709,3.913478,32.05312,0,10.11019,9.107388,10,1393263545,-0.9309082,0.2245483,-0.1510773,-17.00099,34.44941,-36.66656,265.4565,264.7455,26,-0.2611978,0.1194425,0.022133,1.788063,-1.502752,-0.1574202,-0.2695748,0.09365918,0.01031807,-0.004335558,0.08234966,0.09179404,3
2014-02-24 18:39:06.408,728,72.8,43.60709,3.913478,32.05312,0,10.11019,9.107388,10,1393263545,-1.007965,0.2231445,-0.03492737,-16.39801,33.96005,-35.92695,265.4407,264.7297,26,-0.2525609,-0.1239054,0.05626487,1.782821,-1.500602,-0.1581167,-0.2746195,0.1095897,0.02301814,-0.01560821,0.07597031,-0.03391814,3
2014-02-24 18:39:06.535,729,72.9,43.60709,3.913478,32.05312,0,10.11019,9.107388,10,1393263545,-0.9584045,0.2284698,-0.1065369,-17.60398,33.74255,-36.38209,265.4204,264.7094,26,-0.2576552,0.04263694,0.0522443,1.777855,-1.502755,-0.159431,-0.2659826,-0.1337582,0.05715001,-0.03707679,0.04618431,-0.04389639,3
2014-02-24 18:39:06.637,730,73,43.60709,3.913478,32.05312,0,10.11019,9.107388,10,1393263545,-1.060394,0.2781525,-0.03884888,-17.27508,34.39504,-36.72345,265.4124,264.7014,26,-0.2623456,0.08086263,0.01780616,1.7729,-1.504891,-0.1608019,-0.2710769,0.03278422,0.05312943,-0.02300881,0.06303475,0.03008024,3
2014-02-24 18:39:06.747,731,73.1,43.60709,3.913478,32.05312,0,10.11019,9.107388,10,1393263545,-1.064545,0.2432556,-0.04838562,-17.22026,34.01442,-37.12171,265.405,264.694,26,-0.2526011,-0.08084825,0.05467097,1.767652,-1.50334,-0.1616447,-0.2757672,0.07100995,0.0186913,0.02631471,0.06752821,-0.04001024,3
2014-02-24 18:39:06.853,732,73.2,43.60714,3.913488,34.03564,1.022078,14.91005,9.052511,10,1393263546,-0.9953156,0.2514954,-0.07106018,-17.43953,34.44941,-38.71472,265.3764,264.6654,26,-0.2712747,0.1161982,0.05139555,1.762619,-1.505726,-0.1631959,-0.2660227,-0.09070089,0.0555561,-0.0757694,0.11568,0.02531137,3
2014-02-24 18:39:06.935,733,73.3,43.60714,3.913488,34.03564,1.022078,14.91005,9.052511,10,1393263546,-0.9953156,0.2514954,-0.07106018,-17.93288,35.37377,-39.11298,265.364,264.653,26,-0.266151,-0.06735347,0.05440918,1.752165,-1.506384,-0.1656511,-0.2795725,-0.07720605,0.05529431,-0.03674553,0.07898673,-0.0399981,3
2014-02-24 18:39:07.038,734,73.4,43.60714,3.913488,34.03564,1.022078,14.91005,9.052511,10,1393263546,-1.010696,0.3136444,-0.08047485,-17.60398,35.26502,-40.13706,265.3568,264.6458,26,-0.2600084,0.04817285,0.03809039,1.752165,-1.506384,-0.1656511,-0.2795725,-0.07720605,0.05529431,-0.03674553,0.07898673,-0.0399981,3
2014-02-24 18:39:07.147,735,73.5,43.60714,3.913488,34.03564,1.022078,14.91005,9.052511,10,1393263546,-1.010696,0.3136444,-0.08047485,-17.22026,35.53689,-39.51123,265.3523,264.6413,26,-0.2648772,0.0514789,0.03097283,1.741648,-1.507992,-0.1678164,-0.2782986,0.04162639,0.03185795,-0.05287251,0.1414266,0.01137496,3
2014-02-24 18:39:07.244,736,73.6,43.60714,3.913488,34.03564,1.022078,14.91005,9.052511,10,1393263546,-1.044388,0.2856598,-0.05433655,-16.94618,36.57,-39.7957,265.3375,264.6265,26,-0.2707396,-0.02696344,0.007046724,1.736357,-1.508801,-0.1685031,-0.2841609,-0.03681591,0.007931841,-0.02675337,0.1459376,-0.01939693,3
2014-02-24 18:39:07.320,737,73.7,43.60714,3.913488,34.03564,1.022078,14.91005,9.052511,10,1393263546,-1.039536,0.3023224,0.05871582,-16.83655,36.89624,-39.34055,265.3286,264.6176,26,-0.2571993,-0.1389368,0.02351997,1.731126,-1.511144,-0.1692048,-0.2706206,-0.1487893,0.02440509,-0.06042208,0.1172613,0.004428718,3
2014-02-24 18:39:07.513,738,73.8,43.60714,3.913488,34.03564,1.022078,14.91005,9.052511,10,1393263546,-0.9482269,0.2427216,-0.1738281,-18.04252,35.48252,-38.54404,265.2983,264.5873,26,-0.2858587,0.2393005,0.01016848,1.725844,-1.511499,-0.1701398,-0.2992799,0.2294481,0.01105359,-0.05570661,0.1330023,0.1171227,3
2014-02-24 18:39:07.696,739,73.9,43.60714,3.913488,34.03564,0,14.91005,9,10,1393263547,-0.9098511,0.3217468,-0.02767944,-18.37142,37.54873,-39.45434,265.2784,264.5674,26,-0.2684775,-0.1512761,0.05051351,1.714994,-1.513911,-0.1721315,-0.2819888,-0.1611267,0.05136821,-0.07325649,0.1229067,0.0375667,3
2014-02-24 18:39:07.832,740,74,43.60714,3.913488,34.03564,0,14.91005,9,10,1393263547,-0.9098511,0.3217468,-0.02767944,-18.53587,37.27686,-39.05608,265.2615,264.5505,26,-0.2870249,0.0513066,0.03076191,1.709583,-1.515126,-0.1732672,-0.2944611,0.07554132,0.0360348,-0.01414939,0.1107253,0.07122683,3
2014-02-24 18:39:07.989,741,74.1,43.60714,3.913488,34.03564,0,14.91005,9,10,1393263547,-0.9590912,0.3473053,0.04273987,-16.34319,37.05936,-39.8526,265.2388,264.5278,26,-0.2966982,0.2004956,-0.01301886,1.698585,-1.517754,-0.1752398,-0.2905752,-0.1182012,0.04148202,0.05333775,0.1127346,-0.00275692,3
2014-02-24 18:39:08.197,742,74.2,43.60714,3.913488,34.03564,0,14.91005,9,10,1393263547,-0.8835449,0.2907257,0.04206848,-16.94618,36.89624,-38.9992,265.1934,264.4824,26,-0.2917613,-0.02702363,0.01974947,1.686126,-1.522656,-0.1856974,-0.3039953,-0.1139139,0.02608804,0.04484053,0.1141351,-0.06830651,3
2014-02-24 18:39:08.340,743,74.3,43.60714,3.913488,34.03564,0,14.91005,9,10,1393263547,-0.8734283,0.305069,-0.01251221,-16.17874,34.93878,-37.63374,265.1798,264.4688,26,-0.2945728,0.1125423,0.04182255,1.680518,-1.52595,-0.1869383,-0.3052763,-0.03689424,0.02063149,0.009086265,0.1338049,0.08196875,3
2014-02-24 18:39:08.511,744,74.4,43.60714,3.913488,34.03564,0,14.91005,9,10,1393263547,-0.960968,0.3247528,-0.04585266,-17.82325,36.46125,-37.1786,265.16,264.449,26,-0.3092441,0.0478088,0.03996739,1.673743,-1.530524,-0.1946378,-0.3080926,0.1026552,0.04272368,0.03743592,0.1143586,0.04565036,3
2014-02-24 18:39:08.685,745,74.5,43.60714,3.913488,34.03564,0,14.91005,9,10,1393263547,-0.9748535,0.3443756,-0.1339264,-18.04252,36.67875,-36.95103,265.1628,264.4518,26,-0.3136815,0.1876724,-0.04121135,1.661641,-1.533084,-0.1962301,-0.3200892,-0.1230188,0.03894545,0.01914318,0.1297796,-0.008872925,3
2014-02-24 18:39:08.880,746,74.6,43.60714,3.913488,34.03564,0,14.91005,9,5,1393263548,-0.9486237,0.4140015,0.05601501,-17.11063,35.31939,-38.9423,265.1556,264.4446,26,-0.3040651,-0.2750398,0.05724518,1.648701,-1.53007,-0.1966333,-0.3569009,0.2343247,-0.02824318,0.005063142,0.1490069,-0.09399608,3
2014-02-24 18:39:08.980,747,74.7,43.60714,3.913488,34.03564,0,14.91005,9,5,1393263548,-1.023315,0.4042511,-0.1437225,-17.05581,34.61253,-38.77161,265.1564,264.4454,26,-0.3298978,0.1979525,-0.01565912,1.64235,-1.533497,-0.1973577,-0.3175846,-0.2849267,0.0581463,-0.02349665,0.1718562,0.03475122,3
2014-02-24 18:39:09.083,748,74.8,43.60714,3.913488,34.03564,0,14.91005,9,5,1393263548,-1.023315,0.4042511,-0.1437225,-17.38471,34.93878,-38.8854,265.1563,264.4453,26,-0.3346936,0.212508,-0.03344398,1.629257,-1.531505,-0.1974021,-0.348213,0.2026213,-0.03254287,-0.04826885,0.169005,-0.01328543,3
2014-02-24 18:39:09.191,749,74.9,43.60714,3.913488,34.03564,0,14.91005,9,5,1393263548,-1.072327,0.348587,0.008255005,-17.22026,35.53689,-39.39745,265.1548,264.4438,26,-0.323528,-0.1146592,0.00504962,1.622801,-1.533305,-0.1972712,-0.3370474,-0.1245459,0.005950726,0.02320517,0.1362049,-0.06956803,3
2014-02-24 18:39:09.271,750,75,43.60714,3.913488,34.03564,0,14.91005,9,5,1393263548,-1.128006,0.3843994,-0.04139709,-17.05581,35.91751,-39.7957,265.1517,264.4407,26,-0.3307723,0.1036348,-0.0452479,1.616277,-1.534602,-0.1972204,-0.3442917,0.09374809,-0.0443468,-0.0923539,0.1526427,0.04373988,3
2014-02-24 18:39:09.454,751,75.1,43.60714,3.913488,34.03564,0,14.91005,9,5,1393263548,-1.05072,0.4051819,-0.10112,-16.34319,35.42814,-39.28366,265.1501,264.4391,26,-0.3368396,0.2031249,-0.07091253,1.609604,-1.532513,-0.1962321,-0.3503588,0.1932382,-0.07001142,-0.1479165,0.1894243,-0.003857261,3
2014-02-24 18:39:09.582,752,75.2,43.60714,3.913488,34.03564,0,14.91005,9,5,1393263548,-0.9267426,0.3463745,0.01385498,-16.06911,35.04752,-39.11298,265.1434,264.4324,26,-0.3243264,0.004906608,-0.06651139,1.603062,-1.532327,-0.1952362,-0.3378457,-0.004980003,-0.06561029,-0.07044414,0.2111836,-0.06339077,3
2014-02-24 18:39:09.695,753,75.3,43.60714,3.913488,34.03564,0,14.91005,9,5,1393263548,-1.012238,0.2859039,-0.05784607,-16.61728,35.70002,-37.97511,265.1467,264.4357,26,-0.3230502,0.02298441,-0.07488729,1.596659,-1.533828,-0.1942305,-0.3365694,0.01309782,-0.0739862,-0.08639897,0.1101959,-0.006733946,3
2014-02-24 18:39:09.786,754,75.4,43.60714,3.913488,34.03564,0,14.91005,9,5,1393263548,-0.9789581,0.2918549,-0.09751892,-17.54917,36.73312,-38.14579,265.1468,264.4358,26,-0.3392366,0.2053076,-0.07916832,1.589977,-1.532117,-0.1932,-0.3527558,0.1954211,-0.07826723,-0.06053792,0.1998301,0.0501424,3
2014-02-24 18:39:09.970,755,75.5,43.60714,3.913488,34.03564,0,14.91005,9.030432,10,1393263549,-1.037659,0.2799835,0.008163452,-17.76843,36.40688,-38.37337,265.137,264.426,26,-0.3407597,0.1376604,-0.03277153,1.576844,-1.533195,-0.1923181,-0.3444346,-0.06233478,-0.002939194,0.001911882,0.1007201,-0.06061989,3
2014-02-24 18:39:10.066,756,75.6,43.60714,3.913488,34.03564,0,14.91005,9.030432,10,1393263549,-0.997467,0.2556152,-0.06135559,-16.78172,36.62437,-39.05609,265.1371,264.4261,26,-0.3569206,0.141094,-0.01301753,1.570114,-1.533024,-0.1920898,-0.3542787,0.127774,-0.03187045,-0.05675146,0.08907282,0.04523232,3
2014-02-24 18:39:10.179,757,75.7,43.60714,3.913488,34.03564,0,14.91005,9.030432,10,1393263549,-0.9438171,0.2823029,-0.06678772,-16.67209,37.16811,-39.51123,265.136,264.425,26,-0.3360718,-0.03867336,0.02295698,1.563149,-1.531841,-0.1920387,-0.3704395,0.1312076,-0.01211646,-0.01659459,0.06475468,-0.0231262,3
2014-02-24 18:39:10.288,758,75.8,43.60714,3.913488,34.03564,0,14.91005,9.030432,10,1393263549,-1.000305,0.2242432,-0.1304169,-16.67209,37.6031,-39.05608,265.0923,264.3813,26,-0.358037,0.1409731,-0.02710432,1.556414,-1.533723,-0.1925026,-0.3495906,-0.04855971,0.02385805,0.03703695,0.09098696,-0.03040802,3
2014-02-24 18:39:10.467,759,75.9,43.60714,3.913488,34.03564,0,14.91005,9.030432,10,1393263549,-0.9746246,0.30513,-0.04293823,-16.94617,36.24376,-37.1786,265.0707,264.3597,26,-0.3547123,-0.03524055,0.04503352,1.549444,-1.532729,-0.1926712,-0.3715558,0.1310868,-0.02620325,0.01281339,0.1431439,-0.04571518,3
2014-02-24 18:39:10.575,760,76,43.60714,3.913488,34.03564,0,14.91005,9.282884,10,1393263550,-1.034409,0.2845306,-0.04052734,-16.0691,37.76622,-36.49588,265.0488,264.3378,26,-0.3667535,0.008557003,0.005777994,1.542526,-1.534624,-0.1934994,-0.368231,-0.04512683,0.04593459,-0.03695902,0.07069106,-0.03689845,3
2014-02-24 18:39:10.679,761,76.1,43.60714,3.913488,34.03564,0,14.91005,9.282884,10,1393263550,-1.028061,0.3621826,-0.04690552,-16.56245,37.6031,-36.43899,265.0481,264.3371,26,-0.3717078,-0.00503444,0.0117283,1.535416,-1.536433,-0.1940494,-0.3802722,-0.00132924,0.006679057,-0.01095552,0.107688,-0.007441289,3
2014-02-24 18:39:10.767,762,76.2,43.60714,3.913488,34.03564,0,14.91005,9.282884,10,1393263550,-1.010681,0.3819733,-0.01370239,-16.89136,36.95061,-36.21141,265.042,264.331,26,-0.3742921,0.07770704,0.01441516,1.528217,-1.537846,-0.194811,-0.3852264,-0.01492065,0.01262936,-0.05385685,0.09094951,-0.00820606,3
2014-02-24 18:39:10.869,763,76.3,43.60714,3.913488,34.03564,0,14.91005,9.282884,10,1393263550,-0.9794312,0.3352814,-0.02662659,-16.61728,36.3525,-36.26831,265.0362,264.3252,26,-0.3619364,-0.09884802,0.03502696,1.520846,-1.537822,-0.1951628,-0.3878107,0.06782088,0.01531621,-0.04757809,0.1682563,-0.01456338,3
2014-02-24 18:39:10.964,764,76.4,43.60714,3.913488,34.03564,0,14.91005,9.282884,10,1393263550,-0.9794312,0.3352814,-0.02662659,-16.0691,36.02626,-36.72345,265.0334,264.3224,26,-0.3667098,0.04474004,-0.005132444,1.506456,-1.542637,-0.1959872,-0.3802283,0.03485394,-0.004231394,-0.0592058,0.1409127,0.001264718,3
2014-02-24 18:39:11.063,765,76.5,43.60714,3.913488,34.03564,0,14.91005,9.282884,10,1393263550,-0.9585266,0.4541016,0.04974365,-15.63056,35.70002,-36.60966,265.0319,264.3209,26,-0.3725722,-0.03370204,-0.02905882,1.506456,-1.542637,-0.1959872,-0.3802283,0.03485394,-0.004231394,-0.0592058,0.1409127,0.001264718,3
2014-02-24 18:39:11.168,766,76.6,43.60714,3.913488,34.03564,0,14.91005,9.282884,10,1393263550,-0.9585266,0.4541016,0.04974365,-15.95947,33.19881,-36.95103,265.031,264.32,26,-0.3740788,0.1397616,-0.02138145,1.492092,-1.548167,-0.1965654,-0.3605011,-0.1733301,0.02262471,-0.1127849,0.201457,0.001577351,3
2014-02-24 18:39:11.261,767,76.7,43.60714,3.913488,34.03564,0,14.91005,9.282884,10,1393263550,-0.9976654,0.4725037,-0.009368896,-15.68538,33.68818,-36.89413,265.029,264.318,26,-0.3740788,0.1397616,-0.02138145,1.48496,-1.549387,-0.196206,-0.3875971,0.1298756,-0.02048041,0.02206188,0.259152,0.07074058,3
2014-02-24 18:39:11.490,768,76.8,43.60714,3.913488,34.03564,0,14.91005,9.282884,10,1393263550,-0.9976654,0.4725037,-0.009368896,-16.83654,32.00258,-37.63375,265.0209,264.3099,26,-0.3563949,0.02284699,-0.05995575,1.477871,-1.549152,-0.1952837,-0.3663203,-0.08313887,-0.03227423,0.06715816,0.1050732,-0.1126345,3
2014-02-24 18:39:11.763,769,76.9,43.60714,3.913488,34.03564,0,14.91005,9.280708,10,1393263551,-1.076294,0.3544922,-0.01522827,-14.80831,34.88441,-39.8526,265.0125,264.3015,26,-0.3603323,-0.09354273,-0.01193336,1.470925,-1.552273,-0.1953981,-0.3699131,0.01296108,-0.05905471,-0.01686325,0.2783466,0.008801362,3
2014-02-24 18:39:11.886,770,77,43.60714,3.913488,34.03564,0,14.91005,9.280708,10,1393263551,-0.9443054,0.3726044,0.00177002,-14.69868,35.21065,-38.71472,265.0101,264.2991,26,-0.3576607,0.02853204,-0.05650429,1.463791,-1.554635,-0.194913,-0.3738506,-0.1034286,-0.01103233,0.03504407,0.1746507,-0.02819763,3
2014-02-24 18:39:11.966,771,77.1,43.60714,3.913488,34.03564,0,14.91005,9.280708,10,1393263551,-0.9981232,0.3304291,-0.06486511,-13.43788,35.37377,-38.77161,265.013,264.302,26,-0.3760485,0.06794336,-0.07114289,1.456873,-1.556193,-0.1942987,-0.3711788,0.0186462,-0.05560326,0.05923421,0.2450319,0.03730829,3
2014-02-24 18:39:12.096,772,77.2,43.60714,3.913488,34.03564,0,14.91005,9.280708,10,1393263551,-0.9981842,0.3539429,0.01200867,-13.76679,35.48252,-38.43026,265.0214,264.3104,26,-0.357691,-0.09370013,-0.03419552,1.449653,-1.556072,-0.193201,-0.3895666,0.05805757,-0.07024187,-0.006718306,0.1693879,-0.01734927,3
2014-02-24 18:39:12.194,773,77.3,43.60714,3.913488,34.03564,0,14.91005,9.280708,10,1393263551,-0.9942932,0.3939972,-0.09649658,-14.75349,35.37377,-38.43026,265.0269,264.3159,26,-0.3772959,0.04983786,-0.06628581,1.442594,-1.55916,-0.1924416,-0.3712091,-0.1035859,-0.0332945,-0.03042812,0.1558051,-0.003990063,3
2014-02-24 18:39:12.283,774,77.4,43.60714,3.913488,34.03564,0,14.91005,9.280708,10,1393263551,-1.003265,0.3092346,0.02201843,-14.75349,34.93877,-37.86132,265.0287,264.3177,26,-0.3858713,-0.01592464,-0.06103379,1.435362,-1.561307,-0.1915539,-0.3908139,0.03995213,-0.0653848,-0.01651882,0.1635582,0.02132387,3
2014-02-24 18:39:12.513,775,77.5,43.60714,3.913488,34.03564,0,14.91005,9.280708,10,1393263551,-0.9609375,0.3305511,-0.06929016,-15.84983,37.43998,-38.0889,265.0317,264.3207,26,-0.378857,-0.05060139,-0.01018446,1.427825,-1.561235,-0.1904986,-0.3993892,-0.02581033,-0.06013278,-0.01242815,0.2046487,-0.08710802,3
2014-02-24 18:39:12.715,776,77.6,43.60714,3.913488,34.03564,0,14.91005,9.280708,10,1393263551,-0.9769745,0.3191833,-0.03916931,-15.52093,37.22248,-38.88541,265.024,264.313,26,-0.3984739,-0.07006723,-0.01604821,1.412888,-1.565182,-0.1894445,-0.3997204,0.08885054,-0.03661974,0.01897401,0.2069045,0.04199747,3
2014-02-24 18:39:12.847,777,77.7,43.60714,3.913488,34.03564,0,14.91005,9.323396,10,1393263552,-0.9769745,0.3191833,-0.03916931,-15.63057,37.33123,-38.65783,265.0322,264.3212,26,-0.3924139,0.0511998,-0.02303901,1.39769,-1.568529,-0.1888825,-0.4059316,0.04131426,-0.02213801,0.04330833,0.1238536,0.000594077,3
2014-02-24 18:39:12.945,778,77.8,43.60714,3.913488,34.03564,0,14.91005,9.323396,10,1393263552,-0.9225464,0.3382721,0.01300049,-14.69868,36.73312,-38.60093,265.0346,264.3236,26,-0.3986944,-0.05173909,0.008405736,1.389793,-1.570301,-0.1887969,-0.4122121,-0.0616246,0.009306731,-0.05234579,0.1458493,-0.02678136,3
2014-02-24 18:39:13.063,779,77.9,43.60714,3.913488,34.03564,0,14.91005,9.323396,10,1393263552,-1.000198,0.2885742,-0.06652832,-14.09569,36.67875,-38.31647,265.0309,264.3199,26,-0.4148244,0.09769886,0.002099903,1.381912,-1.571162,-0.1887926,-0.428342,0.08781338,0.003000895,0.05968509,0.150599,0.01264121,3
2014-02-24 18:39:13.153,780,78,43.60714,3.913488,34.03564,0,14.91005,9.323396,10,1393263552,-0.945282,0.3150177,0.03727722,-14.20532,36.67875,-37.74754,265.0729,264.3619,26,-0.4037738,-0.1048303,0.0358568,1.373913,-1.572593,-0.1890235,-0.4172914,-0.1147157,0.03675779,-0.01801177,0.1006743,-0.06829316,3
2014-02-24 18:39:13.295,781,78.1,43.60714,3.913488,34.03564,0,14.91005,9.323396,10,1393263552,-0.9927521,0.2870026,-0.1220093,-15.7402,36.13501,-36.26831,264.9622,264.2512,26,-0.4137886,0.1431809,0.01926238,1.365966,-1.574785,-0.1897158,-0.4273062,0.1332955,0.02016336,0.03676808,0.1264379,0.03335984,3
2014-02-24 18:39:13.468,782,78.2,43.60714,3.913488,34.03564,0,14.91005,9.323396,10,1393263552,-0.89711,0.348175,0.07759094,-15.30166,37.00499,-37.06482,264.9455,264.2345,26,-0.4076594,0.1217416,0.02539644,1.357919,-1.573051,-0.1900938,-0.4211769,0.1118562,0.02629742,0.06483924,0.1625047,-0.08383308,3
2014-02-24 18:39:13.571,783,78.3,43.60714,3.913488,34.03564,0,14.91005,9.323396,10,1393263552,-0.8817139,0.3113403,0.0009918213,-14.69868,37.05936,-37.00792,264.9487,264.2377,26,-0.3780621,-0.2086544,0.06761739,1.35202,-1.56812,-0.1982846,-0.3916456,-0.2185115,0.06850327,0.01619955,0.1436494,-0.06286652,3
2014-02-24 18:39:13.717,784,78.4,43.60714,3.913488,34.03564,0,14.91005,9.323396,10,1393263552,-0.9667206,0.3548431,-0.04125977,-14.86313,36.3525,-37.06481,264.9508,264.2398,26,-0.4039366,0.1851344,0.01190912,1.344121,-1.569038,-0.199353,-0.4175201,0.1752774,0.01279499,-0.1201331,0.2184229,0.06475779,3
2014-02-24 18:39:13.911,785,78.5,43.60714,3.913488,34.03564,0,14.91005,9.362838,5,1393263553,-1.067444,0.3701019,-0.03961182,-14.64386,36.13501,-36.72346,264.9489,264.2379,26,-0.4103742,0.03706641,0.06960145,1.327917,-1.568335,-0.2010526,-0.4239576,0.02720946,0.07048731,0.01313336,0.1551423,-0.03884768,3
2014-02-24 18:39:14.109,786,78.6,43.60714,3.913488,34.03564,0,14.91005,9.362838,5,1393263553,-1.004517,0.380722,-0.02824402,-15.95947,35.70002,-37.63375,264.9426,264.2316,26,-0.401495,0.0368736,0.03684164,1.312481,-1.568773,-0.2160173,-0.4238093,0.10746,0.04159215,-0.090687,0.1557607,-0.03763565,3
2014-02-24 18:39:14.304,787,78.7,43.60714,3.913488,34.03564,0,14.91005,9.362838,5,1393263553,-1.004669,0.445282,-0.06967163,-15.68538,35.86314,-36.89413,264.9879,264.2769,26,-0.4026108,0.1024111,0.01272938,1.296589,-1.569893,-0.217088,-0.4185503,0.07886811,0.004382462,-0.0572393,0.2178254,-0.03294683,3
2014-02-24 18:39:14.510,788,78.8,43.60714,3.913488,34.03564,0,14.91005,9.362838,5,1393263553,-1.005081,0.4593811,-0.0541687,-16.39801,37.00499,-37.40617,264.8069,264.0959,26,-0.3975309,-0.001853826,0.009103217,1.28857,-1.570204,-0.2173555,-0.4161814,0.09256133,0.01365638,-0.06091306,0.2055555,-0.04979103,3
2014-02-24 18:39:14.712,789,78.9,43.60714,3.913488,34.03564,0,14.91005,9.362838,5,1393263553,-1.055832,0.4337158,-0.03507996,-15.46611,38.25559,-38.14579,264.7673,264.0563,26,-0.4123934,0.04114424,0.0144061,1.272581,-1.572288,-0.2176416,-0.4245476,0.05149971,-0.01065882,-0.02867285,0.2434537,-0.05562542,3
2014-02-24 18:39:14.839,790,79,43.60714,3.913488,34.03564,0,14.91005,9.335762,10,1393263554,-0.9397736,0.3729553,-0.07327271,-15.63056,37.87498,-37.97511,264.7694,264.0584,26,-0.4086123,0.09542426,-0.00485654,1.26451,-1.573444,-0.2177802,-0.4259638,0.03129462,0.0153331,-0.05234099,0.1779954,-0.05753184,3
2014-02-24 18:39:14.943,791,79.1,43.60714,3.913488,34.03564,0,14.91005,9.335762,10,1393263554,-0.9200745,0.3631439,0.008911133,-15.57575,38.36434,-38.032,264.785,264.074,26,-0.4172263,-0.06086575,0.01887462,1.256339,-1.574534,-0.2178738,-0.4221826,0.08557467,-0.003929548,-0.07947947,0.2175617,-0.03872892,3
2014-02-24 18:39:15.061,792,79.2,43.60714,3.913488,34.03564,0,14.91005,9.335762,10,1393263554,-0.9348602,0.379776,-0.08203125,-15.46612,37.6031,-38.032,264.7975,264.0865,26,-0.4196599,0.02286058,0.002783802,1.248112,-1.575895,-0.2177122,-0.4307965,-0.07071531,0.01980161,0.05270592,0.1985544,-0.07349042,3
2014-02-24 18:39:15.154,793,79.3,43.60714,3.913488,34.03564,0,14.91005,9.335762,10,1393263554,-0.9348602,0.379776,-0.08203125,-15.79502,36.95061,-38.37337,264.6935,263.9825,26,-0.4270973,0.128138,-0.006526609,1.231809,-1.577472,-0.227153,-0.4406576,0.1182959,-0.00557113,0.03918542,0.1967925,-0.04497142,3
2014-02-24 18:39:15.279,794,79.4,43.60714,3.913488,34.03564,0,14.91005,9.335762,10,1393263554,-0.9418488,0.3721008,-0.06060791,-16.17874,36.24375,-37.40617,264.6976,263.9866,26,-0.4234357,0.01385776,0.01456643,1.22332,-1.578287,-0.2271939,-0.436996,0.004015711,0.0155219,0.03941472,0.1545316,-0.08932964,3
2014-02-24 18:39:15.489,795,79.5,43.60714,3.913488,34.03564,0,14.91005,9.335762,10,1393263554,-1.037659,0.413681,0.0120697,-16.28837,36.24376,-37.63375,264.7361,264.0251,26,-0.4258932,-0.06314355,0.02585237,1.216322,-1.574721,-0.2378484,-0.439435,-0.07296581,0.02683515,0.02999093,0.1364887,-0.06442186,3
2014-02-24 18:39:15.598,796,79.6,43.60714,3.913488,34.03564,0,14.91005,9.335762,10,1393263554,-0.9514771,0.3650513,-0.1006622,-16.89136,35.86314,-38.14579,264.7069,263.9959,26,-0.4369651,0.1246889,-0.003068494,1.207715,-1.576523,-0.2381618,-0.4505067,0.1148667,-0.002085714,-0.06590135,0.1777643,0.00650428,3
2014-02-24 18:39:15.711,797,79.7,43.60714,3.913488,34.03564,0,14.91005,9.335762,10,1393263554,-0.98172,0.3863678,-0.005615234,-16.45282,35.21065,-40.19396,264.701,263.9901,26,-0.435813,0.04439942,0.01884186,1.200902,-1.56875,-0.2468524,-0.4493343,0.03460047,0.0198452,0.01820727,0.1206983,-0.09867832,3
2014-02-24 18:39:15.836,798,79.8,43.6072,3.913499,29.37616,1.060627,354.1578,9.208709,10,1393263555,-0.9725189,0.3840637,-0.01911926,-17.93289,35.48252,-37.86132,264.8316,264.1206,26,-0.4368452,-0.1029706,0.01675102,1.192292,-1.571742,-0.2471562,-0.4503665,-0.1127695,0.01775436,-0.01654865,0.1451534,-0.09924448,3
2014-02-24 18:39:16.017,799,79.9,43.6072,3.913499,29.37616,1.060627,354.1578,9.208709,10,1393263555,-0.9535217,0.4061432,-0.08146667,-18.75514,34.34066,-38.25958,264.7043,263.9933,26,-0.4381017,-0.02257855,0.007742608,1.175405,-1.573497,-0.2549782,-0.4505536,0.08101085,0.01236437,-0.04263441,0.1205785,-0.04060814,3
2014-02-24 18:39:16.118,800,80,43.6072,3.913499,29.37616,1.060627,354.1578,9.208709,10,1393263555,-1.01236,0.3806915,-0.05563354,-18.80996,34.39504,-37.86132,264.6652,263.9542,26,-0.4309192,0.002579005,0.02868198,1.166706,-1.575002,-0.2549816,-0.4516153,-0.03236841,0.008768301,0.01413764,0.1539155,-0.08553673,3
2014-02-24 18:39:16.222,801,80.1,43.6072,3.913499,29.37616,1.060627,354.1578,9.208709,10,1393263555,-0.9691925,0.3826904,-0.06295776,-17.87807,34.88441,-38.71473,264.4856,263.7746,26,-0.4395199,0.03306527,0.02243633,1.159042,-1.574263,-0.2606547,-0.444423,-0.007199731,0.02972138,-0.04614396,0.1229783,-0.05898295,3
2014-02-24 18:39:16.379,802,80.2,43.6072,3.913499,29.37616,1.060627,354.1578,9.208709,10,1393263555,-0.9674225,0.37117,0.00831604,-18.42624,35.31939,-38.48715,264.4131,263.7021,26,-0.4309399,-0.06192808,0.04104251,1.150373,-1.576297,-0.2610296,-0.4530237,0.02328658,0.02347573,-0.003082347,0.124615,-0.06827167,3
2014-02-24 18:39:16.518,803,80.3,43.6072,3.913499,29.37616,1.060627,354.1578,9.208709,10,1393263555,-0.9955597,0.3825531,-0.02328491,-17.54917,35.53689,-38.60094,264.5417,263.8307,26,-0.4286424,0.07183318,0.04093199,1.141747,-1.57964,-0.2616863,-0.4444438,-0.07170676,0.0420819,0.03255245,0.1283904,-0.03991472,3
2014-02-24 18:39:16.633,804,80.4,43.6072,3.913499,29.37616,1.060627,354.1578,9.208709,10,1393263555,-0.9468689,0.4151611,-0.05610657,-17.6588,34.77565,-39.05609,264.8049,264.0939,26,-0.4200396,0.06398538,0.04343749,1.133319,-1.580824,-0.2681284,-0.4421427,0.0620597,0.04199012,0.03007687,0.1014668,-0.007747054,3
2014-02-24 18:39:16.803,805,80.5,43.60722,3.913501,29.61832,2.107442,5.071685,9.118365,5,1393263556,-0.9406281,0.4324036,0.002334595,-17.27507,35.70001,-39.11298,264.7999,264.0889,26,-0.4111764,-0.04600078,0.02934564,1.117692,-1.579283,-0.2775765,-0.4383188,0.01670639,0.03427993,0.01481883,0.1411354,-0.06426856,3
2014-02-24 18:39:17.012,806,80.6,43.60722,3.913501,29.61832,2.107442,5.071685,9.118365,5,1393263556,-1.004578,0.3749237,-0.002868652,-16.78172,34.99315,-38.9423,264.7721,264.0611,26,-0.4147069,0.04550996,-0.004428038,1.101225,-1.582343,-0.2866406,-0.4380423,0.1115442,-0.01354026,0.0185071,0.1496721,-0.008741093,3
2014-02-24 18:39:17.125,807,80.7,43.60722,3.913501,29.61832,2.107442,5.071685,9.118365,5,1393263556,-1.004578,0.3749237,-0.002868652,-17.3299,35.97189,-38.03201,264.2692,263.5582,26,-0.4136041,0.08186956,0.005785185,1.084517,-1.585006,-0.2867964,-0.4270846,0.07212146,0.00689204,0.0080847,0.1236743,-0.03167963,3
2014-02-24 18:39:17.296,808,80.8,43.60722,3.913501,29.61832,2.107442,5.071685,9.118365,5,1393263556,-0.9404449,0.3980408,-0.05686951,-17.9877,34.55816,-38.1458,264.2624,263.5514,26,-0.4172803,0.1429572,-0.00540382,1.068182,-1.586876,-0.2900261,-0.4307568,0.1332141,-0.004287044,-0.04136865,0.07609861,0.01211966,3
2014-02-24 18:39:17.477,809,80.9,43.60722,3.913501,29.61832,2.107442,5.071685,9.118365,5,1393263556,-0.9159241,0.3814697,-0.0662384,-17.43953,34.77566,-38.14579,264.261,263.55,26,-0.4172779,0.1327663,-0.004131628,1.061108,-1.581682,-0.295739,-0.4307411,0.1230371,-0.003000208,0.0160854,0.1065939,-0.0672826,3
2014-02-24 18:39:17.581,810,81,43.60722,3.913501,29.61832,2.107442,5.071685,9.118365,5,1393263556,-0.9466705,0.3866882,0.009429932,-16.89136,35.42815,-38.48715,264.2597,263.5487,26,-0.4222775,-0.0222872,0.02900742,1.052589,-1.583925,-0.2960975,-0.4357406,-0.03201634,0.03013883,0.04047596,0.08967991,-0.07879508,3
2014-02-24 18:39:17.669,811,81.1,43.60722,3.913501,29.61832,2.107442,5.071685,9.118365,5,1393263556,-0.9900818,0.3693085,-0.04553223,-16.61728,34.93878,-38.65783,264.2541,263.5431,26,-0.4284121,0.1191546,0.005279184,1.044221,-1.584936,-0.3010424,-0.4418723,0.1094312,0.006425875,0.008261919,0.09017234,-0.004073293,3
2014-02-24 18:39:17.798,812,81.2,43.60725,3.913506,29.86265,2.629367,5.985578,9.077207,5,1393263557,-0.9515228,0.3856354,-0.01306152,-15.79502,34.01442,-37.34928,264.3075,263.5965,26,-0.4221334,0.1247387,-0.01113814,1.035612,-1.585282,-0.3008899,-0.4355936,0.1150153,-0.009991452,-0.03510886,0.07293825,-0.05936684,3
2014-02-24 18:39:17.879,813,81.3,43.60725,3.913506,29.86265,2.629367,5.985578,9.077207,5,1393263557,-1.004272,0.3765869,-0.0486908,-17.6588,35.64564,-38.9423,264.4708,263.7598,26,-0.4248578,0.04007312,0.03423973,1.027025,-1.58707,-0.3011813,-0.438318,0.03034973,0.03538641,-0.02621881,0.08028937,-0.08249581,3
2014-02-24 18:39:17.980,814,81.4,43.60725,3.913506,29.86265,2.629367,5.985578,9.077207,5,1393263557,-1.004272,0.3765869,-0.0486908,-16.45283,35.86314,-38.9423,264.3445,263.6335,26,-0.4236573,0.1238839,0.02522173,1.019026,-1.585877,-0.3055544,-0.4369747,0.1027142,0.01124273,0.02019175,0.09117633,-0.05846405,3
2014-02-24 18:39:18.082,815,81.5,43.60725,3.913506,29.86265,2.629367,5.985578,9.077207,5,1393263557,-0.9553223,0.3835602,-0.0355072,-14.04087,36.29813,-38.14579,263.9894,263.2784,26,-0.4236573,0.1238839,0.02522173,1.010417,-1.58649,-0.3059036,-0.4371113,0.114168,0.0263804,-0.01651289,0.07450123,-0.0846971,3
2014-02-24 18:39:18.189,816,81.6,43.60725,3.913506,29.86265,2.629367,5.985578,9.077207,5,1393263557,-0.9553223,0.3835602,-0.0355072,-11.84818,37.38561,-36.89413,263.9237,263.2127,26,-0.4225262,0.06172728,0.04695472,1.003613,-1.582493,-0.3095486,-0.4322309,0.0146526,0.04851795,-0.007234494,0.06173476,-0.09434662,3
2014-02-24 18:39:18.313,817,81.7,43.60725,3.913506,29.86265,2.629367,5.985578,9.077207,5,1393263557,-1.011749,0.3928223,-0.03622437,-9.271784,38.30997,-35.69937,263.8847,263.1737,26,-0.4310052,0.05247306,0.03171346,0.9950119,-1.584222,-0.3102599,-0.4359654,0.05202372,0.04811714,-0.003153837,0.07825403,-0.04829144,3
2014-02-24 18:39:18.493,818,81.8,43.60725,3.913506,29.86265,2.629367,5.985578,9.077207,5,1393263557,-0.9940643,0.3732758,-0.06121826,-8.449528,37.92935,-33.48053,263.7722,263.0612,26,-0.4297375,0.1520673,0.01198396,0.9870707,-1.583541,-0.3131059,-0.4444382,0.04277582,0.03288113,-0.06044503,0.08480729,-0.04834928,3
2014-02-24 18:39:18.594,819,81.9,43.60725,3.913506,29.86265,2.629367,5.985578,9.077207,5,1393263557,-1.011429,0.3876038,-0.06542969,-7.133919,37.38561,-32.45644,263.4407,262.7297,26,-0.4284637,-0.0007925567,0.02991156,0.9784252,-1.58475,-0.313437,-0.4431705,0.1423701,0.01315163,-0.02537566,0.1236768,-0.03961046,3
2014-02-24 18:39:18.679,820,82,43.60725,3.913506,29.86265,2.629367,5.985578,9.077207,5,1393263557,-0.9560089,0.4115601,-0.02790833,-6.53093,37.76622,-30.69275,263.4529,262.7419,26,-0.4246855,0.03084846,0.01438853,0.9697258,-1.586064,-0.3137127,-0.4418966,-0.01048973,0.03107923,-0.02811871,0.08596951,-0.1176557,3
2014-02-24 18:39:18.811,821,82.1,43.60728,3.913517,34.3138,2.457488,6.578681,9.032825,5,1393263558,-0.9380493,0.3829498,-0.06552124,-5.270136,38.25559,-29.04284,264.41,263.699,26,-0.4307495,0.1110908,-0.00874156,0.9622277,-1.585081,-0.3161395,-0.4381092,0.02115936,0.01555919,-0.03709626,0.07237054,-0.05234862,3
2014-02-24 18:39:18.983,822,82.2,43.60728,3.913517,34.3138,2.457488,6.578681,9.032825,5,1393263558,-0.9572449,0.408905,0.0120697,-5.434589,38.09247,-28.75837,265.7847,265.0737,26,-0.4220066,-0.06783391,0.002473278,0.9447936,-1.587961,-0.3160448,-0.44666,0.049333,0.003471358,0.01228284,0.07214015,-0.08183482,3
2014-02-24 18:39:19.083,823,82.3,43.60728,3.913517,34.3138,2.457488,6.578681,9.032825,5,1393263558,-0.9680328,0.337616,-0.0821228,-7.517639,39.39745,-30.92032,266.4246,265.7136,26,-0.4258206,0.1213105,-0.01114,0.9376582,-1.585754,-0.3184614,-0.4354185,-0.07751238,0.003647314,-0.01008951,0.09819492,-0.0889732,3
2014-02-24 18:39:19.187,824,82.4,43.60728,3.913517,34.3138,2.457488,6.578681,9.032825,5,1393263558,-0.8943329,0.3863678,-0.01142883,-13.32825,38.85371,-36.83724,267.1444,266.4334,26,-0.4221861,0.0715839,0.003457049,0.9291843,-1.588626,-0.3183989,-0.4392323,0.111632,-0.009965968,-0.03593251,0.06050407,-0.01175989,3
2014-02-24 18:39:19.476,825,82.5,43.60728,3.913517,34.3138,2.457488,6.578681,9.032825,5,1393263558,-0.9940491,0.3693542,-0.05241394,-17.60398,27.10892,-33.65121,270.4981,269.7871,26,-0.4061083,0.09087265,-0.009480587,0.9062053,-1.586179,-0.3241855,-0.4195929,0.08120651,-0.008339227,-0.03476085,0.07062338,-0.05043906,3
2014-02-24 18:39:19.565,826,82.6,43.60728,3.913517,34.3138,2.457488,6.578681,9.032825,5,1393263558,-0.9546814,0.323349,-0.08283997,-15.46611,25.85832,-30.74964,270.4983,269.7873,26,-0.4134667,0.1190931,-0.01686553,0.8977377,-1.587228,-0.3238218,-0.4269511,0.109427,-0.01572418,-0.04615078,0.05116218,-0.0679906,3
2014-02-24 18:39:19.664,827,82.7,43.60728,3.913517,34.3138,2.457488,6.578681,9.032825,5,1393263558,-0.9725189,0.3011017,-0.04188538,-15.30166,26.45643,-30.92032,270.4527,269.7417,26,-0.4011045,-0.01331767,-0.003723099,0.8894554,-1.589416,-0.3234204,-0.414589,-0.02298375,-0.002581747,-0.006691839,0.005537488,-0.1004933,3
2014-02-24 18:39:19.794,828,82.8,43.60731,3.913538,34.44874,3.011286,19.12514,9,5,1393263559,-1.047729,0.29776,-0.04566956,-16.12392,27.1633,-31.31857,270.3701,269.6591,26,-0.3923843,0.01720961,-0.02153405,0.8823825,-1.588737,-0.3231728,-0.4058618,0.007548045,-0.02039512,-0.02443893,-0.01647504,-0.05889594,3
2014-02-24 18:39:19.897,829,82.9,43.60731,3.913538,34.44874,3.011286,19.12514,9,5,1393263559,-1.071838,0.3148956,-0.09875488,-14.97276,26.23894,-33.08228,267.1627,266.4517,26,-0.3789044,0.09774387,-0.02688301,0.8745024,-1.59032,-0.322716,-0.3923819,0.08808233,-0.02574408,-0.02961691,-0.008824424,-0.04395123,3
2014-02-24 18:39:19.987,830,83,43.60731,3.913538,34.44874,3.011286,19.12514,9,5,1393263559,-1.11908,0.2974548,-0.03381348,-14.75349,26.02144,-32.28576,266.8884,266.1774,26,-0.3725959,0.06933779,-0.04179565,0.8668283,-1.591302,-0.3218746,-0.3860734,0.05967629,-0.04065672,-0.01511741,-0.003677644,-0.08863486,3
2014-02-24 18:39:20.181,831,83.1,43.60731,3.913538,34.44874,3.011286,19.12514,9,5,1393263559,-1.05545,0.2898407,-0.06326294,-15.35648,24.98833,-32.22887,266.6547,265.9437,26,-0.3437504,0.06562854,-0.1083494,0.8522056,-1.59583,-0.3193685,-0.3660199,0.06286711,-0.08624604,-0.09732662,-0.02527082,-0.07715542,3
2014-02-24 18:39:20.295,832,83.2,43.60731,3.913538,34.44874,3.011286,19.12514,9,5,1393263559,-1.020691,0.2679443,-0.08512878,-15.95947,24.49897,-32.17198,266.4897,265.7787,26,-0.3263536,-0.04987408,-0.1117473,0.8452529,-1.597369,-0.3173356,-0.3572277,0.05596714,-0.1072105,-0.1057157,-0.02219563,-0.08850583,3
2014-02-24 18:39:20.480,833,83.3,43.60731,3.913538,34.44874,3.011286,19.12514,9,5,1393263559,-1.034073,0.2637024,-0.02284241,-15.95947,24.82521,-33.08228,266.2403,265.5293,26,-0.3163814,0.0938474,-0.1494204,0.8385448,-1.599562,-0.314969,-0.3398308,-0.05953544,-0.1106084,-0.0702783,-0.04184267,-0.112476,3
2014-02-24 18:39:20.577,834,83.4,43.60731,3.913538,34.44874,3.011286,19.12514,9,5,1393263559,-0.9806213,0.2310486,-0.09707642,-16.45283,25.09709,-34.73219,266.0482,265.3372,26,-0.3054497,0.05218571,-0.1254469,0.8321624,-1.600827,-0.3123789,-0.3298586,0.08418608,-0.1482815,-0.08289678,-0.04362091,-0.05141556,3
2014-02-24 18:39:20.668,835,83.5,43.60731,3.913538,34.44874,3.011286,19.12514,9,5,1393263559,-1.045273,0.2348175,-0.05006409,-16.72691,25.36895,-34.33393,265.9133,265.2023,26,-0.2932135,-0.0121789,-0.1071046,0.8258266,-1.601749,-0.3098479,-0.3189268,0.04252442,-0.124308,-0.09516485,-0.06828047,-0.1127262,3
2014-02-24 18:39:20.799,836,83.6,43.60734,3.913551,33.80323,1.659789,15.2541,9,10,1393263560,-1.015839,0.2094421,-0.01832581,-17.71361,25.4777,-36.2683,265.384,264.673,26,-0.278429,-0.02906388,-0.1067976,0.8197855,-1.603994,-0.3074311,-0.3066906,-0.02184016,-0.1059657,-0.06242571,-0.1193684,-0.08487315,3
2014-02-24 18:39:20.896,837,83.7,43.60734,3.913551,33.80323,1.659789,15.2541,9,10,1393263560,-0.881424,0.1236725,-0.01516724,-18.3166,26.9458,-37.91821,265.0139,264.3029,26,-0.267379,0.01632704,-0.1106538,0.8141062,-1.605759,-0.3050525,-0.291906,-0.03872508,-0.1056587,0.02197386,-0.09199972,-0.08090359,3
2014-02-24 18:39:20.995,838,83.8,43.60734,3.913551,33.80323,1.659789,15.2541,9,10,1393263560,-0.8584442,0.1310425,-0.0256958,-18.75514,27.70704,-38.82851,264.8588,264.1478,26,-0.2789019,0.05177318,-0.06066681,0.8084863,-1.607281,-0.3029866,-0.280856,0.006665851,-0.1095149,-0.06202417,-0.08892994,-0.05314087,3
2014-02-24 18:39:21.093,839,83.9,43.60734,3.913551,33.80323,1.659789,15.2541,9,10,1393263560,-0.7940979,0.1725159,-0.02426147,-18.04252,28.1964,-38.31647,264.6986,263.9876,26,-0.2616894,-0.002417884,-0.05058781,0.8028994,-1.609132,-0.3013861,-0.2923789,0.04211204,-0.05952792,0.0728004,-0.1731717,-0.05176583,3
2014-02-24 18:39:21.193,840,84,43.60734,3.913551,33.80323,1.659789,15.2541,9,10,1393263560,-0.7940979,0.1725159,-0.02426147,-18.04252,28.30515,-37.97511,264.5368,263.8258,26,-0.2666607,0.04061001,-0.05105573,0.7921281,-1.61129,-0.2988793,-0.2801375,0.03094895,-0.04991684,0.1607858,-0.1219335,-0.06294954,3
2014-02-24 18:39:21.271,841,84.1,43.60734,3.913551,33.80323,1.659789,15.2541,9,10,1393263560,-0.9413757,0.2076569,-0.03598022,-17.9877,31.94821,-38.03201,259.9958,259.2849,26,-0.2645126,0.06470762,-0.01607697,0.7921281,-1.61129,-0.2988793,-0.2801375,0.03094895,-0.04991684,0.1607858,-0.1219335,-0.06294954,3
2014-02-24 18:39:21.417,842,84.2,43.60734,3.913551,33.80323,1.659789,15.2541,9,10,1393263560,-0.9413757,0.2076569,-0.03598022,-17.11063,32.70944,-38.03201,260.0302,259.3192,26,-0.2635185,0.08872135,0.00950642,0.7812291,-1.612834,-0.2980778,-0.2769952,0.07906035,0.01064529,0.09162444,-0.1225255,-0.0515858,3
2014-02-24 18:39:21.559,843,84.3,43.60734,3.913551,33.80323,1.659789,15.2541,9,10,1393263560,-0.9406891,0.1660004,-0.003509521,-15.35648,33.68818,-38.37336,260.0299,259.3189,26,-0.2744784,0.03078934,0.004101268,0.7757497,-1.613738,-0.2978639,-0.2879551,0.02112838,0.005240135,0.06838082,-0.1099157,-0.06644376,3
2014-02-24 18:39:21.634,844,84.4,43.60734,3.913551,33.80323,1.659789,15.2541,9,10,1393263560,-0.9936218,0.2108002,-0.03952026,-14.91795,34.12316,-37.80443,259.8145,259.1035,26,-0.2646149,0.07952465,-0.005664544,0.7701975,-1.613996,-0.2978768,-0.2780915,0.06986371,-0.004525679,0.01438083,-0.1274908,-0.04479396,3
2014-02-24 18:39:21.751,845,84.5,43.60735,3.913556,34.27111,1.929688,0.7737589,9,10,1393263561,-0.9924011,0.2359467,-0.008514404,-13.10898,33.8513,-36.3821,259.7982,259.0872,26,-0.2748134,-0.04925916,0.05766889,0.7605863,-1.609539,-0.2932413,-0.2882798,-0.05891757,0.05878548,-0.03362551,-0.08750334,-0.1028452,3
2014-02-24 18:39:21.884,846,84.6,43.60735,3.913556,34.27111,1.929688,0.7737589,9,10,1393263561,-1.016968,0.2720642,-0.05682373,-12.17709,34.12317,-36.09763,259.7976,259.0866,26,-0.2697897,0.06841288,0.02724121,0.755891,-1.607779,-0.290292,-0.2832506,0.05875519,0.02834379,-0.03489596,-0.05028534,-0.04394196,3
2014-02-24 18:39:21.979,847,84.7,43.60735,3.913556,34.27111,1.929688,0.7737589,9,10,1393263561,-1.051453,0.2731781,-0.009460449,-10.64221,34.88441,-35.4149,259.7986,259.0876,26,-0.288329,0.09891593,0.03263065,0.7501033,-1.607747,-0.2907707,-0.3017899,0.08925826,0.03373323,-0.08810194,-0.05263609,-0.0571662,3
2014-02-24 18:39:22.083,848,84.8,43.60735,3.913556,34.27111,1.929688,0.7737589,9,10,1393263561,-1.030396,0.286377,-0.04733276,-4.283432,34.01442,-28.58768,260.3187,259.6077,26,-0.2859407,-0.002879143,0.05710936,0.7442522,-1.609493,-0.2914622,-0.2994015,-0.01253677,0.05821194,-0.02217086,-0.03813124,-0.09816637,3
2014-02-24 18:39:22.179,849,84.9,43.60735,3.913556,34.27111,1.929688,0.7737589,9,10,1393263561,-1.030396,0.286377,-0.04733276,-4.173798,32.92694,-24.60514,260.7466,260.0356,26,-0.2846411,0.02762817,0.04391979,0.7391599,-1.607529,-0.2900571,-0.2993065,0.04964111,0.03765407,-0.008971573,0.01013562,-0.05359212,3
2014-02-24 18:39:22.283,850,85,43.60735,3.913556,34.27111,1.929688,0.7737589,9,10,1393263561,-1.029984,0.2977142,0.002288818,-3.73526,32.3832,-24.71893,260.7591,260.0481,26,-0.2848043,0.05382461,0.06008624,0.7331737,-1.608233,-0.2907083,-0.2980969,0.01797294,0.04501319,-0.0730257,-0.000253913,-0.08319063,3
2014-02-24 18:39:22.415,851,85.1,43.60735,3.913556,34.27111,1.929688,0.7737589,9,10,1393263561,-0.9338837,0.3183289,-0.02401733,-2.638916,32.05696,-24.37757,260.8081,260.0971,26,-0.2848056,0.07986341,0.05631281,0.727843,-1.608276,-0.2911399,-0.2982564,0.0441726,0.06117577,-0.07273897,0.01066989,-0.03360566,3
2014-02-24 18:39:22.534,852,85.2,43.60735,3.913556,34.27111,1.929688,0.7737589,9,10,1393263561,-0.9606323,0.358551,-0.06169128,-2.584099,33.19881,-25.79991,260.8799,260.1689,26,-0.2759639,0.05480253,0.0320072,0.7219661,-1.608495,-0.2919471,-0.2982577,0.07021144,0.05740234,0.02312115,0.03051136,-0.06011246,3
2014-02-24 18:39:22.659,853,85.3,43.60735,3.913556,34.27111,1.929688,0.7737589,9,10,1393263561,-0.9950714,0.3908844,0.02444458,-3.351543,33.96004,-26.48263,260.9477,260.2367,26,-0.2735903,-0.001696434,0.05135107,0.7162417,-1.608574,-0.2926613,-0.289416,0.04515058,0.03309673,-0.08084711,0.04999957,-0.07421816,3
2014-02-24 18:39:22.768,854,85.4,43.60735,3.913556,34.27111,1.929688,0.7737589,9,10,1393263561,-0.99263,0.3903961,-0.03694153,-3.241905,33.8513,-26.25505,261.035,260.324,26,-0.2883924,0.1374676,0.03460006,0.710544,-1.610626,-0.2935649,-0.2870422,-0.01134834,0.05244059,-0.036537,0.03404358,-0.09406988,3
2014-02-24 18:39:22.854,855,85.5,43.60736,3.913564,34.51855,1.682007,1.286388,9,5,1393263562,-1.046097,0.348877,-0.009963989,-2.74855,33.90567,-24.60514,261.8638,261.1528,26,-0.2834027,0.04574299,0.04023584,0.7048115,-1.611007,-0.2941091,-0.3018443,0.1278157,0.03568957,-0.1164668,0.07670512,-0.02646522,3
2014-02-24 18:39:22.976,856,85.6,43.60736,3.913564,34.51855,1.682007,1.286388,9,5,1393263562,-1.047699,0.3806763,-0.02970886,-4.557514,35.91751,-25.57233,262.5784,261.8674,26,-0.2846189,0.09892578,0.03032036,0.6989996,-1.611051,-0.2945376,-0.2968546,0.03609115,0.04132535,-0.03646876,0.1000987,-0.07545228,3
2014-02-24 18:39:23.081,857,85.7,43.60736,3.913564,34.51855,1.682007,1.286388,9,5,1393263562,-1.03949,0.3774414,-0.04032898,-5.324953,37.00499,-26.71021,262.9178,262.2068,26,-0.2943914,0.1282136,0.01703624,0.693112,-1.611263,-0.2949069,-0.2980708,0.08927399,0.03140986,-0.09005091,0.05822615,-0.04867273,3
2014-02-24 18:39:23.176,858,85.8,43.60736,3.913564,34.51855,1.682007,1.286388,9,5,1393263562,-1.003021,0.4007111,-0.02056885,-5.489405,37.8206,-28.4739,263.1454,262.4344,26,-0.3052118,-0.009097891,0.006541256,0.6870898,-1.611608,-0.2949683,-0.3078431,0.1185619,0.01812574,-0.09168433,0.08996673,-0.06874685,3
2014-02-24 18:39:23.290,859,85.9,43.60736,3.913564,34.51855,1.682007,1.286388,9,5,1393263562,-1.003021,0.4007111,-0.02056885,-8.285076,39.39745,-32.39955,263.8095,263.0985,26,-0.3162616,0.1017338,-0.01341594,0.6747442,-1.613461,-0.2945682,-0.3297132,0.09208214,-0.01232645,-0.05271701,0.09269948,-0.04087584,3
2014-02-24 18:39:23.482,860,86,43.60736,3.913564,34.51855,1.682007,1.286388,9,5,1393263562,-0.982666,0.3999939,-0.05543518,-11.62892,38.69059,-36.21141,264.3211,263.6101,26,-0.3259371,0.1207379,-0.03715642,0.6747442,-1.613461,-0.2945682,-0.3297132,0.09208214,-0.01232645,-0.05271701,0.09269948,-0.04087584,3
2014-02-24 18:39:23.550,861,86.1,43.60736,3.913564,34.51855,1.682007,1.286388,9,5,1393263562,-0.982666,0.3999939,-0.05543518,-14.31496,37.33123,-37.1786,264.5101,263.7991,26,-0.3197735,-0.01280741,-0.01819711,0.6616812,-1.615202,-0.2935013,-0.333225,-0.02245901,-0.01710763,-0.09277909,0.1220409,-0.1143923,3
2014-02-24 18:39:23.679,862,86.2,43.60736,3.913564,34.51855,1.682007,1.286388,9,5,1393263562,-0.9633484,0.3866425,-0.04827881,-17.22026,35.42815,-38.82851,264.8553,264.1443,26,-0.3380609,0.1125423,-0.05830911,0.6551449,-1.617537,-0.2928588,-0.3381585,-0.04512675,-0.0122415,-0.02628916,0.1113034,-0.1001691,3
2014-02-24 18:39:23.786,863,86.3,43.60737,3.91357,35.36806,1.300492,14.88842,9,5,1393263563,-1.006241,0.3414459,-0.08451843,-20.39965,29.77325,-38.14579,265.4046,264.6936,26,-0.3419001,0.001716674,-0.02324407,0.6483744,-1.618503,-0.2919198,-0.3515123,0.1028907,-0.05721963,-0.006744844,0.09885115,-0.09394962,3
2014-02-24 18:39:23.891,864,86.4,43.60737,3.91357,35.36806,1.300492,14.88842,9,5,1393263563,-0.9589996,0.3569489,-0.002197266,-15.57575,26.40206,-33.82188,265.8903,265.1793,26,-0.3529114,-0.1184284,-0.01279223,0.6439399,-1.61165,-0.2944722,-0.3553361,-0.007912334,-0.02215412,-0.05008388,0.0512111,-0.123603,3
2014-02-24 18:39:23.979,865,86.5,43.60737,3.91357,35.36806,1.300492,14.88842,9,5,1393263563,-0.9042206,0.3776398,-0.006591797,-14.86313,25.80394,-33.08227,265.9614,265.2504,26,-0.3541983,0.09557579,-0.03835564,0.636948,-1.615466,-0.2939259,-0.3663474,-0.1280574,-0.01170228,0.01916268,0.09415339,-0.1199643,3
2014-02-24 18:39:24.095,866,86.6,43.60737,3.91357,35.36806,1.300492,14.88842,9,5,1393263563,-0.9096069,0.3234558,-0.06767273,-14.26014,25.85832,-32.11508,266.0289,265.3179,26,-0.3467377,0.07744393,-0.04514564,0.6301892,-1.616654,-0.2958139,-0.3676327,0.08595255,-0.03725844,-0.03372875,0.06237856,-0.01125736,3
2014-02-24 18:39:24.196,867,86.7,43.60737,3.91357,35.36806,1.300492,14.88842,9,5,1393263563,-0.9342651,0.3733368,-0.004974365,-13.38307,26.29331,-31.31857,266.0918,265.3808,26,-0.3407184,-0.1125638,0.0001715076,0.6231682,-1.616763,-0.2947158,-0.360172,0.06782074,-0.04404843,-0.01612615,0.03840476,-0.1085145,3
2014-02-24 18:39:24.295,868,86.8,43.60737,3.91357,35.36806,1.300492,14.88842,9,5,1393263563,-1.00882,0.360611,-0.06715393,-13.21861,26.34768,-30.69275,266.1507,265.4397,26,-0.3443883,0.02549737,-0.0235,0.6163027,-1.620806,-0.2942754,-0.3541527,-0.122187,0.001268711,0.04620917,0.03340937,-0.1155124,3
2014-02-24 18:39:24.484,869,86.9,43.60737,3.91357,35.36806,1.300492,14.88842,9,5,1393263563,-1.043228,0.3284302,-0.06924438,-9.38142,25.6952,-26.48263,266.4043,265.6933,26,-0.3467579,0.08651998,-0.0440612,0.6101503,-1.620443,-0.2959532,-0.3578174,0.01588313,-0.0223993,0.02108086,0.08168504,-0.05244309,3
2014-02-24 18:39:24.571,870,87,43.60737,3.91357,35.36806,0,14.88842,9,5,1393263564,-1.043228,0.3284302,-0.06924438,-10.42294,25.74957,-27.10846,266.5078,265.7968,26,-0.3431747,-0.07522924,-0.006081861,0.5961322,-1.624177,-0.2946337,-0.3566037,-0.08484343,-0.004981164,0.02002917,0.03634712,-0.1571052,3
2014-02-24 18:39:24.670,871,87.1,43.60737,3.91357,35.36806,0,14.88842,9,5,1393263564,-0.9984436,0.3317413,-0.02389526,-10.03922,25.36895,-27.27914,268.4008,267.6898,26,-0.3519008,-0.001602158,-0.003364904,0.5961322,-1.624177,-0.2946337,-0.3566037,-0.08484343,-0.004981164,0.02002917,0.03634712,-0.1571052,3
2014-02-24 18:39:24.803,872,87.2,43.60737,3.91357,35.36806,0,14.88842,9,5,1393263564,-0.9501038,0.3285828,-0.03404236,-9.984409,24.33585,-29.15662,268.4149,267.7039,26,-0.3322046,0.03137071,-0.009363142,0.5768491,-1.626511,-0.2946918,-0.345716,0.02175689,-0.008304849,-0.0430367,0.04129636,-0.07718093,3
2014-02-24 18:39:24.887,873,87.3,43.60737,3.91357,35.36806,0,14.88842,9,5,1393263564,-0.9516144,0.3495941,-0.03129578,-10.20368,24.77084,-30.18071,268.4085,267.6975,26,-0.3322536,-0.0002785666,0.001502822,0.5700992,-1.628825,-0.2942694,-0.3457649,-0.009892337,0.002561109,0.005299736,0.03854205,-0.08954503,3
2014-02-24 18:39:25.086,874,87.4,43.60737,3.91357,35.36806,0,14.88842,9,5,1393263564,-1.022156,0.3514252,0.003936768,-14.53422,24.93396,-33.6512,268.4026,267.6916,26,-0.3469699,0.02333196,-0.008253402,0.5439118,-1.632962,-0.2953439,-0.3530774,-0.02358355,-0.003236208,-0.08408634,0.05265059,-0.07124562,3
2014-02-24 18:39:25.178,875,87.5,43.60737,3.91357,35.36806,0,14.88842,9,5,1393263564,-0.9294891,0.3451691,-0.02124023,-14.09569,25.04271,-33.42363,268.3185,267.6075,26,-0.3469699,0.02333196,-0.008253402,0.5382886,-1.629846,-0.2969542,-0.3604661,0.01374305,-0.007189397,-0.02512504,0.05269731,-0.07729098,3
2014-02-24 18:39:25.297,876,87.6,43.60737,3.91357,35.36806,0,14.88842,9,5,1393263564,-0.9294891,0.3451691,-0.02124023,-14.42459,26.13019,-32.51334,268.3347,267.6237,26,-0.3457878,0.01546391,-0.001126783,0.5312414,-1.631138,-0.2964937,-0.3604961,0.03980955,-0.007443998,-0.06472194,0.02913565,-0.07200193,3
2014-02-24 18:39:25.452,877,87.7,43.60737,3.91357,35.36806,0,14.88842,9,5,1393263564,-0.9839172,0.3465729,0.003448486,-14.36977,26.9458,-32.91159,268.3285,267.6175,26,-0.3618629,0.1014542,-0.004466387,0.5242267,-1.63361,-0.2960342,-0.3592838,0.005875068,-6.278546e-05,0.02512547,0.0534399,-0.08128228,3
2014-02-24 18:39:25.579,878,87.8,43.60737,3.91357,35.36806,0,14.88842,9.157908,10,1393263565,-0.9311218,0.3477631,-0.08273315,-12.94453,25.85832,-31.88751,268.3141,267.6031,26,-0.364416,0.04945011,0.01478614,0.5178548,-1.632054,-0.29701,-0.3753543,0.09187269,-0.003401108,-0.02949497,0.0539104,-0.05509045,3
2014-02-24 18:39:25.664,879,87.9,43.60737,3.91357,35.36806,0,14.88842,9.157908,10,1393263565,-0.9079132,0.3637543,-0.006530762,-11.84819,25.53207,-32.0013,268.308,267.597,26,-0.3509152,-0.02852326,0.03092729,0.5105984,-1.632026,-0.2965952,-0.3779075,0.03986863,0.01585141,-0.02841094,0.02797039,-0.1075156,3
2014-02-24 18:39:25.769,880,88,43.60737,3.91357,35.36806,0,14.88842,9.157908,10,1393263565,-0.9658966,0.3394012,0.03393555,-11.90301,25.91269,-32.05819,268.3012,267.5902,26,-0.3521668,0.08922175,0.01568868,0.5049541,-1.629433,-0.2965874,-0.3643973,-0.03809507,0.03198684,-0.07232751,0.02301881,-0.1006461,3
2014-02-24 18:39:25.896,881,88.1,43.60737,3.91357,35.36806,0,14.88842,9.157908,10,1393263565,-1.037643,0.3043518,-0.06999207,-10.97112,25.85832,-31.091,268.2922,267.5812,26,-0.3693272,0.1558152,-0.002722549,0.4977654,-1.631417,-0.2966157,-0.365649,0.07964998,0.01674822,-0.01638804,0.0502287,-0.02505544,3
2014-02-24 18:39:25.999,882,88.2,43.60737,3.91357,35.36806,0,14.88842,9.157908,10,1393263565,-1.03595,0.3856354,0.0005950928,-9.765141,25.31458,-28.92905,268.238,267.527,26,-0.3484166,-0.003636014,0.02249652,0.491721,-1.626243,-0.3012099,-0.3828019,0.1462608,-0.001654263,0.05244866,0.08271866,-0.08385231,3
2014-02-24 18:39:26.088,883,88.3,43.60737,3.91357,35.36806,0,14.88842,9.157908,10,1393263565,-1.022842,0.3520813,-0.04577637,-9.765141,25.42333,-28.58769,268.1962,267.4852,26,-0.3520446,0.09815852,-0.0008207862,0.4844869,-1.627269,-0.3012385,-0.3618913,-0.01319032,0.0235648,-0.08419605,0.007648672,-0.1238931,3
2014-02-24 18:39:26.286,884,88.4,43.60737,3.91357,35.36806,0,14.88842,9.157908,10,1393263565,-1.005646,0.3388977,-0.02111816,-9.491053,25.80394,-29.3273,268.1626,267.4516,26,-0.3398646,0.08252683,0.0170453,0.4571601,-1.62826,-0.303951,-0.3533311,0.07298727,0.01811758,-0.1073347,0.04476272,-0.0843858,3
2014-02-24 18:39:26.496,885,88.5,43.60737,3.91357,35.36806,0,14.88842,9.157908,10,1393263565,-1.010086,0.3618469,-0.03497314,-8.833246,26.67393,-27.16535,268.0952,267.3842,26,-0.3483713,0.0642429,0.006583867,0.4571601,-1.62826,-0.303951,-0.3533311,0.07298727,0.01811758,-0.1073347,0.04476272,-0.0843858,3
2014-02-24 18:39:26.578,886,88.6,43.60737,3.91357,35.36806,0,14.88842,9.28739,10,1393263566,-1.010086,0.3618469,-0.03497314,-7.736906,26.02144,-27.96186,268.0533,267.3423,26,-0.3617436,-0.04356532,0.002815227,0.4438997,-1.62798,-0.3042907,-0.3752032,-0.05309645,0.003886046,-0.04606542,0.05371594,-0.1302867,3
2014-02-24 18:39:26.679,887,88.7,43.60737,3.91357,35.36806,0,14.88842,9.28739,10,1393263566,-1.072495,0.3799744,-0.06704712,-8.230263,25.53208,-28.4739,267.5507,266.8397,26,-0.3643979,0.05848941,0.01117862,0.4379146,-1.62505,-0.3056157,-0.3778501,0.04896903,0.01224967,-0.05782737,0.06096654,-0.08668762,3
2014-02-24 18:39:26.781,888,88.8,43.60737,3.91357,35.36806,0,14.88842,9.28739,10,1393263566,-0.9845428,0.3803864,-0.01339722,-8.778433,25.53207,-28.36012,267.4796,266.7686,26,-0.3580476,0.001740908,-0.004629639,0.4306008,-1.627178,-0.3052809,-0.3714998,-0.00777943,-0.003558597,-0.1202475,0.07941327,-0.1207932,3
2014-02-24 18:39:26.891,889,88.9,43.60737,3.91357,35.36806,0,14.88842,9.28739,10,1393263566,-1.04039,0.3753662,-0.05299377,-8.83325,26.78268,-28.98594,267.4377,266.7267,26,-0.3605758,0.01084386,0.002295645,0.4233268,-1.630156,-0.3049163,-0.3740278,0.001323556,0.003366683,-0.0323508,0.08017299,-0.0699856,3
2014-02-24 18:39:26.971,890,89,43.60737,3.91357,35.36806,0,14.88842,9.28739,10,1393263566,-0.9760132,0.368988,-0.0463562,-8.942883,26.34768,-28.53079,267.2682,266.5573,26,-0.3716335,0.03791143,-0.003940147,0.416908,-1.628361,-0.3069578,-0.3850805,0.02840215,-0.002864925,-0.04501059,0.08249883,-0.06645577,3
2014-02-24 18:39:27.092,891,89.1,43.60737,3.91357,35.36806,0,14.88842,9.28739,10,1393263566,-0.9308167,0.3630829,-0.03211975,-10.20367,25.85832,-29.3842,267.0475,266.3365,26,-0.3567749,-0.02659193,-0.005514075,0.4096709,-1.630227,-0.3064236,-0.3702219,-0.03610117,-0.004438857,0.03398012,0.07481409,-0.1316259,3
2014-02-24 18:39:27.198,892,89.2,43.60737,3.91357,35.36806,0,14.88842,9.28739,10,1393263566,-1.019882,0.387207,-0.007034302,-11.46447,25.2602,-29.55488,266.9989,266.2879,26,-0.365423,0.03677,-0.01090804,0.3959844,-1.632388,-0.3063079,-0.3788654,0.02726771,-0.009832242,0.02082881,0.06154247,-0.0908079,3
2014-02-24 18:39:27.295,893,89.3,43.60737,3.91357,35.36806,0,14.88842,9.28739,10,1393263566,-1.019882,0.387207,-0.007034302,-11.62892,25.42333,-30.86342,266.6991,265.9881,26,-0.3542579,0.06506848,-0.02632721,0.3887725,-1.634564,-0.3056295,-0.3726165,-0.05655071,-0.008954204,-0.0133837,0.0767615,-0.1168018,3
2014-02-24 18:39:27.455,894,89.4,43.60737,3.91357,35.36806,0,14.88842,9.28739,10,1393263566,-0.9881897,0.3752441,-0.04847717,-12.88971,25.58645,-30.57896,266.2315,265.5205,26,-0.3592394,0.04244732,-0.01559654,0.383058,-1.631688,-0.3070178,-0.3676914,0.05557897,-0.02525114,-0.06840982,0.08498977,-0.0650431,3
2014-02-24 18:39:27.565,895,89.5,43.60737,3.91357,35.36806,0,14.88842,9.28739,10,1393263566,-0.9982452,0.3608551,0.0002288818,-14.75349,26.23894,-33.53742,266.0643,265.3533,26,-0.359225,-0.02775387,-0.006699448,0.3758163,-1.633256,-0.3062223,-0.3726728,0.03295784,-0.01452047,-0.03656974,0.07378534,-0.1079923,3
2014-02-24 18:39:27.672,896,89.6,43.60737,3.91357,35.36806,0,14.88842,9.219893,10,1393263567,-0.9300537,0.3760071,-0.03805542,-14.97276,25.91269,-34.22015,266.0422,265.3312,26,-0.3542649,0.03790584,-0.02136974,0.3700222,-1.631194,-0.3082434,-0.3726503,-0.03722937,-0.005620881,0.03769363,0.04732275,-0.09325227,3
2014-02-24 18:39:27.801,897,89.7,43.60737,3.91357,35.36806,0,14.88842,9.219893,10,1393263567,-0.9252777,0.3429565,-0.04165649,-15.02758,25.96707,-34.73219,266.1546,265.4436,26,-0.3494496,0.06408471,-0.01219435,0.3628567,-1.632504,-0.3074329,-0.3676901,0.02843037,-0.02029117,-0.01871698,0.01551762,-0.08322138,3
2014-02-24 18:39:27.910,898,89.8,43.60737,3.91357,35.36806,0,14.88842,9.219893,10,1393263567,-0.9562378,0.3639679,0.01045227,-19.41294,27.1633,-38.14579,264.4654,263.7544,26,-0.3530025,-0.03117124,-0.01481809,0.3568149,-1.630454,-0.30698,-0.3628673,0.0546164,-0.0111189,-0.03663502,0.01938255,-0.07761759,3
2014-02-24 18:39:28.102,899,89.9,43.60737,3.91357,35.36806,0,14.88842,9.219893,10,1393263567,-1.020432,0.3663177,-0.001998901,-18.75514,28.25077,-38.71472,264.141,263.43,26,-0.3507333,0.0199777,0.001127849,0.3425305,-1.634191,-0.3057503,-0.3714205,0.1020383,-0.02574099,-0.004531994,0.06295916,-0.04996142,3
2014-02-24 18:39:28.232,900,90,43.60737,3.91357,35.36806,0,14.88842,9.219893,10,1393263567,-1.053223,0.3052216,0.00100708,-18.86477,29.22951,-38.9423,263.9716,263.2607,26,-0.3544055,-0.004975051,0.00250923,0.3367306,-1.629808,-0.3058425,-0.364142,0.01051927,0.00220061,-0.04425161,-0.0009105448,-0.15791,3
2014-02-24 18:39:28.414,901,90.1,43.60737,3.91357,35.36806,0,14.88842,9.219893,10,1393263567,-0.9813995,0.3069763,-0.08203125,-18.70032,32.22008,-38.20269,262.8835,262.1725,26,-0.3629929,0.1047424,-0.01741361,0.3295896,-1.633032,-0.3056292,-0.3678142,-0.01443345,0.003581987,-0.06862002,0.06542447,-0.06131255,3
2014-02-24 18:39:28.542,902,90.2,43.60737,3.91357,35.36806,0,14.88842,9.219893,10,1393263567,-0.9813995,0.3069763,-0.08203125,-16.89136,35.1019,-38.82851,262.7659,262.0549,26,-0.3530811,0.02890435,-0.01423193,0.3160757,-1.631787,-0.3061792,-0.3664854,0.01945512,-0.01315697,-0.0598621,0.09317451,-0.1255615,3
2014-02-24 18:39:28.622,903,90.3,43.60743,3.913555,34.37273,1.419121,351.9882,9.140281,5,1393263568,-1.03479,0.3269196,0.02346802,-16.45283,35.86314,-38.48715,262.7309,262.0199,26,-0.3431752,-0.0005131912,-0.01736914,0.3090513,-1.63453,-0.3057556,-0.3565794,-0.009962384,-0.01629418,-0.1357187,0.06354918,-0.09957007,3
2014-02-24 18:39:28.745,904,90.4,43.60743,3.913555,34.37273,1.419121,351.9882,9.140281,5,1393263568,-0.9589539,0.2905121,-0.08358765,-15.24685,35.53689,-38.60094,262.693,261.982,26,-0.3532166,0.1546948,-0.0166341,0.3025153,-1.633933,-0.304976,-0.3666174,0.1452486,-0.01556094,-0.08283639,0.02664923,-0.03671483,3
2014-02-24 18:39:28.856,905,90.5,43.60743,3.913555,34.37273,1.419121,351.9882,9.140281,5,1393263568,-0.9598083,0.3187103,-0.05163574,-12.56081,36.24376,-36.72345,261.6859,260.9749,26,-0.3544401,0.03354864,0.0009598032,0.2954217,-1.634167,-0.3042673,-0.3678407,0.02410249,0.002032963,-0.006802198,-0.009082151,-0.1440071,3
2014-02-24 18:39:28.935,906,90.6,43.60743,3.913555,34.37273,1.419121,351.9882,9.140281,5,1393263568,-1.043564,0.3248749,-0.009750366,-12.06746,35.75439,-35.18733,261.6714,260.9604,26,-0.3371202,-0.01508707,-0.003091397,0.2901148,-1.630621,-0.3042888,-0.3505106,-0.024522,-0.002021842,-0.007454834,0.01909558,-0.1086777,3
2014-02-24 18:39:29.060,907,90.7,43.60743,3.913555,34.37273,1.419121,351.9882,9.140281,5,1393263568,-1.058792,0.3009796,-0.05070496,-12.56081,36.02626,-35.35801,261.6764,260.9654,26,-0.3298336,0.1175139,-0.01135439,0.2833405,-1.631923,-0.3038577,-0.3432238,0.1080789,-0.01028484,-0.09115659,0.02567151,-0.06804088,3
2014-02-24 18:39:29.164,908,90.8,43.60743,3.913555,34.37273,1.419121,351.9882,9.140281,5,1393263568,-1.05423,0.3100891,-0.01660156,-13.54752,35.80876,-34.78908,261.6871,260.9761,26,-0.3384518,0.08915065,-0.006467753,0.2764457,-1.632638,-0.3033475,-0.3518421,0.07971577,-0.005398205,-0.002301127,0.01991751,-0.1056873,3
2014-02-24 18:39:29.261,909,90.9,43.60743,3.913555,34.37273,1.419121,351.9882,9.140281,5,1393263568,-1.051941,0.3478241,-0.03341675,-14.86313,35.91751,-35.01665,261.7056,260.9946,26,-0.3222452,-0.01168409,-0.01705888,0.2711636,-1.629598,-0.3015066,-0.335626,-0.0211135,-0.01599653,-0.03496516,-0.003700526,-0.1274061,3
2014-02-24 18:39:29.414,910,91,43.60743,3.913555,34.37273,1.419121,351.9882,9.140281,5,1393263568,-1.051941,0.3478241,-0.03341675,-14.58904,36.18938,-36.09763,261.7201,261.0091,26,-0.3122349,0.1070948,-0.0556614,0.2646967,-1.630913,-0.3006498,-0.3355847,0.05016552,-0.03194221,0.01793297,0.006196701,-0.08910871,3
2014-02-24 18:39:29.554,911,91.1,43.60747,3.913546,33.53113,2.868687,355.0793,9.137874,10,1393263569,-0.9206696,0.2710266,-0.03912354,-14.47941,34.55816,-37.34929,262.357,261.646,26,-0.3122349,0.1070948,-0.0556614,0.2593693,-1.627762,-0.3000903,-0.3256091,0.09767388,-0.05460092,-0.09818072,0.05221763,-0.08780702,3
2014-02-24 18:39:29.652,912,91.2,43.60747,3.913546,33.53113,2.868687,355.0793,9.137874,10,1393263569,-0.9206696,0.2710266,-0.03912354,-15.35648,34.23191,-38.48715,262.3581,261.6471,26,-0.3095797,-0.004017112,-0.06276325,0.2529931,-1.629549,-0.2989216,-0.330557,-0.003091041,-0.03606852,0.01682615,-0.0002393311,-0.1092609,3
2014-02-24 18:39:29.745,913,91.3,43.60747,3.913546,33.53113,2.868687,355.0793,9.137874,10,1393263569,-0.9690857,0.2732697,-0.01727295,-17.93288,33.30755,-38.99919,262.3743,261.6633,26,-0.3095842,0.1239097,-0.08160831,0.2481067,-1.626053,-0.2965721,-0.322945,-0.01343089,-0.06170858,0.03421472,-0.02121702,-0.09194098,3
2014-02-24 18:39:29.863,914,91.4,43.60747,3.913546,33.53113,2.868687,355.0793,9.137874,10,1393263569,-0.9228973,0.2419891,-0.06137085,-18.42624,32.70944,-39.96638,262.8259,262.1149,26,-0.3034443,0.06849863,-0.07162385,0.2419806,-1.626396,-0.2948653,-0.3229495,0.1144959,-0.08055364,-0.03622968,0.001121797,-0.06890438,3
2014-02-24 18:39:29.967,915,91.5,43.60747,3.913546,33.53113,2.868687,355.0793,9.137874,10,1393263569,-1.033859,0.2595825,-0.04034424,-19.24849,30.37136,-37.63375,262.8943,262.1833,26,-0.2925024,0.03475185,-0.05007355,0.235794,-1.627326,-0.293322,-0.3168095,0.05908492,-0.07056919,-0.0761924,-0.02266967,-0.1022739,3
2014-02-24 18:39:30.049,916,91.6,43.60747,3.913546,33.53113,2.868687,355.0793,9.137874,10,1393263569,-1.016052,0.2340393,-0.06530762,-20.78338,30.37136,-38.99919,262.9699,262.2589,26,-0.2849913,0.02223127,-0.06395634,0.2314395,-1.623261,-0.2901134,-0.3058563,0.02534455,-0.04902835,0.007628468,-0.04127941,-0.08268914,3
2014-02-24 18:39:30.154,917,91.7,43.60747,3.913546,33.53113,2.868687,355.0793,9.137874,10,1393263569,-0.9406433,0.223526,-0.0458374,-20.34484,29.82762,-39.34055,262.5808,261.8698,26,-0.2739061,0.037023,-0.06751353,0.2255902,-1.623205,-0.2885655,-0.298446,0.01280507,-0.06291783,-0.00329548,-0.04606725,-0.156862,3
2014-02-24 18:39:30.282,918,91.8,43.60747,3.913546,33.53113,2.868687,355.0793,9.137874,10,1393263569,-1.056931,0.2151947,-0.04420471,-20.18039,28.57701,-38.1458,262.0518,261.3408,26,-0.2876597,0.06203647,-0.04442792,0.2213945,-1.619674,-0.2844093,-0.2873496,0.02760046,-0.06648651,-0.05737098,-0.04655128,-0.1122028,3
2014-02-24 18:39:30.414,919,91.9,43.60747,3.913546,33.53113,2.868687,355.0793,9.137874,10,1393263569,-0.9701691,0.2001648,-0.05673218,-20.5641,28.08765,-37.74754,261.9291,261.2181,26,-0.2627429,-0.05693838,-0.0641433,0.2158006,-1.620699,-0.2830122,-0.3011032,0.05261397,-0.04340089,0.01838,-0.05572326,-0.09373457,3
2014-02-24 18:39:30.594,920,92,43.60753,3.913535,32.64826,3.895909,357.162,9.179234,10,1393263570,-0.9398804,0.1954346,-0.06610107,-19.24849,26.02144,-37.40618,261.6271,260.9161,26,-0.2528996,0.03370151,-0.07783754,0.2103544,-1.622493,-0.2814284,-0.2761863,-0.06636085,-0.06311628,-0.09755426,-0.06253345,-0.0938456,3
2014-02-24 18:39:30.681,921,92.1,43.60753,3.913535,32.64826,3.895909,357.162,9.179234,10,1393263570,-1.073578,0.2395477,-0.03773499,-18.48105,25.36896,-34.90287,261.5489,260.8379,26,-0.2577644,0.03360749,-0.08492181,0.2062012,-1.619766,-0.2760552,-0.266334,0.02427818,-0.0768223,-0.06078956,-0.0630592,-0.07621035,3
2014-02-24 18:39:30.824,922,92.2,43.60753,3.913535,32.64826,3.895909,357.162,9.179234,10,1393263570,-1.073578,0.2395477,-0.03773499,-17.87806,23.13962,-34.50461,261.3758,260.6648,26,-0.2604044,0.03263198,-0.06264847,0.1957961,-1.622806,-0.2729068,-0.2738386,0.02320874,-0.06163323,-0.03869213,-0.1222845,-0.07066145,3
2014-02-24 18:39:30.980,923,92.3,43.60753,3.913535,32.64826,3.895909,357.162,9.179234,10,1393263570,-1.028137,0.1514435,0.06092834,-17.49435,23.08524,-33.53742,261.166,260.455,26,-0.2182737,-0.1337442,-0.07352428,0.1862931,-1.62495,-0.2692779,-0.2317079,-0.1431674,-0.07250905,-0.09247307,-0.1181625,-0.1553565,3
2014-02-24 18:39:31.095,924,92.4,43.60753,3.913535,32.64826,3.895909,357.162,9.179234,10,1393263570,-1.008743,0.10672,-0.1277008,-17.16545,22.43275,-32.8547,261.0499,260.3389,26,-0.2221489,0.1165905,-0.08890884,0.1818382,-1.627299,-0.2678231,-0.235583,0.1071674,-0.08789361,-0.0653269,-0.1131893,0.006468899,3
2014-02-24 18:39:31.193,925,92.5,43.60753,3.913535,32.64826,3.895909,357.162,9.179234,10,1393263570,-0.91008,0.06233215,-0.02870178,-17.76843,21.2909,-32.0013,260.823,260.112,26,-0.2308135,0.07921626,-0.07689612,0.1772327,-1.625596,-0.2658885,-0.2442475,0.06979316,-0.07588089,-0.04533222,-0.1560467,-0.1805479,3
2014-02-24 18:39:31.293,926,92.6,43.60753,3.913535,32.64826,3.895909,357.162,9.179234,10,1393263570,-0.985321,0.1029816,-0.02304077,-17.05581,20.80153,-32.28576,260.5476,259.8366,26,-0.2012205,-0.1323098,-0.05225841,0.173212,-1.628372,-0.2645045,-0.2146545,-0.1417329,-0.05124319,-0.03622463,-0.1508505,-0.1773077,3
2014-02-24 18:39:31.483,927,92.7,43.60753,3.913535,32.64826,3.895909,357.162,9.179234,10,1393263570,-1.008865,0.138092,-0.06941223,-15.13721,20.31217,-33.36674,259.3093,258.5983,26,-0.1951288,0.07722715,-0.07653392,0.1692063,-1.629359,-0.26345,-0.2085627,0.06780411,-0.0755187,-0.06231141,-0.1363438,-0.0489872,3
2014-02-24 18:39:31.583,928,92.8,43.60758,3.913526,27.72444,4.66768,356.7019,9,10,1393263571,-0.9218597,0.08285522,0.01095581,-15.95947,19.93155,-31.83061,258.4377,257.7267,26,-0.1807067,0.1025815,-0.0379306,0.1653067,-1.629316,-0.2623259,-0.1941405,0.09315851,-0.03691539,-0.02728837,-0.19225,-0.09591405,3
2014-02-24 18:39:31.682,929,92.9,43.60758,3.913526,27.72444,4.66768,356.7019,9,10,1393263571,-0.9218597,0.08285522,0.01095581,-15.46612,20.09468,-32.11508,258.0539,257.3429,26,-0.1607031,-0.007383881,-0.06012725,0.1617669,-1.630466,-0.261112,-0.186616,-0.09597569,-0.0256124,-0.04858588,-0.1706306,-0.09644693,3
2014-02-24 18:39:31.780,930,93,43.60758,3.913526,27.72444,4.66768,356.7019,9,10,1393263571,-1.030273,0.1398773,-0.02774048,-16.28837,20.47529,-32.8547,257.4633,256.7523,26,-0.1719076,0.2462377,-0.08265307,0.1584456,-1.632303,-0.2601432,-0.1741369,-0.01680681,-0.05911205,0.04266608,-0.1743637,-0.04844421,3
2014-02-24 18:39:32.099,931,93.1,43.60758,3.913526,27.72444,4.66768,356.7019,9,10,1393263571,-0.9984131,0.0486145,-0.1290894,-18.70032,21.12778,-32.74091,255.2563,254.5453,26,-0.1464259,-0.04528253,0.006073605,0.1549719,-1.629967,-0.2590736,-0.1853413,0.2368148,-0.08163787,-0.06533737,-0.1163078,-0.08490293,3
2014-02-24 18:39:32.310,932,93.2,43.60758,3.913526,27.72444,4.66768,356.7019,9,10,1393263571,-0.9529114,0.03266907,-0.1245575,-20.50929,22.59588,-34.95975,253.0782,252.3672,26,-0.1437162,0.2578837,-0.07076472,0.149032,-1.633435,-0.2578134,-0.1413309,-0.1259524,0.009135174,-0.06143579,-0.1306076,-0.1495638,3
2014-02-24 18:39:32.495,933,93.3,43.60758,3.913526,27.72444,4.66768,356.7019,9,10,1393263571,-0.9273071,0.07263184,-0.03970337,-20.56411,23.41149,-35.24422,246.8719,246.1609,26,-0.1280384,-0.02695918,0.01193682,0.1460099,-1.630996,-0.2571871,-0.1571497,0.2484609,-0.06974953,-0.008595834,-0.1607333,-0.09857453,3
2014-02-24 18:39:32.584,934,93.4,43.60758,3.913526,27.72444,4.66768,356.7019,9,10,1393263571,-1.051117,0.1342621,-0.0415802,-20.78338,24.39022,-36.38209,244.3188,243.6078,26,-0.1282565,0.01400716,0.03265089,0.143086,-1.630569,-0.2568132,-0.1414719,-0.03638193,0.01295201,-0.07036586,-0.1466998,-0.190667,3
2014-02-24 18:39:32.685,935,93.5,43.6076,3.913517,23.96772,4.272499,353.4243,9,10,1393263572,-1.077927,0.1687164,-0.05093384,-20.61892,24.66209,-36.89413,244.1459,243.4349,26,-0.1291068,0.03853195,-0.01804025,0.1404272,-1.632634,-0.2568452,-0.14169,0.004584434,0.03366607,0.03804042,-0.1813987,-0.09947465,3
2014-02-24 18:39:32.882,936,93.6,43.6076,3.913517,23.96772,4.272499,353.4243,9,10,1393263572,-1.043701,0.1561584,-0.02508545,-19.68703,25.2602,-36.83724,243.2096,242.4986,26,-0.1158869,0.01517123,0.02454662,0.1326818,-1.632502,-0.2565167,-0.1293203,0.005748606,0.02556179,-0.05752578,-0.1640521,-0.1103383,3
2014-02-24 18:39:32.984,937,93.7,43.6076,3.913517,23.96772,4.272499,353.4243,9,10,1393263572,-1.03154,0.1069794,-0.0284729,-17.9877,28.79452,-35.98384,242.649,241.938,26,-0.1183679,0.1068684,0.01306973,0.1326818,-1.632502,-0.2565167,-0.1293203,0.005748606,0.02556179,-0.05752578,-0.1640521,-0.1103383,3
2014-02-24 18:39:33.082,938,93.8,43.6076,3.913517,23.96772,4.272499,353.4243,9,10,1393263572,-1.03154,0.1069794,-0.0284729,-15.02758,29.99074,-35.30112,242.3513,241.6403,26,-0.1157298,-0.04724501,0.01459918,0.1277707,-1.631925,-0.2562227,-0.129163,-0.05666755,0.01561435,0.01130843,-0.1696424,-0.1586755,3
2014-02-24 18:39:33.194,939,93.9,43.6076,3.913517,23.96772,4.272499,353.4243,9,10,1393263572,-0.9579163,0.1469727,-0.0620575,-13.54752,32.11133,-35.81316,242.1754,241.4644,26,-0.1168278,0.1099712,-0.02565769,0.1253644,-1.632378,-0.2561895,-0.130261,0.1005487,-0.02464253,-0.06601103,-0.1464169,-0.08800702,3
2014-02-24 18:39:33.312,940,94,43.6076,3.913517,23.96772,4.272499,353.4243,9,10,1393263572,-1.002243,0.1607971,-0.08218384,-13.1638,31.83946,-36.43898,242.064,241.353,26,-0.1033964,0.05131059,-0.003840544,0.123013,-1.632316,-0.2558819,-0.1168296,0.04188812,-0.002825387,0.007694042,-0.106126,-0.121537,3
2014-02-24 18:39:33.517,941,94.1,43.6076,3.913517,23.96772,4.272499,353.4243,9,10,1393263572,-0.9902344,0.1400757,-0.01364136,-15.57575,30.53448,-35.98384,240.6699,239.9589,26,-0.1143732,0.0001877529,-0.008139419,0.1207092,-1.632048,-0.2553245,-0.1278062,-0.009234677,-0.007124266,-0.03647617,-0.09176224,-0.1414131,3
2014-02-24 18:39:33.750,942,94.2,43.60763,3.9135,23.02208,4.495018,349.3795,9,5,1393263573,-1.05246,0.09069824,-0.0003356934,-12.8349,31.9482,-33.13916,241.7353,241.0243,26,-0.109384,0.1144975,-0.03384238,0.1160559,-1.631029,-0.2544359,-0.122817,0.1050752,-0.03282724,-0.0883777,-0.150259,-0.09768669,3
2014-02-24 18:39:33.865,943,94.3,43.60763,3.9135,23.02208,4.495018,349.3795,9,5,1393263573,-1.05246,0.09069824,-0.0003356934,7.619877,1.020625,-18.94571,272.3937,271.6827,20,-0.09544743,-0.0612583,-0.05662839,0.1138594,-1.633422,-0.2545031,-0.1121781,-0.07780671,0.04883087,0.04975364,-0.1716864,-0.1392122,3
2014-02-24 18:39:33.964,944,94.4,43.60763,3.9135,23.02208,4.495018,349.3795,9,5,1393263573,-1.096436,0.166626,0.01712036,8.552223,1.401253,-19.34437,272.504,271.793,20,-0.09544743,-0.0612583,-0.05662839,0.1118376,-1.633813,-0.2537721,-0.1088803,-0.07068059,-0.05561325,0.1500415,-0.2217144,-0.08540235,3
2014-02-24 18:39:34.038,945,94.5,43.60763,3.9135,23.02208,4.495018,349.3795,9,5,1393263573,-1.096436,0.166626,0.01712036,10.08785,0.4225016,-17.9775,272.527,271.816,20,-0.1268842,0.4848138,-0.0563943,0.1102153,-1.636364,-0.2543316,-0.07424052,-0.03089506,0.06750734,0.2648701,-0.1932337,0.006869378,3
2014-02-24 18:39:34.136,946,94.6,43.60763,3.9135,23.02208,4.495018,349.3795,9,5,1393263573,-0.9805603,0.05717468,-0.271347,11.56863,-0.5018721,-15.64242,270.1019,269.3909,20,-0.1001021,-0.04110136,0.05926732,0.1077195,-1.631492,-0.2546016,-0.140317,0.4753916,-0.05537917,-0.1304539,-0.08523393,-0.04158302,3
2014-02-24 18:39:34.254,947,94.7,43.60763,3.9135,23.02208,4.495018,349.3795,9,5,1393263573,-1.012665,0.06184387,-0.002593994,12.17191,-1.426247,-16.155,267.83,267.119,20,0.009893377,-0.4561912,0.0632024,0.1050767,-1.628616,-0.2542698,-0.1135348,-0.05052355,0.06028245,-0.01433042,-0.1943641,-0.3272761,3
2014-02-24 18:39:34.400,948,94.8,43.60763,3.9135,23.02208,4.495018,349.3795,9,5,1393263573,-0.9966888,0.09182739,-0.08258057,13.1591,-1.534996,-14.78812,267.7793,267.0683,20,-0.1085558,0.4228189,-0.03097789,0.1039815,-1.635803,-0.2553018,-0.003539305,-0.4656134,0.06421753,-0.1290611,-0.0497329,-0.2780808,3
2014-02-24 18:39:34.529,949,94.9,43.60763,3.9135,23.02208,4.495018,349.3795,9,5,1393263573,-1.027313,0.09292603,-0.3004608,14.09144,-3.981874,-13.02258,266.768,266.057,20,-0.1197802,0.3470317,-0.001018659,0.1025446,-1.635727,-0.2560054,-0.1219884,0.4133968,-0.02996277,0.05481761,-0.01171734,0.1236916,3
2014-02-24 18:39:34.733,950,95,43.60766,3.913478,21.93702,3.934359,347.9759,9,5,1393263574,-1.180038,0.1423645,-0.009048462,14.31082,-5.069375,-13.13648,265.8201,265.1091,20,-0.0700129,-0.3119789,0.03169961,0.09968022,-1.628425,-0.2543928,-0.1332128,0.3376096,-3.543734e-06,-0.2021863,-0.2419227,-0.2996543,3
2014-02-24 18:39:34.868,951,95.1,43.60766,3.913478,21.93702,3.934359,347.9759,9,5,1393263574,-1.115921,0.1879425,0.00894165,10.14269,-7.026872,-14.04773,267.9682,267.2572,21,-0.06744482,-0.1082948,-0.01249529,0.09788733,-1.630731,-0.2541219,-0.08344545,-0.321401,0.03271472,-0.06116673,-0.1584696,-0.3584363,3
2014-02-24 18:39:34.987,952,95.2,43.60766,3.913478,21.93702,3.934359,347.9759,9,5,1393263574,-1.156708,0.0947113,-0.1790619,9.703941,-7.353124,-15.18679,270.1819,269.4709,21,-0.09082071,0.2775522,-0.07162172,0.09646048,-1.635419,-0.254511,-0.0808773,-0.1177168,-0.01148018,-0.214272,-0.1094077,-0.07154574,3
2014-02-24 18:39:35.179,953,95.3,43.60766,3.913478,21.93702,3.934359,347.9759,9,5,1393263574,-1.063446,0.03326416,-0.1092529,8.33285,-7.298747,-15.81328,272.3861,271.6751,21,-0.0934956,0.001520931,-0.003259709,0.09277032,-1.634404,-0.2537079,-0.08971596,-0.2432211,0.03541062,-0.1906769,-0.1562836,-0.2405916,3
2014-02-24 18:39:35.281,954,95.4,43.60766,3.913478,21.93702,3.934359,347.9759,9,5,1393263574,-1.063446,0.03326416,-0.1092529,8.058628,-7.135621,-15.41461,273.2506,272.5396,21,-0.08082854,0.03295955,-0.05271488,0.08934839,-1.636132,-0.2526567,-0.09426082,0.02353767,-0.05169978,-0.03816293,-0.1222458,-0.1705472,3
2014-02-24 18:39:35.483,955,95.5,43.60766,3.913478,21.93702,3.934359,347.9759,9,5,1393263574,-0.9691467,0.2128448,0.04360962,7.345659,-6.428746,-15.81328,277.2771,276.5661,21,-0.06593721,-0.0768583,-0.05150021,0.08934839,-1.636132,-0.2526567,-0.09426082,0.02353767,-0.05169978,-0.03816293,-0.1222458,-0.1705472,3
2014-02-24 18:39:35.572,956,95.6,43.60766,3.913478,21.93702,0,347.9759,9,10,1393263575,-0.9691467,0.2128448,0.04360962,5.535816,-5.939372,-16.43977,258.0899,257.3789,20,-0.04797498,-0.1837776,0.02596715,0.08649853,-1.641853,-0.2522647,-0.06140717,-0.1931994,0.02698224,-0.002370957,-0.1655065,-0.1704499,3
2014-02-24 18:39:35.678,957,95.7,43.60766,3.913478,21.93702,0,347.9759,9,10,1393263575,-0.9618225,0.128418,-0.02001953,4.877693,-5.178124,-16.21195,257.7367,257.0257,20,-0.05867423,-0.08008019,-0.03614868,0.0836271,-1.642944,-0.2505805,-0.0721063,-0.08950192,-0.0351336,0.07118309,-0.1331898,-0.1143434,3
2014-02-24 18:39:35.763,958,95.8,43.60766,3.913478,21.93702,0,347.9759,9,10,1393263575,-0.9933624,0.144165,-0.006896973,4.603474,-5.232497,-16.2689,257.3472,256.6362,20,-0.06736226,-0.0234715,-0.03561153,0.08205718,-1.644422,-0.2503095,-0.08079428,-0.0328932,-0.03459645,0.004388569,-0.1192859,-0.09128637,3
2014-02-24 18:39:35.897,959,95.9,43.60766,3.913478,21.93702,0,347.9759,9,10,1393263575,-0.9111938,0.01469421,-0.003036499,4.987383,-5.613122,-15.98414,256.9755,256.2645,20,-0.07279751,0.0517074,0.01639229,0.08050936,-1.645373,-0.2499126,-0.08622949,0.04228574,0.01740736,0.0731592,-0.1960192,-0.05673537,3
2014-02-24 18:39:35.971,960,96,43.60766,3.913478,21.93702,0,347.9759,9,10,1393263575,-0.8535309,0.07640076,0.02157593,5.645502,-5.721871,-16.09805,256.432,255.721,20,-0.05520866,-0.09001938,-0.006690926,0.07907573,-1.645822,-0.2491475,-0.06864059,-0.09944101,-0.005675859,0.07830472,-0.1680409,-0.1382534,3
2014-02-24 18:39:36.068,961,96.1,43.60766,3.913478,21.93702,0,347.9759,9,10,1393263575,-0.8535309,0.07640076,0.02157593,4.109877,-5.178121,-16.89539,256.1697,255.4587,20,-0.06303995,0.1594134,0.01074239,0.07762163,-1.647141,-0.249056,-0.07452904,-0.06465235,-0.04361126,0.02619809,-0.1074206,-0.07234519,3
2014-02-24 18:39:36.179,962,96.2,43.60766,3.913478,21.93702,0,347.9759,9,10,1393263575,-0.8591919,0.1396484,0.05711365,4.10988,-5.613122,-16.89539,254.4717,253.7607,20,-0.06303995,0.1594134,0.01074239,0.0759685,-1.647574,-0.249172,-0.07656349,0.1499719,0.01172025,0.1127311,-0.1702009,-0.05275752,3
2014-02-24 18:39:36.254,963,96.3,43.60766,3.913478,21.93702,0,347.9759,9,10,1393263575,-0.8591919,0.1396484,0.05711365,3.780821,-5.830621,-17.57883,253.76,253.049,20,0.05891605,-0.3164555,-0.08550212,0.07367563,-1.643894,-0.2479867,-0.1212459,0.08208262,0.06943601,0.2249375,-0.2624815,-0.2120488,3
2014-02-24 18:39:36.445,964,96.4,43.60766,3.913478,21.93702,0,347.9759,9,10,1393263575,-1.120117,0.1530762,0.001342773,4.10988,-5.613124,-17.46492,253.3232,252.6122,20,-0.1116339,0.2083122,0.07783861,0.07317796,-1.650226,-0.2485202,0.04539264,-0.3258969,-0.08452427,0.1070295,-0.1063215,-0.019795,3
2014-02-24 18:39:36.544,965,96.5,43.60766,3.913478,21.93702,0,347.9759,9.205449,10,1393263576,-0.7586365,-0.05497742,0.07826233,2.738787,-5.884999,-17.74969,253.2905,252.5795,20,-0.0549285,-0.07784047,-0.0431733,0.07190869,-1.648748,-0.2490872,-0.1251572,0.1988708,0.07881645,-0.1539223,-0.09344325,-0.07412679,3
2014-02-24 18:39:36.649,966,96.6,43.60766,3.913478,21.93702,0,347.9759,9.205449,10,1393263576,-1.120483,0.3183289,-0.1861572,2.958162,-5.232497,-18.54703,255.6382,254.9272,20,-0.08233855,0.3003881,-0.05885906,0.07058464,-1.650135,-0.2475889,-0.06845182,-0.0872818,-0.04219546,-0.09943108,-0.06882808,-0.1540329,3
2014-02-24 18:39:36.736,967,96.7,43.60766,3.913478,21.93702,0,347.9759,9.205449,10,1393263576,-1.058609,0.1719513,0.04582214,3.013008,-4.743119,-18.83179,257.1408,256.4298,20,-0.04764368,-0.186286,0.1374401,0.06845888,-1.64617,-0.2482716,-0.09586182,0.2909468,-0.05788122,0.06109936,-0.09910723,-0.02231863,3
2014-02-24 18:39:36.839,968,96.8,43.60766,3.913478,21.93702,0,347.9759,9.205449,10,1393263576,-1.145844,0.1073761,-0.04931641,2.738783,-5.993745,-19.34437,253.2322,252.5212,20,-0.05092763,0.09848583,-0.1082037,0.06701674,-1.648505,-0.2478175,-0.06116689,-0.1957272,0.138418,-0.1141793,-0.05916205,-0.07368714,3
2014-02-24 18:39:36.961,969,96.9,43.60766,3.913478,21.93702,0,347.9759,9.205449,10,1393263576,-0.8400726,-0.02476501,0.002960205,2.300035,-5.667497,-19.11656,253.3852,252.6742,20,-0.06406473,0.1535422,-0.01384524,0.06582104,-1.648654,-0.2470587,-0.06445082,0.08904459,-0.1072259,-0.09191052,-0.07260174,-0.0295957,3
2014-02-24 18:39:37.064,970,97,43.60766,3.913478,21.93702,0,347.9759,9.205449,10,1393263576,-1.014008,0.09733582,-0.06428528,1.312845,-5.341247,-19.11656,253.6635,252.9525,20,-0.05252979,0.05476791,0.0963284,0.0640216,-1.645831,-0.2475858,-0.07758786,0.144101,-0.01286742,-0.1790646,-0.137688,-0.1219946,3
2014-02-24 18:39:37.162,971,97.1,43.60766,3.913478,21.93702,0,347.9759,9.205449,10,1393263576,-1.12262,0.09017944,-0.0128479,0.8192539,-6.374373,-19.28742,253.7125,253.0015,20,-0.03147643,-0.08452367,-0.05109434,0.06290202,-1.646727,-0.2473044,-0.06605285,0.04532676,0.09730622,0.1267095,-0.2695563,-0.07058936,3
2014-02-24 18:39:37.258,972,97.2,43.60766,3.913478,21.93702,0,347.9759,9.205449,10,1393263576,-1.078049,0.1521912,-0.1268921,0.5998783,-6.26562,-20.08476,253.714,253.003,20,-0.04823571,0.1662817,0.004951882,0.06173816,-1.646524,-0.2473156,-0.04499944,-0.09396479,-0.05011652,-0.04721326,-0.1474663,-0.1376384,3
2014-02-24 18:39:37.405,973,97.3,43.60766,3.913478,21.93702,0,347.9759,9.205449,10,1393263576,-1.078049,0.1521912,-0.1268921,-0.05824471,-5.395619,-20.88211,255.3184,254.6074,20,-0.06115337,0.1962188,0.07609504,0.05922789,-1.642609,-0.2483755,-0.07467629,0.1867777,0.07707284,-0.01891835,-0.1932021,-0.1585389,3
2014-02-24 18:39:37.529,974,97.4,43.60766,3.913478,21.93702,0,347.9759,9.290892,10,1393263577,-1.003189,0.06022644,-0.05804443,-1.374495,-4.851872,-21.45164,255.5375,254.8265,20,-0.03214782,-0.03745363,0.0246915,0.05922789,-1.642609,-0.2483755,-0.07467629,0.1867777,0.07707284,-0.01891835,-0.1932021,-0.1585389,3
2014-02-24 18:39:37.694,975,97.5,43.60766,3.913478,21.93702,0,347.9759,9.290892,10,1393263577,-1.013275,0.07905579,0.03042603,0.7644119,-5.341247,-21.05297,255.6767,254.9657,20,-0.03333772,-0.0148615,0.01624794,0.05635302,-1.641119,-0.2491933,-0.04686049,-0.02430245,0.01722574,-0.03647268,-0.1863958,-0.126139,3
2014-02-24 18:39:37.796,976,97.6,43.60766,3.913478,21.93702,0,347.9759,9.290892,10,1393263577,-0.9080353,0.08760071,-0.1147003,1.148317,-4.416871,-19.74305,255.8142,255.1032,20,-0.04813504,0.2522197,-0.02052099,0.05520675,-1.638798,-0.2491753,-0.06165775,0.2427788,-0.01954319,-0.04639884,-0.167549,-0.03542436,3
2014-02-24 18:39:37.881,977,97.7,43.60766,3.913478,21.93702,0,347.9759,9.290892,10,1393263577,-1.012695,0.01702881,0.004547119,1.587065,-4.743119,-19.40133,255.8781,255.1671,15,-0.05450745,0.09729566,0.03020025,0.05395096,-1.636216,-0.2488158,-0.0680301,0.08785479,0.03117804,0.05909621,-0.1586557,-0.1780602,3
2014-02-24 18:39:37.985,978,97.8,43.60766,3.913478,21.93702,0,347.9759,9.290892,10,1393263577,-0.8943634,0.04670715,-0.07131958,3.506596,-5.449998,-17.63578,255.8537,255.1427,15,-0.02831047,-0.05681242,0.009667008,0.05299934,-1.636699,-0.2489431,-0.04183308,-0.06625326,0.0106448,-0.006059773,-0.1769981,-0.1440248,3
2014-02-24 18:39:38.089,979,97.9,43.60766,3.913478,21.93702,0,347.9759,9.290892,10,1393263577,-0.9762268,0.09002686,-0.130127,4.10988,-4.743123,-15.52851,255.7289,255.0179,15,-0.04677709,0.1909737,-0.02694879,0.05183292,-1.63514,-0.2491274,-0.06029965,0.1815329,-0.02597101,-0.03158054,-0.1302711,-0.0797707,3
2014-02-24 18:39:38.314,980,98,43.60766,3.913478,21.93702,0,347.9759,9.290892,10,1393263577,-1.013718,0.1331482,-0.07820129,5.097065,-4.090621,-14.16164,255.6507,254.9397,15,-0.04342471,-0.02602068,0.04793371,0.04961166,-1.633186,-0.2498064,-0.05694718,-0.03546142,0.04891148,-0.009151733,-0.1571896,-0.1905409,3
2014-02-24 18:39:38.500,981,98.1,43.60766,3.913478,21.93702,0,347.9759,9.290892,10,1393263577,-1.013718,0.1331482,-0.07820129,5.316441,-3.873118,-14.04773,256.2402,255.5292,15,-0.04579518,0.06896442,0.02234845,0.04861128,-1.633131,-0.2501906,-0.04547343,0.004987508,-0.006508905,-0.07033947,-0.1377864,-0.1289127,3
2014-02-24 18:39:38.570,982,98.2,43.60766,3.913478,21.93702,0,347.9759,9.290892,10,1393263577,-1.061569,0.0821228,-0.1056976,6.413317,-2.568117,-14.38945,260.6553,259.9443,15,-0.03968376,0.01358106,0.03585227,0.04743556,-1.632766,-0.2507782,-0.05931754,0.05952376,0.02332622,-0.04685753,-0.1150097,-0.1381942,3
2014-02-24 18:39:38.670,983,98.3,43.60766,3.913478,21.93702,0,347.9759,9.962822,10,1393263578,-1.053864,0.07841492,-0.04705811,6.632692,-1.480617,-14.38945,264.0448,263.3338,15,-0.03587571,-0.03857882,0.02935922,0.04636712,-1.632598,-0.2511186,-0.05320609,0.004140418,0.03683004,-0.007655694,-0.1602461,-0.1547957,3
2014-02-24 18:39:38.793,984,98.4,43.60766,3.913478,21.93702,0,347.9759,9.962822,10,1393263578,-0.9802856,0.02963257,-0.07803345,7.510187,-0.5018692,-14.16164,267.6948,266.9838,15,-0.03189988,-0.02184724,-0.008305068,0.04448382,-1.633804,-0.2515903,-0.04542209,-0.0312878,-0.007327309,-0.06852981,-0.1433232,-0.1480194,3
2014-02-24 18:39:38.882,985,98.5,43.60766,3.913478,21.93702,0,347.9759,9.962822,10,1393263578,-0.9742889,0.07247925,-0.06559753,10.03301,1.999375,-13.4782,268.2977,267.5867,15,-0.03072569,-0.005933789,-0.003756921,0.04355499,-1.634739,-0.252054,-0.04424784,-0.0153743,-0.002779166,-0.1197585,-0.1535074,-0.1377318,3
2014-02-24 18:39:39.028,986,98.6,43.60766,3.913478,21.93702,0,347.9759,9.962822,10,1393263578,-1.046631,0.02633667,-0.05244446,11.02019,2.86938,-11.88351,270.2663,269.5553,15,-0.02607288,-0.003369165,0.02910968,0.04265295,-1.635253,-0.2523836,-0.039595,-0.01280965,0.03008744,-0.007979801,-0.1772336,-0.1279687,3
2014-02-24 18:39:39.133,987,98.7,43.60766,3.913478,21.93702,0,347.9759,9.962822,10,1393263578,-0.9839783,0.09872437,-0.05615234,11.84285,4.337504,-12.39609,271.8633,271.1523,15,-0.01982297,-0.1211504,0.03501178,0.04203134,-1.637378,-0.2526341,-0.03334504,-0.1305908,0.03598953,-0.08051892,-0.2236187,-0.1168654,3
2014-02-24 18:39:39.236,988,98.8,43.60766,3.913478,21.93702,0,347.9759,9.962822,10,1393263578,-1.074478,0.1154633,-0.08952332,11.62348,6.512501,-12.28218,272.9618,272.2508,16,-0.02325099,0.01327852,-0.01794971,0.04130195,-1.637838,-0.2528646,-0.036773,0.00383811,-0.01697196,-0.01795357,-0.1514541,-0.1210138,3
2014-02-24 18:39:39.395,989,98.9,43.60766,3.913478,21.93702,0,347.9759,9.962822,10,1393263578,-1.068726,0.102951,-0.009414673,10.14269,9.503126,-16.09805,272.3444,271.6334,16,-0.01338292,-0.09081832,-0.005107943,0.04063805,-1.638851,-0.2530997,-0.02690487,-0.1002587,-0.004130203,-0.1085784,-0.1349429,-0.1553593,3
2014-02-24 18:39:39.515,990,99,43.60766,3.913478,21.93702,0,347.9759,9.962822,10,1393263578,-1.020096,0.05555725,-0.06697083,9.045815,9.93813,-17.57882,272.3385,271.6275,16,-0.02720499,0.002185923,0.01614035,0.04004342,-1.640739,-0.2532161,-0.0407269,-0.007254426,0.01711809,0.007828409,-0.1591797,-0.09616099,3
2014-02-24 18:39:39.697,991,99.1,43.60766,3.913478,21.93702,0,347.9759,10.33788,10,1393263579,-1.078354,0.0793457,0.007247925,7.071444,11.56937,-18.03445,272.4755,271.7645,16,-0.001024784,0.01903388,-0.02835041,0.03882558,-1.642256,-0.2525197,-0.02184791,-0.1433706,-0.01421907,-0.01195321,-0.2090426,-0.1121034,3
2014-02-24 18:39:39.797,992,99.2,43.60766,3.913478,21.93702,0,347.9759,10.33788,10,1393263579,-1.027756,0.03097534,-0.04055786,4.987379,12.76562,-22.5907,273.3121,272.6011,16,-0.01625221,0.1235195,0.012715,0.03841343,-1.643733,-0.2525741,-0.01454655,0.009593636,-0.02737269,-0.1126559,-0.1705515,-0.06331246,3
2014-02-24 18:39:39.885,993,99.3,43.60766,3.913478,21.93702,0,347.9759,10.33788,10,1393263579,-0.9718323,0.0231781,-0.1198273,4.055033,12.27624,-21.16687,277.3756,276.6646,16,0.006251238,-0.2185366,0.02096201,0.03792628,-1.642458,-0.2522064,-0.02977392,0.1140793,0.01369272,-0.06187691,-0.2185658,-0.1098927,3
2014-02-24 18:39:40.092,994,99.4,43.60766,3.913478,21.93702,0,347.9759,10.33788,10,1393263579,-0.9449005,0.02082825,-0.0843811,2.738787,12.71124,-22.19203,277.909,277.198,16,-0.009810553,0.0949835,-0.01861816,0.0372785,-1.646836,-0.2519922,-0.02684861,-0.04144602,-0.0199542,-0.08795439,-0.194631,-0.08730053,3
2014-02-24 18:39:40.190,995,99.5,43.60766,3.913478,21.93702,0,347.9759,10.33788,10,1393263579,-0.9692078,0.06648254,-0.05476379,2.683939,12.54812,-23.50195,278.0678,277.3568,16,-0.002645052,-0.03832981,0.02850248,0.03673707,-1.645282,-0.2518458,-0.02333212,0.0855434,-0.01764045,-0.07146266,-0.142411,-0.1454948,3
2014-02-24 18:39:40.298,996,99.6,43.60766,3.913478,21.93702,0,347.9759,10.33788,10,1393263579,-1.046524,0.09457397,0.00163269,-0.7712154,11.40625,-25.15359,279.7041,278.9931,16,-0.0002127866,-0.07111199,0.03705789,0.0364251,-1.646011,-0.251895,-0.01616655,-0.04776987,0.02948019,-0.04725089,-0.1968714,-0.1464872,3
2014-02-24 18:39:40.482,997,99.7,43.60766,3.913478,21.93702,0,347.9759,10.33788,10,1393263579,-1.049026,0.05993652,-0.1044159,-1.868086,10.97125,-25.60922,280.2129,279.5019,16,-0.01333471,0.09026331,-0.03854872,0.03616778,-1.648139,-0.2520168,-0.01373426,-0.08055203,0.03803559,-0.003691289,-0.1828751,-0.1295884,3
2014-02-24 18:39:40.578,998,99.8,43.60773,3.913453,25.9396,4.562215,14.35592,9.411047,10,1393263580,-1.026535,0.09709167,0.003799438,-2.745586,11.515,-26.17875,280.2328,279.5218,16,0.0136716,-0.1030465,-0.001209608,0.03573284,-1.647106,-0.2519497,-0.02685612,0.08082332,-0.03757102,-0.08091409,-0.1547186,-0.0721956,3
2014-02-24 18:39:40.682,999,99.9,43.60773,3.913453,25.9396,4.562215,14.35592,9.411047,10,1393263580,-1.036407,0.06594849,-0.06140137,-1.758398,11.18875,-25.95094,280.8274,280.1164,16,-0.00044315,0.02986522,0.05014732,0.03535314,-1.647558,-0.2523627,0.0001502565,-0.1124864,-0.0002319114,-0.08355277,-0.189756,-0.1786732,3
2014-02-24 18:39:40.777,1000,100,43.60773,3.913453,25.9396,4.562215,14.35592,9.411047,10,1393263580,-1.036407,0.06594849,-0.06140137,-0.6066799,11.24313,-25.32445,295.4162,294.7052,15,-0.0003925499,0.06038185,0.03929228,0.03473674,-1.648301,-0.2531599,-0.01391381,0.05094196,0.04026997,-0.02789873,-0.2470312,-0.0983199,3
2014-02-24 18:39:40.854,1001,100.1,43.60773,3.913453,25.9396,4.562215,14.35592,9.411047,10,1393263580,-0.9684601,0.02474976,-0.02909851,-1.593874,11.67812,-24.98273,297.188,296.477,15,8.788431e-05,-0.06008517,-0.001759284,0.03473674,-1.648301,-0.2531599,-0.01391381,0.05094196,0.04026997,-0.02789873,-0.2470312,-0.0983199,3
2014-02-24 18:39:40.949,1002,100.2,43.60773,3.913453,25.9396,4.562215,14.35592,9.411047,10,1393263580,-0.9684601,0.02474976,-0.02909851,-1.484184,10.59063,-25.32445,294.916,294.205,15,-0.002316684,0.01455577,-0.0201074,0.03418547,-1.648997,-0.2537596,-0.01583783,0.00511596,-0.01912972,-0.06972703,-0.1330792,-0.1129875,3
2014-02-24 18:39:41.053,1003,100.3,43.60773,3.913453,25.9396,4.562215,14.35592,9.411047,10,1393263580,-0.9639893,0.04957581,-0.03118896,-1.374495,11.24313,-24.75492,296.0964,295.3854,15,0.007322361,0.002379535,0.00708534,0.03395389,-1.649037,-0.2541589,-0.00619876,-0.007060261,0.00806302,-0.003545925,-0.2266817,-0.1047484,3
2014-02-24 18:39:41.169,1004,100.4,43.60773,3.913453,25.9396,4.562215,14.35592,9.411047,10,1393263580,-0.9721832,0.02064514,-0.05934143,-3.842464,9.448756,-24.24234,295.3676,294.6566,15,0.0007712514,0.03555054,0.05127677,0.03367991,-1.649786,-0.2544407,-0.01274981,0.02611079,0.05225445,0.0007972997,-0.2021284,-0.1075559,3
2014-02-24 18:39:41.248,1005,100.5,43.60773,3.913453,25.9396,4.562215,14.35592,9.411047,10,1393263580,-0.9412079,0.08255005,-0.09065247,-3.623091,9.666252,-25.49531,294.5868,293.8758,15,0.002258627,0.06813911,0.01460664,0.03344699,-1.648659,-0.2544391,-0.01126237,0.0586994,0.01558431,-0.007310802,-0.2310575,-0.1346208,3
2014-02-24 18:39:41.402,1006,100.6,43.60773,3.913453,25.9396,4.562215,14.35592,9.411047,10,1393263580,-1.027573,0.1528015,-0.02487183,-4.226372,8.741878,-26.00789,293.074,292.363,15,0.01248463,-0.08272098,-0.009630789,0.03328187,-1.648709,-0.2547622,-0.001036337,-0.09216067,-0.00865312,-0.1252393,-0.1542828,-0.1805005,3
2014-02-24 18:39:41.551,1007,100.7,43.60779,3.913487,24.91458,5.066503,25.59816,9,10,1393263581,-1.06427,0.09849548,-0.05903625,-5.323248,9.82938,-26.46351,295.1329,294.4219,15,0.01214481,-0.002013616,0.02007864,0.03326235,-1.649837,-0.2554595,-0.001376093,-0.01145326,0.0210563,-0.07984605,-0.2510268,-0.08770303,3
2014-02-24 18:39:41.645,1008,100.8,43.60779,3.913487,24.91458,5.066503,25.59816,9,10,1393263581,-1.06427,0.09849548,-0.05903625,-6.036215,9.448753,-27.09,294.6461,293.9352,15,0.012209,-0.04962241,0.01937077,0.03315053,-1.649184,-0.2555718,-0.008848062,0.1074425,0.01395871,-0.01289965,-0.1917941,-0.08574361,3
2014-02-24 18:39:41.720,1009,100.9,43.60779,3.913487,24.91458,5.066503,25.59816,9,10,1393263581,-1.090866,0.1161499,-0.04484558,-4.336061,8.415627,-27.03304,294.3099,293.5989,15,0.012209,-0.04962241,0.01937077,0.03315697,-1.648982,-0.2556162,-0.001409112,-0.05908305,0.0203091,0.005460796,-0.1798742,-0.1653814,3
2014-02-24 18:39:41.820,1010,101,43.60779,3.913487,24.91458,5.066503,25.59816,9,10,1393263581,-1.090866,0.1161499,-0.04484558,-4.555433,8.524379,-26.80523,294.1321,293.4211,15,0.01478401,0.1812241,-0.02978133,0.03325779,-1.65059,-0.2558895,0.01368519,-0.07287474,-0.01812351,-0.07734193,-0.1419,-0.1028243,3
2014-02-24 18:39:41.942,1011,101.1,43.60779,3.913487,24.91458,5.066503,25.59816,9,10,1393263581,-1.035233,0.0276947,-0.105957,-4.555431,8.524379,-26.46351,294.0287,293.3177,15,0.02191169,-0.09242687,0.04334375,0.03312354,-1.64817,-0.2560038,0.001165988,0.1717636,-0.02884301,-0.1263508,-0.1370667,-0.1196229,3
2014-02-24 18:39:42.045,1012,101.2,43.60779,3.913487,24.91458,5.066503,25.59816,9,10,1393263581,-0.9430084,0.03749084,0.02081299,-4.665121,9.176878,-26.91914,293.9606,293.2496,15,0.01598429,-0.02363875,0.005076251,0.03323196,-1.648495,-0.2560401,0.008293735,-0.1018874,0.04428206,-0.07075083,-0.225557,-0.1810474,3
2014-02-24 18:39:42.117,1013,101.3,43.60779,3.913487,24.91458,5.066503,25.59816,9,10,1393263581,-1.018005,0.06614685,-0.1119232,-5.268404,8.143751,-26.29265,293.7673,293.0563,15,0.01133308,0.1537914,-0.05535514,0.03345207,-1.650307,-0.2559145,0.002366364,-0.03309926,0.006014568,-0.03295396,-0.1440452,-0.1215336,3
2014-02-24 18:39:42.242,1014,101.4,43.60779,3.913487,24.91458,5.066503,25.59816,9,10,1393263581,-0.9964905,0.02043152,-0.0274353,-4.884497,7.545628,-25.66617,293.483,292.772,15,0.02740579,-0.0454013,-0.03448714,0.03359105,-1.647118,-0.2550657,0.01378799,-0.05486173,-0.03354883,-0.06060658,-0.2031909,-0.2178237,3
2014-02-24 18:39:42.344,1015,101.5,43.60779,3.913487,24.91458,5.066503,25.59816,9,10,1393263581,-0.9642792,0.01963806,-0.03681946,-4.665121,7.545625,-26.34961,293.2668,292.5558,15,0.01727646,0.02159238,-0.009429988,0.03383825,-1.648995,-0.2551676,0.003658681,0.01213197,-0.008491681,-0.03182652,-0.2319761,-0.1030252,3
2014-02-24 18:39:42.552,1016,101.6,43.60779,3.913487,24.91458,5.066503,25.59816,9,10,1393263581,-1.080582,0.09420776,-0.152832,-6.145901,9.340004,-26.40656,293.5008,292.7898,15,0.02209039,0.123621,-0.01155253,0.03416096,-1.647131,-0.2542308,0.008472675,0.1141606,-0.01061423,0.0007593905,-0.2318629,-0.1106289,3
2014-02-24 18:39:42.662,1017,101.7,43.60786,3.913525,24.00191,6.76409,24.76206,9,10,1393263582,-0.9571533,0.05937195,-0.03410339,-4.281216,8.252504,-26.17875,291.4602,290.7492,15,0.03136804,-0.09884375,-0.05973604,0.03441032,-1.646627,-0.2537939,0.01775039,-0.1083041,-0.05879774,-0.1153966,-0.1568703,-0.2261637,3
2014-02-24 18:39:42.760,1018,101.8,43.60786,3.913525,24.00191,6.76409,24.76206,9,10,1393263582,-0.9749298,0.06335449,-0.08895874,-4.281216,7.817503,-25.03969,291.3498,290.6388,15,0.03109853,0.00330445,-0.04196556,0.03470026,-1.647587,-0.2538026,0.01748091,-0.006155852,-0.04102726,0.001077045,-0.2736848,-0.1566094,3
2014-02-24 18:39:42.858,1019,101.9,43.60786,3.913525,24.00191,6.76409,24.76206,9,10,1393263582,-0.9749298,0.06335449,-0.08895874,-4.500593,7.817503,-25.03968,291.7914,291.0804,15,0.02807771,0.002699646,0.02722416,0.03500005,-1.646948,-0.2534731,0.01704448,0.04294835,0.0054132,-0.07760491,-0.2574662,-0.1326379,3
2014-02-24 18:39:42.936,1020,102,43.60786,3.913525,24.00191,6.76409,24.76206,9,10,1393263582,-1.022583,0.02290344,-0.03848267,-4.116686,6.566881,-25.21054,289.6914,288.9804,15,0.02807771,0.002699646,0.02722416,0.03542301,-1.647111,-0.2532387,0.01446021,-0.006760567,0.02816245,0.002672409,-0.2959966,-0.1383992,3
2014-02-24 18:39:43.035,1021,102.1,43.60786,3.913525,24.00191,6.76409,24.76206,9,10,1393263582,-1.022583,0.02290344,-0.03848267,-4.829653,6.186256,-24.24234,289.0954,288.3844,15,0.0396558,0.04304707,-0.04109843,0.03591481,-1.647687,-0.2531075,0.0332507,-0.06581002,-0.003927044,-0.1081316,-0.1848009,-0.1566738,3
2014-02-24 18:39:43.150,1022,102.2,43.60786,3.913525,24.00191,6.76409,24.76206,9,10,1393263582,-1.012054,0.108078,-0.09068298,-4.994183,7.76313,-25.21055,291.6099,290.8989,15,0.0381884,-0.00654099,-0.004262123,0.03640848,-1.647221,-0.2533447,0.02603839,0.03358692,-0.04016015,-0.05732925,-0.2277399,-0.1123956,3
2014-02-24 18:39:43.248,1023,102.3,43.60786,3.913525,24.00191,6.76409,24.76206,9,10,1393263582,-1.023697,0.03182983,-0.04830933,-4.281216,8.035002,-25.38141,292.1136,291.4026,15,0.04039536,0.02429149,0.02243926,0.03691322,-1.647195,-0.2535322,0.02457105,-0.0160011,-0.003323847,-0.04684564,-0.1427468,-0.1645674,3
2014-02-24 18:39:43.469,1024,102.4,43.60786,3.913525,24.00191,6.76409,24.76206,9,10,1393263582,-0.9906769,-0.004898071,-0.06130981,-4.610277,8.470003,-26.97609,292.0291,291.3181,15,0.04062173,-0.04045661,0.004303668,0.03744131,-1.647803,-0.2535965,0.02677806,0.01483142,0.02337753,-0.05854926,-0.2190572,-0.1227791,3
2014-02-24 18:39:43.597,1025,102.5,43.60793,3.913562,22.35645,8.300253,23.87504,9,10,1393263583,-0.9512634,-0.01965332,-0.05101013,-3.348869,9.50313,-26.2357,293.9013,293.1903,15,0.04957714,-0.03280003,-0.03908961,0.03797001,-1.647716,-0.2533744,0.02700447,-0.04991666,0.005241938,-0.03828466,-0.2126014,-0.1605721,3
2014-02-24 18:39:43.697,1026,102.6,43.60793,3.913562,22.35645,8.300253,23.87504,9,10,1393263583,-1.014191,0.0643158,-0.07771301,-2.910116,9.068129,-26.3496,293.058,292.347,15,0.04811347,0.0296812,-0.01977051,0.03857544,-1.647803,-0.2533636,0.03595993,-0.04226003,-0.03815135,-0.05560717,-0.1592462,-0.1524472,3
2014-02-24 18:39:43.794,1027,102.7,43.60793,3.913562,22.35645,8.300253,23.87504,9,10,1393263583,-0.9761505,0.02261353,-0.07208252,-2.306835,9.557499,-26.63437,293.0635,292.3525,15,0.04281404,0.05265282,0.02335912,0.03912692,-1.647777,-0.2534239,0.03449632,0.02022123,-0.01883225,-0.0809041,-0.2044248,-0.1231238,3
2014-02-24 18:39:43.872,1028,102.8,43.60793,3.913562,22.35645,8.300253,23.87504,9,10,1393263583,-0.9828491,0.1044006,-0.09422302,-1.7584,10.21,-26.52047,293.1356,292.4246,15,0.04186383,-0.02574158,0.0006532734,0.03973538,-1.647374,-0.2533044,0.02919692,0.04319287,0.02429738,-0.04893815,-0.1862885,-0.1517742,3
2014-02-24 18:39:43.995,1029,102.9,43.60793,3.913562,22.35645,8.300253,23.87504,9,10,1393263583,-1.077011,0.09945679,-0.1050415,-1.977776,9.557499,-26.63437,292.4405,291.7295,15,0.05711122,-0.01590972,-0.06029796,0.0411683,-1.647432,-0.2527796,0.04349423,-0.02536958,-0.05935971,-0.01746994,-0.1456956,-0.1683507,3
2014-02-24 18:39:44.092,1030,103,43.60793,3.913562,22.35645,8.300253,23.87504,9,10,1393263583,-1.081726,0.06802368,-0.0512085,-2.306837,9.883747,-24.69797,293.9015,293.1905,15,0.05929501,-0.01448786,-0.02627075,0.04186533,-1.647173,-0.2529375,0.04567807,-0.02394769,-0.0253325,-0.1116521,-0.1507923,-0.1789157,3
2014-02-24 18:39:44.171,1031,103.1,43.60793,3.913562,22.35645,8.300253,23.87504,9,10,1393263583,-1.054153,0.1060028,-0.09407043,-2.471371,10.04687,-24.2993,295.4057,294.6947,15,0.04148459,0.08104159,0.03128096,0.04252496,-1.647345,-0.2530527,0.02786769,0.07158179,0.0322192,0.02168343,-0.253214,-0.1211732,3
2014-02-24 18:39:44.295,1032,103.2,43.60793,3.913562,22.35645,8.300253,23.87504,9,10,1393263583,-1.095184,0.05505371,-0.09222412,-2.142309,11.56937,-26.1218,297.5984,296.8874,15,0.04174399,-0.004115915,0.01217198,0.04309792,-1.646359,-0.2524415,0.02812715,-0.01357567,0.01311022,-0.02362384,-0.2600838,-0.1880123,3
2014-02-24 18:39:44.506,1033,103.3,43.60793,3.913562,22.35645,8.300253,23.87504,9,10,1393263583,-1.095184,0.05505371,-0.09222412,-1.648714,10.8625,-26.29266,296.4498,295.7388,15,0.04940856,-0.03489939,-0.01795476,0.0438318,-1.646853,-0.2523244,0.03349134,-0.01849742,-0.04075302,0.01215097,-0.214545,-0.1386559,3
2014-02-24 18:39:44.696,1034,103.4,43.608,3.913601,22.85542,8.102769,21.60035,9,10,1393263584,-0.9969635,-0.009414673,-0.1530457,-1.703558,10.48188,-24.75492,296.8329,296.1219,15,0.0452527,-0.126171,0.05328213,0.04487669,-1.645405,-0.2527486,0.0145425,0.1618367,-0.007502125,-0.07934088,-0.2108511,-0.1295896,3
2014-02-24 18:39:44.772,1035,103.5,43.608,3.913601,22.85542,8.102769,21.60035,9,10,1393263584,-0.9971008,0.05709839,-0.05795288,-1.100277,10.21,-24.47015,296.2569,295.5459,15,0.04808417,0.03876657,-0.01751321,0.04535992,-1.646151,-0.252782,0.03163606,-0.1356306,0.05422036,-0.03149074,-0.2595131,-0.2259367,3
2014-02-24 18:39:44.870,1036,103.6,43.608,3.913601,22.85542,8.102769,21.60035,9,10,1393263584,-0.9185333,0.02774048,-0.1465454,-1.374495,9.285631,-24.18539,294.9923,294.2813,15,0.03961079,0.007997473,-0.03019891,0.04608226,-1.646651,-0.2528668,0.03446756,0.02930697,-0.01657499,-0.1116724,-0.1535925,-0.1598436,3
2014-02-24 18:39:44.995,1037,103.7,43.608,3.913601,22.85542,8.102769,21.60035,9,10,1393263584,-0.9797516,0.05352783,-0.08502197,-1.868086,8.905003,-23.67281,294.9941,294.2831,15,0.04542074,-0.01652545,0.01584741,0.04649419,-1.64482,-0.2528634,0.02599424,-0.00146208,-0.02926069,-0.1077241,-0.1574039,-0.2594396,3
2014-02-24 18:39:45.092,1038,103.8,43.608,3.913601,22.85542,8.102769,21.60035,9,10,1393263584,-1.039246,0.1311951,-0.1526184,-2.800432,9.611879,-23.95757,296.5237,295.8127,15,0.03787654,0.058291,0.02442944,0.04704909,-1.646116,-0.2530399,0.03180426,-0.02598496,0.01678562,-0.08059431,-0.1963778,-0.1615825,3
2014-02-24 18:39:45.196,1039,103.9,43.608,3.913601,22.85542,8.102769,21.60035,9,10,1393263584,-1.047073,0.02090454,-0.1177673,-2.032621,11.56938,-23.84367,298.977,298.266,15,0.04086141,-0.02597381,-0.02750886,0.04754162,-1.645665,-0.2527446,0.02426011,0.04883153,0.02536765,-0.01623313,-0.2364973,-0.1747482,3
2014-02-24 18:39:45.283,1040,104,43.608,3.913601,22.85542,8.102769,21.60035,9,10,1393263584,-1.002747,0.1154022,-0.1530457,-1.100277,10.53625,-25.95094,294.6824,293.9714,15,0.04713449,-0.04868578,-0.03895805,0.04810024,-1.64526,-0.2525756,0.02724502,-0.03543326,-0.02657065,-0.07365681,-0.1187036,-0.2246526,3
2014-02-24 18:39:45.513,1041,104.1,43.608,3.913601,22.85542,8.102769,21.60035,9,10,1393263584,-1.02243,0.05587769,-0.164566,1.03863,11.89562,-25.32445,296.1482,295.4372,15,0.0343127,0.1453055,-0.004608334,0.04872495,-1.645974,-0.2527632,0.03351814,-0.0581452,-0.03801984,-0.08158302,-0.2291758,-0.1904875,3
2014-02-24 18:39:45.633,1042,104.2,43.608,3.913601,22.85542,8.102769,21.60035,9,10,1393263584,-0.9883575,0.03572083,-0.08889771,3.945351,11.84125,-24.81187,297.1064,296.3954,15,0.04150856,0.01875478,0.03775457,0.04918526,-1.644614,-0.252966,0.02069642,0.1358462,-0.003670131,-0.03720882,-0.1348744,-0.224449,3
2014-02-24 18:39:45.736,1043,104.3,43.60808,3.913644,21.19164,8.102769,22.61075,9,10,1393263585,-0.9883575,0.03572083,-0.08889771,4.164726,12.27624,-23.90063,298.3438,297.6328,15,0.04805115,-0.08119925,0.004772917,0.05023581,-1.644787,-0.2530091,0.03443496,-0.09065856,0.005711114,-0.004044102,-0.1835307,-0.2229218,3
2014-02-24 18:39:45.834,1044,104.4,43.60808,3.913644,21.19164,8.102769,22.61075,9,10,1393263585,-0.9866943,0.01065063,-0.1062622,3.561441,12.11312,-22.36289,299.2079,298.4969,15,0.04200551,0.04091095,-0.02697729,0.05078436,-1.644628,-0.2532416,0.02838938,0.03145169,-0.0260391,-0.06695703,-0.1270999,-0.1702434,3
2014-02-24 18:39:45.946,1045,104.5,43.60808,3.913644,21.19164,8.102769,22.61075,9,10,1393263585,-0.9873352,0.04638672,-0.1279907,-2.361681,11.35188,-20.8821,300.7433,300.0323,20,0.03200108,0.08174573,-0.0133949,0.05120379,-1.643242,-0.2533687,0.01838497,0.07228649,-0.01245671,-0.02116016,-0.2400159,-0.176334,3
2014-02-24 18:39:46.051,1046,104.6,43.60808,3.913644,21.19164,8.102769,22.61075,9,10,1393263585,-0.9459076,0.02670288,-0.1029816,-4.171526,11.40625,-23.10328,299.718,299.007,20,0.04405215,-0.01187184,0.03221253,0.05175027,-1.643755,-0.2534972,0.03043611,-0.02133104,0.03315071,-0.02186923,-0.2044042,-0.1985552,3
2014-02-24 18:39:46.142,1047,104.7,43.60808,3.913644,21.19164,8.102769,22.61075,9,10,1393263585,-0.9429169,0.05201721,-0.1782379,-3.294027,11.84125,-24.92578,298.7276,298.0166,20,0.04545004,0.02419961,0.00606535,0.0523521,-1.643807,-0.2533849,0.03183406,0.01474046,0.007003531,0.01958281,-0.2239793,-0.1735983,3
2014-02-24 18:39:46.248,1048,104.8,43.60808,3.913644,21.19164,8.102769,22.61075,9,10,1393263585,-1.029526,0.1361694,-0.123291,-1.86809,11.95,-26.29266,297.8781,297.1671,20,0.04962321,-0.06454251,-0.03995221,0.0529784,-1.643218,-0.2533939,0.03600729,-0.07400163,-0.03901403,0.02261268,-0.1986737,-0.2482861,3
2014-02-24 18:39:46.387,1049,104.9,43.60808,3.913644,21.19164,8.102769,22.61075,9,10,1393263585,-1.11972,0.09602356,-0.1611023,1.532221,11.40625,-28.45687,297.9356,297.2246,20,0.05420491,-0.01662558,-0.005182778,0.0536188,-1.644225,-0.2539682,0.04058903,-0.02608468,-0.004244602,-0.03076371,-0.2663988,-0.1879074,3
2014-02-24 18:39:46.554,1050,105,43.60808,3.913644,21.19164,8.102769,22.61075,9,10,1393263585,-1.059372,0.08869934,-0.1554565,3.396914,10.4275,-29.70984,297.5768,296.8658,20,0.03412255,0.1454912,0.01884985,0.05408004,-1.643094,-0.2538875,0.02050672,0.1360321,0.01978802,0.009298992,-0.2162872,-0.1740604,3
2014-02-24 18:39:46.655,1051,105.1,43.60808,3.913644,21.19164,8.102769,22.61075,9,10,1393263585,-1.059372,0.08869934,-0.1554565,4.164722,9.557503,-30.50718,292.2587,291.5477,20,0.05057396,-0.09369294,-0.0009462211,0.05470229,-1.642182,-0.2535089,0.0319131,-0.07024034,0.01018014,-0.02160977,-0.234811,-0.2650602,3
2014-02-24 18:39:46.751,1052,105.2,43.60808,3.913644,21.19164,8.102769,22.61075,9,10,1393263585,-1.102341,0.06704712,-0.1128998,5.151911,9.557503,-30.735,292.1702,291.4592,20,0.04316132,0.07269072,-0.02258414,0.05536449,-1.643931,-0.2536971,0.03695823,-0.1031519,-8.056054e-06,-0.09396842,-0.1622851,-0.2261873,3
2014-02-24 18:39:46.870,1053,105.3,43.60816,3.913684,20.71999,9.001526,20.45534,9.7333,10,1393263586,-1.010406,0.009796143,-0.1582184,7.839256,6.784379,-27.71648,286.2088,285.4978,20,0.03656999,0.09118477,0.02878851,0.05582355,-1.643685,-0.2537948,0.02954563,0.06323177,-0.02164598,-0.1369443,-0.1840319,-0.1833916,3
2014-02-24 18:39:46.952,1054,105.4,43.60816,3.913684,20.71999,9.001526,20.45534,9.7333,10,1393263586,-0.9342499,0.02874756,-0.1964874,5.810032,5.316258,-26.06484,283.9955,283.2845,20,0.04554139,-0.112868,0.01561598,0.05631965,-1.642476,-0.2537926,0.02295437,0.08172587,0.02972666,-0.04492496,-0.2412807,-0.2275425,3
2014-02-24 18:39:47.076,1055,105.5,43.60816,3.913684,20.71999,9.001526,20.45534,9.7333,10,1393263586,-0.9754639,0.0512085,-0.1161652,5.371284,5.642506,-27.43172,284.2067,283.4957,20,0.04932361,0.005937251,-0.01366148,0.05687989,-1.642954,-0.2538281,0.03192579,-0.1223269,0.01655413,-0.06921334,-0.1694157,-0.2902594,3
2014-02-24 18:39:47.177,1056,105.6,43.60816,3.913684,20.71999,9.001526,20.45534,9.7333,10,1393263586,-0.9315186,0.05822754,-0.2503052,2.519411,4.120006,-25.72312,282.2938,281.5828,20,0.03430418,0.1690868,-0.00718654,0.05746334,-1.643424,-0.2540852,0.03570807,-0.003521597,-0.01272333,-0.07098914,-0.2157919,-0.1928386,3
2014-02-24 18:39:47.253,1057,105.7,43.60816,3.913684,20.71999,9.001526,20.45534,9.7333,10,1393263586,-0.9884338,0.09529114,-0.1283722,0.5998764,3.41313,-26.46351,280.5697,279.8587,20,0.05015771,-0.1034753,0.05193484,0.05791411,-1.641469,-0.2543294,0.02068871,0.1596279,-0.006248393,-0.05370302,-0.1531162,-0.2663408,3
2014-02-24 18:39:47.467,1058,105.8,43.60816,3.913684,20.71999,9.001526,20.45534,9.7333,10,1393263586,-1.036743,0.09555054,-0.1064758,-2.142309,4.174379,-25.66617,282.3575,281.6465,20,0.05045971,-0.03584668,0.004353469,0.05852048,-1.642265,-0.2546781,0.03654229,-0.112934,0.05287298,-0.05196844,-0.2070273,-0.2198614,3
2014-02-24 18:39:47.594,1059,105.9,43.60816,3.913684,20.71999,9.001526,20.45534,9.7333,10,1393263586,-0.9430847,0.1136475,-0.2108765,-1.648718,6.621254,-24.58406,287.8325,287.1215,20,0.03937643,0.1372806,-0.02090475,0.05924811,-1.643041,-0.2548339,0.03673974,-0.045328,0.005249518,-0.02325296,-0.1567935,-0.1982234,3
2014-02-24 18:39:47.694,1060,106,43.60824,3.913722,20.64484,8.957685,19.52582,10.71059,10,1393263587,-1.024994,0.07113647,-0.1324921,0.05144119,6.131877,-25.09664,286.8114,286.1004,20,0.04518958,0.06067986,0.03268844,0.05978288,-1.641287,-0.2550475,0.02565653,0.1277994,-0.02000871,-0.07149495,-0.1567409,-0.1746296,3
2014-02-24 18:39:47.797,1061,106.1,43.60824,3.913722,20.64484,8.957685,19.52582,10.71059,10,1393263587,-1.024994,0.07113647,-0.1324921,0.819252,6.893129,-24.86883,288.0234,287.3124,20,0.040414,-0.04138579,0.03011929,0.06096382,-1.640467,-0.2554035,0.02669419,-0.050867,0.03101533,0.0557445,-0.2143668,-0.2489967,3
2014-02-24 18:39:47.872,1062,106.2,43.60824,3.913722,20.64484,8.957685,19.52582,10.71059,10,1393263587,-0.9601746,0.06817627,-0.204895,1.03863,7.328133,-24.52711,288.9248,288.2138,20,0.04706205,0.02270451,-0.04082839,0.06096382,-1.640467,-0.2554035,0.02669419,-0.050867,0.03101533,0.0557445,-0.2143668,-0.2489967,3
2014-02-24 18:39:47.995,1063,106.3,43.60824,3.913722,20.64484,8.957685,19.52582,10.71059,10,1393263587,-0.9601746,0.06817627,-0.204895,2.574257,9.394377,-23.95757,292.6333,291.9223,20,0.03799665,-0.0131459,0.02043523,0.06204959,-1.638628,-0.2555223,0.03302064,0.0780647,-0.0100674,-0.02041139,-0.1288951,-0.2399568,3
2014-02-24 18:39:48.072,1064,106.4,43.60824,3.913722,20.64484,8.957685,19.52582,10.71059,10,1393263587,-0.9949951,0.06863403,-0.252121,2.793629,10.26437,-22.70461,295.2672,294.5562,20,0.03799665,-0.0131459,0.02043523,0.06266794,-1.639005,-0.2557009,0.02427699,-0.022627,0.02133126,0.005061962,-0.1847474,-0.270835,3
2014-02-24 18:39:48.171,1065,106.5,43.60824,3.913722,20.64484,8.957685,19.52582,10.71059,10,1393263587,-0.9949951,0.06863403,-0.252121,2.135502,12.98312,-21.33773,299.593,298.882,20,0.04201723,-0.02702363,-0.01810257,0.06317751,-1.637097,-0.2554871,0.01945379,0.1062929,-0.01047354,-0.02536913,-0.2146307,-0.2466881,3
2014-02-24 18:39:48.315,1066,106.6,43.60824,3.913722,20.64484,8.957685,19.52582,10.71059,10,1393263587,-1.076584,0.08631897,-0.1263885,0.4353466,14.12499,-22.76156,299.9839,299.2729,20,0.0356781,0.04443032,-0.005956693,0.06364235,-1.635753,-0.2553948,0.02829768,-0.03650465,-0.01720655,-0.02947203,-0.1839934,-0.3149267,3
2014-02-24 18:39:48.548,1067,106.7,43.60824,3.913722,20.64484,8.957685,19.52582,10.71059,10,1393263587,-1.040863,0.05369568,-0.2486267,-2.306841,12.92874,-24.58406,300.8306,300.1196,20,0.03296221,0.1340928,0.01191152,0.0642627,-1.636773,-0.2555622,0.02195858,0.03494931,-0.005060672,-0.02487911,-0.1956605,-0.2328554,3
2014-02-24 18:39:48.658,1068,106.8,43.60831,3.913753,17.63428,9.139519,19.08616,11.37938,10,1393263588,-0.9379272,0.08998108,-0.1560211,-4.061836,9.013752,-25.15359,293.4453,292.7343,20,0.03819878,-0.1061714,0.009614278,0.06467661,-1.634204,-0.2553389,0.01924275,0.1246119,0.01280754,-0.004581531,-0.1900428,-0.2487192,3
2014-02-24 18:39:48.769,1069,106.9,43.60831,3.913753,17.63428,9.139519,19.08616,11.37938,10,1393263588,-1.011841,0.039505,-0.1906433,-4.445745,9.285627,-25.66617,293.7779,293.0669,20,0.04177434,0.09321091,-0.00637401,0.06514446,-1.634177,-0.2554668,0.02447939,-0.1156524,0.01051029,-0.05243317,-0.1767846,-0.3419834,3
2014-02-24 18:39:48.846,1070,107,43.60831,3.913753,17.63428,9.139519,19.08616,11.37938,10,1393263588,-0.9488068,0.06661987,-0.245697,-4.665123,9.720629,-26.34961,294.1508,293.4398,20,0.04027818,0.0764804,0.02896774,0.06565779,-1.633987,-0.2560185,0.02805498,0.08373,-0.005478,0.02754784,-0.1632498,-0.2171113,3
2014-02-24 18:39:48.977,1071,107.1,43.60831,3.913753,17.63428,9.139519,19.08616,11.37938,10,1393263588,-0.9986725,0.1171875,-0.1696014,-4.939342,9.122505,-27.09,292.6486,291.9376,20,0.04049496,-0.05391703,0.02203047,0.0661863,-1.633156,-0.2562798,0.02655888,0.06699954,0.02986374,-0.04638141,-0.2139786,-0.2509275,3
2014-02-24 18:39:49.084,1072,107.2,43.60831,3.913753,17.63428,9.139519,19.08616,11.37938,10,1393263588,-0.9986725,0.1171875,-0.1696014,-3.568249,7.110628,-27.83039,289.3426,288.6316,20,0.0542145,-0.0166349,-0.0063559,0.06731846,-1.633349,-0.2567869,0.04049532,-0.02611568,-0.005459902,-0.03335311,-0.1367866,-0.2300635,3
2014-02-24 18:39:49.175,1073,107.3,43.60831,3.913753,17.63428,9.139519,19.08616,11.37938,10,1393263588,-0.9958038,0.09284973,-0.2142639,-4.774809,7.110628,-27.83039,290.2638,289.5528,20,0.04912494,0.145374,-0.010332,0.06731846,-1.633349,-0.2567869,0.04049532,-0.02611568,-0.005459902,-0.03335311,-0.1367866,-0.2300635,3
2014-02-24 18:39:49.262,1074,107.4,43.60831,3.913753,17.63428,9.139519,19.08616,11.37938,10,1393263588,-0.9958038,0.09284973,-0.2142639,-4.11668,4.935627,-27.37477,287.1256,286.4146,20,0.0393506,-0.00533298,0.003948669,0.06825966,-1.631059,-0.2566036,0.02563152,-0.01481369,0.00484466,-0.04716302,-0.2105534,-0.286983,3
2014-02-24 18:39:49.408,1075,107.5,43.60831,3.913753,17.63428,9.139519,19.08616,11.37938,10,1393263588,-1.026718,0.06504822,-0.1539459,-4.719963,4.120003,-27.43172,285.5323,284.8213,20,0.05052443,-0.05062643,-0.001367001,0.06884748,-1.631571,-0.2565634,0.03680539,-0.0601071,-0.0004710127,0.04746744,-0.1952557,-0.2318603,3
2014-02-24 18:39:49.586,1076,107.6,43.6084,3.9138,24.15672,9.633713,18.70782,10.76059,10,1393263589,-0.9308319,0.06143188,-0.2171631,-5.981367,1.673127,-26.91914,283.6569,282.9459,20,0.03946885,0.106625,-0.02764335,0.06931689,-1.630336,-0.2565689,0.02574985,0.09714434,-0.02674736,-0.06116572,-0.188715,-0.2115024,3
2014-02-24 18:39:49.677,1077,107.7,43.6084,3.9138,24.15672,9.633713,18.70782,10.76059,10,1393263589,-0.9414368,0.05245972,-0.2513733,-6.365276,1.183757,-26.29266,282.9152,282.2042,20,0.04293202,0.1068761,0.0005419533,0.06974366,-1.628578,-0.256582,0.02921308,0.0973955,0.001437935,0.03481684,-0.1923441,-0.2730225,3
2014-02-24 18:39:49.769,1078,107.8,43.6084,3.9138,24.15672,9.633713,18.70782,10.76059,10,1393263589,-1.002548,0.06932068,-0.1790466,-7.078246,1.020628,-25.55227,283.7124,283.0014,20,0.05274817,-0.1499967,0.04302896,0.07037015,-1.629731,-0.2570255,0.03902929,-0.1594772,0.04392494,0.02403449,-0.2017452,-0.3083392,3
2014-02-24 18:39:49.870,1079,107.9,43.6084,3.9138,24.15672,9.633713,18.70782,10.76059,10,1393263589,-1.002716,0.1016693,-0.2572937,-7.187935,1.020628,-25.55227,283.74,283.029,20,0.03435797,0.15545,-0.01174534,0.07091348,-1.629002,-0.2572595,0.02063913,0.1459695,-0.01084936,-0.003998774,-0.1594605,-0.1697686,3
2014-02-24 18:39:49.989,1080,108,43.6084,3.9138,24.15672,9.633713,18.70782,10.76059,10,1393263589,-1.028336,0.06271362,-0.2036743,-5.597464,0.9662552,-25.2675,284.0355,283.3245,15,0.03807868,0.02299986,0.004833105,0.07127411,-1.626699,-0.2570979,0.02560838,0.06332099,-0.004129679,-0.01089551,-0.1610895,-0.2982994,3
2014-02-24 18:39:50.064,1081,108.1,43.6084,3.9138,24.15672,9.633713,18.70782,10.76059,10,1393263589,-1.002426,0.07406616,-0.2102814,-4.555433,-0.3931198,-25.21055,283.9248,283.2138,15,0.03696414,0.01268783,-0.007980961,0.07174937,-1.62677,-0.257131,0.02435995,0.0135194,0.005729072,-0.008969909,-0.1718179,-0.2553686,3
2014-02-24 18:39:50.166,1082,108.2,43.6084,3.9138,24.15672,9.633713,18.70782,10.76059,10,1393263589,-1.073807,0.07475281,-0.1994171,-4.829653,-0.6649981,-25.15359,283.7479,283.0369,15,0.03944754,0.00136487,-0.009019594,0.07220031,-1.625829,-0.2571523,0.02324544,0.00320739,-0.007084995,-0.06268157,-0.1916139,-0.2568708,3
2014-02-24 18:39:50.265,1083,108.3,43.6084,3.9138,24.15672,9.633713,18.70782,10.76059,10,1393263589,-1.010513,0.0001525879,-0.2537231,-4.829653,-1.208748,-24.35625,283.4731,282.7621,15,0.03406636,0.2191299,0.0146117,0.07261754,-1.625782,-0.2573442,0.0257289,-0.008115528,-0.008123632,-0.03681841,-0.180447,-0.26343,3
2014-02-24 18:39:50.501,1084,108.4,43.6084,3.9138,24.15672,9.633713,18.70782,10.76059,10,1393263589,-1.08226,0.05973816,-0.2345123,-3.23918,-3.220622,-24.64101,280.6931,279.9821,15,0.04058178,0.002600577,0.002710033,0.07311298,-1.622885,-0.2572131,-0.00153616,-0.1100192,0.0313215,-0.0447223,-0.2542338,-0.304075,3
2014-02-24 18:39:50.681,1085,108.5,43.60849,3.913844,23.0988,8.836256,15.31583,10.03646,10,1393263590,-0.967926,0.06610107,-0.2391052,-4.390905,-5.449998,-23.10328,279.2111,278.5001,15,0.03544321,0.04239593,0.02338815,0.07470307,-1.622591,-0.2584781,0.02172484,0.03291572,0.02428409,0.004820771,-0.1635227,-0.2609739,3
2014-02-24 18:39:50.781,1086,108.6,43.60849,3.913844,23.0988,8.836256,15.31583,10.03646,10,1393263590,-1.051117,0.08830261,-0.1865692,-4.610281,-6.537501,-22.19203,277.4826,276.7716,15,0.0404393,-0.05499481,0.02907906,0.07520366,-1.622499,-0.2588702,0.02672097,-0.064475,0.029975,-0.00253798,-0.1898875,-0.2890628,3
2014-02-24 18:39:50.886,1087,108.7,43.60849,3.913844,23.0988,8.836256,15.31583,10.03646,10,1393263590,-1.132584,0.06973267,-0.2459106,-4.06184,-6.863748,-21.28078,276.1797,275.4687,15,0.05157025,0.01069392,0.01212164,0.07577325,-1.622957,-0.2594037,0.03785197,0.001213772,0.01301758,-0.0858884,-0.1682016,-0.2369621,3
2014-02-24 18:39:51.087,1088,108.8,43.60849,3.913844,23.0988,8.836256,15.31583,10.03646,10,1393263590,-0.9472961,0.03193665,-0.208374,-3.95215,-7.842498,-23.10328,274.0436,273.3326,15,0.02901141,-0.03662299,0.06984886,0.07640804,-1.622625,-0.26035,0.01529322,-0.04610308,0.07074479,0.002828953,-0.165805,-0.3302259,3
2014-02-24 18:39:51.282,1089,108.9,43.60849,3.913844,23.0988,8.836256,15.31583,10.03646,10,1393263590,-0.9533691,0.04190063,-0.2309418,-3.18434,-9.256251,-22.64765,267.5403,266.8293,15,0.03202105,0.1304044,-0.02325446,0.07737955,-1.62365,-0.2610525,0.01830299,0.1209243,-0.02235853,0.01185835,-0.1649274,-0.2257831,3
2014-02-24 18:39:51.513,1090,109,43.60849,3.913844,23.0988,8.836256,15.31583,10.03646,10,1393263590,-0.9533691,0.04190063,-0.2309418,-4.116682,-10.72437,-21.79336,264.9333,264.2223,15,0.03798387,-0.1421875,0.04163773,0.07765929,-1.621811,-0.2614304,0.02418756,0.03180169,0.02431869,-0.06442557,-0.1168153,-0.3803297,3
2014-02-24 18:39:51.713,1091,109.1,43.60859,3.91384,21.72292,9.301593,353.067,9.036428,5,1393263591,-1.039276,0.1253357,-0.2725372,-3.842466,-12.19249,-20.93906,263.5469,262.8359,15,0.03812102,0.002581402,0.002686597,0.0785967,-1.624112,-0.2620449,0.01580057,0.07453192,-0.01019855,0.007855308,-0.1397324,-0.2088961,3
2014-02-24 18:39:51.910,1092,109.2,43.60859,3.91384,21.72292,9.301593,353.067,9.036428,5,1393263591,-1.068115,0.1423187,-0.2203522,-4.719967,-12.1925,-20.93906,260.5108,259.7998,15,0.01683091,0.0786301,0.03693298,0.07925332,-1.624305,-0.2629272,0.02055012,-0.06450395,0.03226236,0.04634351,-0.1820427,-0.3019354,3
2014-02-24 18:39:52.096,1093,109.3,43.60859,3.91384,21.72292,9.301593,353.067,9.036428,5,1393263591,-0.9250183,0.09472656,-0.1481018,-4.939337,-11.7575,-21.50859,259.6304,258.9194,15,0.04217355,-0.1132123,-0.02429841,0.07970346,-1.622925,-0.2629937,0.007210745,-0.0115935,-5.564629e-05,0.08680193,-0.1822594,-0.3342792,3
2014-02-24 18:39:52.260,1094,109.4,43.60859,3.91384,21.72292,9.301593,353.067,9.036428,5,1393263591,-0.9441223,0.03952026,-0.2552032,-4.884497,-12.68187,-22.47679,257.5713,256.8603,15,0.02202834,0.1282099,-0.004559332,0.08011197,-1.624563,-0.2635673,0.0284559,-0.122692,-0.02340252,0.008154206,-0.1087319,-0.2690329,3
2014-02-24 18:39:52.601,1095,109.5,43.60859,3.91384,21.72292,9.301593,353.067,9.036428,5,1393263591,-0.9862976,0.06195068,-0.1817322,-5.597464,-15.6725,-18.77485,254.545,253.834,15,0.02671577,-0.04812386,0.05116918,0.08038067,-1.624314,-0.2639498,0.008310719,0.1187302,-0.003663436,0.03896655,-0.166169,-0.1997418,3
2014-02-24 18:39:52.762,1096,109.6,43.60869,3.913825,19.88004,9.633952,351.667,9,5,1393263592,-0.9197693,0.1031494,-0.2085724,-6.420119,-15.18312,-18.60398,252.2312,251.5202,15,0.03452602,-0.05640815,-0.0002910835,0.08110726,-1.624912,-0.2640203,0.02080852,-0.06588776,0.0006048043,-0.02236215,-0.199013,-0.2339471,3
2014-02-24 18:39:52.839,1097,109.7,43.60869,3.913825,19.88004,9.633952,351.667,9,5,1393263592,-0.9855652,0.1422119,-0.2544861,-6.091057,-15.83562,-19.74305,251.0337,250.3227,15,0.03101651,0.04979845,-0.03890106,0.08139752,-1.624534,-0.264058,0.01718408,0.04029071,-0.03804819,-0.113844,-0.1003097,-0.244141,3
2014-02-24 18:39:52.948,1098,109.8,43.60869,3.913825,19.88004,9.633952,351.667,9,5,1393263592,-0.9855652,0.1422119,-0.2544861,-6.749181,-15.83562,-20.08476,250.6425,249.9315,15,0.03311268,-0.02114523,0.01694756,0.08164193,-1.624058,-0.2639487,0.01575402,0.02349499,-0.01091644,-0.09741829,-0.1477048,-0.2763078,3
2014-02-24 18:39:53.099,1099,109.9,43.60869,3.913825,19.88004,9.633952,351.667,9,5,1393263592,-0.9598083,0.1371155,-0.1907501,-5.761995,-16.59687,-16.89539,247.7927,247.0817,15,0.03311268,-0.02114523,0.01694756,0.0820848,-1.625177,-0.2638349,0.01928037,-0.03065289,0.01780042,-0.008549027,-0.1861844,-0.2360819,3
2014-02-24 18:39:53.188,1100,110,43.60869,3.913825,19.88004,9.633952,351.667,9,5,1393263592,-0.9598083,0.1371155,-0.1907501,-5.707151,-17.73875,-14.90203,243.0293,242.3183,15,0.04119245,-0.06591909,-0.06230918,0.08246427,-1.624281,-0.2630023,0.01221957,-0.0298928,-0.02216032,-0.138245,-0.120607,-0.2323463,3
2014-02-24 18:39:53.359,1101,110.1,43.60869,3.913825,19.88004,9.633952,351.667,9,5,1393263592,-1.041565,0.1598053,-0.2016144,-5.597466,-17.8475,-16.155,242.1338,241.4228,15,0.01714676,0.1507733,-0.0130383,0.08284727,-1.625448,-0.2628087,0.02736023,-0.07542669,-0.06145633,0.004413974,-0.1226784,-0.2434992,3
2014-02-24 18:39:53.555,1102,110.2,43.60869,3.913825,19.88004,9.633952,351.667,9,5,1393263592,-1.004379,0.0213623,-0.1943207,-6.310432,-18.55437,-15.75633,240.6848,239.9738,15,0.03436543,-0.1151189,0.02843457,0.0830382,-1.624645,-0.262693,0.003314609,0.1412657,-0.01218545,-0.07727055,-0.09987686,-0.2535903,3
2014-02-24 18:39:53.660,1103,110.3,43.60878,3.913774,20.28331,9.923665,338.2313,9,5,1393263593,-0.9668427,-0.01200867,-0.1438904,-5.487776,-19.37,-15.92719,239.9523,239.2413,15,0.01363112,0.01472648,-0.01409025,0.08343689,-1.625477,-0.2623329,0.0205333,-0.1246264,0.02928742,0.04263699,-0.185497,-0.3196748,3
2014-02-24 18:39:53.748,1104,110.4,43.60878,3.913774,20.28331,9.923665,338.2313,9,5,1393263593,-0.9251556,0.06556702,-0.1810608,-5.213558,-19.09812,-15.52851,239.3271,238.6161,15,0.02368988,0.001008273,-0.03849519,0.08363999,-1.626068,-0.2622427,-0.0002009393,0.005218993,-0.01323741,-0.03207807,-0.109177,-0.2202557,3
2014-02-24 18:39:53.890,1105,110.5,43.60878,3.913774,20.28331,9.923665,338.2313,9,5,1393263593,-0.9989319,0.009140015,-0.2146454,-5.323244,-20.18562,-14.73117,236.0907,235.3797,15,0.02090129,0.07942106,-0.009959424,0.08377354,-1.625311,-0.2622547,0.009759108,-0.008537944,-0.03766783,-0.08743048,-0.1321989,-0.264844,3
2014-02-24 18:39:53.972,1106,110.6,43.60878,3.913774,20.28331,9.923665,338.2313,9,5,1393263593,-0.9777069,0.03874207,-0.1882935,-7.133086,-20.34875,-14.3325,234.4483,233.7373,15,0.01200287,-0.01093148,0.03893408,0.08393647,-1.62491,-0.2623651,0.006970538,0.06987486,-0.009132062,0.03920994,-0.1937984,-0.2332969,3
2014-02-24 18:39:54.094,1107,110.7,43.60878,3.913774,20.28331,9.923665,338.2313,9,5,1393263593,-1.015823,0.1283875,-0.19133,-7.62668,-20.83812,-13.02258,229.1053,228.3943,15,0.033122,-0.05398387,0.02078704,0.08405977,-1.624948,-0.2622691,-0.001927818,-0.02047763,0.03976144,-0.03454347,-0.2501327,-0.2669199,3
2014-02-24 18:39:54.191,1108,110.8,43.60878,3.913774,20.28331,9.923665,338.2313,9,5,1393263593,-1.09819,0.1126251,-0.2789917,-9.820434,-19.64187,-13.13648,227.8516,227.1406,15,0.0272721,0.07925541,-0.03687812,0.08423233,-1.625686,-0.2621614,0.01919138,-0.06352998,0.02161439,-0.01332944,-0.2204266,-0.241281,3
2014-02-24 18:39:54.293,1109,110.9,43.60878,3.913774,20.28331,9.923665,338.2313,9,5,1393263593,-0.9992981,0.1051178,-0.1831818,-9.875277,-19.58749,-13.07953,227.9731,227.2621,15,0.01733851,0.009079249,-0.01517256,0.08444574,-1.624702,-0.2621216,0.01334153,0.06970934,-0.03605077,-0.05138393,-0.1307428,-0.2433695,3
2014-02-24 18:39:54.499,1110,111,43.60885,3.913676,19.97832,9.181975,318.2917,9,5,1393263594,-0.9992981,0.1051178,-0.1831818,-9.217153,-18.7175,-15.69937,229.5185,228.8075,15,0.02556768,-0.004063718,0.03430498,0.08481346,-1.625,-0.2625469,0.0116372,-0.01360973,0.03513232,0.01105141,-0.2236371,-0.2803024,3
2014-02-24 18:39:54.668,1111,111.1,43.60885,3.913676,19.97832,9.181975,318.2917,9,5,1393263594,-1.048874,0.07243347,-0.1679077,-8.942931,-17.35812,-14.84508,230.5681,229.8571,15,0.03357394,-0.02612428,-0.03930853,0.08532573,-1.624607,-0.26217,0.01950537,-0.03573331,-0.03851632,-0.1086883,-0.07576638,-0.2619233,3
2014-02-24 18:39:54.779,1112,111.2,43.60885,3.913676,19.97832,9.181975,318.2917,9,5,1393263594,-1.053894,0.111618,-0.1477661,-9.601055,-16.37937,-15.64242,231.7424,231.0314,15,0.02927507,0.04802372,0.02444702,0.08569839,-1.624515,-0.2627057,0.01520662,0.03841478,0.02523921,-0.02862204,-0.2214253,-0.2168893,3
2014-02-24 18:39:54.881,1113,111.3,43.60885,3.913676,19.97832,9.181975,318.2917,9,5,1393263594,-0.9588165,0.04243469,-0.1744385,-9.21715,-16.65125,-15.35765,232.0933,231.3823,15,0.02545929,-0.0005613944,0.04717364,0.08599121,-1.624829,-0.2628032,0.0113909,-0.0101703,0.04796583,-0.08963781,-0.1481705,-0.1999183,3
2014-02-24 18:39:55.012,1114,111.4,43.60885,3.913676,19.97832,9.181975,318.2917,9,5,1393263594,-0.9154968,0.03352356,-0.1680298,-9.546215,-15.02,-14.3325,232.3094,231.5984,15,0.02844815,-0.005586246,-0.01726927,0.08618069,-1.62416,-0.2626382,0.0143798,-0.01519512,-0.01647708,0.004357503,-0.1574868,-0.2488513,3
2014-02-24 18:39:55.214,1115,111.5,43.60885,3.913676,19.97832,9.181975,318.2917,9,5,1393263594,-0.9555664,0.1143494,-0.1495667,-11.027,-13.87812,-13.25039,231.9367,231.2257,15,0.01814491,0.1215762,0.02010314,0.08664597,-1.624819,-0.2630446,0.004257245,-0.003678471,0.01616022,-0.06342432,-0.1599087,-0.1887972,3
2014-02-24 18:39:55.386,1116,111.6,43.60885,3.913676,19.97832,9.181975,318.2917,9,5,1393263594,-0.9617767,0.1166382,-0.1301727,-9.601058,-12.46437,-13.4782,232.7742,232.0632,15,0.01814491,0.1215762,0.02010314,0.0868424,-1.623837,-0.2629536,0.004076721,0.1119675,0.02089532,0.008702077,-0.1455844,-0.2007597,3
2014-02-24 18:39:55.632,1117,111.7,43.60888,3.913527,19.82451,9.587236,291.563,9,5,1393263595,-0.9617767,0.1166382,-0.1301727,-7.846056,-11.26812,-14.61726,235.955,235.244,10,0.03107962,-0.02158226,-0.03585733,0.0869936,-1.623295,-0.2627214,0.01060235,-0.09796912,-0.01340685,-0.07482822,-0.1071368,-0.2795097,3
2014-02-24 18:39:55.742,1118,111.8,43.60888,3.913527,19.82451,9.587236,291.563,9,5,1393263595,-1.036194,0.1437531,-0.1975403,-8.394493,-12.02937,-12.68086,229.0595,228.3485,10,0.02591256,0.1088048,-0.02544837,0.08722374,-1.624559,-0.2629381,0.0168486,-0.031222,-0.03511428,0.002458522,-0.1432806,-0.182063,3
2014-02-24 18:39:55.849,1119,111.9,43.60888,3.913527,19.82451,9.587236,291.563,9,5,1393263595,-1.068893,0.1265106,-0.2036285,-8.504183,-11.81187,-12.68086,228.3009,227.5899,10,0.01812201,0.009525328,0.03996633,0.08740878,-1.623359,-0.2627831,0.01168156,0.09916504,-0.02470531,-0.009219454,-0.2016942,-0.1757197,3
2014-02-24 18:39:55.953,1120,112,43.60888,3.913527,19.82451,9.587236,291.563,9,5,1393263595,-1.028076,0.03224182,-0.1400452,-8.559026,-11.64875,-12.39609,226.793,226.082,10,0.02221476,-0.0338557,-0.002975816,0.08760878,-1.623116,-0.2625014,0.003891079,-0.0001143566,0.04070938,0.07477394,-0.2087158,-0.2349377,3
2014-02-24 18:39:56.060,1121,112.1,43.60888,3.913527,19.82451,9.587236,291.563,9,5,1393263595,-1.08165,0.1645203,-0.2255249,-8.33965,-11.64874,-13.19344,228.1019,227.3909,10,0.02506168,0.05974669,-0.06486342,0.0878576,-1.623759,-0.262029,0.00798389,-0.04349534,-0.002232767,0.02782073,-0.1722183,-0.2256308,3
2014-02-24 18:39:56.136,1122,112.2,43.60888,3.913527,19.82451,9.587236,291.563,9,5,1393263595,-1.051895,0.06178284,-0.1337128,-7.900899,-11.32249,-14.21859,229.9877,229.2767,10,0.03109107,-0.006877081,-0.03952025,0.08805937,-1.622772,-0.2617949,0.01083084,0.05010707,-0.06412037,-0.06345359,-0.2265729,-0.190227,3
2014-02-24 18:39:56.288,1123,112.3,43.60888,3.913527,19.82451,9.587236,291.563,9,5,1393263595,-0.9957123,-0.01847839,-0.1597748,-7.407308,-10.94187,-13.81992,230.3773,229.6664,10,0.02670298,-0.003961186,0.04604579,0.08831948,-1.622432,-0.261784,0.0168603,-0.01651666,-0.0387772,-0.1170074,-0.09428394,-0.2753789,3
2014-02-24 18:39:56.509,1124,112.4,43.60888,3.913527,19.82451,9.587236,291.563,9,5,1393263595,-0.9797058,0.04660034,-0.2146912,-7.352465,-10.56125,-13.87687,229.3203,228.6093,10,0.01697952,0.03207058,0.02565796,0.08857926,-1.623598,-0.262089,0.01247228,-0.01360072,0.04678883,-0.08739042,-0.1973159,-0.184688,3
2014-02-24 18:39:56.706,1125,112.5,43.60892,3.913378,17.46876,10.69954,290.5651,9,5,1393263596,-1.019592,0.05407715,-0.132309,-7.023399,-11.54,-13.19344,225.8518,225.1408,10,0.02985137,-0.05668805,-0.03083408,0.08926106,-1.623761,-0.2613781,0.01562081,-0.06632748,-0.03009105,-0.1205097,-0.1713455,-0.2400607,3
2014-02-24 18:39:56.901,1126,112.6,43.60892,3.913378,17.46876,10.69954,290.5651,9,5,1393263596,-0.9788513,0.07992554,-0.1554413,-7.462151,-11.86625,-13.19343,224.2871,223.5761,15,0.02806519,-0.06068332,0.03840065,0.08976998,-1.624216,-0.2610827,0.01383473,-0.07032268,0.03914368,0.02131252,-0.2241759,-0.2462714,3
2014-02-24 18:39:57.042,1127,112.7,43.60892,3.913378,17.46876,10.69954,290.5651,9,5,1393263596,-1.018173,0.1327057,-0.1543427,-8.504183,-11.92062,-13.4782,224.3075,223.5965,15,0.02097373,-0.02479882,-0.003076217,0.08995271,-1.624776,-0.2606274,0.006743323,-0.03443815,-0.002333193,-0.0140302,-0.1777613,-0.2075728,3
2014-02-24 18:39:57.160,1128,112.8,43.60892,3.913378,17.46876,10.69954,290.5651,9,5,1393263596,-1.05545,0.1043243,-0.1916199,-8.229961,-12.41,-13.76297,223.25,222.539,15,0.03237978,0.01684875,-0.05029726,0.09019279,-1.624608,-0.2602836,0.01814944,0.007209473,-0.04955424,-0.05325495,-0.124649,-0.2063168,3
2014-02-24 18:39:57.264,1129,112.9,43.60892,3.913378,17.46876,10.69954,290.5651,9,5,1393263596,-1.001724,0.07046509,-0.1556244,-7.846056,-12.35562,-14.27555,224.4784,223.7674,15,0.02366538,0.005560148,-0.03619342,0.09038653,-1.624103,-0.2600977,0.009435072,-0.004079115,-0.0354504,0.007152208,-0.2196384,-0.2073424,3
2014-02-24 18:39:57.464,1130,113,43.60892,3.913378,17.46876,10.69954,290.5651,9,5,1393263596,-1.035263,0.1389465,-0.1711578,-8.504183,-12.89937,-13.3643,224.3288,223.6178,15,0.02341505,-0.007779626,-0.003218696,0.0905996,-1.625079,-0.2601027,0.0091848,-0.01741884,-0.00247568,-0.06066408,-0.1542135,-0.2007618,3
2014-02-24 18:39:57.595,1131,113.1,43.60892,3.913378,17.46876,10.69954,290.5651,9,5,1393263596,-1.045532,0.08572388,-0.1143188,-7.900902,-12.30125,-13.76297,223.1447,222.4337,15,0.03293718,0.007326889,0.0342645,0.09089851,-1.625125,-0.2600495,0.018707,-0.002312284,0.03500751,-0.01008521,-0.2171046,-0.1949021,3
2014-02-24 18:39:57.698,1132,113.2,43.60894,3.913228,16.11514,11.1036,289.7228,9,5,1393263597,-1.045532,0.08572388,-0.1143188,-8.394493,-11.92062,-14.27554,223.1871,222.4761,15,0.01738884,0.09733055,-0.03480325,0.09116969,-1.625571,-0.2597904,0.01171785,-0.07180877,-0.003093806,0.06184193,-0.199505,-0.1956106,3
2014-02-24 18:39:57.783,1133,113.3,43.60894,3.913228,16.11514,11.1036,289.7228,9,5,1393263597,-0.9603729,0.0244751,-0.180191,-9.052617,-11.81187,-13.4782,221.7268,221.0158,15,0.03077309,0.01381062,-0.003358779,0.09134198,-1.62467,-0.2598013,0.002920595,0.08758671,-0.03413174,-0.08049332,-0.1711646,-0.1663593,3
2014-02-24 18:39:57.911,1134,113.4,43.60894,3.913228,16.11514,11.1036,289.7228,9,5,1393263597,-1.053482,0.1287689,-0.1176453,-9.271993,-11.92062,-12.56695,219.6166,218.9056,15,0.03412228,-0.002807504,0.04141322,0.09150098,-1.624179,-0.259902,0.01630491,0.004066828,-0.002687271,0.004665583,-0.2325108,-0.231756,3
2014-02-24 18:39:58.036,1135,113.5,43.60894,3.913228,16.11514,11.1036,289.7228,9,5,1393263597,-0.9700165,0.05259705,-0.1824646,-9.491368,-12.57312,-12.90867,218.9022,218.1912,15,0.0183593,0.08400942,-0.000643686,0.09182633,-1.625152,-0.2600278,0.01965416,-0.01255126,0.04208473,-0.0885265,-0.1283385,-0.1701483,3
2014-02-24 18:39:58.122,1136,113.6,43.60894,3.913228,16.11514,11.1036,289.7228,9,5,1393263597,-0.9470062,0.005340576,-0.1652679,-8.668713,-12.08375,-13.64906,218.9751,218.2641,15,0.02745772,-0.07375305,-0.03655615,0.09193395,-1.623719,-0.2596126,0.0038912,0.07426568,2.781806e-05,-0.003445791,-0.1889419,-0.2004933,3
2014-02-24 18:39:58.259,1137,113.7,43.60894,3.913228,16.11514,11.1036,289.7228,9,5,1393263597,-0.9436035,0.07124329,-0.1423035,-7.955746,-12.13812,-14.04773,222.5782,221.8672,15,0.02485661,0.05655116,-0.03902596,0.09209527,-1.623419,-0.2594908,0.01298969,-0.08349674,-0.03588464,-0.07642784,-0.1289181,-0.283442,3
2014-02-24 18:39:58.482,1138,113.8,43.60894,3.913228,16.11514,11.1036,289.7228,9,5,1393263597,-0.9913025,0.02592468,-0.2117462,-8.175121,-11.05062,-13.59211,223.5695,222.8585,15,0.01451689,0.1079012,0.01433606,0.09225256,-1.623945,-0.2597326,0.01038865,0.04680751,-0.03835446,-0.1050965,-0.09291226,-0.1899222,3
2014-02-24 18:39:58.617,1139,113.9,43.60897,3.913091,14.9097,10.94582,290.4002,9,5,1393263598,-0.9432831,0.05531311,-0.1372986,-7.73637,-11.70312,-13.4782,222.2914,221.5804,15,0.01953162,-0.04724288,0.02645664,0.09229244,-1.622711,-0.2596379,4.895306e-05,0.09815753,0.01500756,0.02157737,-0.1854873,-0.1924557,3
2014-02-24 18:39:58.801,1140,114,43.60897,3.913091,14.9097,10.94582,290.4002,9,5,1393263598,-1.023422,0.1105652,-0.1961823,-8.175117,-12.35562,-13.25039,220.8622,220.1512,15,0.01492862,0.05542438,-0.02855228,0.09250867,-1.623217,-0.2592997,0.0001802995,-0.00973618,-0.00509927,0.02195897,-0.2010906,-0.1879434,3
2014-02-24 18:39:58.999,1141,114.1,43.60897,3.913091,14.9097,10.94582,290.4002,9,5,1393263598,-1.024734,0.09039307,-0.2301636,-9.21715,-11.7575,-12.6239,218.2194,217.5084,15,0.0170208,0.03769092,0.01973775,0.09262767,-1.622183,-0.2595462,0.01005619,-0.03799279,-0.004728828,-0.05010433,-0.1922041,-0.2512276,3
2014-02-24 18:39:59.137,1142,114.2,43.60897,3.913091,14.9097,10.94582,290.4002,9,5,1393263598,-1.024734,0.09039307,-0.2301636,-7.846059,-10.94187,-13.4782,223.4234,222.7124,15,0.02447046,0.0535314,0.009096825,0.09301583,-1.621841,-0.2594878,0.009838738,0.04372746,0.009721478,0.001700634,-0.1782012,-0.2328468,3
2014-02-24 18:39:59.318,1143,114.3,43.60897,3.913091,14.9097,10.94582,290.4002,9,5,1393263598,-1.060989,0.07373047,-0.1612091,-7.846059,-10.83312,-13.4782,223.3739,222.6629,15,0.03123941,-0.003625361,-0.0583203,0.0934184,-1.622814,-0.2594158,0.01660779,-0.01342924,-0.05769565,-0.1480944,-0.08586163,-0.2167127,3
2014-02-24 18:39:59.557,1144,114.4,43.60899,3.912967,14.01606,10.37313,289.5193,9,5,1393263599,-1.000763,0.03338623,-0.1748505,-8.065434,-11.26812,-12.68086,223.2035,222.4925,15,0.0209178,0.05676368,-0.008564993,0.09356891,-1.622691,-0.25942,0.006286244,0.04695984,-0.007940346,-0.09575164,-0.1827895,-0.2113449,3
2014-02-24 18:39:59.667,1145,114.5,43.60899,3.912967,14.01606,10.37313,289.5193,9,5,1393263599,-0.9548798,0.09124756,-0.1718292,-8.559026,-12.845,-13.19343,218.7646,218.0536,15,0.02939011,-0.06869038,0.02793363,0.09374797,-1.623444,-0.2592319,0.01460233,-0.07853858,0.02854091,-0.04106927,-0.146185,-0.2507401,3
2014-02-24 18:39:59.750,1146,114.6,43.60899,3.912967,14.01606,10.37313,289.5193,9,5,1393263599,-0.9975891,0.02241516,-0.1640167,-8.668715,-11.43125,-12.85172,218.9627,218.2517,15,0.02352317,0.0136234,-0.01984987,0.09398185,-1.623768,-0.2588187,0.00873545,0.003775249,-0.0192426,-0.06470752,-0.08703926,-0.2039849,3
2014-02-24 18:39:59.879,1147,114.7,43.60899,3.912967,14.01606,10.37313,289.5193,9,5,1393263599,-0.9975891,0.02241516,-0.1640167,-8.28481,-11.48563,-13.13648,220.3684,219.6574,15,0.0285672,0.01467402,-0.03506238,0.09409798,-1.6235,-0.2584689,0.01021597,-0.03155234,-0.04469203,0.02024965,-0.1418158,-0.2481794,3
2014-02-24 18:39:59.979,1148,114.8,43.60899,3.912967,14.01606,10.37313,289.5193,9,5,1393263599,-0.9569855,0.07675171,-0.1132355,-6.913711,-11.64875,-14.3325,223.5088,222.7978,15,0.0285672,0.01467402,-0.03506238,0.09427315,-1.623784,-0.2583253,0.0137796,0.004825948,-0.03445511,-0.05173444,-0.113021,-0.2348603,3
2014-02-24 18:40:00.065,1149,114.9,43.60899,3.912967,14.01606,10.37313,289.5193,9,5,1393263599,-0.9569855,0.07675171,-0.1132355,-6.694338,-11.21375,-13.64906,223.3344,222.6234,15,0.01466763,0.07605642,0.0005712481,0.09447968,-1.624905,-0.25817,0.02074674,-0.07961461,0.02978326,0.01625558,-0.2409531,-0.2205634,3
2014-02-24 18:40:00.172,1150,115,43.60899,3.912967,14.01606,10.37313,289.5193,9,5,1393263599,-0.9214478,0.02482605,-0.1475372,-6.913716,-11.3225,-13.64906,222.6266,221.9156,15,0.02212528,-0.03037229,0.007547132,0.09466895,-1.624959,-0.2578994,-0.0001198724,0.06620841,0.001178514,0.008524426,-0.1782983,-0.1655817,3
2014-02-24 18:40:00.281,1151,115.1,43.60899,3.912967,14.01606,10.37313,289.5193,9,5,1393263599,-0.9485168,0.07806396,-0.181427,-6.420122,-11.70312,-13.02258,222.6109,221.8999,15,0.02984312,-0.02498258,-0.03466317,0.09476496,-1.624315,-0.2576761,0.007337847,-0.04022025,0.008154396,0.006966847,-0.1667298,-0.2537996,3
2014-02-24 18:40:00.533,1152,115.2,43.60899,3.912967,14.01606,10.37313,289.5193,9,5,1393263599,-1.036652,0.11203,-0.1729431,-7.955746,-11.92062,-14.95898,222.3572,221.6462,15,0.01106197,0.05103895,-0.006257629,0.0949783,-1.624805,-0.2576848,0.01505571,-0.03483052,-0.03405591,-0.04233144,-0.2153527,-0.2320706,3
2014-02-24 18:40:00.658,1153,115.3,43.60902,3.912849,12.69531,10.08322,290.0317,9,5,1393263600,-1.036652,0.11203,-0.1729431,-8.339653,-11.3225,-14.3325,224.1963,223.4853,15,0.01817954,0.01739337,0.0316783,0.09502965,-1.624661,-0.2579737,0.003392272,0.007545522,0.03228556,0.01119136,-0.1956889,-0.2060793,3
2014-02-24 18:40:00.790,1154,115.4,43.60902,3.912849,12.69531,10.08322,290.0317,9,5,1393263600,-1.080582,0.09225464,-0.1459808,-7.846062,-11.81187,-15.18679,225.7528,225.0418,15,0.01951298,-0.01439465,0.02378949,0.09514149,-1.624897,-0.2580775,0.004725772,-0.02424246,0.02439674,0.03919829,-0.1973303,-0.1933049,3
2014-02-24 18:40:01.009,1155,115.5,43.60902,3.912849,12.69531,10.08322,290.0317,9,5,1393263600,-1.106995,0.1077576,-0.1512756,-7.900899,-11.86625,-13.42125,222.3358,221.6248,15,0.01977077,0.03403147,-0.0153928,0.09511179,-1.623504,-0.2581246,0.004983676,0.02418373,-0.01478555,-0.07736479,-0.1253544,-0.2523542,3
2014-02-24 18:40:01.185,1156,115.6,43.60902,3.912849,12.69531,10.08322,290.0317,9,5,1393263600,-0.9620819,0.0115509,-0.1820526,-8.33965,-12.1925,-14.3325,222.1588,221.4478,15,0.008293084,0.05471677,0.03121917,0.09508308,-1.623093,-0.258176,-0.006493919,0.0448691,0.03182642,0.0123494,-0.1521222,-0.2185398,3
2014-02-24 18:40:01.312,1157,115.7,43.60902,3.912849,12.69531,10.08322,290.0317,9,5,1393263600,-1.073105,0.0809021,-0.1740875,-8.010589,-12.08375,-13.87687,222.1529,221.4419,15,0.01727912,-0.03840891,-0.0006325007,0.0950212,-1.62282,-0.2582966,0.002492175,-0.04825655,-2.525703e-05,-0.06335118,-0.1170063,-0.2740301,3
2014-02-24 18:40:01.543,1158,115.8,43.60902,3.912849,12.69531,10.08322,290.0317,9,5,1393263600,-1.073105,0.0809021,-0.1740875,-6.091061,-11.26812,-12.90867,223.1743,222.4633,15,0.01096503,0.06924645,0.002948386,0.09500095,-1.62324,-0.2588096,3.01509e-05,0.01059244,-0.008834996,-0.1371575,-0.1223392,-0.2060082,3
2014-02-24 18:40:01.688,1159,115.9,43.60905,3.912737,12.13255,9.409059,289.3501,9,5,1393263601,-0.9704437,0.0696106,-0.1757507,-5.432934,-10.18062,-12.45304,224.8674,224.1564,15,0.004599546,0.007144196,0.03868667,0.09489431,-1.622514,-0.2589722,-0.003821803,0.05939889,0.003555625,-0.1077436,-0.175185,-0.2240583,3
2014-02-24 18:40:01.788,1160,116,43.60905,3.912737,12.13255,9.409059,289.3501,9,5,1393263601,-0.9539642,0.05126953,-0.1763916,-4.171526,-11.64875,-11.37094,219.8713,219.1603,15,0.01722666,-0.0259051,0.003937217,0.09480682,-1.62257,-0.2590342,-0.01018724,-0.002703332,0.03929391,-0.005101167,-0.1865365,-0.2257748,3
2014-02-24 18:40:01.866,1161,116.1,43.60905,3.912737,12.13255,9.409059,289.3501,9,5,1393263601,-0.99823,0.14505,-0.1756592,-4.555431,-10.61562,-11.42789,221.0496,220.3386,15,0.01388146,0.02806679,-0.04706498,0.09483299,-1.622708,-0.2589892,0.002439944,-0.03575258,0.004544451,0.01138294,-0.204834,-0.2265494,3
2014-02-24 18:40:01.994,1162,116.2,43.60905,3.912737,12.13255,9.409059,289.3501,9,5,1393263601,-1.058441,0.1375732,-0.1548462,-4.226372,-9.745622,-11.6557,222.9347,222.2237,15,0.01855637,0.003440804,-0.01275974,0.09472143,-1.622884,-0.2589536,0.003769757,-0.006406614,-0.01215251,-0.01094042,-0.1982231,-0.2172747,3
2014-02-24 18:40:02.095,1163,116.3,43.60905,3.912737,12.13255,9.409059,289.3501,9,5,1393263601,-1.094421,0.136261,-0.1727905,-3.458559,-9.745622,-11.99742,224.1045,223.3935,15,0.004849084,0.07935235,-0.003074353,0.09472143,-1.622884,-0.2589536,0.003769757,-0.006406614,-0.01215251,-0.01094042,-0.1982231,-0.2172747,3
2014-02-24 18:40:02.164,1164,116.4,43.60905,3.912737,12.13255,9.409059,289.3501,9,5,1393263601,-1.094421,0.136261,-0.1727905,-3.019808,-10.28937,-11.76961,222.7676,222.0566,15,0.01357946,-0.07239085,0.005528989,0.09468086,-1.622297,-0.2583295,-0.001207035,-0.08223817,0.006136214,0.01418123,-0.2301973,-0.2298539,3
2014-02-24 18:40:02.284,1165,116.5,43.60905,3.912737,12.13255,9.409059,289.3501,9,5,1393263601,-1.041595,0.05541992,-0.150116,-2.197151,-9.691249,-11.37094,224.1016,223.3906,15,0.01994122,-0.006888799,-0.03024232,0.09464458,-1.62274,-0.2584368,0.005154767,-0.01673611,-0.0296351,-0.1289347,-0.1193086,-0.2229868,3
2014-02-24 18:40:02.477,1166,116.6,43.60905,3.912737,12.13255,9.409059,289.3501,9,5,1393263601,-0.9389801,0.05393982,-0.1743011,-2.197155,-10.12625,-10.34578,219.6902,218.9792,15,0.003602458,0.06011314,0.001793905,0.09446289,-1.622514,-0.2586708,-0.01118394,0.05026587,0.002401126,-0.07615718,-0.2003759,-0.2000903,3
2014-02-24 18:40:02.584,1167,116.7,43.60905,3.912737,12.13255,9.409059,289.3501,9,5,1393263601,-1.045227,0.0776062,-0.1298523,-1.59387,-9.419372,-11.54179,224.5059,223.7949,15,0.003331614,-0.009809487,0.04587854,0.09433635,-1.622912,-0.2587939,-0.01145471,-0.01965671,0.04648576,0.02640674,-0.201975,-0.2246584,3
2014-02-24 18:40:02.682,1168,116.8,43.60905,3.912737,12.13255,9.409059,289.3501,9,5,1393263601,-0.9252777,0.0266571,-0.1827087,-1.155123,-8.98437,-10.74446,224.2026,223.4916,15,0.01105665,-0.05989715,0.01124813,0.09431052,-1.623834,-0.2587424,-0.003729654,-0.06974436,0.01185534,-0.1163576,-0.1478785,-0.2324615,3
2014-02-24 18:40:02.782,1169,116.9,43.60905,3.912737,12.13255,9.409059,289.3501,9,5,1393263601,-0.9081573,0.07015991,-0.1828308,-0.2776203,-8.98437,-10.85836,224.2882,223.5772,15,0.007702128,0.05181846,-0.04735607,0.09421403,-1.623292,-0.2586502,-0.007084103,0.0419713,-0.04674885,-0.02431122,-0.132851,-0.2241577,3
2014-02-24 18:40:02.886,1170,117,43.60908,3.912625,11.36966,9.097609,290.5069,9,5,1393263602,-0.9081573,0.07015991,-0.1828308,1.587069,-9.310618,-8.808044,223.7345,223.0235,15,0.004638428,-0.03477955,0.04026913,0.09413073,-1.62314,-0.2588308,0.001326761,-0.01323466,-0.01328251,-0.1375394,-0.1317744,-0.266306,3
2014-02-24 18:40:03.094,1171,117.1,43.60908,3.912625,11.36966,9.097609,290.5069,9,5,1393263602,-0.9198761,0.06324768,-0.2102356,0.8192577,-7.896874,-9.605385,222.6576,221.9466,15,0.01388785,0.01447588,-0.04575923,0.09403895,-1.624465,-0.2584134,-0.008737761,0.01407426,0.009816152,-0.02775942,-0.1233143,-0.1922424,3
2014-02-24 18:40:03.171,1172,117.2,43.60908,3.912625,11.36966,9.097609,290.5069,9,5,1393263602,-1.003281,0.09541321,-0.1577911,1.641914,-8.277497,-10.11796,222.7827,222.0717,15,0.008733837,-0.01476856,-0.01267638,0.09394658,-1.623485,-0.258153,-0.0008981447,0.004628873,-0.04515203,0.04564532,-0.1920475,-0.2611549,3
2014-02-24 18:40:03.289,1173,117.3,43.60908,3.912625,11.36966,9.097609,290.5069,9,5,1393263602,-1.032166,0.1309814,-0.1583862,1.806446,-7.896876,-9.833199,222.9213,222.2103,15,0.01318611,0.08761267,0.02977201,0.09388499,-1.624384,-0.2581974,-0.006052133,-0.02461555,-0.01206918,-0.03032466,-0.1751837,-0.2269271,3
2014-02-24 18:40:03.556,1174,117.4,43.60908,3.912625,11.36966,9.097609,290.5069,9,5,1393263602,-1.014374,0.06739807,-0.2035522,2.574253,-7.679368,-10.40274,223.7391,223.0281,15,0.01108275,7.669904e-05,-0.001067395,0.09390688,-1.624211,-0.2582148,-0.001599791,0.07776573,0.03037921,0.02677824,-0.2290183,-0.1798697,3
2014-02-24 18:40:03.665,1175,117.5,43.60911,3.912508,11.80665,8.646622,292.1333,9,5,1393263603,-0.9668274,0.1167755,-0.1273041,3.23238,-7.461869,-10.40273,225.1635,224.4525,20,0.01496457,-0.04989113,-0.0169662,0.09384682,-1.623097,-0.2579113,-0.003703087,-0.009770196,-0.0004601971,-0.004154388,-0.2037309,-0.2680923,3
2014-02-24 18:40:03.763,1176,117.6,43.60911,3.912508,11.80665,8.646622,292.1333,9,5,1393263603,-1.025635,0.06982422,-0.182251,4.822849,-7.624995,-10.11797,225.8114,225.1004,20,0.0135238,0.0748303,-0.009985522,0.09378412,-1.62386,-0.2578778,0.0001787916,-0.05973798,-0.016359,-0.03976818,-0.1458524,-0.2462615,3
2014-02-24 18:40:04.050,1177,117.7,43.60911,3.912508,11.80665,8.646622,292.1333,9,5,1393263603,-0.9656525,0.04627991,-0.213562,4.384098,-6.754998,-11.71265,230.7153,230.0043,20,0.00598865,0.08397879,0.007449394,0.09373254,-1.624006,-0.2581012,-0.001541304,0.06489965,-0.009444525,-0.001319419,-0.1384696,-0.1787266,3
2014-02-24 18:40:04.151,1178,117.8,43.60911,3.912508,11.80665,8.646622,292.1333,9,5,1393263603,-1.001053,0.08444214,-0.1528015,5.70035,-6.42875,-12.39609,237.3554,236.6444,20,0.02097666,-0.1017815,0.008233163,0.09365201,-1.622781,-0.257942,-0.009076382,0.07404818,0.00799039,-0.06002396,-0.1852669,-0.232493,3
2014-02-24 18:40:04.239,1179,117.9,43.60911,3.912508,11.80665,8.646622,292.1333,9,5,1393263603,-1.051865,0.08418274,-0.2070465,5.206755,-6.918126,-13.13649,237.0153,236.3043,20,0.01365616,0.0588524,-0.0239056,0.09371321,-1.623096,-0.2578231,0.005911679,-0.1117121,0.008774157,-2.726676e-05,-0.2086962,-0.2641104,3
2014-02-24 18:40:04.403,1180,118,43.60911,3.912508,11.80665,8.646622,292.1333,9,5,1393263603,-1.051865,0.08418274,-0.2070465,5.535816,-6.265624,-12.56695,238.7727,238.0617,20,0.0147627,0.07596374,-0.01115758,0.09356916,-1.622656,-0.2577441,-0.0003021776,0.06603324,-0.01061659,-0.05279569,-0.1961077,-0.2175743,3
2014-02-24 18:40:04.567,1181,118.1,43.60911,3.912508,11.80665,8.646622,292.1333,9,5,1393263603,-0.9889679,0.09094238,-0.1790466,5.919725,-6.211247,-14.3325,241.1763,240.4653,20,0.01962776,-0.02356365,0.01097595,0.09358986,-1.622528,-0.2576949,0.004562955,-0.03349411,0.01151694,-0.09775966,-0.149414,-0.2495251,3
2014-02-24 18:40:04.666,1182,118.2,43.60911,3.912508,11.80665,8.646622,292.1333,9,5,1393263603,-1.053497,0.1434174,-0.1626282,6.687538,-5.449998,-13.99078,243.5873,242.8763,20,0.009883789,-0.05203817,0.002948652,0.09364323,-1.623447,-0.2576197,-0.005180991,-0.06196861,0.003489639,-0.02330872,-0.1638372,-0.2299362,3
2014-02-24 18:40:04.764,1183,118.3,43.60916,3.912428,13.95781,8.13721,307.9205,9,5,1393263604,-1.008072,0.08944702,-0.1695099,7.126286,-5.123748,-13.99078,244.8526,244.1416,20,0.01135545,0.08471409,-0.04764209,0.09361059,-1.62237,-0.2572624,-0.003709258,0.07478369,-0.0471011,-0.08769302,-0.1110167,-0.2124819,3
2014-02-24 18:40:04.863,1184,118.4,43.60916,3.912428,13.95781,8.13721,307.9205,9,5,1393263604,-0.9683228,0.06651306,-0.1825409,7.016596,-5.341249,-13.76297,244.2394,243.5284,20,0.02585343,0.003581952,-0.002133192,0.09369729,-1.62282,-0.2572718,0.01062776,-0.006389592,-0.001623041,-0.04229258,-0.1649961,-0.219799,3
2014-02-24 18:40:04.962,1185,118.5,43.60916,3.912428,13.95781,8.13721,307.9205,9,5,1393263604,-0.996109,0.0912323,-0.1635284,5.371284,-4.906249,-14.21859,244.476,243.765,20,0.01240341,-0.02037878,-0.009066998,0.09374623,-1.622899,-0.256914,-0.002822241,-0.0303503,-0.008556848,-0.05276475,-0.1424485,-0.2172554,3
2014-02-24 18:40:05.077,1186,118.6,43.60916,3.912428,13.95781,8.13721,307.9205,9,5,1393263604,-0.9545593,0.07821655,-0.1766052,3.342066,-4.743119,-14.95898,243.4013,242.6903,20,0.01366441,0.002241583,-0.01631453,0.09372335,-1.622911,-0.2566604,-0.001561163,-0.007729896,-0.01580438,-0.06008632,-0.1699895,-0.2210395,3
2014-02-24 18:40:05.178,1187,118.7,43.60916,3.912428,13.95781,8.13721,307.9205,9,5,1393263604,-1.013992,0.09529114,-0.205719,3.12269,-3.655623,-16.21196,243.3216,242.6106,20,0.01233124,0.03402987,-0.008425709,0.09370191,-1.622838,-0.2564773,-0.002894271,0.02405844,-0.007915564,-0.06282859,-0.1816837,-0.2160275,3
2014-02-24 18:40:05.256,1188,118.8,43.60916,3.912428,13.95781,8.13721,307.9205,9,5,1393263604,-1.013992,0.09529114,-0.205719,2.848473,-2.839995,-15.69938,244.0524,243.3414,20,0.01235973,-0.08146717,0.005605688,0.09365705,-1.622645,-0.256286,-0.003001273,0.03435159,0.003713926,-0.05831486,-0.2015487,-0.2156446,3
2014-02-24 18:40:05.449,1189,118.9,43.60916,3.912428,13.95781,8.13721,307.9205,9,5,1393263604,-1.013596,0.05200195,-0.1234589,4.055037,-1.861251,-17.63578,247.0972,246.3862,20,0.009856359,0.08723104,-0.01483407,0.09364796,-1.622996,-0.2561023,-0.002865675,-0.09143852,0.00611583,-0.04792532,-0.1580208,-0.2561931,3
2014-02-24 18:40:05.579,1190,119,43.60916,3.912428,13.95781,8.13721,307.9205,9,5,1393263604,-1.020187,0.05563354,-0.1937866,3.725971,-2.187495,-17.40797,248.6301,247.9191,20,0.01719177,-0.04511608,0.01116291,0.09358037,-1.622743,-0.2560842,-0.005368976,0.07725972,-0.01432393,-0.04751128,-0.2012924,-0.1736893,3
2014-02-24 18:40:05.679,1191,119.1,43.60921,3.912378,17.89915,7.793808,321.2554,9,5,1393263605,-1.031906,0.06925964,-0.1403656,3.671131,-2.459371,-16.21195,253.8338,253.1228,20,0.009613479,0.009356217,0.02698208,0.09360343,-1.62289,-0.2560482,0.001966491,-0.05508736,0.01167304,-0.05410134,-0.197626,-0.2441588,3
2014-02-24 18:40:05.785,1192,119.2,43.60921,3.912378,17.89915,7.793808,321.2554,9,5,1393263605,-0.9740143,0.05558777,-0.1952057,2.135502,-2.568123,-16.78148,253.9358,253.2248,20,0.01854306,-0.01805517,-0.007857657,0.09365273,-1.623898,-0.2562464,-0.005782016,-0.0006382917,0.02746347,0.009868878,-0.2039366,-0.2014291,3
2014-02-24 18:40:05.870,1193,119.3,43.60921,3.912378,17.89915,7.793808,321.2554,9,5,1393263605,-0.9802246,0.05883789,-0.1787109,3.067844,-1.861247,-17.29406,255.567,254.856,20,0.01605194,0.03289749,-0.0118982,0.09363405,-1.623233,-0.2561447,0.00314762,-0.02804964,-0.007376273,-0.02850833,-0.1773641,-0.2472509,3
2014-02-24 18:40:05.996,1194,119.4,43.60921,3.912378,17.89915,7.793808,321.2554,9,5,1393263605,-0.9985962,0.07122803,-0.177063,2.629099,-2.296245,-17.29406,254.7521,254.0411,20,0.009857691,-0.02937174,0.002727343,0.09385824,-1.624059,-0.2562633,0.008019707,-0.01777403,-0.002737316,-0.01425255,-0.1946298,-0.2302095,3
2014-02-24 18:40:06.130,1195,119.5,43.60921,3.912378,17.89915,7.793808,321.2554,9,5,1393263605,-0.9524689,0.07516479,-0.1804657,3.506599,-3.057497,-18.20531,254.5103,253.7993,20,0.01844745,0.02392424,-0.00240297,0.09386643,-1.623972,-0.2561187,-0.003015489,0.01493207,-0.01254734,-0.03258306,-0.1820997,-0.2284797,3
2014-02-24 18:40:06.233,1196,119.6,43.60921,3.912378,17.89915,7.793808,321.2554,9,5,1393263605,-0.9524689,0.07516479,-0.1804657,3.945347,-2.078746,-18.20531,254.8805,254.1695,20,0.01595819,0.02393276,0.001092162,0.09398301,-1.623688,-0.2560391,0.0005631008,0.01393851,0.001573535,0.006132671,-0.1628883,-0.2210802,3
2014-02-24 18:40:06.502,1197,119.7,43.60921,3.912378,17.89915,7.793808,321.2554,9,5,1393263605,-0.9788513,0.04672241,-0.1941986,5.755196,-1.698122,-16.66758,255.8092,255.0983,20,0.01101377,0.09297202,-0.006667224,0.09404929,-1.623535,-0.2563189,-0.004545388,0.08294232,-0.00618397,-0.03573943,-0.1420712,-0.1942724,3
2014-02-24 18:40:06.698,1198,119.8,43.60926,3.912323,20.09188,8.056594,324.2265,9,5,1393263606,-1.037491,0.1050262,-0.1767731,6.303629,-0.8281202,-16.55367,257.0246,256.3136,20,0.01485058,0.04078392,-0.01667911,0.09411477,-1.622633,-0.2561809,-0.0007084706,0.03075429,-0.01619586,-0.03710845,-0.153214,-0.2391482,3
2014-02-24 18:40:06.800,1199,119.9,43.60926,3.912323,20.09188,8.056594,324.2265,9,5,1393263606,-1.001343,0.0934906,-0.1421509,6.303629,-1.371871,-17.69273,257.2893,256.5783,20,0.01599441,0.01710495,-0.002359827,0.09413429,-1.622811,-0.2563853,0.0004354298,0.007075369,-0.001876579,-0.07148615,-0.1485595,-0.2270645,3
2014-02-24 18:40:06.880,1200,120,43.60926,3.912323,20.09188,8.056594,324.2265,9,5,1393263606,-0.996994,0.09500122,-0.1947784,6.797224,-1.752498,-16.49672,259.0583,258.3473,20,0.01590626,0.05228451,0.003161439,0.09422611,-1.622919,-0.2563802,0.0003473072,0.04225494,0.003644686,-0.03737164,-0.1921946,-0.226467,3
2014-02-24 18:40:06.970,1201,120.1,43.60926,3.912323,20.09188,8.056594,324.2265,9,5,1393263606,-1.028473,0.05606079,-0.1597443,6.029411,-1.42625,-15.47156,259.6422,258.9312,20,0.02091407,0.002429069,0.0001768339,0.09435293,-1.621599,-0.2562592,0.005355189,-0.007600448,0.0006600791,-0.08210566,-0.1631774,-0.2278792,3
2014-02-24 18:40:07.203,1202,120.2,43.60926,3.912323,20.09188,8.056594,324.2265,9,5,1393263606,-1.028473,0.05606079,-0.1597443,-4.57729,3.044674,-12.34007,266.8389,266.1279,25,0.02093617,0.01599148,-0.004647749,0.0945465,-1.622202,-0.2563471,0.01030288,-0.005323398,-0.002833991,-0.0582472,-0.1567623,-0.2213806,3
2014-02-24 18:40:07.499,1203,120.3,43.60926,3.912323,20.09188,8.056594,324.2265,9,5,1393263606,-1.022751,0.07962036,-0.1949615,-2.768787,3.207796,-12.96646,271.6137,270.9027,25,0.02963912,-0.004406466,-0.01257678,0.09497786,-1.621591,-0.2560759,0.01395099,0.01269865,-0.01704693,-0.05691241,-0.1636105,-0.2334284,3
2014-02-24 18:40:07.611,1204,120.4,43.60932,3.912296,22.07047,6.736094,341.4914,9,5,1393263607,-1.002899,0.08137512,-0.1674347,-2.659184,3.534037,-11.37198,275.2812,274.5702,25,0.02352663,0.02720472,-0.02232874,0.09522153,-1.621641,-0.2558715,0.01394413,-0.01446422,-0.01208946,-0.05655799,-0.1734683,-0.2441296,3
2014-02-24 18:40:07.777,1205,120.5,43.60932,3.912296,22.07047,6.736094,341.4914,9,5,1393263607,-1.039871,0.07518005,-0.172699,-3.281002,5.239964,-11.02476,276.6683,275.9573,25,0.03328525,-0.01452168,-0.005404353,0.09565751,-1.621323,-0.2552257,0.01394078,-0.003140121,-0.0133731,-0.01743893,-0.1637339,-0.243449,3
2014-02-24 18:40:07.885,1206,120.6,43.60932,3.912296,22.07047,6.736094,341.4914,9,5,1393263607,-0.9936371,0.06533813,-0.1476898,-2.623386,6.327447,-12.61924,278.3685,277.6575,25,0.01979501,0.004574512,-0.01393206,0.09595244,-1.621575,-0.2550592,0.01759043,-0.02457933,-0.004917036,-0.01003934,-0.1835618,-0.2278565,3
2014-02-24 18:40:08.071,1207,120.7,43.60932,3.912296,22.07047,6.736094,341.4914,9,5,1393263607,-1.000427,0.05647278,-0.154541,-3.60981,6.871191,-13.18869,280.1338,279.4228,25,0.02712243,-0.03833221,-0.0005387575,0.09623886,-1.621284,-0.2546289,0.004200989,0.03064406,-0.03139286,-0.02133031,-0.1620426,-0.2405503,3
2014-02-24 18:40:08.194,1208,120.8,43.60932,3.912296,22.07047,6.736094,341.4914,9,5,1393263607,-0.9848785,0.05273438,-0.210907,-3.500208,8.284913,-13.41648,283.2461,282.5351,25,0.02950889,0.0262862,-0.001146491,0.09647677,-1.621826,-0.2545057,0.01129064,-0.04841316,-4.229148e-05,-0.02927574,-0.2067383,-0.2545032,3
2014-02-24 18:40:08.311,1209,120.9,43.60932,3.912296,22.07047,6.736094,341.4914,9,5,1393263607,-1.038788,0.06826782,-0.1599579,-3.006998,8.774282,-14.49844,288.5768,287.8658,25,0.01605753,0.003458647,-0.008091482,0.09669442,-1.622082,-0.2544935,0.01367718,0.0162053,-0.0006500271,-0.03390876,-0.1952825,-0.2041527,3
2014-02-24 18:40:08.535,1210,121,43.60932,3.912296,22.07047,6.736094,341.4914,9,5,1393263607,-0.9888611,0.07328796,-0.1379547,-4.596233,8.502412,-13.98594,290.7552,290.0442,25,0.02579564,-0.03711568,0.01116743,0.09690525,-1.621422,-0.2543789,0.0002258759,-0.006622215,-0.00759502,-0.01829872,-0.1989099,-0.2598825,3
2014-02-24 18:40:08.645,1211,121.1,43.60939,3.9123,22.5968,7.473415,358.818,9,5,1393263608,-0.9888611,0.07328796,-0.1379547,-5.154226,9.375861,-13.71928,293.5371,292.8261,25,0.01959794,0.002502839,0.01072109,0.09725883,-1.623008,-0.2546446,0.003766385,-0.007577958,0.01121755,-0.03507653,-0.192377,-0.2021622,3
2014-02-24 18:40:08.721,1212,121.2,43.60939,3.9123,22.5968,7.473415,358.818,9,5,1393263608,-0.9986115,0.06930542,-0.1692505,-5.866632,9.865219,-14.1179,294.2733,293.5623,25,0.01979421,0.01363166,-0.01519333,0.09725883,-1.623008,-0.2546446,0.003766385,-0.007577958,0.01121755,-0.03507653,-0.192377,-0.2021622,3
2014-02-24 18:40:08.882,1213,121.3,43.60939,3.9123,22.5968,7.473415,358.818,9,5,1393263608,-1.023895,0.08468628,-0.1901245,-6.743435,10.19146,-15.48459,294.2808,293.5698,25,0.0221575,0.01601039,-0.003463175,0.09764676,-1.622873,-0.2546544,0.006326125,0.005929708,-0.002966722,-0.032173,-0.1826055,-0.2196251,3
2014-02-24 18:40:09.086,1214,121.4,43.60939,3.9123,22.5968,7.473415,358.818,9,5,1393263608,-1.030762,0.07199097,-0.1725769,-8.460512,11.38429,-18.43801,294.1542,293.4432,25,0.01855424,0.01363139,-0.0140322,0.09807752,-1.622457,-0.2542653,0.002598753,0.003534925,-0.01352246,-0.05971847,-0.1557244,-0.2236374,3
2014-02-24 18:40:09.186,1215,121.5,43.60939,3.9123,22.5968,7.473415,358.818,9,5,1393263608,-0.9971924,0.09619141,-0.1694336,-7.542801,10.05035,-18.87632,293.9873,293.2763,25,0.02836346,-0.01456003,-0.005451224,0.09818751,-1.622852,-0.2542318,0.01240803,-0.02465646,-0.004941493,-0.07215054,-0.1784734,-0.239599,3
2014-02-24 18:40:09.285,1216,121.6,43.60939,3.9123,22.5968,7.473415,358.818,9,5,1393263608,-0.9971924,0.09619141,-0.1694336,-7.652405,9.506635,-18.42077,293.6465,292.9355,25,0.0270982,-0.008874984,-0.001999768,0.09829632,-1.623185,-0.254121,0.003792783,0.01037268,-0.01005849,-0.04861049,-0.167563,-0.1929098,3
2014-02-24 18:40:09.483,1217,121.7,43.60939,3.9123,22.5968,7.473415,358.818,9,5,1393263608,-0.9937744,0.07232666,-0.1487274,-7.635872,9.683848,-18.74996,293.4195,292.7085,25,0.0270982,-0.008874984,-0.001999768,0.09841269,-1.622946,-0.2539723,0.01114287,-0.01897135,-0.00149004,-0.03058623,-0.1550594,-0.2198874,3
2014-02-24 18:40:09.577,1218,121.8,43.60945,3.912306,23.22679,6.430611,0.9866487,9,5,1393263609,-0.9937744,0.07232666,-0.1487274,-9.553888,10.17319,-18.92078,293.4062,292.6952,25,0.01851296,0.008011055,-0.008112521,0.09847904,-1.622683,-0.253864,-0.002390174,0.02054336,-0.007870976,-0.05610429,-0.1832291,-0.2080225,3
2014-02-24 18:40:09.652,1219,121.9,43.60945,3.912306,23.22679,6.430611,0.9866487,9,5,1393263609,-0.9905396,0.07102966,-0.1799011,-9.17028,9.901339,-18.29441,293.472,292.761,25,0.02346431,0.006888533,-0.0115733,0.09854259,-1.623006,-0.2537175,0.002557787,-0.002085212,-0.007602797,-0.02710742,-0.1786775,-0.1992431,3
2014-02-24 18:40:09.748,1220,122,43.60945,3.912306,23.22679,6.430611,0.9866487,9,5,1393263609,-1.001373,0.05644226,-0.1623383,-8.500347,9.871603,-18.00051,293.5878,292.8768,25,0.02337243,0.01263856,-0.001072189,0.09870105,-1.622451,-0.2535518,0.007509165,-0.003207716,-0.01106358,-0.06150759,-0.1628006,-0.202172,3
2014-02-24 18:40:09.897,1221,122.1,43.60945,3.912306,23.22679,6.430611,0.9866487,9,5,1393263609,-0.9981537,0.04931641,-0.1700745,-9.322351,10.7959,-19.65181,295.2168,294.5058,25,0.01475445,0.01710469,-0.001198423,0.09882178,-1.62252,-0.2536252,0.007417361,0.002542362,-0.0005624686,-0.0602935,-0.1690057,-0.2168105,3
2014-02-24 18:40:09.970,1222,122.2,43.60945,3.912306,23.22679,6.430611,0.9866487,9,5,1393263609,-1.031357,0.05406189,-0.1705017,-9.596352,10.95901,-19.93652,295.8351,295.1241,25,0.0171441,0.004740959,0.009502691,0.09889065,-1.622535,-0.253673,-0.001200553,0.007008531,-0.0006887048,-0.06442608,-0.2117918,-0.2087368,3
2014-02-24 18:40:10.071,1223,122.3,43.60945,3.912306,23.22679,6.430611,0.9866487,9,5,1393263609,-0.9961548,0.08737183,-0.1449738,-7.948088,10.49222,-20.85502,293.6053,292.8943,25,0.02450801,-0.01216399,0.01443087,0.09895667,-1.62257,-0.253863,0.00118916,-0.005355157,0.01001241,-0.02928873,-0.1678778,-0.2116218,3
2014-02-24 18:40:10.167,1224,122.4,43.60945,3.912306,23.22679,6.430611,0.9866487,9,5,1393263609,-1.044601,0.05256653,-0.1423492,-8.002888,10.65533,-20.57031,294.5446,293.8336,25,0.02576129,0.03423733,0.004605138,0.09913156,-1.62254,-0.2541139,0.008553112,-0.02226008,0.01494059,-0.06476581,-0.197326,-0.2205614,3
2014-02-24 18:40:10.271,1225,122.5,43.60945,3.912306,23.22679,6.430611,0.9866487,9,5,1393263609,-0.9771118,0.0869751,-0.1408539,-9.258869,8.821541,-20.49594,292.5451,291.8341,25,0.02589072,-0.03720836,-0.0005613944,0.09930447,-1.622901,-0.2543083,0.009806454,0.02414128,0.005114851,-0.02963076,-0.1642042,-0.19538,3
2014-02-24 18:40:10.487,1226,122.6,43.60945,3.912306,23.22679,6.430611,0.9866487,9,5,1393263609,-1.012009,0.07286072,-0.1304169,-9.971256,9.854558,-20.09736,294.3439,293.6329,25,0.01835291,0.007035805,0.01183828,0.09976462,-1.623428,-0.2546097,0.002227483,-0.003096421,0.01237293,-0.003869527,-0.2048554,-0.1777421,3
2014-02-24 18:40:10.609,1227,122.7,43.60953,3.912321,23.60152,7.606888,4.255524,9,10,1393263610,-0.9790802,0.08602905,-0.1408691,-10.84804,9.637082,-20.32512,294.4095,293.6985,25,0.02828543,-0.0292005,0.006421681,0.0999551,-1.623322,-0.254555,0.01216007,-0.03933268,0.006956324,-0.004735431,-0.2000264,-0.208876,3
2014-02-24 18:40:10.770,1228,122.8,43.60953,3.912321,23.60152,7.606888,4.255524,9,10,1393263610,-0.9566803,0.06277466,-0.1121521,-10.90284,8.495328,-19.92655,294.3328,293.6218,25,0.02086347,0.02964711,0.002256763,0.100327,-1.623984,-0.2546069,0.004738209,0.01951499,0.002791404,0.02866494,-0.1815831,-0.1722068,3
2014-02-24 18:40:10.863,1229,122.9,43.60953,3.912321,23.60152,7.606888,4.255524,9,10,1393263610,-0.9832153,0.0881958,-0.1292114,-10.68365,8.38659,-20.49594,294.3026,293.5916,25,0.02835121,-0.077943,0.005724997,0.1005956,-1.624613,-0.2545536,0.01222603,-0.08807508,0.006259636,0.009694382,-0.1890387,-0.1642097,3
2014-02-24 18:40:10.966,1230,123,43.60953,3.912321,23.60152,7.606888,4.255524,9,10,1393263610,-1.025421,0.08131409,-0.1052704,-9.532864,7.67979,-21.23614,291.6477,290.9367,25,0.0246361,0.04997369,-0.01080924,0.1007957,-1.62431,-0.2545306,0.008510949,0.03984163,-0.0102746,-0.04916778,-0.1675474,-0.1384196,3
2014-02-24 18:40:11.095,1231,123.1,43.60953,3.912321,23.60152,7.606888,4.255524,9,10,1393263610,-0.994339,0.08070374,-0.09613037,-10.02606,8.277849,-21.52084,292.8045,292.0935,25,0.02586675,-0.03265675,0.001739577,0.1009225,-1.625085,-0.2546559,0.00974167,-0.04278876,0.002274211,-0.03326375,-0.1942952,-0.1855997,3
2014-02-24 18:40:11.172,1232,123.2,43.60953,3.912321,23.60152,7.606888,4.255524,9,10,1393263610,-0.947937,0.06776428,-0.08575439,-9.587662,8.712803,-21.29308,294.6303,293.9193,25,0.02210344,-0.003181678,0.006108226,0.1010775,-1.625422,-0.2546805,0.00588291,-0.01333439,0.006663265,-0.003899227,-0.1718123,-0.154537,3
2014-02-24 18:40:11.268,1233,123.3,43.60953,3.912321,23.60152,7.606888,4.255524,9,10,1393263610,-0.991333,0.03282166,-0.08695984,-10.35785,7.352398,-20.76322,291.7723,291.0613,25,0.01734117,-0.01809245,-0.01138821,0.1010891,-1.62539,-0.2546157,0.001120722,-0.02824512,-0.01083317,-0.08975771,-0.185925,-0.1729549,3
2014-02-24 18:40:11.465,1234,123.4,43.60953,3.912321,23.60152,7.606888,4.255524,9,10,1393263610,-0.991333,0.03282166,-0.08695984,-10.9606,7.406762,-20.93402,292.0508,291.3398,25,0.02336817,-0.04961975,0.008919992,0.1011705,-1.626146,-0.2546781,0.01089828,-0.01225575,-0.005029614,0.01832541,-0.1841697,-0.1392916,3
2014-02-24 18:40:11.572,1235,123.5,43.60953,3.912321,23.60152,7.606888,4.255524,9,10,1393263610,-0.994812,0.05578613,-0.09301758,-10.19346,8.276659,-21.16175,293.8961,293.1852,25,0.01358851,0.01023959,-0.008181497,0.101326,-1.627005,-0.2546972,0.007147826,-0.05977235,0.009475024,-0.02512172,-0.2191308,-0.1413266,3
2014-02-24 18:40:11.671,1236,123.6,43.60958,3.912345,25.41055,7.069386,6.527588,9,10,1393263611,-1.028152,0.06163025,-0.08175659,-10.02908,8.22229,-20.30774,294.6732,293.9622,25,0.01848047,0.003515106,-0.003376356,0.1013336,-1.626674,-0.2545089,-0.002631758,8.70336e-05,-0.007626467,-0.02853543,-0.195984,-0.1470674,3
2014-02-24 18:40:11.769,1237,123.7,43.60958,3.912345,25.41055,7.069386,6.527588,9,10,1393263611,-0.9969482,0.05403137,-0.06768799,-10.46744,8.548502,-20.30774,294.9296,294.2186,25,0.01589162,-0.000907339,0.0130652,0.1013724,-1.62732,-0.2545839,0.002260264,-0.00663741,-0.002821328,-0.06192986,-0.1902125,-0.1364294,3
2014-02-24 18:40:11.863,1238,123.8,43.60958,3.912345,25.41055,7.069386,6.527588,9,10,1393263611,-1.039551,0.07392883,-0.0683136,-10.08388,8.385396,-21.04788,294.9001,294.1891,25,0.02340492,-0.01569428,-0.0007952199,0.1014384,-1.627705,-0.2546911,-0.0003285499,-0.01105983,0.01362023,-0.02154215,-0.2032099,-0.1362355,3
2014-02-24 18:40:11.967,1239,123.9,43.60958,3.912345,25.41055,7.069386,6.527588,9,10,1393263611,-0.9753113,0.1154633,-0.05813599,-8.54962,8.602869,-21.73109,294.8491,294.1381,25,-0.0003797668,0.2799877,0.00430207,0.1021824,-1.628765,-0.2545969,0.01203041,-0.02358694,-0.003707143,-0.04741051,-0.1754546,-0.1192404,3
2014-02-24 18:40:12.066,1240,124,43.60958,3.912345,25.41055,7.069386,6.527588,9,10,1393263611,-1.130829,-0.0881958,-0.4251556,-9.042772,8.331029,-22.12963,294.8004,294.0894,25,-0.1254359,0.2955573,-0.05453328,0.1022138,-1.626689,-0.2547879,-0.01670184,0.2698184,0.004884479,-0.009105697,-0.1365769,-0.1121965,3
2014-02-24 18:40:12.166,1241,124.1,43.60958,3.912345,25.41055,7.069386,6.527588,9,10,1393263611,-1.117188,-0.2969666,-0.4156494,-9.974285,9.037821,-21.27563,295.6846,294.9736,25,-0.01596965,0.03494334,-0.008706407,0.1010132,-1.619685,-0.2538974,-0.141758,0.285388,-0.05395088,-0.1159946,-0.2036777,-0.455353,3
2014-02-24 18:40:12.290,1242,124.2,43.60958,3.912345,25.41055,7.069386,6.527588,9,10,1393263611,-1.351013,0.1288147,-0.06745911,-10.74141,8.494135,-20.47855,295.8883,295.1773,25,0.06483146,-0.3409238,0.2514751,0.09794289,-1.617461,-0.2540206,-0.03229159,0.02477405,-0.008124002,-0.2683275,-0.1743017,-0.571243,3
2014-02-24 18:40:12.503,1243,124.3,43.60958,3.912345,25.41055,7.069386,6.527588,9,10,1393263611,-1.065338,0.2830048,-0.2076874,-9.974285,8.385399,-20.47855,297.0951,296.3841,25,0.04100176,-0.01923974,0.1061608,0.09817569,-1.625846,-0.2566143,0.04850957,-0.351093,0.2520575,-0.190735,-0.3719712,-0.1516999,3
2014-02-24 18:40:12.722,1244,124.4,43.60965,3.912377,24.15165,7.155865,8.720647,9,5,1393263612,-0.9367828,0.1113586,0.04570007,-10.68662,9.635869,-20.64935,301.1133,300.4023,25,0.13634,-0.3304008,0.08078566,0.09875494,-1.63046,-0.2607842,0.02774047,-0.3063047,0.06258374,-0.1008693,0.02516642,-0.2652998,3
2014-02-24 18:40:13.005,1245,124.5,43.60965,3.912377,24.15165,7.155865,8.720647,9,5,1393263612,-0.5907745,0.1412201,0.1401978,-10.74142,8.929084,-20.47854,299.7732,299.0622,25,0.1605926,-0.2189204,0.1080852,0.1003873,-1.636347,-0.2631036,0.1199195,-0.3405814,0.08140003,-0.003100069,-0.1629716,-0.0129106,3
2014-02-24 18:40:13.136,1246,124.6,43.60965,3.912377,24.15165,7.155865,8.720647,9,5,1393263612,-0.5907745,0.1412201,0.1401978,-11.45375,8.765975,-20.76322,299.8079,299.0969,25,0.2778681,-0.1618648,-0.0989849,0.105442,-1.645257,-0.2643597,0.2614477,-0.1720453,-0.09837054,0.1589202,-0.1182859,0.07176276,3
2014-02-24 18:40:13.235,1247,124.7,43.60965,3.912377,24.15165,7.155865,8.720647,9,5,1393263612,-0.5727539,0.07644653,0.06871033,-10.96059,7.841717,-21.38949,297.535,296.824,25,0.2652652,-0.2737423,-0.0452242,0.1113337,-1.646461,-0.2629496,0.2488449,-0.2839228,-0.04460984,0.4078567,-0.2109034,-0.01461445,3
2014-02-24 18:40:13.407,1248,124.8,43.60965,3.912377,24.15165,7.155865,8.720647,9,5,1393263612,-0.7203217,0.2963867,0.2263031,-11.89211,7.026186,-19.96614,297.4797,296.7687,25,0.3072542,-0.2214141,0.08019071,0.1161134,-1.652372,-0.2644356,0.290834,-0.2315946,0.08080507,0.2771396,-0.1485563,0.1172399,3
2014-02-24 18:40:13.567,1249,124.9,43.60965,3.912377,24.15165,7.155865,8.720647,9,5,1393263612,-0.7855988,0.03910828,-0.09828186,-11.72772,7.080553,-21.38949,297.436,296.725,25,-0.07965701,0.6081896,0.01910712,0.115993,-1.645933,-0.2656391,-0.09607724,0.5980092,0.01972147,0.2418808,0.03386074,0.1538704,3
2014-02-24 18:40:13.666,1250,125,43.60971,3.912401,22.98907,5.878289,8.94444,9,5,1393263613,-0.8395691,0.1864777,-0.02781677,-9.371544,8.548502,-22.35737,297.3172,296.6062,25,-0.1208074,-0.01551265,-0.1230125,0.1130523,-1.644113,-0.2621131,-0.1372276,-0.02569303,-0.1223981,0.1776511,-0.2200138,-0.1690314,3
2014-02-24 18:40:13.755,1251,125.1,43.60971,3.912401,22.98907,5.878289,8.94444,9,5,1393263613,-0.8300171,0.2307281,0.1874695,-8.659208,9.364033,-23.66685,298.0377,297.3267,25,0.05454047,-0.3859245,0.1614864,0.1133015,-1.646816,-0.2638064,0.03812038,-0.3961048,0.1621007,0.1230471,-0.07427949,-0.101136,3
2014-02-24 18:40:13.885,1252,125.2,43.60971,3.912401,22.98907,5.878289,8.94444,9,5,1393263613,-0.9615631,0.2276459,-0.2284851,-8.330441,9.690242,-22.86978,298.1204,297.4094,25,0.009799368,0.3759606,-0.05167278,0.1145462,-1.647345,-0.2632641,-0.006620678,0.3657803,-0.05105843,-0.03392492,-0.1234538,0.1260812,3
2014-02-24 18:40:13.966,1253,125.3,43.60971,3.912401,22.98907,5.878289,8.94444,9,5,1393263613,-1.071732,0.1371918,0.02444458,-9.535925,10.88634,-20.25081,298.4848,297.7738,25,-0.1778233,0.3297316,-0.1245835,0.1120429,-1.638048,-0.2618729,-0.1942432,0.3195513,-0.1239691,-0.1263035,-0.1357364,-0.1068561,3
2014-02-24 18:40:14.093,1254,125.4,43.60971,3.912401,22.98907,5.878289,8.94444,9,5,1393263613,-1.071732,0.1371918,0.02444458,-10.52224,11.10382,-21.27562,298.7132,298.0022,25,0.07685936,-0.1844926,-0.0420396,0.1103211,-1.63761,-0.2612565,0.01179815,-0.1128986,0.02652238,-0.1135277,-0.1262451,-0.2136532,3
2014-02-24 18:40:14.171,1255,125.5,43.60971,3.912401,22.98907,5.878289,8.94444,9,5,1393263613,-1.005951,0.2260284,0.0957489,-11.67293,9.744609,-20.64935,299.1208,298.4098,25,-0.004461594,0.2847899,-0.1001908,0.1110682,-1.642641,-0.2610491,0.06043949,-0.1946728,-0.04142525,-0.1081041,-0.1209025,-0.04490616,3
2014-02-24 18:40:14.272,1256,125.6,43.60971,3.912401,22.98907,5.878289,8.94444,9,5,1393263613,-1.003571,0.02940369,-0.04708862,-10.79621,9.635876,-20.53548,299.2975,298.5865,25,-0.03536572,0.2609179,-0.07913823,0.1111975,-1.639645,-0.2601885,-0.02088139,0.2746098,-0.09957644,-0.04189885,-0.03123429,0.02926972,3
2014-02-24 18:40:14.454,1257,125.7,43.60971,3.912401,22.98907,5.878289,8.94444,9,5,1393263613,-1.083847,0.01747131,-0.01574707,-11.50854,9.581503,-19.90921,299.9936,299.2826,25,-0.007641674,0.005776396,-0.1209602,0.1106397,-1.635527,-0.2580915,-0.05178544,0.2507378,-0.07852389,-0.03871666,-0.2258321,-0.109632,3
2014-02-24 18:40:14.566,1258,125.8,43.60978,3.912421,22.47603,4.672887,10.45916,9,5,1393263614,-1.083847,0.01747131,-0.01574707,-10.24826,11.04945,-19.85227,311.0925,310.3815,25,0.01188942,-0.03240854,-0.09576435,0.1101722,-1.634191,-0.2546686,-0.004530201,-0.04258858,-0.09515,-0.1270469,-0.1776907,-0.1175676,3
2014-02-24 18:40:14.666,1259,125.9,43.60978,3.912421,22.47603,4.672887,10.45916,9,5,1393263614,-1.125641,0.0453186,-0.01547241,-9.590719,10.94071,-19.62453,310.7733,310.0623,25,0.004256797,0.1353221,-0.09043616,0.1101722,-1.634191,-0.2546686,-0.004530201,-0.04258858,-0.09515,-0.1270469,-0.1776907,-0.1175676,3
2014-02-24 18:40:14.736,1260,126,43.60978,3.912421,22.47603,4.672887,10.45916,9,5,1393263614,-1.125641,0.0453186,-0.01547241,-9.152363,10.39703,-18.59972,311.0081,310.2971,25,0.01677099,-0.02214259,-0.09229851,0.1104023,-1.633273,-0.2507094,0.0003515108,-0.03232254,-0.09168418,-0.0918692,-0.235106,-0.06811349,3
2014-02-24 18:40:14.839,1261,126.1,43.60978,3.912421,22.47603,4.672887,10.45916,9,5,1393263614,-1.063599,-0.03193665,-0.02490234,-9.692368,10.18785,-18.11492,310.9064,310.1954,25,0.01077116,0.04331978,-0.1211496,0.1104985,-1.632617,-0.2489319,-0.005648279,0.03313985,-0.1205353,-0.1583162,-0.2010503,-0.07534947,3
2014-02-24 18:40:14.951,1262,126.2,43.60978,3.912421,22.47603,4.672887,10.45916,9,5,1393263614,-1.077881,-0.09387207,-0.08312988,-9.692368,9.1005,-17.54561,310.9331,310.2221,25,-0.003333212,0.2249,-0.07847936,0.1103574,-1.629107,-0.2472304,-0.01975258,0.2147201,-0.07786503,-0.09565265,-0.2766562,-0.08140847,3
2014-02-24 18:40:15.051,1263,126.3,43.60978,3.912421,22.47603,4.672887,10.45916,9,5,1393263614,-1.042557,-0.03431702,-0.01489258,-10.02112,8.339367,-16.40699,310.9013,310.1903,25,0.02496074,-0.09185003,-0.02936508,0.1103834,-1.62958,-0.2458699,0.008541447,-0.1020299,-0.02875075,-0.1096302,-0.3372722,-0.1401124,3
2014-02-24 18:40:15.138,1264,126.4,43.60978,3.912421,22.47603,4.672887,10.45916,9,5,1393263614,-1.055573,-0.0009155273,-0.124527,-9.80195,9.535439,-17.09016,310.9262,310.2152,25,0.02507286,0.008793492,-0.0585006,0.110624,-1.630735,-0.2452973,0.008653613,-0.001386323,-0.05788627,-0.09365807,-0.2539378,-0.09485301,3
2014-02-24 18:40:15.237,1265,126.5,43.60978,3.912421,22.47603,4.672887,10.45916,9,5,1393263614,-1.064285,-0.03907776,-0.05021667,-8.815683,9.426708,-17.54561,310.9056,310.1946,25,0.0195532,0.06594147,0.006582535,0.1106392,-1.629017,-0.2448451,0.003134006,0.05576169,0.007196856,-0.07492599,-0.3041431,-0.138423,3
2014-02-24 18:40:15.398,1266,126.6,43.60978,3.912421,22.47603,4.672887,10.45916,9,5,1393263614,-1.064285,-0.03907776,-0.05021667,-8.32255,9.372342,-18.51343,308.4871,307.7761,25,0.01695661,-0.02224538,0.03674576,0.1108207,-1.629972,-0.2448575,0.003311449,-0.07346576,0.004940357,-0.09550641,-0.2388781,-0.1440014,3
2014-02-24 18:40:15.511,1267,126.7,43.60978,3.912421,22.47603,4.672887,10.45916,9,5,1393263614,-1.001785,-0.04556274,-0.06309509,-9.308821,9.481076,-18.39957,309.3787,308.6677,25,0.01695661,-0.02224538,0.03674576,0.1109235,-1.631185,-0.2453217,0.0005375302,-0.03242509,0.03736008,-0.09599431,-0.2819461,-0.1087621,3
2014-02-24 18:40:15.671,1268,126.8,43.60978,3.912421,22.47603,4.672887,10.45916,9,5,1393263614,-0.995163,0.03565979,0.01828003,-9.911535,9.20924,-17.77333,310.7847,310.0737,25,0.02936934,-0.0833865,0.03276913,0.1108709,-1.631352,-0.2465109,0.00909149,-0.1047517,0.05574467,-0.03379306,-0.2895845,-0.1217843,3
2014-02-24 18:40:15.796,1269,126.9,43.60981,3.912434,22.54898,2.300197,12.05416,9.02234,10,1393263615,-0.9846039,0.03881836,-0.0644989,-8.706102,7.68696,-18.11491,308.4713,307.7603,25,0.001947303,0.1159897,0.04581036,0.1109717,-1.6336,-0.2475875,0.01295047,-0.09356608,0.03338344,-0.0275679,-0.209406,-0.04256853,3
2014-02-24 18:40:15.884,1270,127,43.60981,3.912434,22.54898,2.300197,12.05416,9.02234,10,1393263615,-0.965744,0.02888489,-0.002792358,-7.829418,7.36075,-17.65947,308.1741,307.4631,25,0.0246108,-0.2001856,0.03034406,0.1108177,-1.632318,-0.2481022,-0.01447152,0.1058102,0.04642467,-0.004682719,-0.2473042,-0.04176261,3
2014-02-24 18:40:16.084,1271,127.1,43.60981,3.912434,22.54898,2.300197,12.05416,9.02234,10,1393263615,-0.9832153,0.05503845,-0.02461243,-9.034849,8.883033,-17.09016,308.1358,307.4248,25,-0.002829609,0.05581054,0.03696681,0.1108175,-1.636372,-0.2497882,-0.005722631,-0.02897019,0.0501704,-0.007147381,-0.2266147,-0.0009800368,3
2014-02-24 18:40:16.184,1272,127.2,43.60981,3.912434,22.54898,2.300197,12.05416,9.02234,10,1393263615,-0.9813232,0.05805969,0.1226501,-9.527981,8.937405,-18.05798,308.1519,307.4409,25,0.02822471,-0.2238544,0.04351392,0.1105429,-1.635379,-0.2503894,-0.01924825,0.0456311,0.0375811,-0.03242552,-0.2071166,-0.05311056,3
2014-02-24 18:40:16.280,1273,127.3,43.60981,3.912434,22.54898,2.300197,12.05416,9.02234,10,1393263615,-0.928894,0.08204651,0.01383972,-9.747156,9.154875,-17.37481,308.1895,307.4785,25,0.007903996,0.03811623,0.08182083,0.1104688,-1.638026,-0.2512988,0.01180614,-0.2340338,0.04412822,-0.01681316,-0.1936237,-0.0896815,3
2014-02-24 18:40:16.494,1274,127.4,43.60981,3.912434,22.54898,2.300197,12.05416,9.02234,10,1393263615,-1.085876,0.08685303,0.05488586,-7.555454,8.828671,-17.37482,308.1306,307.4196,25,0.001116397,0.09860887,-0.0009518138,0.1105585,-1.639752,-0.2526335,-0.008514506,0.02793688,0.08243512,-0.01536679,-0.1918951,0.05593634,3
2014-02-24 18:40:16.578,1275,127.5,43.60981,3.912434,22.54898,0,12.05416,9.097117,10,1393263616,-1.002579,0.0947876,0.03140259,-7.171907,9.535439,-18.00105,308.0368,307.3258,25,0.01804052,-0.1590714,0.07563084,0.1102597,-1.638351,-0.2529049,-0.01530207,0.08842953,-0.0003375204,-0.05765464,-0.1217843,-0.001284707,3
2014-02-24 18:40:16.683,1276,127.6,43.60981,3.912434,22.54898,0,12.05416,9.097117,10,1393263616,-1.002579,0.0947876,0.03140259,-6.988197,8.471643,-17.97129,307.827,307.116,25,0.01687432,0.01632491,0.04106088,0.110126,-1.641392,-0.2549386,0.000321269,0.006134242,0.0416867,0.03057604,-0.1643564,0.04104113,3
2014-02-24 18:40:16.792,1277,127.7,43.60981,3.912434,22.54898,0,12.05416,9.097117,10,1393263616,-0.9946442,0.09272766,-0.09036255,-7.700495,8.417274,-17.68664,307.7311,307.0201,25,0.007091199,0.1373198,0.01515099,0.1097303,-1.638954,-0.2555481,-0.009461791,0.1271291,0.0157768,-0.09963246,-0.1692339,-0.1277526,3
2014-02-24 18:40:16.872,1278,127.8,43.60981,3.912434,22.54898,0,12.05416,9.097117,10,1393263616,-1.019272,0.1026001,-0.04490662,-8.412792,8.471643,-17.06041,307.6771,306.9661,25,0.01457388,-0.04045342,0.02986203,0.1095101,-1.638832,-0.2558659,-0.001979062,-0.05064402,0.03048783,-0.02943788,-0.1603555,-0.1561327,3
2014-02-24 18:40:16.968,1279,127.9,43.60981,3.912434,22.54898,0,12.05416,9.097117,10,1393263616,-0.9945374,0.1326752,0.05169678,-8.029247,8.30854,-16.54804,307.6388,306.9278,25,0.02574105,-0.1298906,0.03201519,0.1095036,-1.641052,-0.2565902,0.009188168,-0.1400812,0.03264099,-0.05439708,-0.1511838,-0.1128066,3
2014-02-24 18:40:17.068,1280,128,43.60981,3.912434,22.54898,0,12.05416,9.097117,10,1393263616,-1.044922,0.09680176,-0.09489441,-6.933401,8.634745,-18.48365,307.4588,306.7478,25,0.003614709,0.1234958,-0.009382583,0.1095047,-1.641217,-0.2567362,-0.0129381,0.1133053,-0.008756781,-0.02971076,-0.12125,-0.01635965,3
2014-02-24 18:40:17.192,1281,128.1,43.60981,3.912434,22.54898,0,12.05416,9.097117,10,1393263616,-0.9815521,0.1558685,-0.01074219,-6.33069,9.450251,-19.10988,307.2422,306.5312,25,0.02222275,-0.09046651,0.004615258,0.1093311,-1.638882,-0.2565043,-0.005486275,0.0532966,-0.008099513,-0.01788379,-0.1296621,-0.06657007,3
2014-02-24 18:40:17.270,1282,128.2,43.60981,3.912434,22.54898,0,12.05416,9.097117,10,1393263616,-1.038193,0.130127,-0.1574707,-5.892351,9.12405,-18.88216,306.9728,306.2618,25,-0.007524762,0.3295089,-0.03261627,0.1094476,-1.640306,-0.2564196,0.005670051,-0.100657,0.005241056,-0.05734002,-0.1734187,-0.1811969,3
2014-02-24 18:40:17.470,1283,128.3,43.60981,3.912434,22.54898,0,12.05416,9.097117,10,1393263616,-1.118866,-0.200592,-0.2008209,-6.659441,9.124047,-17.28813,306.5584,305.8474,25,-0.2222448,0.1585699,-0.08345415,0.1093549,-1.638255,-0.2563668,-0.0240774,0.3193185,-0.03199047,-0.03346342,-0.05248748,-0.08327041,3
2014-02-24 18:40:17.579,1284,128.4,43.60981,3.912434,22.54898,0,12.05416,9.12079,10,1393263617,-1.164444,0.0448761,0.08061218,-7.042988,9.287149,-18.14208,304.6133,303.9023,25,0.02063764,-0.2939001,0.07931799,0.1065734,-1.632391,-0.2547119,-0.2387973,0.1483796,-0.08282835,-0.09101455,-0.2720777,-0.3595274,3
2014-02-24 18:40:17.679,1285,128.5,43.60981,3.912434,22.54898,0,12.05416,9.12079,10,1393263617,-1.063904,0.1684875,0.09747314,-6.988197,9.558985,-19.10988,304.5147,303.8037,25,0.03819133,0.02402171,-0.009252887,0.1053035,-1.636506,-0.2554185,0.004085121,-0.3040904,0.07994378,-0.1533964,-0.4532424,-0.2643531,3
2014-02-24 18:40:17.781,1286,128.6,43.60981,3.912434,22.54898,0,12.05416,9.12079,10,1393263617,-0.8407898,0.08125305,-0.2338409,-6.221102,8.90658,-18.65444,301.1799,300.4689,25,-0.02034336,0.3061426,0.03435558,0.1055031,-1.638534,-0.2562609,0.02163888,0.01383141,-0.008627098,-0.1993179,-0.2085893,0.0151364,3
2014-02-24 18:40:17.893,1287,128.7,43.60981,3.912434,22.54898,0,12.05416,9.12079,10,1393263617,-0.8407898,0.08125305,-0.2338409,-6.495066,7.873607,-18.02822,300.4049,299.6939,25,-0.07211894,0.2457586,-0.09694013,0.1036507,-1.628399,-0.2564158,-0.08867128,0.2355684,-0.09631435,-0.1427281,-0.05656312,-0.1442505,3
2014-02-24 18:40:17.962,1288,128.8,43.60981,3.912434,22.54898,0,12.05416,9.12079,10,1393263617,-0.8715363,0.1811218,-0.1773834,-6.659441,7.927972,-17.28813,300.5999,299.8889,25,0.125587,-0.2661941,0.1832894,0.1036507,-1.628399,-0.2564158,-0.08867128,0.2355684,-0.09631435,-0.1427281,-0.05656312,-0.1442505,3
2014-02-24 18:40:18.054,1289,128.9,43.60981,3.912434,22.54898,0,12.05416,9.12079,10,1393263617,-0.8715363,0.1811218,-0.1773834,-7.207359,8.036705,-17.17427,301.231,300.5201,25,-0.09413582,0.4832695,0.002590457,0.1042139,-1.627393,-0.2574285,-0.110688,0.4730793,0.003216236,-0.08299296,-0.3737352,0.04505939,3
2014-02-24 18:40:18.178,1290,129,43.60981,3.912434,22.54898,0,12.05416,9.12079,10,1393263617,-1.044662,0.1502533,-0.1537933,-6.166309,8.09107,-18.71137,299.4202,298.7092,25,0.0242108,-0.100174,0.06455742,0.1038212,-1.626086,-0.2571619,0.00765864,-0.1103641,0.06518319,0.0941016,-0.07321495,-0.2308282,3
2014-02-24 18:40:18.301,1291,129.1,43.60981,3.912434,22.54898,0,12.05416,9.12079,10,1393263617,-0.8132477,-0.1295776,-0.05833435,-7.974455,7.819235,-17.85743,299.088,298.377,25,-0.0527732,0.1873773,-0.04574112,0.1028703,-1.623574,-0.2570453,-0.06932528,0.1771873,-0.04511535,-0.07886378,-0.1039708,-0.2048129,3
2014-02-24 18:40:18.499,1292,129.2,43.60981,3.912434,22.54898,0,12.05416,9.12079,10,1393263617,-0.8526001,0.5401001,-0.006225586,-7.152571,7.873604,-17.68664,299.0528,298.3418,25,0.0735589,-0.5108561,0.1112714,0.1032913,-1.62976,-0.2555766,0.0570069,-0.5210461,0.1118972,0.1525887,-0.3823809,-0.1153492,3
2014-02-24 18:40:18.596,1293,129.3,43.60981,3.912434,22.54898,0,12.05416,9.235199,10,1393263618,-0.7893066,0.154007,-0.2210846,-6.933401,8.526009,-18.14208,299.0876,298.3766,25,0.02078171,0.09975642,-0.3022629,0.1035744,-1.632128,-0.2566015,0.004229769,0.08956643,-0.3016372,0.1128393,0.2863053,-0.06551245,3
2014-02-24 18:40:18.682,1294,129.4,43.60981,3.912434,22.54898,0,12.05416,9.235199,10,1393263618,-0.7069397,-0.1649475,0.06988525,-6.659441,8.362909,-17.97129,299.1456,298.4346,25,-0.1737294,0.434806,0.1137441,0.1018152,-1.625882,-0.254316,-0.1902813,0.4246161,0.1143699,-0.04277244,-0.6412014,0.01965022,3
2014-02-24 18:40:18.783,1295,129.5,43.60981,3.912434,22.54898,0,12.05416,9.235199,10,1393263618,-0.7069397,-0.1649475,0.06988525,-6.933401,8.199807,-18.14208,299.1883,298.4773,25,0.01366175,-0.1720133,0.1625253,0.1008611,-1.630209,-0.2526293,0.004499122,-0.6804937,-0.2178669,-0.3319728,0.03349665,-0.5126936,3
2014-02-24 18:40:18.909,1296,129.6,43.60981,3.912434,22.54898,0,12.05416,9.235199,10,1393263618,-0.90065,0.09788513,-0.05421448,-7.426533,8.47164,-19.22374,299.1844,298.4734,25,0.01366175,-0.1720133,0.1625253,0.1027273,-1.636897,-0.2541131,-0.002890007,-0.1822032,0.163151,-0.03381513,-0.1263871,0.01799262,3
2014-02-24 18:40:19.078,1297,129.7,43.60981,3.912434,22.54898,0,12.05416,9.235199,10,1393263618,-1.008499,0.04986572,-0.1272888,-5.021467,8.243731,-17.90789,299.2283,298.5173,25,0.03982811,-0.3374912,-0.004535896,0.1026066,-1.637872,-0.2524463,-0.02137968,0.05647072,-0.02118766,0.06547686,-0.1518883,-0.119115,3
2014-02-24 18:40:19.189,1298,129.8,43.60981,3.912434,22.54898,0,12.05416,9.235199,10,1393263618,-0.8888092,0.01881409,0.08204651,-5.35022,7.700065,-18.13561,299.1765,298.4655,25,0.01160046,-0.1362758,-0.04430994,0.1028403,-1.641593,-0.2518127,0.02327653,-0.347681,-0.00391014,-0.04246283,-0.1992942,-0.1957955,3
2014-02-24 18:40:19.493,1299,129.9,43.60981,3.912434,22.54898,0,12.05416,9.321629,5,1393263619,-1.100266,0.04937744,-0.06492615,-8.308981,7.700061,-16.88316,299.5298,298.8188,25,-0.008520784,0.1175762,-0.02938425,0.1032734,-1.649533,-0.2514753,0.003688027,-0.2018947,-0.03836772,-0.2446899,-0.1711201,-0.01389514,3
2014-02-24 18:40:19.593,1300,130,43.60981,3.912434,22.54898,0,12.05416,9.321629,5,1393263619,-0.942627,0.01184082,0.1926727,-7.103559,8.56993,-18.47718,299.5334,298.8224,25,0.04137727,-0.3830749,-0.03692286,0.1032738,-1.649743,-0.2501084,-0.02507217,0.1073865,-0.02875851,0.03152644,-0.3015098,0.003713317,3
2014-02-24 18:40:19.681,1301,130.1,43.60981,3.912434,22.54898,0,12.05416,9.321629,5,1393263619,-1.178391,0.01190186,0.02513123,-6.884394,8.352461,-18.13561,299.5176,298.8066,25,0.04062865,0.07727028,-0.01444152,0.1032007,-1.653104,-0.2501918,0.02482591,-0.3932646,-0.03629712,-0.1346805,-0.1982123,-0.144581,3
2014-02-24 18:40:19.779,1302,130.2,43.60981,3.912434,22.54898,0,12.05416,9.321629,5,1393263619,-1.064056,0.04464722,0.08177185,-6.44606,8.243729,-18.36332,299.5027,298.7917,25,0.0152719,-0.1271713,-0.04319061,0.1042572,-1.65559,-0.2493736,0.02407737,0.06708071,-0.01381578,0.0229586,-0.2349561,0.1106007,3
2014-02-24 18:40:19.883,1303,130.3,43.60981,3.912434,22.54898,0,12.05416,9.321629,5,1393263619,-0.9908142,0.006027222,0.06829834,-6.555643,8.787398,-18.47718,299.5037,298.7927,25,-0.001371794,0.05673092,0.00881746,0.1039834,-1.656292,-0.2491535,-0.001279305,-0.1373608,-0.04256487,-0.2128087,-0.2346819,-0.05762333,3
2014-02-24 18:40:20.086,1304,130.4,43.60981,3.912434,22.54898,0,12.05416,9.321629,5,1393263619,-1.063568,0.037323,0.03601074,-6.226892,8.026263,-17.90789,299.4844,298.7734,25,0.006070143,0.02956029,0.005634716,0.1034289,-1.657659,-0.2485541,-0.01048087,0.01937087,0.006260451,-0.07340194,-0.2369542,-0.02320517,3
2014-02-24 18:40:20.283,1305,130.5,43.60981,3.912434,22.54898,0,12.05416,9.321629,5,1393263619,-0.9823914,-0.002349854,0.03918457,-7.158354,7.863159,-17.16781,299.526,298.815,25,0.009848636,0.03629596,-0.00612527,0.1029913,-1.656112,-0.2486598,-0.006702274,0.0261066,-0.00549954,-0.08506344,-0.2439232,-0.04323909,3
2014-02-24 18:40:20.471,1306,130.6,43.60981,3.912434,22.54898,0,12.05416,9.321629,5,1393263619,-1.095261,0.070755,0.009048462,-6.555641,8.461194,-18.36332,299.6092,298.8982,25,0.0009227853,0.0852129,0.02498524,0.1029226,-1.655773,-0.2487012,-0.01562806,0.07502359,0.02561097,-0.01665576,-0.2484952,-0.04307865,3
2014-02-24 18:40:20.597,1307,130.7,43.60981,3.912434,22.54898,0,12.05416,9.373961,5,1393263620,-0.9600067,0.02612305,0.04702759,-6.555641,8.56993,-18.59104,299.5139,298.8029,25,0.02686118,0.007205182,0.02482226,0.1028557,-1.655011,-0.2494628,0.0103104,-0.002984083,0.02544799,-0.1296496,-0.1761284,-0.07246249,3
2014-02-24 18:40:20.696,1308,130.8,43.60981,3.912434,22.54898,0,12.05416,9.373961,5,1393263620,-1.105133,0.1128235,-0.001113892,-7.487103,8.515562,-17.28167,299.5386,298.8276,25,0.01079672,0.132806,0.0140575,0.1028929,-1.65393,-0.2497537,-0.005754019,0.1226167,0.01468322,-0.04204832,-0.1980778,-0.03706565,3
2014-02-24 18:40:20.798,1309,130.9,43.60981,3.912434,22.54898,0,12.05416,9.373961,5,1393263620,-0.9417572,0.1026154,-0.07714844,-7.048767,8.624295,-17.7371,299.5696,298.8586,25,0.02682309,0.0072422,0.02951422,0.1027682,-1.65269,-0.2506369,0.01027243,-0.002946998,0.03013994,-0.1197429,-0.2174424,-0.07953658,3
2014-02-24 18:40:20.880,1310,131,43.60981,3.912434,22.54898,0,12.05416,9.373961,5,1393263620,-0.8773804,0.04356384,0.09567261,-6.446054,8.461197,-18.59104,299.591,298.88,25,0.00337529,0.1995776,0.008641957,0.1028589,-1.651189,-0.2504185,-0.0131753,0.1893884,0.009267676,0.03197922,-0.1873236,-0.02485334,3
2014-02-24 18:40:20.988,1311,131.1,43.60981,3.912434,22.54898,0,12.05416,9.373961,5,1393263620,-0.8773804,0.04356384,0.09567261,-6.993973,8.678663,-18.24947,299.6116,298.9006,25,0.0106649,0.09897318,0.03550233,0.102759,-1.649612,-0.2511197,0.01790755,-0.09030447,0.01229596,0.02387058,-0.1458734,-0.1534133,3
2014-02-24 18:40:21.199,1312,131.2,43.60981,3.912434,22.54898,0,12.05416,9.373961,5,1393263620,-0.8555908,0.02676392,0.04629517,-5.350224,8.026263,-18.1356,299.6227,298.9117,25,0.01080471,0.04336558,0.02666144,0.1028295,-1.648453,-0.2513267,0.007167712,0.01569662,-0.04515057,-0.1594578,-0.1267715,-0.1204142,3
2014-02-24 18:40:21.282,1313,131.3,43.60981,3.912434,22.54898,0,12.05416,9.373961,5,1393263620,-1.042557,0.1023102,-0.01882935,-6.993977,8.352465,-16.99702,299.615,298.904,25,0.022435,-0.06010808,-0.02617967,0.1029351,-1.649077,-0.2508286,-0.005745628,0.03317658,0.02728715,0.1101497,-0.2214428,-0.02945836,3
2014-02-24 18:40:21.466,1314,131.4,43.60981,3.912434,22.54898,0,12.05416,9.373961,5,1393263620,-1.090195,0.07060242,0.004241943,-7.541895,8.56993,-17.45246,299.7718,299.0608,25,0.004548413,0.04341991,0.03950506,0.1027905,-1.649151,-0.251131,0.005884709,-0.07029705,-0.02555397,-0.0463791,-0.2155864,-0.07429327,3
2014-02-24 18:40:21.566,1315,131.5,43.60981,3.912434,22.54898,0,12.05416,9.373961,5,1393263620,-0.9163666,0.005187988,0.04672241,-6.939184,7.645697,-18.19254,299.7367,299.0257,25,0.0203564,-0.07068935,-0.07184756,0.1027881,-1.649904,-0.2511125,-0.01200182,0.03323098,0.04013077,0.04097045,-0.1911545,-0.0166558,3
2014-02-24 18:40:21.671,1316,131.6,43.60981,3.912434,22.54898,0,12.05416,9.480919,5,1393263621,-1.052582,0.09666443,-0.002334595,-6.062517,7.971892,-18.64796,299.5576,298.8466,25,-0.005225122,0.02403023,0.03373479,0.102709,-1.650124,-0.2508847,0.003806249,-0.08087824,-0.07122186,-0.005849766,-0.1902472,-0.06716587,3
2014-02-24 18:40:21.772,1317,131.7,43.60981,3.912434,22.54898,0,12.05416,9.480919,5,1393263621,-0.9838867,0.06060791,0.05235291,-5.459806,8.134995,-18.47718,299.5085,298.7975,25,0.00665524,-0.09100874,-0.04831853,0.1042162,-1.64272,-0.1868669,-0.02177686,0.01385324,0.03420401,0.06368417,-0.1805933,-0.02388813,3
2014-02-24 18:40:21.886,1318,131.8,43.60981,3.912434,22.54898,0,12.05416,9.480919,5,1393263621,-0.9511719,0.03393555,0.0539093,-5.459803,7.047659,-17.3386,299.4058,298.6948,25,0.007184676,-0.034844,0.02973632,0.1041254,-1.64383,-0.1865075,-0.009896425,-0.1011857,-0.04784932,-0.0725435,-0.08876368,-0.07403804,3
2014-02-24 18:40:21.981,1319,131.9,43.60981,3.912434,22.54898,0,12.05416,9.480919,5,1393263621,-0.9511719,0.03393555,0.0539093,-6.117306,7.808794,-18.1356,299.3211,298.6101,25,0.01352753,0.005771603,7.350324e-05,0.1045734,-1.641694,-0.1600329,-0.003024202,-0.004396935,0.0004779953,-0.1212761,-0.1178925,-0.006182028,3
2014-02-24 18:40:22.166,1320,132,43.60981,3.912434,22.54898,0,12.05416,9.480919,5,1393263621,-1.070557,0.06381226,0.08840942,-6.391268,7.863159,-17.96482,299.14,298.429,25,0.003402188,-0.09591481,0.05023894,0.1036839,-1.648993,-0.1305951,-0.01315146,-0.1060967,0.05057214,0.03291889,-0.1387996,0.01378031,3
2014-02-24 18:40:22.266,1321,132.1,43.60981,3.912434,22.54898,0,12.05416,9.480919,5,1393263621,-0.9496613,-0.002670288,0.09614563,-6.720016,8.189361,-17.7371,299.1436,298.4326,25,0.01285721,-0.0185577,-0.06538966,0.1035607,-1.650165,-0.1304224,-0.003820755,-0.0287495,-0.06502949,-0.05806199,-0.06970443,0.02081451,3
2014-02-24 18:40:22.455,1322,132.2,43.60981,3.912434,22.54898,0,12.05416,9.480919,5,1393263621,-0.9812469,0.02285767,0.0819397,-6.117308,8.352465,-17.11088,299.2195,298.5085,25,0.02143312,-0.1599622,-0.03929201,0.103277,-1.649754,-0.1301979,-0.01062615,0.00240552,0.01085275,0.03878576,-0.1325007,0.01793714,3
2014-02-24 18:40:22.576,1323,132.3,43.60981,3.912434,22.54898,0,12.05416,9.5,5,1393263622,-1.084366,0.04728699,0.1049347,-5.240635,7.808794,-18.59104,299.0769,298.3659,25,0.008360994,0.02861327,0.02678208,0.1043693,-1.643617,-0.1208947,0.004754592,-0.1701338,-0.03895411,0.008823304,-0.09774273,0.009714765,3
2014-02-24 18:40:22.671,1324,132.4,43.60981,3.912434,22.54898,0,12.05416,9.5,5,1393263622,-0.9792328,-0.01916504,0.07055664,-5.67897,7.373863,-17.22474,298.9771,298.2661,25,0.001285774,-0.02381851,-0.003274623,0.104258,-1.644697,-0.1211883,-0.008317472,0.01844171,0.02711998,-0.09440954,-0.07360492,0.03164303,3
2014-02-24 18:40:22.798,1325,132.5,43.60981,3.912434,22.54898,0,12.05416,9.5,5,1393263622,-1.026199,0.06263733,0.06452942,-6.281681,7.863162,-16.71238,299.0082,298.2972,25,0.02224219,-0.05765584,-0.002743322,0.1044058,-1.643144,-0.1135505,-0.01539283,-0.03398639,-0.002953711,-0.009206862,-0.0463053,-0.01092091,3
2014-02-24 18:40:22.897,1326,132.6,43.60981,3.912434,22.54898,0,12.05416,9.5,5,1393263622,-1.085175,0.04711914,0.07955933,-6.500845,7.645697,-16.25694,299.053,298.342,25,0.008364457,-0.01553981,0.03307859,0.1043861,-1.644101,-0.1138613,0.00556365,-0.06782369,-0.002422411,-0.06221345,-0.05938572,-0.01334698,3
2014-02-24 18:40:22.997,1327,132.7,43.60981,3.912434,22.54898,0,12.05416,9.5,5,1393263622,-0.9758911,0.009750366,0.07722473,-6.117306,7.482596,-15.9723,299.0541,298.3431,25,0.0187095,-0.005764945,-0.03026523,0.1038352,-1.649732,-0.09735222,-0.008366853,-0.02571765,0.03337697,0.002786104,-0.1228485,0.02810269,3
2014-02-24 18:40:23.082,1328,132.8,43.60981,3.912434,22.54898,0,12.05416,9.5,5,1393263622,-0.9965515,0.03318787,0.08557129,-6.610435,7.645694,-17.16781,299.0251,298.3141,25,0.01189847,-0.01082948,0.05183603,0.1037573,-1.649905,-0.09742496,0.001978242,-0.01594276,-0.02996685,-0.09302926,-0.05015177,0.0009076986,3
2014-02-24 18:40:23.197,1329,132.9,43.60981,3.912434,22.54898,0,12.05416,9.5,5,1393263622,-1.070511,0.02471924,0.06332397,-6.610432,8.189363,-18.87568,299.0072,298.2962,25,0.0174722,-0.008031827,-0.02908172,0.1036774,-1.650346,-0.09778525,-0.00483273,-0.02100725,0.05213441,0.01618444,-0.08787912,-0.001861129,3
2014-02-24 18:40:23.351,1330,133,43.60981,3.912434,22.54898,0,12.05416,9.5,5,1393263622,-1.012741,0.03266907,0.102951,-5.67897,8.026263,-18.24947,299.1218,298.4108,25,0.01440584,0.02310585,0.04097113,0.1038033,-1.650087,-0.09199496,0.0007406028,-0.0182081,-0.02879684,-0.003908607,-0.05867739,0.006699014,3
2014-02-24 18:40:23.517,1331,133.1,43.60981,3.912434,22.54898,0,12.05416,9.5,5,1393263622,-1.012741,0.03266907,0.102951,-6.336475,8.896132,-17.11088,299.0207,298.3097,25,0.01588842,-0.03939428,0.01930632,0.1038638,-1.649323,-0.0912331,-0.0008436173,-0.04956669,0.01958775,-0.001627663,-0.01223391,-0.01430706,3
2014-02-24 18:40:23.687,1332,133.2,43.60981,3.912434,22.54898,0,12.05416,9.5,5,1393263623,-1.0392,0.1136169,0.03962708,-6.007721,8.56993,-18.02174,299.0269,298.3159,25,0.004413391,0.0616647,0.05340304,0.1035737,-1.648667,-0.0921788,-0.01231854,0.05149235,0.05368446,0.0576479,-0.1160351,0.01316006,3
2014-02-24 18:40:23.885,1333,133.3,43.60981,3.912434,22.54898,0,12.05416,9.5,5,1393263623,-0.9968872,0.004272461,0.0809021,-6.336479,8.134995,-18.13561,299.0023,298.2913,25,0.004345214,0.07984423,0.05909048,0.1032647,-1.649501,-0.08572493,-0.01238651,0.06966899,0.05935379,0.02374598,-0.05589585,0.02513557,3
2014-02-24 18:40:23.986,1334,133.4,43.60981,3.912434,22.54898,0,12.05416,9.5,5,1393263623,-1.077408,0.02380371,0.05058289,-6.062517,8.080627,-17.7371,298.9756,298.2646,25,0.02076706,-0.02686118,0.02275005,0.1036292,-1.646688,-0.08730019,0.004034231,-0.03702815,0.02301636,-0.003562873,-0.08291689,0.005372067,3
2014-02-24 18:40:24.189,1335,133.5,43.60981,3.912434,22.54898,0,12.05416,9.5,5,1393263623,-0.9317017,0.008743286,0.07481384,-6.829603,7.971895,-18.64797,298.8937,298.1827,25,0.01293125,0.03691887,0.06897667,0.1031743,-1.649426,-0.0840973,-0.003800438,0.02674396,0.06923369,0.05690946,-0.05001688,0.02750313,3
2014-02-24 18:40:24.468,1336,133.6,43.60981,3.912434,22.54898,0,12.05416,9.5,5,1393263623,-1.016617,0.08436584,0.06352234,-5.843351,7.645697,-17.05395,298.7726,298.0616,25,0.01099646,0.01714117,0.006976683,0.1029283,-1.64929,-0.08574533,-0.008550149,0.001632683,0.05183854,-0.07009611,0.01589168,0.00909423,3
2014-02-24 18:40:24.569,1337,133.7,43.60981,3.912434,22.54898,0,12.05416,9.5,5,1393263623,-1.042648,0.08288574,0.05638123,-5.843349,7.536961,-17.28167,298.7303,298.0193,25,0.01522423,-0.01165532,-0.0548763,0.1029624,-1.649589,-0.0852638,-0.005734876,0.006965693,0.007235647,-0.02334084,-0.0007946896,-0.01490281,3
2014-02-24 18:40:24.670,1338,133.8,43.60981,3.912434,22.54898,0,12.05416,9.855715,10,1393263624,-1.026962,0.08097839,0.1170654,-5.733763,8.080627,-18.42025,298.7152,298.0042,25,0.01292006,0.03013766,0.07138896,0.1028441,-1.648364,-0.08564758,-0.001507029,-0.02183075,-0.05461733,-0.04930968,-0.00265716,-0.0208248,3
2014-02-24 18:40:24.794,1339,133.9,43.60981,3.912434,22.54898,0,12.05416,9.855715,10,1393263624,-1.08609,0.1046143,0.02745056,-7.541895,8.461197,-17.56632,298.7812,298.0702,25,0.02142273,-0.0354259,-0.05693119,0.1029237,-1.65103,-0.07968136,0.004691647,-0.04560502,-0.0566862,-0.07216027,0.05265085,-0.0309732,3
2014-02-24 18:40:24.889,1340,134,43.60981,3.912434,22.54898,0,12.05416,9.855715,10,1393263624,-1.059937,0.08937073,0.06980896,-5.898138,7.37386,-18.24946,298.6125,297.9015,25,0.006150837,0.04193414,-0.006215818,0.102773,-1.65006,-0.08016097,-0.01058032,0.03175585,-0.005970812,-0.04514391,0.003893968,-6.90436e-05,3
2014-02-24 18:40:25.184,1341,134.1,43.60981,3.912434,22.54898,0,12.05416,9.855715,10,1393263624,-1.059937,0.08937073,0.06980896,-5.131052,8.787393,-18.1356,298.4702,297.7592,25,0.01771721,-0.05581719,-0.05207518,0.1028859,-1.650868,-0.07984477,-0.007146094,-0.008718019,0.03199628,0.03285062,-0.02553023,-0.01047179,3
2014-02-24 18:40:25.280,1342,134.2,43.60981,3.912434,22.54898,0,12.05416,9.855715,10,1393263624,-0.997879,0.0003662109,0.09263611,-6.720013,8.406826,-17.39553,298.5083,297.7973,25,0.01771721,-0.05581719,-0.05207518,0.1027413,-1.651349,-0.07963376,0.0009861672,-0.0659954,-0.05183018,-0.06633799,0.009821111,-0.01040202,3
2014-02-24 18:40:25.405,1343,134.3,43.60981,3.912434,22.54898,0,12.05416,9.855715,10,1393263624,-0.997879,0.0003662109,0.09263611,-6.993977,7.808797,-17.90789,298.513,297.802,25,0.02608327,-0.1302249,-0.01021003,0.1028248,-1.648502,-0.07995931,-0.01306211,0.04081912,-0.004909552,-0.002678161,0.003957655,-0.02533139,3
2014-02-24 18:40:25.548,1344,134.4,43.60981,3.912434,22.54898,0,12.05416,9.855715,10,1393263624,-0.9905396,0.03889465,0.0680542,-6.884394,8.352465,-18.02174,298.5133,297.8023,25,0.008761267,0.07690091,-0.02999439,0.1029173,-1.650573,-0.07956047,0.009351398,-0.1403964,-0.009964499,-0.004212735,-0.07911035,0.01319574,3
2014-02-24 18:40:25.654,1345,134.5,43.60981,3.912434,22.54898,0,12.05416,10.0673,10,1393263625,-0.9700317,0.06437683,0.06712341,-5.35022,8.569927,-18.24946,298.5251,297.8141,25,0.02104297,-0.08486535,-0.002489257,0.1025265,-1.653951,-0.08034115,-0.007969004,0.06671941,-0.02974488,0.002790652,-0.04136009,-0.01473641,3
2014-02-24 18:40:25.893,1346,134.6,43.60981,3.912434,22.54898,0,12.05416,10.0673,10,1393263625,-0.9878693,0.04605103,0.09631348,-5.240639,8.134995,-17.68017,298.4315,297.7206,25,-0.001270061,0.02606569,0.0009057411,0.102513,-1.654769,-0.08009592,0.004312743,-0.09504683,-0.002239755,0.009501776,-0.06635369,-0.04260495,3
2014-02-24 18:40:26.043,1347,134.7,43.60981,3.912434,22.54898,0,12.05416,10.0673,10,1393263625,-0.9838867,0.002075195,0.09375,-5.733763,8.189361,-16.71237,298.4573,297.7463,25,0.01017194,-0.02175403,-0.03722939,0.1022809,-1.656455,-0.07649065,-0.0180004,0.01588163,0.001146069,0.01507251,-0.05351264,0.01226104,3
2014-02-24 18:40:26.122,1348,134.8,43.60981,3.912434,22.54898,0,12.05416,10.0673,10,1393263625,-1.021088,0.004928589,0.09526062,-6.500849,7.428228,-16.48466,298.4674,297.7564,25,0.007345265,-0.001039165,0.004772651,0.1021165,-1.656216,-0.07606123,-0.006558329,-0.03193805,-0.03698907,-0.02523406,-0.07444678,-0.03463914,3
2014-02-24 18:40:26.247,1349,134.9,43.60981,3.912434,22.54898,0,12.05416,10.0673,10,1393263625,-1.022964,0.00869751,0.06204224,-7.377518,7.863162,-16.94009,298.4944,297.7834,25,0.009912552,-0.01923681,-0.005582785,0.1019934,-1.656975,-0.07582103,-0.009384961,-0.01122316,0.005012978,0.009539803,-0.07367321,0.007925027,3
2014-02-24 18:40:26.401,1350,135,43.60981,3.912434,22.54898,0,12.05416,10.0673,10,1393263625,-1.017563,0.03552246,0.06678772,-5.405014,7.319495,-18.98954,298.2697,297.5587,25,0.009905095,0.02831659,-0.01191259,0.1019615,-1.65677,-0.07507204,-0.006818208,-0.02941729,-0.005344319,-0.02758726,-0.07007296,0.009634937,3
2014-02-24 18:40:26.531,1351,135.1,43.60981,3.912434,22.54898,0,12.05416,10.41343,10,1393263626,-1.02327,0.06266785,0.07723999,-5.733763,8.298097,-18.30639,298.18,297.469,25,0.0109424,-0.00997487,0.01779871,0.1016871,-1.655931,-0.074884,-0.006825586,0.01813616,-0.01167412,-0.02937858,-0.06611653,-0.02275124,3
2014-02-24 18:40:26.621,1352,135.2,43.60981,3.912434,22.54898,0,12.05416,10.41343,10,1393263626,-1.02327,0.06266785,0.07723999,-5.514595,7.971898,-18.07867,298.1462,297.4352,25,0.01936997,0.01064945,0.03762088,0.1016611,-1.654899,-0.07116777,0.002638068,0.0004740556,0.03784738,-0.01753153,-0.09335502,0.01275185,3
2014-02-24 18:40:26.734,1353,135.3,43.60981,3.912434,22.54898,0,12.05416,10.41343,10,1393263626,-0.9780731,0.01580811,0.08103943,-5.35022,8.134995,-17.79403,298.1454,297.4344,25,0.01611639,-0.0147113,-0.01260607,0.1016491,-1.651714,-0.06949476,-0.000616934,-0.02487873,-0.01238619,-0.0632036,-0.03324499,-0.04358619,3
2014-02-24 18:40:26.835,1354,135.4,43.60981,3.912434,22.54898,0,12.05416,10.41343,10,1393263626,-1.001526,0.03422546,0.07478333,-5.843351,7.863162,-18.30639,298.1273,297.4163,25,0.004597415,0.01733452,0.03741395,0.1015184,-1.65174,-0.06976803,-0.01213587,0.007167101,0.03763384,0.01622789,-0.05390334,0.0003807828,3
2014-02-24 18:40:26.947,1355,135.5,43.60981,3.912434,22.54898,0,12.05416,10.41343,10,1393263626,-1.013687,0.08143616,0.08308411,-5.624182,7.75443,-18.53411,297.9569,297.2459,25,0.01569454,-0.002979012,0.03771862,0.1015418,-1.652793,-0.07007094,-0.001038671,-0.01314638,0.0379385,-0.007331474,-0.03578815,-0.006920889,3
2014-02-24 18:40:27.051,1356,135.6,43.60981,3.912434,22.54898,0,12.05416,10.41343,10,1393263626,-1.079773,0.04660034,0.02500916,-4.966679,7.428228,-18.30639,297.8807,297.1697,25,0.01230088,0.05217239,-0.007429953,0.1012644,-1.653821,-0.06775904,-0.004431472,0.04199887,-0.007217377,-0.01941856,0.01372896,0.0003451437,3
2014-02-24 18:40:27.164,1357,135.7,43.60981,3.912434,22.54898,0,12.05416,10.41343,10,1393263626,-1.045258,0.05622864,0.08483887,-5.459803,7.808797,-18.81875,297.7999,297.0889,25,0.01453074,-0.00305358,0.02949664,0.1011491,-1.653309,-0.06848342,-0.002201576,-0.01322707,0.02970922,-0.01939492,-0.02118869,-0.03889055,3
2014-02-24 18:40:27.259,1358,135.8,43.60981,3.912434,22.54898,0,12.05416,10.41343,10,1393263626,-1.044846,0.007995605,0.03544617,-6.117308,8.678663,-18.36332,297.8,297.089,25,0.008179899,0.01294137,0.05156839,0.1010593,-1.654738,-0.06529275,-0.008552581,0.002766374,0.0517699,-0.01754617,-0.06753518,0.009795957,3
2014-02-24 18:40:27.403,1359,135.9,43.60981,3.912434,22.54898,0,12.05416,10.41343,10,1393263626,-1.117218,0.02334595,0.0003814697,-6.391268,7.754433,-18.42025,297.795,297.084,25,0.01564341,-0.08217263,0.05608777,0.1009977,-1.647728,-0.06657574,-0.01461339,-0.02113091,0.04373229,-0.07415155,0.004487836,-0.09070829,3
2014-02-24 18:40:27.553,1360,136,43.60981,3.912434,22.54898,0,12.05416,10.41343,10,1393263626,-1.128632,0.10495,0.07963562,-5.788557,7.700061,-19.16033,297.7131,297.0021,25,0.007272827,0.01261619,0.01167743,0.1010359,-1.649446,-0.06739581,-0.00109168,-0.09233236,0.05628803,-0.1225725,-0.04399885,-0.07800866,3
2014-02-24 18:40:27.666,1361,136.1,43.60981,3.912434,22.54898,0,12.05416,10.63498,10,1393263627,-1.036591,0.04664612,0.02746582,-4.747509,7.428231,-18.64797,297.534,296.823,25,0.01232111,-0.006713829,-0.0009893643,0.1008493,-1.650044,-0.06779564,-0.0094622,0.002456506,0.01187769,-0.1340601,0.03720623,0.0006524284,3
2014-02-24 18:40:27.747,1362,136.2,43.60981,3.912434,22.54898,0,12.05416,10.63498,10,1393263627,-1.105347,0.1286469,-0.02072144,-6.665224,7.482596,-18.02175,297.4155,296.7045,25,-0.003759318,0.02607448,0.00440114,0.1005488,-1.649773,-0.06790263,-0.004413834,-0.01687347,-0.0007891054,-0.04200489,-0.02120435,-0.05124647,3
2014-02-24 18:40:27.881,1363,136.3,43.60981,3.912434,22.54898,0,12.05416,10.63498,10,1393263627,-1.061356,0.06053162,0.07780457,-6.500849,8.40683,-17.7371,297.4528,296.7418,25,0.01208356,-0.1468566,0.04964638,0.1003371,-1.647661,-0.06789806,-0.02049521,0.01592054,0.004599411,-0.0433207,-0.007070144,-0.03072896,3
2014-02-24 18:40:27.978,1364,136.4,43.60981,3.912434,22.54898,0,12.05416,10.63498,10,1393263627,-0.9944153,0.06816101,0.09999084,-6.281685,8.733027,-17.39552,297.5051,296.7941,25,0.002674879,-0.004718855,-0.02573679,0.1002779,-1.650046,-0.06811843,-0.004652249,-0.1570105,0.04984465,-0.03776859,-0.02373898,-0.08266021,3
2014-02-24 18:40:28.079,1365,136.5,43.60981,3.912434,22.54898,0,12.05416,10.63498,10,1393263627,-0.9842072,0.07264709,0.06007385,-6.774809,7.917527,-16.99702,297.5746,296.8636,25,-0.001263137,-0.02941115,0.008486163,0.1000214,-1.651322,-0.06827161,-0.01406085,-0.01487269,-0.02553852,-0.09092014,0.07277262,0.01325484,3
2014-02-24 18:40:28.167,1366,136.6,43.60981,3.912434,22.54898,0,12.05416,10.63498,10,1393263627,-1.013229,0.05853271,0.08911133,-6.336473,7.700058,-18.02175,297.5717,296.8607,25,0.002447978,-0.06336433,0.01119939,0.09950197,-1.652126,-0.06834603,-0.0179983,-0.03956822,0.008684672,-0.01078985,0.01343324,-0.06907202,3
2014-02-24 18:40:28.311,1367,136.7,43.60981,3.912434,22.54898,0,12.05416,10.63498,10,1393263627,-1.022888,0.1042633,0.03599548,-5.733763,8.189354,-18.64797,297.5571,296.8461,25,0.005037902,-0.06007506,-0.005230981,0.09929094,-1.653864,-0.06831546,-0.01428714,-0.07352137,0.0113979,0.01002013,0.004384756,-0.02270519,3
2014-02-24 18:40:28.501,1368,136.8,43.60981,3.912434,22.54898,0,12.05416,10.63498,10,1393263627,-0.9720459,0.07029724,0.04850769,-5.843349,7.428225,-17.96482,297.5471,296.8362,25,-0.002332663,0.02023203,-0.01898994,0.0990583,-1.655815,-0.06764708,-0.01179815,-0.07019174,-0.004988342,-0.01912019,-0.009062784,0.00438948,3
2014-02-24 18:40:28.586,1369,136.9,43.60981,3.912434,22.54898,0,12.05416,9.5,5,1393263628,-0.9720459,0.07029724,0.04850769,-3.706465,8.787398,-18.47718,297.4583,296.7473,25,-0.002236256,-0.1541986,-0.004382498,0.09844272,-1.657625,-0.06712917,-0.0190722,-0.1643152,-0.004139861,0.02243131,0.03784067,-0.07433254,3
2014-02-24 18:40:28.764,1370,137,43.60981,3.912434,22.54898,0,12.05416,9.5,5,1393263628,-0.9813843,0.0844574,0.04830933,-5.733765,7.319492,-16.71238,297.5373,296.8263,25,0.007724499,-0.02518258,-0.03839293,0.09819309,-1.657639,-0.06656832,-0.00911206,-0.03529346,-0.03814996,-0.005868157,0.03829345,-0.04055154,3
2014-02-24 18:40:28.880,1371,137.1,43.60981,3.912434,22.54898,0,12.05416,9.5,5,1393263628,-0.9605865,0.08526611,0.08561707,-5.67897,7.591329,-16.65545,297.5705,296.8595,25,0.001446096,-0.08057793,-0.01445005,0.09806086,-1.657068,-0.0668785,-0.01539114,-0.090683,-0.01420457,0.0126694,0.01762874,-0.0376629,3
2014-02-24 18:40:28.977,1372,137.2,43.60981,3.912434,22.54898,0,12.05416,9.5,5,1393263628,-0.9897461,0.07913208,0.1116333,-5.514595,7.75443,-16.71238,297.6077,296.8967,25,0.00272761,-0.09193871,-0.0190195,0.09796579,-1.659218,-0.06640762,-0.01410955,-0.1020437,-0.01877402,0.03331127,0.01890729,-0.002494391,3
2014-02-24 18:40:29.086,1373,137.3,43.60981,3.912434,22.54898,0,12.05416,9.5,5,1393263628,-1.028793,0.04768372,0.05583191,-5.185846,7.863162,-18.07868,297.5901,296.8792,25,0.002955043,-0.0004639227,-0.06096881,0.0977624,-1.661232,-0.06631507,-0.01388165,-0.01057242,-0.06072108,0.003978302,0.0128656,0.02151904,3
2014-02-24 18:40:29.170,1374,137.4,43.60981,3.912434,22.54898,0,12.05416,9.5,5,1393263628,-0.9836426,0.08085632,0.09512329,-6.007725,8.026266,-18.13561,297.6425,296.9315,25,0.01400636,-0.06375155,-0.048514,0.09744947,-1.661799,-0.06576791,-0.002830263,-0.07386,-0.04826628,-0.03508424,-0.0180368,-0.0348491,3
2014-02-24 18:40:29.272,1375,137.5,43.60981,3.912434,22.54898,0,12.05416,9.5,5,1393263628,-1.029053,0.01280212,0.059021,-6.172098,7.863162,-19.33112,297.6087,296.8977,25,0.008822787,-0.0590058,-0.01693611,0.09729268,-1.663368,-0.06523506,-0.008013793,-0.06911423,-0.01668838,0.04416798,-0.03102437,-0.002231278,3
2014-02-24 18:40:29.480,1376,137.6,43.60981,3.912434,22.54898,0,12.05416,9.5,5,1393263628,-0.9836426,0.03013611,0.1150208,-5.95293,8.40683,-19.33112,297.4895,296.7785,25,-0.003384878,-0.01051656,-0.03629649,0.09705215,-1.664138,-0.06524791,-0.02022131,-0.02062553,-0.03604624,0.03915197,0.01292338,-0.01021379,3
2014-02-24 18:40:29.579,1377,137.7,43.60981,3.912434,22.54898,0,12.05416,9.5,5,1393263629,-0.9482422,0.03102112,0.07444763,-5.131056,8.896132,-19.16033,297.4713,296.7603,25,0.00887818,-0.09075733,-0.01897183,0.0969307,-1.665835,-0.06483493,-0.00795817,-0.1008663,-0.01872158,0.0119656,-0.04174875,0.01260344,3
2014-02-24 18:40:29.666,1378,137.8,43.60981,3.912434,22.54898,0,12.05416,9.5,5,1393263629,-0.9482422,0.03102112,0.07444763,-4.637924,8.080634,-18.07867,297.4623,296.7513,25,-0.001295894,-0.05881298,0.01698458,0.09642757,-1.667216,-0.06298155,-0.0264512,-0.002488075,-0.02924982,0.00973913,-0.03280382,0.01894085,3
2014-02-24 18:40:29.766,1379,137.9,43.60981,3.912434,22.54898,0,12.05416,9.5,5,1393263629,-0.9915771,-0.00881958,0.08204651,-5.021467,7.156394,-18.7049,297.3292,296.6182,25,-0.01338265,0.02465102,-0.02265844,0.09612419,-1.667942,-0.06281365,-0.01813195,-0.06892512,0.0172298,0.04508004,-0.03175123,-0.02235417,3
2014-02-24 18:40:29.871,1380,138,43.60981,3.912434,22.54898,0,12.05416,9.5,5,1393263629,-0.9751587,0.06362915,0.08560181,-6.172098,7.75443,-17.62324,297.2584,296.5474,25,-0.00237048,-0.06237097,-0.001760882,0.09580684,-1.667754,-0.05908102,-0.03021916,0.01454122,-0.02242427,0.001989531,-0.06786624,-0.01459068,3
2014-02-24 18:40:29.983,1381,138.1,43.60981,3.912434,22.54898,0,12.05416,9.5,5,1393263629,-1.031113,0.05485535,0.07624817,-6.226892,8.896126,-17.56631,297.3871,296.6761,25,-0.005055745,0.01707246,0.01386149,0.09509926,-1.669674,-0.05883668,-0.01415353,-0.04653379,-0.02167379,-0.03176804,-0.04986109,-0.009205146,3
2014-02-24 18:40:30.085,1382,138.2,43.60981,3.912434,22.54898,0,12.05416,9.5,5,1393263629,-1.017029,0.05741882,0.06370544,-6.774809,8.569927,-18.24947,297.433,296.722,25,-0.02236869,0.04306092,0.02048024,0.09444167,-1.671013,-0.05848514,-0.02189163,0.00695815,0.01409412,-0.02399162,-0.0446426,-0.003671158,3
2014-02-24 18:40:30.210,1383,138.3,43.60981,3.912434,22.54898,0,12.05416,9.5,5,1393263629,-0.9492493,0.05645752,0.1386261,-6.720016,8.40683,-18.19253,297.4528,296.7418,25,0.006407033,-0.1394447,-0.01030883,0.09401113,-1.670892,-0.05815611,-0.03920451,0.03294665,0.02071287,0.08980907,-0.01106523,-0.01514967,3
2014-02-24 18:40:30.466,1384,138.4,43.60981,3.912434,22.54898,0,12.05416,9.5,5,1393263629,-1.012009,0.0007324219,0.1002808,-5.131052,7.373863,-18.36332,297.2574,296.5464,25,-0.001334776,-0.0168887,0.01540159,0.09323938,-1.674711,-0.05567669,-0.02310778,0.06919221,0.002907335,0.04381523,0.0008095917,0.03505865,3
2014-02-24 18:40:30.594,1385,138.5,43.60981,3.912434,22.54898,0,12.05416,9.5,5,1393263629,-1.012955,0.04165649,0.1048279,-4.69272,7.37386,-18.24946,297.2143,296.5033,25,-0.001622664,0.0105613,0.04680479,0.09280684,-1.673752,-0.05577733,-0.01817021,-0.02700912,0.01562446,0.00341172,-0.04395337,-0.0626209,3
2014-02-24 18:40:30.696,1386,138.6,43.60981,3.912434,22.54898,0,12.05416,11.18094,10,1393263630,-1.012955,0.04165649,0.1048279,-5.021471,7.156391,-17.90789,297.1656,296.4546,25,0.000978179,-0.03710289,0.03673751,0.09229806,-1.674208,-0.05493456,-0.01585781,-0.04722106,0.03695322,0.00368589,0.01807585,-0.01185457,3
2014-02-24 18:40:30.795,1387,138.7,43.60981,3.912434,22.54898,0,12.05416,11.18094,10,1393263630,-1.049179,0.01234436,0.07049561,-6.226889,7.700061,-18.02175,297.1289,296.4179,25,0.0171979,0.08166797,-0.008843825,0.09229806,-1.674208,-0.05493456,-0.01585781,-0.04722106,0.03695322,0.00368589,0.01807585,-0.01185457,3
2014-02-24 18:40:30.865,1388,138.8,43.60981,3.912434,22.54898,0,12.05416,11.18094,10,1393263630,-1.049179,0.01234436,0.07049561,-6.720016,8.40683,-17.28167,297.1599,296.4489,25,0.002028796,0.1193059,0.0352211,0.09164128,-1.67512,-0.05732299,-0.01480531,0.1091756,0.03544305,0.01233882,-0.01949558,-0.02115405,3
2014-02-24 18:40:30.970,1389,138.9,43.60981,3.912434,22.54898,0,12.05416,11.18094,10,1393263630,-0.9575653,0.07931519,0.1012878,-5.898138,9.113594,-17.56631,297.3503,296.6393,25,0.02065894,-0.01543515,0.03436889,0.09147148,-1.67547,-0.05797196,0.003824915,-0.02556539,0.03459084,-0.05632306,-0.04559513,-0.03381137,3
2014-02-24 18:40:31.093,1390,139,43.60981,3.912434,22.54898,0,12.05416,11.18094,10,1393263630,-0.9968567,0.03739929,0.1148071,-6.172098,8.080627,-17.96482,297.5341,296.8231,25,0.006855776,0.1024555,0.04950896,0.09122758,-1.674814,-0.05829119,-0.009977985,0.09232251,0.0497299,0.03534045,0.021057,-0.002366089,3
2014-02-24 18:40:31.198,1391,139.1,43.60981,3.912434,22.54898,0,12.05416,11.18094,10,1393263630,-1.021179,0.06253052,0.06558228,-5.185846,8.298097,-18.07868,297.5572,296.8462,25,0.008510131,0.04771266,0.005481052,0.09117212,-1.674543,-0.0584854,-0.008323598,0.03757966,0.005701988,-0.05430343,0.05046518,-0.05016117,3
2014-02-24 18:40:31.296,1392,139.2,43.60981,3.912434,22.54898,0,12.05416,11.18094,10,1393263630,-0.9404907,0.08287048,0.09268188,-5.295429,8.189363,-19.21726,297.5273,296.8163,25,0.009702162,0.1303996,-0.002352637,0.09100397,-1.670516,-0.06131623,-0.007131192,0.1202726,-0.002122612,0.001905485,0.05543666,-0.03384614,3
2014-02-24 18:40:31.478,1393,139.3,43.60981,3.912434,22.54898,0,12.05416,11.18094,10,1393263630,-0.9566956,0.1233826,0.1263428,-6.007721,8.134998,-17.90789,297.5178,296.8068,25,0.01845331,0.03523895,-0.004859204,0.09095925,-1.669406,-0.0614103,0.001620034,0.02511199,-0.00462918,-0.003239619,0.02052221,-0.03547469,3
2014-02-24 18:40:31.582,1394,139.4,43.60981,3.912434,22.54898,0,12.05416,11.6564,10,1393263631,-0.9566956,0.1233826,0.1263428,-5.131052,7.373863,-17.3386,297.6349,296.924,25,-0.002676211,0.194904,-0.003101251,0.09084671,-1.668278,-0.06295975,-0.001146682,0.03558231,0.03161235,-0.05289257,0.0312896,-0.004788244,3
2014-02-24 18:40:31.664,1395,139.5,43.60981,3.912434,22.54898,0,12.05416,11.6564,10,1393263631,-1.003906,0.1068573,0.03912354,-6.391268,7.971895,-17.62324,297.6382,296.9272,25,0.003901265,0.1220844,-0.04455921,0.09069424,-1.666497,-0.0628107,-0.01950913,0.1847787,-0.002866802,0.0367657,0.06061316,0.03097647,3
2014-02-24 18:40:31.767,1396,139.6,43.60981,3.912434,22.54898,0,12.05416,11.6564,10,1393263631,-0.9920959,0.1087799,0.06752014,-5.898138,8.243729,-18.1356,297.6423,296.9313,25,0.008820922,0.01684343,-0.0282343,0.09052364,-1.663754,-0.06237062,-0.01293159,0.1119592,-0.04432476,-0.01015975,0.04452711,-0.05352009,3
2014-02-24 18:40:31.929,1397,139.7,43.60981,3.912434,22.54898,0,12.05416,11.6564,10,1393263631,-0.9753571,0.1243286,0.06369019,-5.733765,7.863162,-18.30639,297.6355,296.9245,25,-0.002454103,0.1505368,-0.02378229,0.09039023,-1.661222,-0.06286651,-0.008012011,0.006723963,-0.0279982,0.001851064,0.0459548,-0.02260391,3
2014-02-24 18:40:32.046,1398,139.8,43.60981,3.912434,22.54898,0,12.05416,11.6564,10,1393263631,-1.036179,0.0735321,0.02337646,-5.843349,7.971898,-18.64797,297.6447,296.9337,25,0.008640893,0.08267864,-0.01597444,0.09014921,-1.659739,-0.06249857,-0.01928699,0.1404173,-0.02354619,-0.028038,-0.007739877,-0.002546944,3
2014-02-24 18:40:32.134,1399,139.9,43.60981,3.912434,22.54898,0,12.05416,11.6564,10,1393263631,-1.060287,0.07406616,0.02210999,-5.185846,8.080631,-17.7371,297.5596,296.8486,25,-0.006292783,0.1053698,0.001257012,0.08998477,-1.654749,-0.06213652,-0.008192351,0.07257026,-0.01573783,-0.05360177,0.009711318,-0.06239121,3
2014-02-24 18:40:32.261,1400,140,43.60981,3.912434,22.54898,0,12.05416,11.6564,10,1393263631,-1.065414,0.026474,0.04679871,-6.391264,7.319495,-16.82623,297.5467,296.8357,25,0.002846919,0.01096184,-0.04935024,0.08978997,-1.653904,-0.06144083,-0.02312595,0.09526151,0.001493625,0.04604448,-0.0104836,-0.01734968,3
2014-02-24 18:40:32.448,1401,140.1,43.60981,3.912434,22.54898,0,12.05416,11.98544,10,1393263632,-1.035263,0.0736084,0.03607178,-6.555641,8.678663,-17.56631,297.7085,296.9975,25,-0.003344664,0.03698998,-0.0484911,0.08945378,-1.652998,-0.06095657,-0.01398621,0.0008535385,-0.04911363,-0.06551518,0.01314734,-0.05984715,3
2014-02-24 18:40:32.546,1402,140.2,43.60981,3.912434,22.54898,0,12.05416,11.98544,10,1393263632,-1.064072,0.05929565,0.03778076,-6.500849,8.406826,-17.85095,297.7427,297.0317,25,-0.005975867,0.0280809,-0.02614026,0.08934072,-1.649495,-0.06315736,-0.02017768,0.02689367,-0.04824467,-0.07049718,-0.03664139,-0.03166221,3
2014-02-24 18:40:32.660,1403,140.3,43.60981,3.912434,22.54898,0,12.05416,11.98544,10,1393263632,-1.062164,0.02328491,0.02539062,-6.336473,8.787395,-18.47718,297.7932,297.0822,25,-0.004879178,0.01237198,-0.00720678,0.08885376,-1.649123,-0.06267214,-0.0228088,0.01798464,-0.02589382,-0.04028624,0.01097728,-0.04202092,3
2014-02-24 18:40:32.766,1404,140.4,43.60981,3.912434,22.54898,0,12.05416,11.98544,10,1393263632,-1.042389,-0.01591492,0.04833984,-6.117308,8.896129,-18.24947,297.8411,297.1301,25,-0.007459781,0.06680859,-0.0007241135,0.08852236,-1.64738,-0.06161103,-0.0217122,0.002282294,-0.006963059,-0.06889455,-0.002276401,-0.03858288,3
2014-02-24 18:40:32.865,1405,140.5,43.60981,3.912434,22.54898,0,12.05416,11.98544,10,1393263632,-0.9934082,0.05149841,0.007461548,-5.898138,7.808794,-18.47718,297.8534,297.1424,25,-0.01332619,-0.04106328,-0.01967037,0.08812241,-1.646959,-0.0610407,-0.02429275,0.05671893,-0.0004803924,-0.004786508,0.003908086,-0.02771445,3
2014-02-24 18:40:32.963,1406,140.6,43.60981,3.912434,22.54898,0,12.05416,11.98544,10,1393263632,-0.9934082,0.05149841,0.007461548,-5.62418,7.319495,-18.19253,297.8054,297.0944,25,-0.01561198,0.01308518,-0.04954838,0.08743215,-1.64508,-0.06028944,-0.03244498,0.003007631,-0.0493047,-0.0551067,0.01684974,-0.01675303,3
2014-02-24 18:40:33.085,1407,140.7,43.60981,3.912434,22.54898,0,12.05416,11.98544,10,1393263632,-1.0569,0.002410889,0.05487061,-5.898142,7.37386,-17.79403,297.7276,297.0166,25,0.001621865,-0.04339142,-0.04179272,0.08708066,-1.643018,-0.05841509,-0.01521111,-0.05346135,-0.0415559,-0.06850185,-0.03599723,-0.04080161,3
2014-02-24 18:40:33.394,1408,140.8,43.60981,3.912434,22.54898,0,12.05416,11.98544,10,1393263632,-1.022018,-0.02740479,0.04086304,-6.44606,8.461197,-17.68017,297.6967,296.9857,25,0.001296427,-0.02496128,-0.00443656,0.08667637,-1.644137,-0.05846382,-0.0155365,-0.03503118,-0.004199742,-0.06129221,-0.05601963,-0.01827956,3
2014-02-24 18:40:33.591,1409,140.9,43.60981,3.912434,22.54898,0,12.05416,11.98544,10,1393263632,-0.9865417,-0.05288696,0.07461548,-6.281677,9.059232,-17.62324,297.8471,297.1361,25,-0.005313539,0.05128609,0.04050642,0.08616518,-1.643608,-0.05831746,-0.02214639,0.04121624,0.04074323,-0.0263635,-0.08568919,-0.03176048,3
2014-02-24 18:40:33.699,1410,141,43.60981,3.912434,22.54898,0,12.05416,11.98544,10,1393263632,-0.9889526,0.01393127,0.06338501,-6.391268,7.863162,-18.98954,297.8682,297.1572,25,0.01091257,-0.09145375,0.03384372,0.08612698,-1.64217,-0.05895408,-0.005920503,-0.1015101,0.03408315,0.009179388,-0.1118069,0.003426577,3
2014-02-24 18:40:33.783,1411,141.1,43.60981,3.912434,22.54898,0,12.05416,12.19275,10,1393263633,-0.9080658,0.0262146,0.0856781,-6.172098,7.536961,-18.98954,297.8372,297.1262,25,0.002465555,0.02039076,-0.00369487,0.08586412,-1.642292,-0.05909287,-0.01436747,0.01033444,-0.003455437,0.03839837,0.01413793,0.0134528,3
2014-02-24 18:40:33.884,1412,141.2,43.60981,3.912434,22.54898,0,12.05416,12.19275,10,1393263633,-0.9862823,-0.02285767,0.08805847,-5.021471,7.37386,-19.61576,297.7686,297.0576,25,0.005049087,-0.05329358,-0.007643272,0.0857631,-1.642357,-0.05810587,-0.01178373,-0.06334554,-0.007408811,0.01557846,-0.02754034,-0.02461056,3
2014-02-24 18:40:33.984,1413,141.3,43.60981,3.912434,22.54898,0,12.05416,12.19275,10,1393263633,-0.9753418,-0.01325989,0.07055664,-2.994169,7.863162,-18.98954,297.7042,296.9932,25,0.006331399,-0.01597684,-0.01972603,0.0855567,-1.642495,-0.05840277,-0.01050136,-0.02602876,-0.01949157,0.06251793,0.02114398,-0.006039214,3
2014-02-24 18:40:34.162,1414,141.4,43.60981,3.912434,22.54898,0,12.05416,12.19275,10,1393263633,-0.9753418,-0.01325989,0.07055664,-2.1175,6.775828,-18.42025,297.6047,296.8937,25,0.0008575378,0.0264095,0.04198181,0.08527245,-1.642974,-0.05881162,-0.009694124,-0.01315343,0.03083365,0.009389553,-0.08163539,0.0160679,3
2014-02-24 18:40:34.273,1415,141.5,43.60981,3.912434,22.54898,0,12.05416,12.19275,10,1393263633,-0.9712219,0.02459717,0.07714844,-6.062513,7.210763,-17.85096,297.2711,296.5601,25,0.01817208,-0.05052256,0.042899,0.0848873,-1.642723,-0.06070836,-0.01606835,0.01639108,0.04226648,0.02023518,-0.07393096,-0.001175545,3
2014-02-24 18:40:34.467,1416,141.6,43.60981,3.912434,22.54898,0,12.05416,12.19275,10,1393263633,-0.9186096,0.04646301,0.09417725,-5.131048,7.917527,-18.1356,297.1952,296.4842,25,-0.005362541,0.07737122,0.04259779,0.0848033,-1.644213,-0.06112262,0.001236606,-0.06053614,0.04318833,0.02422193,-0.0364874,0.003934938,3
2014-02-24 18:40:34.582,1417,141.7,43.60981,3.912434,22.54898,0,12.05416,12.19275,10,1393263633,-0.894455,-0.009719849,0.1212006,-3.158546,7.37386,-19.38805,297.0259,296.3149,25,0.0197042,-0.0485433,0.005354818,0.08441766,-1.644973,-0.05995512,-0.02229779,0.06735221,0.042881,0.07684874,-0.01345619,0.02020187,3
2014-02-24 18:40:34.695,1418,141.8,43.60981,3.912434,22.54898,0,12.05416,12.71901,10,1393263634,-1.011688,-0.03764343,0.03422546,-4.418756,6.993294,-17.73709,296.7804,296.0694,25,-0.00909576,0.1056849,0.04345879,0.08431935,-1.645974,-0.06024814,0.002768997,-0.05856228,0.00563802,0.08429448,-0.03585868,0.0184896,3
2014-02-24 18:40:34.794,1419,141.9,43.60981,3.912434,22.54898,0,12.05416,12.71901,10,1393263634,-1.011185,-0.01765442,0.03996277,-5.569389,7.591329,-17.56631,296.7708,296.0598,25,0.006940464,-0.004040015,0.05524169,0.08389842,-1.644611,-0.06119768,-0.0260309,0.09566595,0.04374199,0.07535082,-0.02986371,-0.01152178,3
2014-02-24 18:40:34.894,1420,142,43.60981,3.912434,22.54898,0,12.05416,12.71901,10,1393263634,-1.056641,0.03631592,0.05560303,-5.514597,7.863162,-17.50939,296.8151,296.1041,25,0.001627191,-0.01048833,0.104524,0.08363234,-1.642467,-0.05854481,-0.009994442,-0.01405229,0.05550863,-0.0406836,-0.01792299,-0.05274925,3
2014-02-24 18:40:35.009,1421,142.1,43.60981,3.912434,22.54898,0,12.05416,12.71901,10,1393263634,-0.9675751,0.06584167,0.0008239746,-5.405012,8.2981,-18.53411,296.8163,296.1053,25,0.01043373,-0.05476018,0.0874441,0.08322304,-1.642971,-0.06012793,-0.01530768,-0.02050058,0.1047909,-0.01559061,-0.07774612,-0.03201919,3
2014-02-24 18:40:35.132,1422,142.2,43.60981,3.912434,22.54898,0,12.05416,12.71901,10,1393263634,-1.060272,0.02336121,0.04103088,-4.254381,7.265127,-20.18505,296.7396,296.0286,25,-0.01437601,0.1614675,0.07922984,0.08302697,-1.64337,-0.06054304,-0.006501084,-0.06476904,0.08770657,-0.06110027,-0.02419014,-0.01677391,3
2014-02-24 18:40:35.335,1423,142.3,43.60981,3.912434,22.54898,0,12.05416,12.71901,10,1393263634,-1.019714,0.05715942,0.01782227,-2.720213,7.047662,-18.70489,296.4615,295.7505,25,0.0120058,0.01963096,0.03394359,0.08233567,-1.642864,-0.06268055,0.002358525,-0.16908,0.07005651,-0.05416077,0.003736215,-0.1139173,3
2014-02-24 18:40:35.508,1424,142.4,43.60981,3.912434,22.54898,0,12.05416,12.71901,10,1393263634,-1.019714,0.05715942,0.01782227,-2.829796,7.37386,-17.56631,296.3721,295.6611,25,0.001100418,0.1042843,0.0001653823,0.08193129,-1.641864,-0.0625849,-0.01585952,0.09431823,0.0004372362,-0.04535538,0.07618886,-0.0138771,3
2014-02-24 18:40:35.717,1425,142.5,43.60981,3.912434,22.54898,0,12.05416,13.06637,10,1393263635,-1.003174,0.09832764,0.1064911,-4.637928,6.993297,-18.19254,296.3113,295.6003,25,0.009667807,-0.07899681,0.03371029,0.08157898,-1.642259,-0.06385634,-0.007292375,-0.08895425,0.0339807,-0.002769521,0.005126253,-0.01231199,3
2014-02-24 18:40:35.953,1426,142.6,43.60981,3.912434,22.54898,0,12.05416,13.06637,10,1393263635,-1.015869,0.1138458,0.005752563,-4.802301,7.700061,-19.50191,296.0727,295.3617,25,0.006995059,0.08873493,0.03439393,0.08137128,-1.641853,-0.06420332,-0.009965044,0.07877754,0.03466434,-0.00775239,0.03416842,0.03564086,3
2014-02-24 18:40:36.069,1427,142.7,43.60981,3.912434,22.54898,0,12.05416,13.06637,10,1393263635,-1.035385,0.09617615,0.1217346,-4.1448,7.265127,-18.02175,295.9819,295.2709,25,0.009901366,-0.02601802,-0.003170493,0.08113717,-1.640885,-0.06429631,-0.007058658,-0.03597537,-0.002900085,-0.02038559,0.0495938,-0.06413434,3
2014-02-24 18:40:36.149,1428,142.8,43.60981,3.912434,22.54898,0,12.05416,13.06637,10,1393263635,-1.054581,0.1269684,0.04423523,-3.322924,8.40683,-17.7371,297.3441,296.6331,25,0.01460025,-0.03029053,0.02507047,0.08106519,-1.642712,-0.0646379,-0.002359713,-0.04024784,0.02534087,-0.04005284,0.03158325,0.05003113,3
2014-02-24 18:40:36.282,1429,142.9,43.60981,3.912434,22.54898,0,12.05416,13.06637,10,1393263635,-1.051987,0.09707642,0.05717468,-1.569586,7.645697,-18.42025,294.8322,294.1212,25,0.002314553,0.07714086,0.006307697,0.08081497,-1.641541,-0.06463969,-0.01464536,0.06718358,0.006578104,-0.03378986,0.07621342,0.03239799,3
2014-02-24 18:40:36.480,1430,143,43.60981,3.912434,22.54898,0,12.05416,13.06637,10,1393263635,-1.032227,0.09791565,0.09638977,-4.802301,7.700065,-18.02174,296.5409,295.8299,25,0.01099992,0.03072276,0.004497813,0.08071543,-1.641405,-0.06449976,-0.00596375,0.02077893,0.004779362,-0.03178763,0.04896354,-0.02088829,3
2014-02-24 18:40:36.584,1431,143.1,43.60981,3.912434,22.54898,0,12.05416,45.89446,30,1393263636,-1.032227,0.09791565,0.09638977,-5.459803,7.591331,-17.3386,296.5429,295.8319,25,-0.003660515,0.105222,-0.01983203,0.08061542,-1.641544,-0.06429679,-0.007044931,-0.04277125,-0.003995488,-0.05485567,-0.002027157,-0.0004281227,3
2014-02-24 18:40:36.695,1432,143.2,43.60981,3.912434,22.54898,0,12.05416,45.89446,30,1393263636,-1.023987,0.06626892,0.02453613,-6.665224,7.482596,-16.88316,296.5502,295.8392,25,0.01371927,-0.01252858,-0.02086214,0.08044244,-1.641333,-0.06421047,-0.02062408,0.09527826,-0.01955048,-0.03676892,0.03374929,0.02605663,3
2014-02-24 18:40:36.797,1433,143.3,43.60981,3.912434,22.54898,0,12.05416,45.89446,30,1393263636,-1.000229,0.1188049,0.04881287,-7.377518,7.863162,-17.85096,296.5443,295.8333,25,0.002682868,0.02131035,-0.03068334,0.08020548,-1.640586,-0.06382902,-0.003244223,-0.02247231,-0.02058059,-0.02845256,0.002483236,-0.04505509,3
2014-02-24 18:40:36.925,1434,143.4,43.60981,3.912434,22.54898,0,12.05416,45.89446,30,1393263636,-1.036896,0.09085083,0.07102966,-6.939184,7.428225,-17.7371,296.519,295.808,25,0.01362926,-0.08262777,0.0009371664,0.07996061,-1.640487,-0.06370535,-0.01428055,0.01136666,-0.0304018,-0.004679843,0.05514266,-0.02067977,3
2014-02-24 18:40:37.100,1435,143.5,43.60981,3.912434,22.54898,0,12.05416,45.89446,30,1393263636,-0.9907074,0.04884338,0.06018066,-6.007725,7.482596,-18.13561,296.318,295.607,25,0.0002133192,-0.02058597,-0.02325925,0.07956564,-1.639407,-0.0614515,-0.03174674,0.09637786,-0.01381146,-0.02715459,0.01655958,0.05651163,3
2014-02-24 18:40:37.240,1436,143.6,43.60981,3.912434,22.54898,0,12.05416,45.89446,30,1393263636,-1.019257,0.06939697,0.05674744,-6.391268,8.080627,-17.16781,296.2278,295.5168,25,0.003732154,-0.01133282,-0.00337316,0.07929432,-1.636506,-0.06279228,-0.01673011,-0.03052245,-0.02295518,-0.03680899,0.03659895,-0.04914544,3
2014-02-24 18:40:37.336,1437,143.7,43.60981,3.912434,22.54898,0,12.05416,45.89446,30,1393263636,-1.014679,0.04437256,0.0579834,-5.788561,8.678659,-18.02175,296.2321,295.5211,25,-0.009634252,-0.0002809635,-0.02589844,0.0789559,-1.637037,-0.06246637,-0.01321122,-0.02126927,-0.003069096,-0.02577621,0.02302347,-0.006508403,3
2014-02-24 18:40:37.496,1438,143.8,43.60981,3.912434,22.54898,0,12.05416,14.31067,10,1393263637,-0.9873657,0.06893921,0.09127808,-7.322727,7.91753,-17.11088,295.9763,295.2653,25,-0.009566074,-0.01846077,-0.03158589,0.07856989,-1.637216,-0.06177173,-0.02657758,-0.01021739,-0.02559438,-0.02336461,0.00766452,-0.009496471,3
2014-02-24 18:40:37.569,1439,143.9,43.60981,3.912434,22.54898,0,12.05416,14.31067,10,1393263637,-0.9287872,-0.01173401,0.01158142,-7.048767,8.189361,-17.85096,294.9952,294.2842,25,-0.02430667,0.1251712,-0.05659137,0.07810453,-1.637036,-0.06152399,-0.02650943,-0.02839488,-0.03128021,-0.01875987,-0.01711262,-0.008082801,3
2014-02-24 18:40:37.671,1440,144,43.60981,3.912434,22.54898,0,12.05416,14.31067,10,1393263637,-0.9287872,-0.01173401,0.01158142,-6.939184,8.73303,-17.85096,296.434,295.723,25,-0.01821682,-0.01849033,-0.02697622,0.07713222,-1.632836,-0.05720245,-0.03515987,-0.02841166,-0.02668047,0.08650106,-0.05251732,-0.06971095,3
2014-02-24 18:40:37.768,1441,144.1,43.60981,3.912434,22.54898,0,12.05416,14.31067,10,1393263637,-0.9256592,-0.01095581,-0.00692749,-6.555643,8.896129,-18.36333,295.9181,295.2071,25,-0.01617657,-0.1233416,0.04093359,0.07713222,-1.632836,-0.05720245,-0.03515987,-0.02841166,-0.02668047,0.08650106,-0.05251732,-0.06971095,3
2014-02-24 18:40:37.866,1442,144.2,43.60981,3.912434,22.54898,0,12.05416,14.31067,10,1393263637,-0.9256592,-0.01095581,-0.00692749,-7.706272,8.733027,-18.87568,295.3832,294.6722,25,-0.02554264,0.1466763,-0.05915946,0.07572268,-1.635149,-0.05640024,-0.04248534,0.1367525,-0.05886636,0.01471486,-0.01559886,0.01367456,3
2014-02-24 18:40:37.995,1443,144.3,43.60981,3.912434,22.54898,0,12.05416,14.31067,10,1393263637,-1.02951,-0.006256104,0.04257202,-7.487103,9.059229,-17.39553,296.9995,296.2885,25,-0.01739124,-0.02148159,0.02350426,0.0745773,-1.637548,-0.05732203,-0.03429358,-0.03140941,0.02382258,-0.03235403,-0.01482544,-0.0390047,3
2014-02-24 18:40:38.092,1444,144.4,43.60981,3.912434,22.54898,0,12.05416,14.31067,10,1393263637,-0.9917755,0.04598999,0.07772827,-7.213144,9.331062,-18.36333,296.5928,295.8818,25,-0.002723881,-0.09372357,0.04663914,0.07372947,-1.640089,-0.05468008,-0.01962521,-0.103661,0.04694283,-0.03340124,-0.06090894,-0.02656133,3
2014-02-24 18:40:38.196,1445,144.5,43.60981,3.912434,22.54898,0,12.05416,14.31067,10,1393263637,-1.033218,0.02958679,0.02568054,-6.720016,8.841766,-18.07868,295.8762,295.1652,25,-0.004238687,0.02993872,0.06301412,0.07334694,-1.641333,-0.05553957,-0.02113995,0.02000131,0.06331781,0.00419974,-0.009521031,0.007359078,3
2014-02-24 18:40:38.370,1446,144.6,43.60981,3.912434,22.54898,0,12.05416,14.31067,10,1393263637,-1.033554,0.06706238,0.1004944,-5.35022,9.548525,-16.08615,299.9657,299.2547,25,0.007301323,-0.1277862,0.02947134,0.07310417,-1.63855,-0.05613082,-0.009600476,-0.1377108,0.02977289,-0.1086325,-0.004190948,-0.07411024,3
2014-02-24 18:40:38.511,1447,144.7,43.60984,3.91247,13.83886,2.789743,26.71699,9.5,5,1393263638,-1.033554,0.06706238,0.1004944,-4.583134,8.569927,-15.403,298.0417,297.3307,25,0.003322027,0.07283959,0.03451377,0.07289667,-1.640858,-0.05714099,-0.0022919,-0.09795905,0.03297454,-0.07691162,-0.02326591,0.00799069,3
2014-02-24 18:40:38.684,1448,144.8,43.60984,3.91247,13.83886,2.789743,26.71699,9.5,5,1393263638,-1.061478,0.1084442,0.08329773,-5.185844,9.820365,-16.3708,300.4151,299.7041,25,0.01709936,0.01044465,0.01413899,0.07234481,-1.643728,-0.05954378,-0.01194111,-0.06421737,0.01144122,-0.01896743,0.05789252,0.01492429,3
2014-02-24 18:40:38.809,1449,144.9,43.60984,3.91247,13.83886,2.789743,26.71699,9.5,5,1393263638,-1.020111,0.1122437,0.04376221,-4.473553,9.22233,-16.20001,299.4482,298.7372,25,0.002238387,0.01155599,0.02571682,0.07209581,-1.645315,-0.06047358,0.000260038,0.0005013812,0.01444858,-0.0660758,0.04800749,0.008983944,3
2014-02-24 18:40:38.988,1450,145,43.60984,3.91247,13.83886,2.789743,26.71699,9.5,5,1393263638,-0.9649353,0.06419373,0.05741882,-3.706465,9.439795,-15.17529,299.7885,299.0775,25,0.001015197,0.0296519,0.0220089,0.07166789,-1.646549,-0.06102791,-0.0034768,-0.1002353,0.03533895,-0.04194036,0.05750972,-0.04665485,3
2014-02-24 18:40:39.225,1451,145.1,43.60984,3.91247,13.83886,2.789743,26.71699,9.5,5,1393263638,-1.013626,0.08331299,0.06648254,-2.007917,10.58149,-12.84119,307.4414,306.7304,25,-0.002749447,0.05233617,0.02761672,0.07118765,-1.647938,-0.0612386,-0.005847937,-0.07883244,0.02102978,-0.007742037,0.03586083,-0.006516689,3
2014-02-24 18:40:39.351,1452,145.2,43.60984,3.91247,13.83886,2.789743,26.71699,9.5,5,1393263638,-0.9903107,0.06309509,0.1020203,-1.788748,10.69022,-11.93032,309.5768,308.8658,25,0.004939365,-0.04865808,0.005214203,0.07071541,-1.65042,-0.06244964,-0.01958836,0.04238525,0.02793033,0.03619412,0.01805054,0.03943611,3
2014-02-24 18:40:39.514,1453,145.3,43.60989,3.912503,12.82325,4.003313,29.12001,9.5,5,1393263639,-1.001831,0.1018677,0.04598999,0.5673008,11.39699,-11.98726,311.2756,310.5646,25,-0.01255041,0.1144816,0.01283883,0.07037932,-1.650736,-0.06248993,-0.01189948,-0.05860897,0.00552782,-0.01876523,0.02086372,-0.0132165,3
2014-02-24 18:40:39.712,1454,145.4,43.60989,3.912503,12.82325,4.003313,29.12001,9.5,5,1393263639,-0.9587708,0.1293182,0.1135864,3.032928,10.03783,-10.90559,309.3598,308.6488,25,0.009854495,-0.03502909,0.003955327,0.06927809,-1.652294,-0.06249159,-0.006900524,-0.04499015,0.004239707,0.01945466,-0.005520386,0.0434005,3
2014-02-24 18:40:39.872,1455,145.5,43.60989,3.912503,12.82325,4.003313,29.12001,9.5,5,1393263639,-0.9675293,0.0901947,0.05718994,3.800018,9.711629,-8.970001,313.395,312.684,25,-0.004630704,0.04382711,-0.04270432,0.06860834,-1.651454,-0.06470595,-0.02138546,0.03386007,-0.04240825,0.04506281,0.07704757,-0.02043473,3
2014-02-24 18:40:39.997,1456,145.6,43.60989,3.912503,12.82325,4.003313,29.12001,9.5,5,1393263639,-1.012299,0.04586792,-0.002471924,3.690434,9.494164,-7.14827,317.8666,317.1556,25,0.002566755,0.006707171,-0.01411822,0.06859208,-1.651034,-0.06537728,-0.01418778,-0.003256137,-0.01381767,0.02712397,0.02486399,-0.02278996,3
2014-02-24 18:40:40.089,1457,145.7,43.60989,3.912503,12.82325,4.003313,29.12001,9.5,5,1393263639,-1.012299,0.04586792,-0.002471924,5.271496,8.500859,-5.320477,321.0067,320.2957,25,0.004114584,0.06074537,-0.06155524,0.0685501,-1.649871,-0.06449701,-0.00775004,0.0950015,-0.06398523,0.003103289,0.06834494,0.0002124196,3
2014-02-24 18:40:40.189,1458,145.8,43.60989,3.912503,12.82325,4.003313,29.12001,9.5,5,1393263639,-0.9839783,0.05387878,0.08752441,3.353991,7.576627,-5.605091,321.096,320.385,25,0.008893893,-0.04662263,-0.02761432,0.06862801,-1.644897,-0.06294906,-0.01263957,0.0507956,-0.06125814,-0.01701795,-0.01703957,-0.0763577,3
2014-02-24 18:40:40.286,1459,145.9,43.60989,3.912503,12.82325,4.003313,29.12001,9.5,5,1393263639,-1.005936,0.05029297,0.07752991,3.90185,7.794092,-5.946636,320.6445,319.9335,25,0.001286307,0.07466944,-0.01831323,0.06868657,-1.645774,-0.06216332,-0.007787334,-0.0565783,-0.02733719,0.0265297,-0.002919193,-0.03293793,3
2014-02-24 18:40:40.495,1460,146,43.60989,3.912503,12.82325,4.003313,29.12001,9.5,5,1393263639,-1.011978,0.02894592,0.003509521,5.295885,9.28653,-4.890491,324.1162,323.4052,25,0.001386974,0.1107966,-0.03626134,0.06861293,-1.645348,-0.06170978,-0.01539484,0.06471381,-0.0180361,0.02324773,-0.00693735,0.03085314,3
2014-02-24 18:40:40.695,1461,146.1,43.60993,3.912534,17.45812,5.428697,30.00536,9.5,5,1393263640,-0.9926758,0.0390625,0.08459473,5.679388,10.75442,-3.695118,325.9734,325.2624,25,-0.003568902,0.008907475,-0.01654515,0.06819599,-1.643025,-0.06110065,-0.01424931,-0.01783293,0.005069481,-0.01644669,-0.03211672,-0.06852154,3
2014-02-24 18:40:40.800,1462,146.2,43.60993,3.912534,17.45812,5.428697,30.00536,9.5,5,1393263640,-0.983551,0.005630493,0.03521729,5.405462,11.35245,-3.865887,326.6694,325.9584,25,0.001291633,0.01240128,-0.009493637,0.0680725,-1.643007,-0.06089937,-0.02024988,-0.00104805,-0.01626803,0.02523859,-0.02645316,-0.01248959,3
2014-02-24 18:40:40.988,1463,146.3,43.60993,3.912534,17.45812,5.428697,30.00536,9.5,5,1393263640,-1.046295,0.02796936,0.0362854,5.788961,11.95048,-1.759754,329.1151,328.4041,25,0.004738296,0.0104047,0.02105948,0.06759302,-1.641882,-0.06071918,-0.02150437,0.06122898,-0.02275337,-0.001144112,-0.008740955,-0.01375084,3
2014-02-24 18:40:41.193,1464,146.4,43.60993,3.912534,17.45812,5.428697,30.00536,9.5,5,1393263640,-0.9724579,0.05995178,-0.0001678467,5.241102,16.08235,-1.076683,344.5136,343.8026,25,0.003489274,0.05116705,0.01713025,0.06692833,-1.641064,-0.06177225,-0.01319141,0.0412117,0.01740737,-0.05066551,-0.03376361,-0.03379052,3
2014-02-24 18:40:41.297,1465,146.5,43.60993,3.912534,17.45812,5.428697,30.00536,9.5,5,1393263640,-1.030457,0.0854187,0.02920532,4.693247,16.08235,-1.532066,345.3305,344.6195,25,0.008480038,0.01604448,0.01400157,0.06674847,-1.640438,-0.06220184,-0.008200568,0.006089179,0.01427868,0.0231889,-0.00220995,-0.06961849,3
2014-02-24 18:40:41.475,1466,146.6,43.60993,3.912534,17.45812,5.428697,30.00536,9.5,5,1393263640,-0.9605865,0.09695435,0.04846191,4.035818,18.03954,-3.467426,344.0721,343.3611,25,0.01712439,-0.03599369,0.01811189,0.06685042,-1.638647,-0.05925923,0.0004439975,-0.04593831,0.01837394,-0.03450879,0.02619414,-0.03847433,3
2014-02-24 18:40:41.577,1467,146.7,43.60993,3.912534,17.45812,5.428697,30.00536,9.5,5,1393263640,-1.007019,0.1157837,0.02436829,3.652319,18.31138,-3.296665,343.6922,342.9812,25,0.01331527,0.03314783,0.02209305,0.06677613,-1.638581,-0.05991076,-0.00336506,0.02320326,0.0223551,0.03532694,0.03707942,-0.01914963,3
2014-02-24 18:40:41.656,1468,146.8,43.60995,3.912582,20.69942,4.794222,57.36893,9.969868,10,1393263641,-1.064178,0.07012939,0.01818848,3.597534,19.34435,-3.581272,343.4489,342.7379,25,0.02088531,-0.02244858,0.007457916,0.0667939,-1.636871,-0.05885523,0.004205079,-0.03238672,0.007712918,-0.08024954,-0.03417831,-0.02996245,3
2014-02-24 18:40:41.754,1469,146.9,43.60995,3.912582,20.69942,4.794222,57.36893,9.969868,10,1393263641,-1.064178,0.07012939,0.01818848,4.03582,19.77927,-4.264347,343.0351,342.3241,25,0.02206749,-0.02125922,0.01332326,0.06673919,-1.636888,-0.05956922,0.0003446229,0.032277,0.01877569,-0.04451094,0.0652066,-0.01273388,3
2014-02-24 18:40:41.855,1470,147,43.60995,3.912582,20.69942,4.794222,57.36893,9.969868,10,1393263641,-0.9857025,0.1004639,0.03936768,3.981035,20.05111,-4.776646,342.6879,341.9769,25,0.02206749,-0.02125922,0.01332326,0.06676736,-1.637036,-0.05926806,0.005387437,-0.03119744,0.01357483,-0.00156465,-0.01818722,0.0008959625,3
2014-02-24 18:40:41.966,1471,147.1,43.60995,3.912582,20.69942,4.794222,57.36893,9.969868,10,1393263641,-0.9857025,0.1004639,0.03936768,3.597538,19.88801,-3.581272,342.5848,341.8738,25,0.02463078,-0.003227485,-0.002078597,0.06679344,-1.636959,-0.05974623,0.001701386,-0.002930096,0.008571012,-0.003571626,0.03408508,-0.0257595,3
2014-02-24 18:40:42.061,1472,147.2,43.60995,3.912582,20.69942,4.794222,57.36893,9.969868,10,1393263641,-0.9826202,0.1403351,0.04592896,2.767845,20.0326,-2.521137,343.1576,342.4466,25,0.009972473,0.04409955,-0.02262382,0.06686629,-1.637398,-0.06006873,0.007950838,-0.01316564,-0.001827035,0.0102808,0.04043125,-0.02706519,3
2014-02-24 18:40:42.134,1473,147.3,43.60995,3.912582,20.69942,4.794222,57.36893,9.969868,10,1393263641,-0.9822235,0.06773376,0.0776825,1.233856,21.01117,-2.862663,343.5448,342.8338,25,0.02340333,0.01034398,-0.004568919,0.06666419,-1.63849,-0.06087808,-0.006707361,0.03415451,-0.02236997,0.01324114,0.0794946,-0.02158805,3
2014-02-24 18:40:42.262,1474,147.4,43.60995,3.912582,20.69942,4.794222,57.36893,9.969868,10,1393263641,-0.9712982,0.03829956,0.04486084,0.6860085,21.77229,-3.090343,343.8032,343.0922,25,0.02468511,-0.001016529,-0.009138105,0.06672084,-1.638561,-0.06118459,0.006883978,0.0003950194,-0.004382978,0.02133538,0.07210858,-0.008824724,3
2014-02-24 18:40:42.452,1475,147.5,43.60995,3.912582,20.69942,4.794222,57.36893,9.969868,10,1393263641,-0.9895172,0.03593445,0.07394409,-0.4096966,22.42467,-4.911789,343.7382,343.0272,25,0.009894709,0.004553739,-0.006988401,0.06685259,-1.635931,-0.06442218,0.008165896,-0.01095749,-0.008940471,0.02869216,0.06443707,-0.04508703,3
2014-02-24 18:40:42.547,1476,147.6,43.60995,3.912582,20.69942,4.794222,57.36893,9.969868,10,1393263641,-0.9667969,0.05728149,0.05844116,-0.4096909,23.72943,-5.139469,343.6931,342.9821,25,0.01862429,0.002242648,-0.02095934,0.06692376,-1.636482,-0.06458019,-0.006624441,-0.005387182,-0.006790769,0.06195599,0.04291709,-0.00315463,3
2014-02-24 18:40:42.650,1477,147.7,43.60995,3.912582,20.69942,4.794222,57.36893,9.969868,10,1393263641,-0.9872894,0.121582,0.05773926,-1.176683,23.29451,-4.684113,343.8138,343.1028,25,0.002533998,0.002211223,-0.009382317,0.0669372,-1.634879,-0.0670424,0.002105261,-0.00769368,-0.02075257,0.05893794,0.04630433,-0.0279758,3
2014-02-24 18:40:42.746,1478,147.8,43.60995,3.912582,20.69942,4.794222,57.36893,9.969868,10,1393263641,-1.027725,0.04071045,0.06565857,-1.834108,22.96832,-6.050194,343.0576,342.3466,25,0.009925867,0.01018313,-0.01173549,0.06685987,-1.635061,-0.06718034,-0.01398498,-0.007725077,-0.009175541,0.02888776,-0.00984832,-0.005634473,3
2014-02-24 18:40:42.844,1479,147.9,43.60999,3.912656,20.3493,6.575364,59.44443,9,5,1393263642,-1.016632,0.007278442,0.02409363,-3.148952,22.96832,-5.59483,343.6292,342.9182,25,-0.007503989,0.1053419,-0.001100418,0.06671351,-1.635048,-0.06723456,-0.00659305,0.0002468655,-0.01152871,0.008392388,0.05439811,-0.006323534,3
2014-02-24 18:40:42.918,1480,148,43.60999,3.912656,20.3493,6.575364,59.44443,9,5,1393263642,-1.07045,0.04023743,0.005661011,-4.080299,24.10999,-5.651752,344.4398,343.7288,25,0.01637525,-0.0002474077,-0.04676457,0.06654309,-1.634118,-0.06878864,-0.02402287,0.095406,-0.0008873674,-0.03208966,-0.02802395,0.002528424,3
2014-02-24 18:40:43.044,1481,148.1,43.60999,3.912656,20.3493,6.575364,59.44443,9,5,1393263642,-1.025253,0.03825378,0.008163452,-5.340355,24.05563,-5.936352,345.0596,344.3486,25,0.001264469,-0.01360929,-0.002201635,0.06650765,-1.631117,-0.06950912,-0.01367789,-0.0395868,-0.02884827,-0.0298334,0.03163632,-0.05635457,3
2014-02-24 18:40:43.209,1482,148.2,43.60999,3.912656,20.3493,6.575364,59.44443,9,5,1393263642,-1.031128,0.01194763,0.07264709,-4.463793,23.9469,-7.074757,342.0483,341.3373,25,0.001198689,-0.03052568,0.008520784,0.06625973,-1.630728,-0.0698989,-0.01521105,-0.04042869,0.008689263,-0.02948619,-0.03158822,-0.05158579,3
2014-02-24 18:40:43.371,1483,148.3,43.60999,3.912656,20.3493,6.575364,59.44443,9,5,1393263642,-1.088562,0.02023315,0.07485962,-4.40901,23.89253,-7.473202,358.5785,357.8675,26,0.01230008,-0.0463153,0.007608385,0.06619545,-1.632046,-0.0696542,-0.004109588,-0.05621826,0.007776863,-0.03542344,-0.05765026,0.01158399,3
2014-02-24 18:40:43.559,1484,148.4,43.60999,3.912656,20.3493,6.575364,59.44443,9,5,1393263642,-0.9931183,-0.02389526,0.06166077,-5.504715,25.08857,-7.35936,359.5388,358.8278,26,0.001191765,0.02495142,0.0009406285,0.06611467,-1.632112,-0.07042329,-0.01521787,0.01504884,0.001112055,-0.09291529,-0.05013194,0.01373389,3
2014-02-24 18:40:43.659,1485,148.5,43.60999,3.912656,20.3493,6.575364,59.44443,9,5,1393263642,-1.033493,0.08747864,0.02719116,-6.764772,25.0342,-6.84708,0.2227211,359.5117,26,0.01222444,0.01149367,0.008216651,0.06606988,-1.63238,-0.07004921,-0.00418516,0.001591104,0.008388078,0.01138833,0.05831922,-0.02808412,3
2014-02-24 18:40:43.738,1486,148.6,43.60999,3.912656,20.3493,6.575364,59.44443,9,5,1393263642,-0.9930725,0.05314636,0.09619141,-7.257839,24.21872,-7.017838,0.2184792,359.5075,26,0.01605034,-0.06445729,0.003129214,0.06602646,-1.631993,-0.0712679,-0.0003590048,-0.07435603,0.00330489,0.003971399,0.02536529,-0.02265811,3
2014-02-24 18:40:43.864,1487,148.7,43.60999,3.912656,20.3493,6.575364,59.44443,9,5,1393263642,-0.9930725,0.05314636,0.09619141,-7.805693,23.67507,-7.473202,0.4585915,359.7476,26,0.01225187,0.05335244,-0.001576325,0.06609313,-1.633013,-0.07136925,0.004167381,0.04606551,0.03384682,0.03406806,-0.04469734,0.04937037,3
2014-02-24 18:40:43.938,1488,148.8,43.61003,3.912745,18.37401,8.189846,62.51223,9,5,1393263643,-1.012207,-0.02833557,0.07803345,-8.024834,23.45761,-7.017838,0.45261,359.7416,26,0.01225187,0.05335244,-0.001576325,0.06599552,-1.631648,-0.07122738,-0.004157334,0.04345378,-0.001400651,-0.001711486,-0.02359026,-0.05516639,3
2014-02-24 18:40:44.050,1489,148.9,43.61003,3.912745,18.37401,8.189846,62.51223,9,5,1393263643,-1.012207,-0.02833557,0.07803345,-8.243975,23.56634,-6.790154,0.488987,359.778,26,0.02319933,-0.0268143,0.02629232,0.06593648,-1.632042,-0.07159703,-0.001893724,-0.01275973,0.05071921,0.004829998,-0.06556969,-0.002502415,3
2014-02-24 18:40:44.146,1490,149,43.61003,3.912745,18.37401,8.189846,62.51223,9,5,1393263643,-1.012497,0.02658081,0.08740234,-8.298756,22.75086,-8.099319,2.192905,1.481902,26,0.01590626,0.07719039,-0.0006008091,0.06604623,-1.6328,-0.07161549,0.006946167,-0.0366874,0.02640242,-0.01668703,-0.09988987,0.01622797,3
2014-02-24 18:40:44.254,1491,149.1,43.61003,3.912745,18.37401,8.189846,62.51223,9,5,1393263643,-1.001114,0.07284546,0.03547668,-8.956181,23.72943,-7.871635,3.460716,2.749714,26,0.01688657,0.01404897,0.0399104,0.0659871,-1.632109,-0.07179929,-0.0003468251,0.06731734,-0.0004907111,-0.0169476,-0.0451568,0.02628593,3
2014-02-24 18:40:44.385,1492,149.2,43.61003,3.912745,18.37401,8.189846,62.51223,9,5,1393263643,-1.021194,0.01185608,0.08935547,-8.463114,23.67507,-8.270084,3.564995,2.853992,26,0.01700322,0.01167077,0.02585743,0.06592604,-1.631454,-0.07201619,0.0006335305,0.004175955,0.0400205,0.08135849,0.01795082,-0.01824277,3
2014-02-24 18:40:44.538,1493,149.3,43.61003,3.912745,18.37401,8.189846,62.51223,9,5,1393263643,-1.030121,-0.02226257,0.03683472,-8.353539,23.34888,-7.587036,3.247983,2.536981,26,0.01461996,0.07610302,0.006436062,0.06588987,-1.631705,-0.07230396,0.0007502373,0.001797789,0.02596753,0.02964108,-0.008062506,-0.007199506,3
2014-02-24 18:40:44.666,1494,149.4,43.61003,3.912745,18.37401,8.189846,62.51223,9,5,1393263643,-1.016891,0.01828003,0.0259552,-9.449242,24.43618,-7.587036,3.698336,2.987334,26,0.01460185,0.03423467,0.01505592,0.06562957,-1.63185,-0.06994599,-0.00163315,0.06622557,0.00653606,0.0111075,0.03240595,-0.04101506,3
2014-02-24 18:40:44.763,1495,149.5,43.61006,3.912852,16.35196,8.973712,65.59086,9,5,1393263644,-1.014069,0.05450439,0.08033752,-9.065746,25.46912,-8.782364,4.322598,3.611596,26,0.02335219,-0.06884937,0.01379997,0.06559195,-1.631113,-0.07032235,-0.001651228,0.02435723,0.01515591,-0.03440647,-0.09252698,-0.02329674,3
2014-02-24 18:40:44.839,1496,149.6,43.61006,3.912852,16.35196,8.973712,65.59086,9,5,1393263644,-1.05246,0.04676819,-0.003921509,-8.956179,24.59928,-9.465408,4.576372,3.86537,26,0.01350276,0.02730486,-0.0001368865,0.06550829,-1.63136,-0.07081964,0.00722782,-0.07871162,0.01385285,-0.02122699,-0.05248043,-0.03442019,3
2014-02-24 18:40:44.938,1497,149.7,43.61006,3.912852,16.35196,8.973712,65.59086,9,5,1393263644,-1.052582,0.02935791,0.07034302,-8.627464,24.27309,-8.782364,4.968726,4.257723,26,0.0110135,0.1178779,-0.01042974,0.06550006,-1.632094,-0.07116231,-0.002621541,0.01744265,-8.400031e-05,-0.01847291,-0.01659787,0.01923358,3
2014-02-24 18:40:45.055,1498,149.8,43.61006,3.912852,16.35196,8.973712,65.59086,9,5,1393263644,-1.028442,-0.003433228,0.02404785,-8.682249,23.67507,-8.611599,5.14432,4.433318,26,0.02078571,-0.03480379,0.0216547,0.06526617,-1.629675,-0.07129943,-0.005110768,0.1080157,-0.01037685,-0.005245721,0.03854795,-0.01664167,3
2014-02-24 18:40:45.166,1499,149.9,43.61006,3.912852,16.35196,8.973712,65.59086,9,5,1393263644,-1.028442,-0.003433228,0.02404785,-8.901392,23.67507,-8.156242,5.475902,4.7649,26,0.01869619,0.03047375,-0.03413826,0.06533016,-1.629623,-0.07163598,0.002572069,0.02061166,-0.03408538,0.01014469,0.07754943,-0.04890713,3
2014-02-24 18:40:45.260,1500,150,43.61006,3.912852,16.35196,8.973712,65.59086,9,5,1393263644,-1.034378,0.07368469,0.05070496,-9.17532,24.16436,-7.871635,5.740687,5.029685,26,0.01476243,-0.01460025,0.002630138,0.06538008,-1.630177,-0.07206298,-0.001361625,-0.02446231,0.002683023,0.005305456,0.05844676,-0.02498163,3
2014-02-24 18:40:45.403,1501,150.1,43.61006,3.912852,16.35196,8.973712,65.59086,9,5,1393263644,-1.034912,0.04693604,0.07235718,-9.120533,23.67507,-8.383926,5.929583,5.21858,26,0.004841094,0.02841753,0.005634184,0.06532975,-1.630008,-0.0721694,-0.01128292,0.01855549,0.005687069,-0.03872907,0.001577922,-0.008318057,3
2014-02-24 18:40:45.564,1502,150.2,43.61006,3.912852,16.35196,8.973712,65.59086,9,5,1393263644,-1.044632,0.0428772,0.03619385,-9.010962,23.7838,-8.839283,6.368068,5.657065,26,0.01844505,-0.02361958,0.005099687,0.06534278,-1.630572,-0.07238536,0.002375515,-0.03346994,0.00511059,-0.03931212,-0.02538612,0.01277397,3
2014-02-24 18:40:45.663,1503,150.3,43.61006,3.912852,16.35196,8.973712,65.59086,9,5,1393263644,-0.987381,0.03187561,0.07008362,-8.791821,23.24015,-9.180801,6.551657,5.840655,26,0.001045823,0.06924405,0.01223802,0.06522498,-1.629849,-0.0723878,-0.01502366,0.05939372,0.01224893,-0.04898936,-0.0294474,-0.02267006,3
2014-02-24 18:40:45.761,1504,150.4,43.61006,3.912852,16.35196,8.973712,65.59086,9,5,1393263644,-0.9943085,0.1256104,0.04200745,-8.846605,23.72943,-8.554684,6.47111,5.760108,26,0.01480052,-0.0723722,0.006713563,0.0652436,-1.630882,-0.07202272,-0.001268917,-0.0822225,0.006724466,0.01492522,0.03913877,-0.05176042,3
2014-02-24 18:40:45.877,1505,150.5,43.61009,3.91296,15.74745,9.355315,68.18096,9,5,1393263645,-1.02887,0.04481506,0.07536316,-9.120535,24.54491,-8.383923,6.263326,5.552323,26,0.003842675,0.08251964,-0.03126951,0.06508749,-1.630682,-0.07175371,-0.0122267,0.07266938,-0.0312586,0.0367155,0.07048924,0.03818977,3
2014-02-24 18:40:45.986,1506,150.6,43.61009,3.91296,15.74745,9.355315,68.18096,9,5,1393263645,-1.006378,-0.02630615,0.0995636,-10.49016,23.72943,-8.327,6.333711,5.622709,26,0.02464649,-0.01682718,-0.001945706,0.06507472,-1.630463,-0.07106761,0.008577191,-0.0266774,-0.001934803,-0.009777186,-0.03191479,-0.01014916,3
2014-02-24 18:40:46.076,1507,150.7,43.61009,3.91296,15.74745,9.355315,68.18096,9,5,1393263645,-1.006378,-0.02630615,0.0995636,-10.81887,23.51197,-8.099319,6.357808,5.646806,26,-0.001455151,0.1043584,0.01187104,0.06510431,-1.63066,-0.07078272,-0.001156367,-0.006484495,-0.01864854,-0.0331605,-0.02590857,0.0156849,3
2014-02-24 18:40:46.172,1508,150.8,43.61009,3.91296,15.74745,9.355315,68.18096,9,5,1393263645,-1.012024,0.04559326,-0.04046631,-11.0928,23.7838,-7.928562,6.387265,5.676262,26,0.01130219,0.01571079,-0.03054593,0.06494641,-1.630509,-0.07037175,-0.01752435,0.09450821,0.01188194,-0.01063109,-0.09661984,0.04003442,3
2014-02-24 18:40:46.286,1509,150.9,43.61009,3.91296,15.74745,9.355315,68.18096,9,5,1393263645,-1.002701,0.1027374,0.02548218,-9.887527,23.56634,-8.953121,6.434992,5.72399,26,0.01849299,-0.1312115,0.01553502,0.06460632,-1.628431,-0.06979831,-0.004766931,0.00586068,-0.03053502,-0.01611519,-0.02414839,-0.09792846,3
2014-02-24 18:40:46.479,1510,151,43.61009,3.91296,15.74745,9.355315,68.18096,9,5,1393263645,-0.9587402,0.0912323,0.0904541,-9.832745,21.77228,-8.668522,7.33855,6.627547,26,0.01345243,0.08735275,-0.003069826,0.06465331,-1.630463,-0.0701618,0.002575392,-0.1410535,0.01551316,-0.006936263,0.03263317,-0.03400201,3
2014-02-24 18:40:46.587,1511,151.1,43.61009,3.91296,15.74745,9.355315,68.18096,9,5,1393263645,-1.001297,0.04957581,-0.007247925,-9.284893,22.64212,-9.123886,7.473617,6.762615,26,-0.001102016,0.05307068,-0.02399109,0.06468953,-1.630568,-0.07007296,-0.002465129,0.07751077,-0.003091684,-0.04029202,-0.0297782,0.05179996,3
2014-02-24 18:40:46.783,1512,151.2,43.61012,3.91308,15.90585,9.728454,70.09052,9,5,1393263646,-0.9900665,0.07939148,0.01412964,-11.0928,21.93538,-8.497768,8.273396,7.562393,26,0.008540492,0.08730508,-0.004289554,0.06432161,-1.629452,-0.07033916,-0.007217673,-0.06080281,-0.00296039,-0.0321729,-0.05560222,-0.01311267,3
2014-02-24 18:40:46.894,1513,151.3,43.61012,3.91308,15.90585,9.728454,70.09052,9,5,1393263646,-0.986969,0.06852722,0.03567505,-11.20237,22.47903,-7.13168,8.254323,7.543321,26,0.008511197,0.0137499,0.01050511,0.06426077,-1.629314,-0.07057515,-0.0073769,0.07746321,-0.004311411,-0.01890626,0.02071573,-0.00363574,3
2014-02-24 18:40:46.994,1514,151.4,43.61012,3.91308,15.90585,9.728454,70.09052,9,5,1393263646,-0.9761963,0.1641998,0.0536499,-10.76409,21.82666,-8.497765,8.205402,7.4944,26,0.02080728,-0.09482398,0.0281062,0.06418368,-1.628481,-0.07069925,-0.007406121,0.003908075,0.01048325,0.005776161,0.008751112,-0.0433793,3
2014-02-24 18:40:47.072,1515,151.5,43.61012,3.91308,15.90585,9.728454,70.09052,9,5,1393263646,-0.9761963,0.1641998,0.0536499,-10.38059,21.4461,-9.35157,7.928935,7.217933,26,0.01215387,0.1055227,0.002605903,0.06422208,-1.629839,-0.0711325,-0.003763345,0.09568094,0.002584046,0.03297973,0.02026659,0.03254065,3
2014-02-24 18:40:47.171,1516,151.6,43.61012,3.91308,15.90585,9.728454,70.09052,9,5,1393263646,-0.9774628,0.04150391,0.05258179,-9.50403,22.64213,-8.896206,7.964193,7.253191,26,0.01216692,0.0613603,0.007729292,0.06415808,-1.628303,-0.07071392,-0.003600103,0.05153041,0.007670073,-0.001309984,-0.03884043,-0.02539486,3
2014-02-24 18:40:47.270,1517,151.7,43.61012,3.91308,15.90585,9.728454,70.09052,9,5,1393263646,-0.9774628,0.04150391,0.05258179,-9.942308,22.31594,-8.554684,7.730857,7.019855,26,0.02351305,-0.02712057,-0.01241406,0.06412943,-1.628615,-0.07051789,0.008994326,-0.01092067,-0.0185807,-0.007829577,-0.01655016,-0.02495802,3
2014-02-24 18:40:47.414,1518,151.8,43.61012,3.91308,15.90585,9.728454,70.09052,9,5,1393263646,-1.02211,0.121994,0.009521484,-9.887526,22.58776,-8.270084,7.524265,6.813263,26,0.02351305,-0.02712057,-0.01241406,0.06412423,-1.628649,-0.07039737,0.007746161,-0.03695037,-0.01247328,0.003071682,0.03712841,-0.03307999,3
2014-02-24 18:40:47.585,1519,151.9,43.61015,3.913203,14.77384,10.09958,71.33662,9,5,1393263647,-1.02211,0.121994,0.009521484,-10.38059,22.09848,-8.554684,7.315938,6.604935,26,0.01607591,0.04532674,-0.01671187,0.06411579,-1.628578,-0.07023728,-0.00467318,0.0468391,-0.01106367,-0.02361591,-0.04248484,0.02187543,3
2014-02-24 18:40:47.678,1520,152,43.61015,3.913203,14.77384,10.09958,71.33662,9,5,1393263647,-1.030716,0.03883362,0.0695343,-9.887527,22.26157,-7.928566,7.316351,6.605349,26,0.01722426,-0.04854383,0.007677361,0.06403834,-1.627152,-0.07004831,0.000309135,0.03549701,-0.01677109,-0.02614603,0.05200298,-0.04666625,3
2014-02-24 18:40:47.780,1521,152.1,43.61015,3.913203,14.77384,10.09958,71.33662,9,5,1393263647,-1.05513,-0.02864075,0.04342651,-9.887527,22.91395,-7.700882,7.318636,6.607634,26,0.0113227,0.1051232,-0.04666844,0.0639916,-1.627917,-0.07004713,0.001457548,-0.05837353,0.007618143,-0.03479518,-0.03115625,0.01258475,3
2014-02-24 18:40:47.996,1522,152.2,43.61015,3.913203,14.77384,10.09958,71.33662,9,5,1393263647,-0.9705353,0.09220886,0.05130005,-10.10667,23.02269,-8.839283,7.309346,6.598344,26,0.01829831,-0.02800447,0.02391066,0.06379624,-1.625957,-0.06986151,0.002673118,-0.004010889,0.001233747,-0.01448516,0.03970763,-0.08032819,3
2014-02-24 18:40:48.093,1523,152.3,43.61015,3.913203,14.77384,10.09958,71.33662,9,5,1393263647,-0.988266,-0.008239746,0.03623962,-10.38059,22.31594,-8.782364,7.174397,6.463395,26,0.01700801,0.02411892,0.02338948,0.06391309,-1.627455,-0.06968626,0.002664204,-0.03783114,0.02381544,0.020966,-0.0002939313,-0.009951838,3
2014-02-24 18:40:48.171,1524,152.4,43.61015,3.913203,14.77384,10.09958,71.33662,9,5,1393263647,-1.064484,0.08702087,0.006362915,-10.43538,21.93538,-8.611607,7.3002,6.589198,26,0.01840377,0.04547614,-0.0002673814,0.06401908,-1.627674,-0.06984252,0.001373933,0.01429227,0.02329427,0.02541357,0.02242311,-0.005408386,3
2014-02-24 18:40:48.324,1525,152.5,43.61015,3.913203,14.77384,10.09958,71.33662,9,5,1393263647,-1.013931,0.1050873,0.04095459,-9.613598,22.42467,-8.668522,7.183673,6.472671,26,0.01734117,-0.05092204,-0.006375341,0.06401574,-1.626682,-0.0694432,0.002769767,0.03564953,-0.0003625946,0.007766388,-0.07762714,-0.0194819,3
2014-02-24 18:40:48.548,1526,152.6,43.61015,3.913203,14.77384,10.09958,71.33662,9,5,1393263647,-0.9961395,0.08641052,-0.003570557,-9.230106,21.93538,-7.017838,7.123416,6.412414,26,0.006243515,0.1018427,-0.02674267,0.0639488,-1.626946,-0.06951722,0.00170724,-0.0607486,-0.006470554,-0.06847116,0.01755963,-0.0496217,3
2014-02-24 18:40:48.636,1527,152.7,43.61015,3.913203,14.77384,10.09958,71.33662,9,5,1393263647,-0.9501343,0.1217194,0.05715942,-10.10667,23.24015,-9.408482,6.944591,6.233588,26,0.02122513,-0.1031565,-0.02225178,0.06391658,-1.626603,-0.06930844,-0.009390361,0.09201621,-0.02683788,-0.01788521,0.03583431,-0.01468946,3
2014-02-24 18:40:48.762,1528,152.8,43.61018,3.913326,14.23429,10.30471,72.2202,9,5,1393263648,-0.9501343,0.1217194,0.05715942,-10.81887,22.75086,-7.530117,6.859217,6.148215,26,0.01019565,-0.03422987,-0.03828081,0.06398963,-1.628187,-0.0689441,-0.005438114,-0.04405633,-0.03837602,-0.05623374,-0.002849451,-0.01642049,3
2014-02-24 18:40:48.836,1529,152.9,43.61018,3.913326,14.23429,10.30471,72.2202,9,5,1393263648,-0.9454498,0.1443634,0.02879333,-10.76409,23.24014,-9.408482,6.657962,5.946959,26,0.001311873,0.03615454,-0.01559068,0.06389961,-1.628297,-0.06866461,-0.01432183,0.02632813,-0.01568589,-0.09859455,-0.05116987,0.02625371,3
2014-02-24 18:40:48.938,1530,153,43.61018,3.913326,14.23429,10.30471,72.2202,9,5,1393263648,-1.011688,0.02476501,-0.02374268,-10.76409,23.02268,-9.180801,6.653435,5.942433,26,0.01988556,-0.1234359,-0.005643238,0.06377089,-1.627222,-0.06800384,-0.01298882,0.08411051,-0.01979918,0.050651,0.07641196,-0.02747163,3
2014-02-24 18:40:49.064,1531,153.1,43.61018,3.913326,14.23429,10.30471,72.2202,9,5,1393263648,-1.005127,0.004653931,0.1081238,-9.723171,22.64213,-8.554684,6.660171,5.949168,26,0.007265903,-0.01454592,0.0166349,0.06370381,-1.627912,-0.06759406,0.004392368,-0.1332617,-0.005779765,-0.01559878,-0.04277759,-0.0806971,3
2014-02-24 18:40:49.154,1532,153.2,43.61018,3.913326,14.23429,10.30471,72.2202,9,5,1393263648,-1.025742,-0.002197266,0.06404114,-9.777952,22.26158,-8.383926,6.661926,5.950924,26,0.004637096,0.1067283,0.01894519,0.06368071,-1.629731,-0.06759224,-0.008227214,-0.02437167,0.01649838,-0.009142596,-0.06288685,0.04935811,3
2014-02-24 18:40:49.286,1533,153.3,43.61018,3.913326,14.23429,10.30471,72.2202,9,5,1393263648,-0.9994049,-0.04986572,0.03933716,-10.65452,22.80523,-7.928562,6.700358,5.989356,26,0.01130911,-0.06467167,-0.01920299,0.06353266,-1.628614,-0.06751484,-0.01085599,0.09690257,0.01880867,0.06455126,0.06989606,0.01133087,3
2014-02-24 18:40:49.478,1534,153.4,43.61018,3.913326,14.23429,10.30471,72.2202,9,5,1393263648,-1.123932,-0.007064819,0.05123901,-10.32581,22.37031,-7.928558,6.764086,6.053084,26,0.02072738,-0.03361468,0.02868118,0.06327613,-1.628466,-0.06743972,-0.004183902,-0.07449736,-0.01933951,0.006474611,0.005670472,-0.09011526,3
2014-02-24 18:40:49.589,1535,153.5,43.61018,3.913326,14.23429,10.30471,72.2202,9,5,1393263648,-1.016769,0.06204224,0.01101685,-10.65452,21.82665,-7.017838,6.791586,6.080584,26,0.0186637,0.001072189,-0.02563985,0.06324633,-1.629695,-0.06804486,0.005234439,-0.04344033,0.02854466,-0.003662677,0.02871784,-0.02729489,3
2014-02-24 18:40:49.722,1536,153.6,43.6102,3.913444,13.43884,10.02727,73.05138,9,5,1393263649,-0.9378662,0.1183167,0.03393555,-10.98323,23.34888,-8.042404,7.598232,6.88723,26,0.01104013,-0.03723978,0.009853963,0.06319126,-1.629615,-0.06814273,0.003170813,-0.008753416,-0.02577637,-0.001894623,-0.001454872,-0.04064277,3
2014-02-24 18:40:49.831,1537,153.7,43.6102,3.913444,13.43884,10.02727,73.05138,9,5,1393263649,-0.9916077,0.05654907,0.02108765,-10.54495,23.56634,-8.383923,7.77148,7.060477,26,0.01202364,0.02074602,0.03158642,0.06309226,-1.630231,-0.06864948,-0.004452708,-0.04706535,0.009717438,-0.02088645,-0.006553332,-0.04824343,3
2014-02-24 18:40:49.932,1538,153.8,43.6102,3.913444,13.43884,10.02727,73.05138,9,5,1393263649,-0.9593353,0.1474304,-0.002624512,-10.59973,23.40324,-8.099319,7.74584,7.034837,26,0.01592863,0.0001890844,0.008362592,0.06315731,-1.630839,-0.06877866,-0.003334962,0.01091633,0.03141103,0.05797171,0.0495922,-0.02592918,3
2014-02-24 18:40:50.034,1539,153.9,43.6102,3.913444,13.43884,10.02727,73.05138,9,5,1393263649,-0.9593353,0.1474304,-0.002624512,-9.887526,23.24015,-8.839283,8.060865,7.349863,26,0.005759086,0.02759994,0.04436374,0.06306424,-1.630867,-0.06913458,-0.009599416,0.01777031,0.04418835,0.02207214,-0.05661309,-0.01292462,3
2014-02-24 18:40:50.180,1540,154,43.6102,3.913444,13.43884,10.02727,73.05138,9,5,1393263649,-0.9182434,0.1095276,-0.01646423,-10.21623,22.58776,-9.408485,7.825369,7.114367,26,0.01971805,0.01370596,-0.005809952,0.06320377,-1.629836,-0.06910222,0.004359673,0.003876413,-0.005985339,0.01447569,-0.006074219,-0.08350724,3
2014-02-24 18:40:50.282,1541,154.1,43.6102,3.913444,13.43884,10.02727,73.05138,9,5,1393263649,-0.9257965,0.1824188,-0.02975464,-8.682251,21.82665,-8.497761,7.833358,7.122356,26,0.02206855,0.002512692,0.009571667,0.06330042,-1.630209,-0.06921429,0.006710221,-0.007316826,0.00939628,0.07760206,0.04036855,-0.07569959,3
2014-02-24 18:40:50.514,1542,154.2,43.6102,3.913444,13.43884,10.02727,73.05138,9,5,1393263649,-0.9154053,0.2052765,-0.008392334,-10.76409,21.71792,-7.81472,7.854458,7.143456,26,0.02380866,0.0212688,-0.05628831,0.06329951,-1.629384,-0.06895746,0.008450387,0.01143932,-0.05646369,0.07011519,0.113516,-0.08816957,3
2014-02-24 18:40:50.632,1543,154.3,43.61023,3.913564,12.8467,9.41152,73.49941,9,5,1393263650,-0.9660034,0.09942627,-0.04231262,-11.14758,22.96832,-8.213158,7.85547,7.144467,26,0.01489586,0.1086628,-0.0325915,0.06330228,-1.628337,-0.06872611,-0.000462342,0.09883339,-0.03276689,0.08058292,0.1366045,-0.06576541,3
2014-02-24 18:40:50.729,1544,154.4,43.61023,3.913564,12.8467,9.41152,73.49941,9,5,1393263650,-1.039169,-0.01231384,0.004455566,-11.75022,21.93538,-7.928562,7.85645,7.145447,26,0.007518903,0.07916725,-0.02885508,0.06319165,-1.626494,-0.06811768,-0.007721416,0.06932814,-0.02906358,0.03013033,0.03136126,-0.09785277,3
2014-02-24 18:40:50.832,1545,154.5,43.61023,3.913564,12.8467,9.41152,73.49941,9,5,1393263650,-1.094635,0.05256653,-0.02198792,-11.36673,22.85959,-7.985477,7.857192,7.14619,26,0.01621652,0.005567605,-0.02805321,0.06332357,-1.62621,-0.06770463,0.0009762443,-0.004271479,-0.02826171,0.02811414,0.08551481,-0.1213899,3
2014-02-24 18:40:50.986,1546,154.6,43.61023,3.913564,12.8467,9.41152,73.49941,9,5,1393263650,-1.059814,0.002349854,-0.101181,-11.36673,23.29451,-7.643963,7.962247,7.251245,26,0.001119859,0.08728457,0.0003315636,0.06312239,-1.624604,-0.06692021,-0.01412029,0.07744557,0.0001230648,0.04172779,0.04367966,-0.04229349,3
2014-02-24 18:40:51.172,1547,154.7,43.61023,3.913564,12.8467,9.41152,73.49941,9,5,1393263650,-1.018295,0.1006622,-0.03414917,-10.27102,22.5334,-8.896206,7.996646,7.285644,26,0.02459056,0.007000119,0.001340369,0.06283008,-1.619836,-0.06581019,0.003079036,-0.02314728,0.01886639,-0.06317875,-0.06341284,-0.1500946,3
2014-02-24 18:40:51.255,1548,154.8,43.61023,3.913564,12.8467,9.41152,73.49941,9,5,1393263650,-0.9993134,0.1188507,-0.08183289,-9.832739,23.29451,-8.896206,8.012518,7.301516,26,0.01854359,0.1053384,-0.02665851,0.06290304,-1.62032,-0.06549351,0.009350587,-0.002838772,0.001131873,-0.03122991,-0.03531059,-0.07045454,3
2014-02-24 18:40:51.465,1549,154.9,43.61023,3.913564,12.8467,9.41152,73.49941,9,5,1393263650,-1.093048,0.04611206,-0.08239746,-9.50403,22.42467,-8.099323,8.020356,7.309354,26,0.0125893,0.06547568,-0.04509637,0.06286942,-1.61886,-0.06508583,0.003303669,0.09549955,-0.026867,-0.02156504,0.03562234,-0.0820931,3
2014-02-24 18:40:51.601,1550,155,43.61023,3.913564,12.8467,9.41152,73.49941,9,5,1393263650,-1.093048,0.04611206,-0.08239746,-10.7093,22.75086,-7.416283,8.024889,7.313887,26,0.00996688,0.04070881,-0.02141767,0.06266932,-1.616464,-0.06421819,-0.005151013,0.03084901,-0.02165768,-0.02837026,0.0892378,-0.1142982,3
2014-02-24 18:40:51.788,1551,155.1,43.61023,3.913564,12.8467,9.41152,73.49941,9,5,1393263650,-1.033096,0.05871582,-0.08274841,-9.887527,22.69649,-7.928562,7.981277,7.270275,26,0.0139049,0.05747768,-0.05439054,0.06250026,-1.615493,-0.06355219,-0.001212898,0.04761793,-0.05463055,-0.0565128,0.04476694,-0.09673099,3
2014-02-24 18:40:51.920,1552,155.2,43.61025,3.913676,12.2758,8.867798,74.31754,9,5,1393263651,-0.9526062,0.09875488,-0.09188843,-10.32581,23.13142,-8.383926,7.965618,7.254615,26,0.007468036,0.04072666,-0.01674942,0.0623516,-1.614505,-0.06327382,-0.007649702,0.03086696,-0.01698943,-0.03605061,-0.004515789,-0.126356,3
2014-02-24 18:40:52.112,1553,155.3,43.61025,3.913676,12.2758,8.867798,74.31754,9,5,1393263651,-1.059586,0.004074097,-0.1392365,-11.805,22.96832,-7.530121,8.231293,7.52029,26,0.004156129,-0.008350608,-0.05618764,0.06230378,-1.616775,-0.06277763,-0.01096151,-0.01821025,-0.05642764,-0.06195408,-0.07782735,-0.07375016,3
2014-02-24 18:40:52.218,1554,155.4,43.61025,3.913676,12.2758,8.867798,74.31754,9,5,1393263651,-0.9756775,-0.004165649,-0.05432129,-12.13371,22.09848,-7.416275,8.44114,7.730138,26,-0.007404919,0.1924131,-0.02658447,0.06208342,-1.614098,-0.06251157,-0.02252249,0.1825535,-0.02682448,0.06083193,0.05811934,-0.09897485,3
2014-02-24 18:40:52.515,1555,155.5,43.61025,3.913676,12.2758,8.867798,74.31754,9,5,1393263651,-1.101303,0.02896118,0.003433228,-10.7093,23.72943,-8.78236,8.534834,7.823832,26,0.01234428,0.05552611,-0.01332779,0.06192306,-1.616778,-0.06316762,0.003147847,-0.07518952,0.03341942,0.03865298,0.03645324,-0.04326494,3
2014-02-24 18:40:52.641,1556,155.6,43.61025,3.913676,12.2758,8.867798,74.31754,9,5,1393263651,-0.9959869,0.01112366,-0.06930542,-10.43538,23.13142,-8.156242,8.533539,7.822537,26,0.00860201,0.03403839,-0.003769172,0.06180349,-1.616288,-0.06311426,-0.002773117,0.04566662,-0.01356779,-0.1043267,-0.03411118,-0.04195214,3
2014-02-24 18:40:52.722,1557,155.7,43.61025,3.913676,12.2758,8.867798,74.31754,9,5,1393263651,-0.9564667,0.07817078,-0.05079651,-11.25715,23.51197,-8.554684,8.535883,7.824881,26,0.02595836,-0.1618004,0.01003958,0.06171229,-1.615176,-0.06326982,-0.006515334,0.02417895,-0.004009174,0.001029535,-0.05210397,-0.113582,3
2014-02-24 18:40:52.844,1558,155.8,43.61025,3.913676,12.2758,8.867798,74.31754,9,5,1393263651,-0.9980621,0.1293182,-0.007797241,-11.20237,23.67507,-9.180805,8.730804,8.019802,26,0.01806955,0.04693449,0.04077379,0.06168377,-1.616902,-0.06371923,0.01084109,-0.1716598,0.009799584,0.04044341,0.01449465,-0.09679251,3
2014-02-24 18:40:52.921,1559,155.9,43.61027,3.913769,10.98174,8.048341,73.93436,9,5,1393263652,-0.9389801,0.06277466,-0.05830383,-11.42151,23.67507,-7.81472,8.476429,7.765427,26,0.02585237,-0.04509531,0.005380384,0.06172552,-1.618104,-0.06442456,0.002952317,0.03707511,0.04053379,0.01814077,-0.04408581,-0.03837218,3
2014-02-24 18:40:53.052,1560,156,43.61027,3.913769,10.98174,8.048341,73.93436,9,5,1393263652,-1.01889,0.1266174,-0.03335571,-12.18851,22.47903,-7.131672,8.62138,7.910378,26,0.01704343,0.001443167,0.0224382,0.06171481,-1.617864,-0.06438521,0.01073519,-0.05495464,0.005140385,-0.02522615,-0.007806916,-0.1227586,3
2014-02-24 18:40:53.145,1561,156.1,43.61027,3.913769,10.98174,8.048341,73.93436,9,5,1393263652,-0.9987793,0.08999634,-0.06698608,-12.51721,23.02269,-7.473198,8.565567,7.854565,26,0.0233711,0.01377201,-0.001083108,0.06175297,-1.618973,-0.06483781,0.001926327,-0.008416123,0.0221982,-0.01995219,0.003978975,-0.06926672,3
2014-02-24 18:40:53.249,1562,156.2,43.61027,3.913769,10.98174,8.048341,73.93436,9,5,1393263652,-0.9757996,0.1120758,0.02279663,-12.68157,23.62071,-8.327003,8.561111,7.850109,26,0.01987544,-0.07361563,-0.01199514,0.06192113,-1.619265,-0.06469923,0.008254025,0.003912734,-0.001323105,-0.02215456,0.06196334,-0.08170404,3
2014-02-24 18:40:53.476,1563,156.3,43.61027,3.913769,10.98174,8.048341,73.93436,9,5,1393263652,-0.9855652,0.1334686,-0.08569336,-11.0928,22.26157,-8.611603,8.657133,7.946131,26,0.02612454,-0.03404053,-0.02991795,0.06190918,-1.619806,-0.06470025,0.00475843,-0.08347486,-0.01223514,-0.002069856,0.02534122,-0.1158738,3
2014-02-24 18:40:53.779,1564,156.4,43.61027,3.913769,10.98174,8.048341,73.93436,9,5,1393263652,-0.9855652,0.1334686,-0.08569336,-10.76409,22.37031,-8.725441,8.761247,8.050244,26,0.02001898,0.03265701,-0.04587774,0.0623298,-1.620338,-0.06417105,0.004902074,0.02279785,-0.04611774,0.005155422,-0.008600289,-0.03222324,3
2014-02-24 18:40:53.938,1565,156.5,43.61029,3.913851,13.98445,7.442858,73.38103,9,5,1393263653,-1.037048,0.1231842,-0.00920105,-12.51721,23.34888,-9.636169,8.889421,8.178419,26,0.02335859,0.008123707,0.001317466,0.0623298,-1.620338,-0.06417105,0.004902074,0.02279785,-0.04611774,0.005155422,-0.008600289,-0.03222324,3
2014-02-24 18:40:54.064,1566,156.6,43.61029,3.913851,13.98445,7.442858,73.38103,9,5,1393263653,-1.037048,0.1231842,-0.00920105,-12.84592,23.45761,-8.953125,8.93568,8.224678,26,0.02448777,-0.04384176,0.02177853,0.06269534,-1.620788,-0.0632985,0.009370998,-0.05370083,0.02153854,0.009506839,-0.0003289935,-0.09897368,3
2014-02-24 18:40:54.167,1567,156.7,43.61029,3.913851,13.98445,7.442858,73.38103,9,5,1393263653,-1.029358,0.09408569,-0.01083374,-12.35286,23.72943,-8.78236,8.861606,8.150603,26,0.02971342,-0.04410088,-0.01570812,0.0633248,-1.617594,-0.06827924,0.01459848,-0.05394049,-0.01593119,-0.08572827,-0.001545284,-0.009149865,3
2014-02-24 18:40:54.254,1568,156.8,43.61029,3.913851,13.98445,7.442858,73.38103,9,5,1393263653,-1.061157,0.09150696,-0.05114746,-12.07893,22.26157,-8.611599,8.995908,8.284905,26,0.01385589,0.05865746,-0.04853718,0.06343617,-1.616163,-0.06755172,-0.001259006,0.04881787,-0.04876025,-0.03266519,0.02658534,-0.05608121,3
2014-02-24 18:40:54.512,1569,156.9,43.61029,3.913851,13.98445,7.442858,73.38103,9,5,1393263653,-1.031174,0.01293945,-0.06680298,-11.75022,23.02269,-8.156242,8.799296,8.088294,26,0.03120293,0.0281078,-0.05863029,0.06414916,-1.607943,-0.0687127,0.01609038,0.01829694,-0.05884811,-0.06420526,0.02284831,-0.08819823,3
2014-02-24 18:40:54.697,1570,157,43.61029,3.913851,13.98445,7.442858,73.38103,9,5,1393263653,-0.999176,-0.03157043,-0.05148315,-12.24329,22.64213,-7.302437,8.719593,8.008591,26,0.02577327,-0.05067836,0.01599202,0.06447758,-1.60964,-0.06819193,0.01066083,-0.06048916,0.0157742,-0.06971187,-0.03365423,-0.1285417,3
2014-02-24 18:40:54.918,1571,157.1,43.61031,3.913936,17.81785,6.935257,73.26589,9,10,1393263654,-1.078629,0.09913635,-0.01725769,-12.68157,22.31594,-8.327003,8.58921,7.878207,26,0.02460708,0.04207768,-0.006040049,0.06481598,-1.606906,-0.06695707,0.009494849,0.03226765,-0.00626051,-0.0648724,0.02542388,-0.1144813,3
2014-02-24 18:40:55.063,1572,157.2,43.61031,3.913936,17.81785,6.935257,73.26589,9,10,1393263654,-1.078629,0.09913635,-0.01725769,-12.40764,22.26157,-9.750008,8.674248,7.963245,26,0.03090305,0.09066332,-0.03108921,0.06505352,-1.608163,-0.06666566,0.01284221,-0.05680015,0.04977666,0.04453699,-0.01964973,-0.1170789,3
2014-02-24 18:40:55.163,1573,157.3,43.61031,3.913936,17.81785,6.935257,73.26589,9,10,1393263654,-1.009079,0.0163269,-0.08023071,-12.13372,22.75086,-9.237724,8.625959,7.914957,26,0.04174105,-0.03467835,0.01716248,0.06531941,-1.60728,-0.06658437,0.01579093,0.08085336,-0.03130967,-0.08150844,0.03260117,-0.05365244,3
2014-02-24 18:40:55.239,1574,157.4,43.61031,3.913936,17.81785,6.935257,73.26589,9,10,1393263654,-1.012375,0.04885864,-0.002502441,-12.24329,22.75086,-8.099319,8.574084,7.863082,26,0.03417448,0.03449912,0.02931874,0.06564903,-1.606131,-0.06674903,0.026629,-0.04448827,0.01694202,-0.01192869,-0.05037257,-0.1154797,3
2014-02-24 18:40:55.460,1575,157.5,43.61031,3.913936,17.81785,6.935257,73.26589,9,10,1393263654,-1.028366,0.01696777,-0.0521698,-12.572,21.66356,-7.871635,8.828615,8.117613,26,0.03677985,0.04909378,0.00925848,0.06629653,-1.604188,-0.06110888,0.01906355,0.024701,0.02907825,-0.01479785,-0.01221221,-0.0358255,3
2014-02-24 18:40:55.553,1576,157.6,43.61031,3.913936,17.81785,6.935257,73.26589,9,10,1393263654,-0.9990234,0.01318359,-0.07325745,-11.96936,23.02269,-9.522324,8.80335,8.092348,26,0.03448367,0.02966868,-0.008170579,0.06665772,-1.603156,-0.06107249,0.02166896,0.03929568,0.009017988,-0.02014814,-0.02729735,-0.07471353,3
2014-02-24 18:40:55.695,1577,157.7,43.61031,3.913936,17.81785,6.935257,73.26589,9,10,1393263654,-0.9804688,0.03373718,-0.06343079,-11.80501,22.64213,-10.0346,8.73308,8.022078,26,0.03562511,-0.01664848,0.00988885,0.06745788,-1.59463,-0.06270924,0.01937441,0.01989947,-0.008406258,0.0002381569,0.01824921,-0.09948323,3
2014-02-24 18:40:55.863,1578,157.8,43.61031,3.913936,17.81785,6.935257,73.26589,9,10,1393263654,-1.028717,0.08561707,-0.07803345,-11.4763,22.31594,-9.920769,8.768832,8.05783,26,0.04289687,-0.002898585,0.02155589,0.06784374,-1.594659,-0.06300878,0.02051591,-0.02641765,0.00965317,0.0226796,0.001501291,-0.09813822,3
2014-02-24 18:40:55.952,1579,157.9,43.61033,3.914024,19.61855,6.480235,73.74951,9,5,1393263655,-0.9552917,0.036026,-0.08460999,-13.01028,23.29451,-9.465408,8.955861,8.244859,26,0.03178509,0.1125218,0.008591358,0.0683784,-1.595959,-0.06336451,0.0277877,-0.01266773,0.02132021,0.01720847,-0.02958494,-0.08854,3
2014-02-24 18:40:56.083,1580,158,43.61033,3.914024,19.61855,6.480235,73.74951,9,5,1393263655,-0.9657745,0.09429932,-0.05883789,-12.68157,22.42467,-8.896206,8.797559,8.086556,26,0.0530507,-0.07444441,-0.005802762,0.06906818,-1.59303,-0.06094509,0.01776112,-0.09180257,0.05600434,0.04260498,-0.02488136,-0.1068003,3
2014-02-24 18:40:56.211,1581,158.1,43.61033,3.914024,19.61855,6.480235,73.74951,9,5,1393263655,-0.9657745,0.09429932,-0.05883789,-12.29807,21.82665,-9.180805,8.77813,8.067127,26,0.01201272,0.2777331,-0.006114884,0.07018954,-1.588854,-0.06298044,-0.003094875,0.2679832,-0.006357841,0.08757634,0.02794254,0.03495719,3
2014-02-24 18:40:56.370,1582,158.2,43.61033,3.914024,19.61855,6.480235,73.74951,9,5,1393263655,-1.017776,0.03569031,-0.04730225,-10.81888,23.40324,-9.010048,8.495409,7.784407,26,0.05285602,-0.169347,0.03266101,0.07018954,-1.588854,-0.06298044,-0.003094875,0.2679832,-0.006357841,0.08757634,0.02794254,0.03495719,3
2014-02-24 18:40:56.512,1583,158.3,43.61033,3.914024,19.61855,6.480235,73.74951,9,5,1393263655,-1.017776,0.03569031,-0.04730225,-11.0928,22.80522,-8.156239,8.315784,7.604782,26,0.03441576,-0.001962217,0.00504163,0.07103237,-1.59071,-0.06369262,0.01930829,-0.01171204,0.004798676,-0.02082602,0.03536472,-0.006230536,3
2014-02-24 18:40:56.700,1584,158.4,43.61033,3.914024,19.61855,6.480235,73.74951,9,5,1393263655,-0.9870605,0.007125854,-0.04283142,-12.68157,21.88102,-8.440842,8.166103,7.455101,26,0.03180746,0.03552044,0.01755502,0.07181505,-1.589124,-0.06371454,0.01670009,0.02577069,0.01731207,0.002411469,0.01123395,-0.09195855,3
2014-02-24 18:40:56.852,1585,158.5,43.61034,3.914099,18.36876,5.508028,74.91732,9,5,1393263656,-1.056931,0.1546783,0.00692749,-12.18851,23.67507,-8.383926,8.176412,7.465409,26,0.05912777,-0.2158308,0.02496287,0.0724117,-1.591809,-0.06382044,0.04402047,-0.2255805,0.02471992,0.01068332,-0.05665128,-0.06379937,3
2014-02-24 18:40:56.951,1586,158.6,43.61034,3.914099,18.36876,5.508028,74.91732,9,5,1393263656,-1.074081,0.172699,-0.04017639,-12.62679,23.45761,-8.839287,8.332366,7.621364,26,0.02830994,0.2300162,-0.03599342,0.07276206,-1.590435,-0.06411495,0.01320266,0.2202665,-0.03623637,0.05132651,0.01785341,0.06131989,3
2014-02-24 18:40:57.072,1587,158.7,43.61034,3.914099,18.36876,5.508028,74.91732,9,5,1393263656,-1.029434,0.01901245,-0.04927063,-12.79114,23.9469,-9.123886,8.331648,7.620645,26,0.03654949,-0.08086742,0.05744864,0.07310958,-1.590392,-0.0637605,0.02144229,-0.09061706,0.0572057,0.03125416,-0.06820339,-0.08840267,3
2014-02-24 18:40:57.188,1588,158.8,43.61034,3.914099,18.36876,5.508028,74.91732,9,5,1393263656,-1.029434,0.01901245,-0.04927063,-12.73635,23.7838,-9.863846,8.358055,7.647053,26,0.03949495,-0.03151079,-0.009871273,0.07359071,-1.590935,-0.06360185,0.01866841,0.003551024,-0.07043508,0.008075411,0.01545103,-0.05763271,3
2014-02-24 18:40:57.334,1589,158.9,43.61034,3.914099,18.36876,5.508028,74.91732,9,5,1393263656,-1.018356,0.09388733,-0.004852295,-10.7093,23.07705,-8.668522,8.350399,7.639397,26,0.03949495,-0.03151079,-0.009871273,0.0740325,-1.590759,-0.06378467,0.02438784,-0.04126037,-0.01011422,-0.0316666,-0.04472898,-0.06919143,3
2014-02-24 18:40:57.471,1590,159,43.61034,3.914099,18.36876,5.508028,74.91732,9,5,1393263656,-1.018356,0.09388733,-0.004852295,-11.31194,22.58776,-8.270084,8.297361,7.58636,26,0.04322177,0.003576359,-0.01956252,0.07454674,-1.591817,-0.06348482,0.02272637,-0.0295283,0.04137161,-0.00163988,-0.04986186,-0.04058468,3
2014-02-24 18:40:57.585,1591,159.1,43.61034,3.914099,18.36876,5.508028,74.91732,9,5,1393263656,-1.02832,0.03639221,-0.1196136,-10.81887,22.5334,-7.757801,8.349266,7.638264,26,0.01971671,0.1303087,-0.02337164,0.0750852,-1.592584,-0.06315055,0.02811481,-0.006173133,-0.01980546,-0.02058653,0.03077875,-0.02659483,3
2014-02-24 18:40:57.681,1592,159.2,43.61036,3.914165,18.36876,5.508028,74.91732,9,5,1393263657,-0.9973297,0.05342102,-0.01405334,-11.14758,22.5334,-6.960915,8.232807,7.521805,26,0.05281581,-0.1840244,0.03984222,0.07540238,-1.590521,-0.06307051,0.004789912,0.1205175,-0.02365797,-0.006744793,0.01028977,-0.06515489,3
2014-02-24 18:40:57.766,1593,159.3,43.61036,3.914165,18.36876,5.508028,74.91732,9,5,1393263657,-1.025208,0.08995056,-0.01852417,-11.64065,23.34887,-8.270081,8.266214,7.555212,26,0.03175021,0.06048172,0.02083018,0.07591929,-1.591856,-0.06320945,0.03788908,-0.1938156,0.03955589,-0.03536044,-0.08053187,-0.1432082,3
2014-02-24 18:40:57.865,1594,159.4,43.61036,3.914165,18.36876,5.508028,74.91732,9,5,1393263657,-1.09288,0.08401489,-0.08169556,-11.53108,23.4576,-8.383926,8.252581,7.541579,26,0.03788666,0.07412936,0.02075588,0.07634078,-1.593185,-0.06365233,0.01682353,0.05069056,0.02054385,-0.0307939,-0.02404332,0.01891872,3
2014-02-24 18:40:57.982,1595,159.5,43.61036,3.914165,18.36876,5.508028,74.91732,9,5,1393263657,-1.019333,0.001159668,-0.002227783,-10.10667,22.47903,-9.066959,8.256603,7.545601,26,0.04725726,-0.09748395,-0.0466924,0.0772516,-1.592009,-0.06346377,0.0323307,-0.107275,-0.04697873,-0.09511793,0.02059371,-0.1028643,3
2014-02-24 18:40:58.096,1596,159.6,43.61036,3.914165,18.36876,5.508028,74.91732,9,5,1393263657,-1.060333,0.06239319,-0.07528687,-10.21624,21.82665,-8.953117,8.252639,7.541636,26,0.04801067,0.03657372,-0.008107727,0.07784274,-1.592527,-0.06358159,0.03308416,0.02678267,-0.008394054,-0.02158913,-0.06237909,-0.02391242,3
2014-02-24 18:40:58.211,1597,159.7,43.61036,3.914165,18.36876,5.508028,74.91732,9,5,1393263657,-1.031815,-0.01475525,-0.03344727,-10.16145,22.20721,-7.302441,8.233567,7.522565,26,0.03192917,0.1440789,-0.01400397,0.07829748,-1.590876,-0.06278297,0.01700273,0.1342879,-0.01429029,-0.06250466,-0.0003485421,-0.09532595,3
2014-02-24 18:40:58.376,1598,159.8,43.61036,3.914165,18.36876,5.508028,74.91732,9,5,1393263657,-1.010452,-0.0213623,-0.05264282,-10.54495,21.50046,-8.270084,8.307003,7.596,26,0.04954971,-0.06673482,-0.03054672,0.07893264,-1.591388,-0.06195576,0.03462332,-0.07652579,-0.03083305,-0.03394482,-0.07667138,-0.05399825,3
2014-02-24 18:40:58.517,1599,159.9,43.61036,3.914165,18.36876,5.508028,74.91732,9,5,1393263657,-1.010971,0.01039124,-0.07922363,-10.10667,21.93538,-7.473202,8.312707,7.601705,26,0.04631424,-0.000417051,-0.09691909,0.07954565,-1.591143,-0.06107703,0.03138789,-0.010208,-0.09720542,-0.04952605,0.0490531,-0.07922117,3
2014-02-24 18:40:58.646,1600,160,43.61036,3.914208,20.05212,4.475471,73.46916,9,10,1393263658,-0.9823303,0.02003479,-0.03994751,-12.13372,22.42467,-8.213158,8.314876,7.603873,26,0.04235198,0.07792995,-0.07543297,0.08012705,-1.590523,-0.06047767,0.02742571,0.06813905,-0.0757193,-0.01354281,0.007125103,-0.056417,3
2014-02-24 18:40:58.747,1601,160.1,43.61036,3.914208,20.05212,4.475471,73.46916,9,10,1393263658,-0.9823303,0.02003479,-0.03994751,-11.36672,22.85959,-9.920769,8.311634,7.600632,26,0.05812509,0.02393303,-0.03956126,0.08092132,-1.590904,-0.05969205,0.04177142,-0.03774979,-0.007680854,0.07066426,-0.06797265,-0.0806172,3
2014-02-24 18:40:58.843,1602,160.2,43.61036,3.914208,20.05212,4.475471,73.46916,9,10,1393263658,-0.965332,0.02940369,-0.06323242,-11.0928,23.13142,-9.066967,8.306469,7.595467,26,0.06524824,0.05933763,-0.01285694,0.08174705,-1.590985,-0.05921625,0.04319891,0.01414219,-0.03984758,0.01571348,-0.03914686,-0.06009946,3
2014-02-24 18:40:58.946,1603,160.3,43.61036,3.914208,20.05212,4.475471,73.46916,9,10,1393263658,-0.9374695,-0.05484009,-0.0428009,-10.38059,23.07705,-8.896206,8.124481,7.413479,26,0.0678379,-0.003032009,-0.01926184,0.08259074,-1.590083,-0.0588676,0.05032212,0.04954683,-0.01314326,0.03275011,-0.02942991,-0.08248437,3
2014-02-24 18:40:59.069,1604,160.4,43.61036,3.914208,20.05212,4.475471,73.46916,9,10,1393263658,-1.003021,0.05224609,-0.0579834,-9.942312,21.44609,-7.416279,8.008221,7.297218,26,0.07413868,0.000267115,-0.03800331,0.08391607,-1.585346,-0.04918669,0.05291435,-0.01280313,-0.01957954,0.06121538,-0.1040069,-0.05733263,3
2014-02-24 18:40:59.183,1605,160.5,43.61036,3.914208,20.05212,4.475471,73.46916,9,10,1393263658,-0.980835,0.0506897,-0.06648254,-10.76409,22.37031,-8.725441,8.016672,7.30567,26,0.06151289,0.04010721,-0.004493285,0.08483691,-1.58544,-0.04943473,0.05921515,-0.009503984,-0.038321,0.03192017,-0.04878898,-0.06691694,3
2014-02-24 18:40:59.283,1606,160.6,43.61036,3.914208,20.05212,4.475471,73.46916,9,10,1393263658,-0.9894867,-0.0753479,-0.006195068,-11.64065,22.26157,-8.156242,8.0166,7.305598,26,0.07776031,-0.08793651,-0.01599175,0.08588825,-1.584976,-0.04921056,0.04658944,0.03033615,-0.004810975,-0.01634091,-0.08939761,-0.06768978,3
2014-02-24 18:40:59.468,1607,160.7,43.61036,3.914208,20.05212,4.475471,73.46916,9,10,1393263658,-0.9945526,-0.001037598,-0.09065247,-11.14758,21.55483,-7.643959,7.972273,7.261271,26,0.07093702,0.0824789,0.04093465,0.08713999,-1.579549,-0.04927529,0.06283741,-0.09768505,-0.01630871,-0.04963766,-0.02117918,-0.1031634,3
2014-02-24 18:40:59.564,1608,160.8,43.61036,3.914208,20.05212,4.475471,73.46916,9,10,1393263658,-1.016052,0.0184021,-0.09397888,-10.38059,22.5334,-7.757797,7.917491,7.206489,26,0.07259458,0.04131708,-0.005571599,0.08828631,-1.580086,-0.04918855,0.05601418,0.0727304,0.04061769,-0.01445147,0.0005291559,-0.03711075,3
2014-02-24 18:40:59.666,1609,160.9,43.61037,3.914261,23.86983,3.814088,74.20885,9,10,1393263659,-0.9636078,0.02481079,-0.006622314,-10.27102,22.42467,-7.871639,7.918512,7.20751,26,0.07516932,-0.107074,0.002939597,0.08956368,-1.571957,-0.04512832,0.05767347,0.0315952,-0.005900605,0.004428605,-0.0461506,-0.09181183,3
2014-02-24 18:40:59.779,1610,161,43.61037,3.914261,23.86983,3.814088,74.20885,9,10,1393263659,-0.9904327,-0.01098633,-0.07589722,-10.65452,22.47903,-8.383926,7.920418,7.209415,26,0.07637786,-0.02213912,-0.00726244,0.09063333,-1.57336,-0.04528585,0.06024827,-0.1167958,0.002610592,-0.01708076,-0.02686828,-0.09654018,3
2014-02-24 18:40:59.907,1611,161.1,43.61037,3.914261,23.86983,3.814088,74.20885,9,10,1393263659,-0.9904327,-0.01098633,-0.07589722,-9.065752,21.33736,-7.416279,7.925135,7.214133,26,0.06418192,0.04897926,-0.03153555,0.09295829,-1.573045,-0.04390762,0.04926153,0.03926035,-0.0318691,-0.0220387,-0.0546357,-0.002460661,3
2014-02-24 18:41:00.094,1612,161.2,43.61037,3.914261,23.86983,3.814088,74.20885,9,10,1393263659,-1.037476,0.07478333,-0.08291626,-10.92845,21.1199,-7.530121,8.016544,7.305542,26,0.06718224,0.08817273,0.04788177,0.09522757,-1.572563,-0.04265277,0.05226259,0.07845885,0.04754301,-0.04883891,-0.05696784,-0.02662175,3
2014-02-24 18:41:00.198,1613,161.3,43.61037,3.914261,23.86983,3.814088,74.20885,9,10,1393263659,-1.015198,0.05851746,-0.05621338,-11.20237,21.39173,-8.156246,8.222178,7.511176,26,0.07862157,-0.04794489,0.02351145,0.09630264,-1.572287,-0.04260774,0.06370196,-0.05765875,0.02317269,-0.03838427,0.03218848,-0.08440568,3
2014-02-24 18:41:00.354,1614,161.4,43.61037,3.914261,23.86983,3.814088,74.20885,9,10,1393263659,-1.015198,0.05851746,-0.05621338,-9.997093,20.95681,-8.725445,8.113573,7.402571,26,0.07890067,-0.09236748,-0.004206463,0.09760184,-1.569781,-0.04453926,0.05876454,-0.01125626,0.0179851,-0.03048746,0.02232422,-0.04958381,3
2014-02-24 18:41:00.514,1615,161.5,43.61037,3.914261,23.86983,3.814088,74.20885,9,10,1393263659,-0.9963226,0.01634216,-0.03912354,-9.723175,21.55483,-7.871635,8.106318,7.395315,26,0.06772312,0.06387139,-0.01522343,0.09886733,-1.57107,-0.04460768,0.06398067,-0.1020695,-0.00454045,-0.01619255,0.01392457,-0.05648635,3
2014-02-24 18:41:00.685,1616,161.6,43.61038,3.914314,25.42016,3.405844,75.05226,9,5,1393263660,-1.005539,0.06451416,-0.022995,-10.05188,20.90244,-7.871639,8.100409,7.389406,26,0.07966687,-0.06020715,0.04827645,0.1011298,-1.568132,-0.0436632,0.06469293,0.002605368,0.04370928,-0.002970791,-0.03627933,-0.05400976,3
2014-02-24 18:41:00.896,1617,161.7,43.61038,3.914314,25.42016,3.405844,75.05226,9,5,1393263660,-0.9453583,0.07301331,-0.04382324,-10.59973,22.20721,-7.871639,8.089449,7.378447,26,0.07505986,0.1115188,-0.01679123,0.1034465,-1.568266,-0.0456854,0.06349943,0.01954475,0.0364978,-0.03775924,-0.036972,0.02150932,3
2014-02-24 18:41:01.042,1618,161.8,43.61038,3.914314,25.42016,3.405844,75.05226,9,5,1393263660,-1.002411,0.1092377,-0.03791809,-11.03801,22.42467,-8.099319,8.070292,7.359289,26,0.07164969,-0.09934577,-0.01945839,0.1045036,-1.56648,-0.04536929,0.06014042,0.1018309,-0.01712708,0.01585316,0.08668058,0.003487534,3
2014-02-24 18:41:01.143,1619,161.9,43.61038,3.914314,25.42016,3.405844,75.05226,9,5,1393263660,-0.9719238,0.0584259,-0.07229614,-11.75022,22.15284,-8.270081,8.042494,7.331491,26,0.0591022,0.1611684,-0.02916002,0.1058305,-1.564986,-0.04719892,0.05672953,-0.1090249,-0.01978788,0.0535112,0.0258319,-0.03801936,3
2014-02-24 18:41:01.235,1620,162,43.61038,3.914314,25.42016,3.405844,75.05226,9,5,1393263660,-1.045395,0.04852295,-0.01359558,-11.96936,22.04411,-8.725445,8.01907,7.308067,26,0.07626121,-0.05259024,0.01180313,0.106789,-1.563665,-0.04729936,0.04418211,0.1514893,-0.02948951,-0.003554698,0.06195595,-0.03079431,3
2014-02-24 18:41:01.456,1621,162.1,43.61038,3.914314,25.42016,3.405844,75.05226,9,5,1393263660,-1.045395,0.04852295,-0.01359558,-11.69544,22.31594,-9.010048,7.978413,7.26741,26,0.06397552,0.04691691,-0.005709019,0.1089705,-1.559977,-0.04752807,0.04905542,0.03725199,-0.006035761,-0.002835653,-0.02681926,0.001819048,3
2014-02-24 18:41:01.564,1622,162.2,43.61039,3.914357,23.17102,3.05211,75.42838,9,5,1393263661,-0.9901123,0.07356262,-0.1048126,-8.682255,21.93538,-8.270084,7.763033,7.052031,26,0.06874498,0.1127622,0.003078614,0.1100542,-1.558335,-0.04723215,0.05382494,0.1030974,0.002751873,0.02558639,0.01346961,-0.02867561,3
2014-02-24 18:41:01.661,1623,162.3,43.61039,3.914357,23.17102,3.05211,75.42838,9,5,1393263661,-1.025543,0.1010284,-0.004989624,-9.668388,21.17427,-7.473202,7.579884,6.868881,26,0.07292481,-0.07221055,-0.02909583,0.1113111,-1.553342,-0.04831397,0.05800443,-0.08185627,-0.02941718,0.008568663,0.02526744,-0.08737987,3
2014-02-24 18:41:01.746,1624,162.4,43.61039,3.914357,23.17102,3.05211,75.42838,9,5,1393263661,-1.012695,0.02578735,-0.02278137,-10.65452,21.17427,-6.676311,7.623327,6.912324,26,0.07034261,-0.024565,-0.021374,0.1124647,-1.554704,-0.04853851,0.0554223,-0.03421067,-0.02169534,-0.02685031,0.05250899,0.01108328,3
2014-02-24 18:41:01.880,1625,162.5,43.61039,3.914357,23.17102,3.05211,75.42838,9,5,1393263661,-0.9712524,0.03433228,-0.09063721,-11.0928,21.82665,-6.903996,7.595212,6.88421,26,0.06147534,0.1635378,-0.01860245,0.1133828,-1.552323,-0.0479522,0.04655511,0.1538922,-0.01892379,-0.01401524,-0.02214647,-0.00432979,3
2014-02-24 18:41:01.989,1626,162.6,43.61039,3.914357,23.17102,3.05211,75.42838,9,5,1393263661,-1.000015,0.03269958,0.007507324,-11.14759,22.31594,-7.302444,7.592493,6.88149,26,0.06764216,-0.03906671,0.01041536,0.1143519,-1.552142,-0.04770204,0.05272195,-0.04871232,0.01009401,0.009308801,-0.006057972,-0.0868977,3
2014-02-24 18:41:02.135,1627,162.7,43.61039,3.914357,23.17102,3.05211,75.42838,9,5,1393263661,-0.9726257,0.0005950928,-0.07481384,-10.10667,23.67507,-7.473198,7.42197,6.710968,26,0.06525411,-0.01991192,-0.001525459,0.1154199,-1.55354,-0.04736909,0.05033397,-0.02955749,-0.001846801,0.04137789,0.02978181,-0.04529438,3
2014-02-24 18:41:02.246,1628,162.8,43.61039,3.914357,23.17102,3.05211,75.42838,9,5,1393263661,-0.9671173,0.0526886,-0.02342224,-10.27102,22.5334,-8.099319,7.461584,6.750582,26,0.06303036,0.1122877,-0.05093429,0.1163271,-1.551915,-0.04742292,0.04811029,0.1026421,-0.05125563,0.06145709,0.0653573,-0.02027954,3
2014-02-24 18:41:02.403,1629,162.9,43.61039,3.914357,23.17102,3.05211,75.42838,9,5,1393263661,-0.9671173,0.0526886,-0.02342224,-9.558817,23.7838,-7.35936,7.504132,6.79313,26,0.06266791,-0.02660098,0.0149382,0.1172349,-1.551082,-0.04741199,0.05031223,-0.06010148,0.005489677,0.02605642,-0.04679913,-0.05512267,3
2014-02-24 18:41:02.600,1630,163,43.6104,3.914399,20.67777,2.677717,76.67222,9,5,1393263662,-0.980835,-0.01954651,-0.1274261,-10.05188,23.29451,-6.733238,7.371085,6.660083,26,0.0570244,-0.07242759,-0.04097726,0.1190944,-1.5511,-0.04700918,0.0255684,0.2307779,-0.02222184,0.04112095,0.05380769,0.05545542,3
2014-02-24 18:41:02.837,1631,163.1,43.6104,3.914399,20.67777,2.677717,76.67222,9,5,1393263662,-1.04718,0.1674042,-0.1373749,-9.339676,23.24015,-9.294643,6.924727,6.213725,26,0.02781459,0.2972908,0.01496191,0.1206642,-1.552516,-0.04682717,0.06287459,-0.151954,-0.01226268,-0.0710568,0.01521691,0.00330597,3
2014-02-24 18:41:02.947,1632,163.2,43.6104,3.914399,20.67777,2.677717,76.67222,9,5,1393263662,-0.9794464,0.07176208,-0.04518127,-8.627464,23.83816,-8.78236,6.947147,6.236145,26,0.06268868,-0.1103928,0.02514104,0.1211337,-1.54966,-0.04680109,0.01289484,0.2876455,0.01464057,-0.04984105,-0.009781447,0.05924359,3
2014-02-24 18:41:03.048,1633,163.3,43.6104,3.914399,20.67777,2.677717,76.67222,9,5,1393263662,-1.053696,0.07336426,-0.05580139,-8.298754,24.05562,-8.78236,7.006737,6.295734,26,0.04434696,-0.03706508,-0.0003853594,0.1217106,-1.549104,-0.0460845,0.047769,-0.1200381,0.02481971,0.01231413,-0.08452034,-0.1144565,3
2014-02-24 18:41:03.155,1634,163.4,43.6104,3.914399,20.67777,2.677717,76.67222,9,5,1393263662,-1.023239,0.1133423,-0.08695984,-8.024828,23.34888,-8.042404,7.004188,6.293186,26,0.03314997,0.1112679,-0.007806524,0.1223657,-1.551083,-0.04667081,0.02942732,-0.04671032,-0.0007066913,0.01927062,0.02510821,-0.02549119,3
2014-02-24 18:41:03.280,1635,163.5,43.6104,3.914399,20.67777,2.677717,76.67222,9,5,1393263662,-1.013809,0.09812927,0.04588318,-8.189186,22.85959,-7.871643,7.000929,6.289927,26,0.04549079,-0.118479,0.02270878,0.1227667,-1.549361,-0.04659565,0.01823038,0.1016227,-0.008127855,-0.05501054,0.02678547,-0.03439097,3
2014-02-24 18:41:03.477,1636,163.6,43.6104,3.914399,20.67777,2.677717,76.67222,9,5,1393263662,-1.01889,0.06312561,-0.1197052,-8.189182,21.88102,-6.733238,6.99326,6.282258,26,0.04271471,0.04822159,0.03630554,0.1232798,-1.549819,-0.04697694,0.03057127,-0.1281241,0.02238744,-0.02456213,0.06638262,-0.066007,3
2014-02-24 18:41:03.579,1637,163.7,43.6104,3.914431,18.97068,2.343079,75.77682,9,5,1393263663,-1.01889,0.06312561,-0.1197052,-9.942312,22.85959,-7.871639,7.019536,6.308534,26,0.02440068,0.1305793,0.005998238,0.1240529,-1.548678,-0.04734069,0.009646753,0.1208854,0.005639656,-0.01036738,0.04213927,-0.01282015,3
2014-02-24 18:41:03.692,1638,163.8,43.6104,3.914431,18.97068,2.343079,75.77682,9,5,1393263663,-1.080002,0.1278229,-0.05455017,-9.613602,23.18578,-7.530117,7.028335,6.317332,26,0.0346685,-0.1720173,-0.0003347594,0.1240529,-1.548678,-0.04734069,0.009646753,0.1208854,0.005639656,-0.01036738,0.04213927,-0.01282015,3
2014-02-24 18:41:03.768,1639,163.9,43.6104,3.914431,18.97068,2.343079,75.77682,9,5,1393263663,-1.080002,0.1278229,-0.05455017,-9.06575,23.51197,-8.327,7.036833,6.32583,26,0.03076936,0.02513465,-0.004642422,0.1248181,-1.551762,-0.04814326,0.01601556,0.01544079,-0.005001001,-0.07259815,0.06611789,0.04656899,3
2014-02-24 18:41:03.896,1640,164,43.6104,3.914431,18.97068,2.343079,75.77682,9,5,1393263663,-1.011963,0.04940796,-0.0629425,-8.517897,23.51197,-8.668518,7.043736,6.332733,26,0.01612731,0.1573502,-0.04009362,0.124868,-1.548879,-0.04784122,0.001373542,0.1476564,-0.0404522,-0.08138591,0.07999991,-0.03265933,3
2014-02-24 18:41:04.009,1641,164.1,43.6104,3.914431,18.97068,2.343079,75.77682,9,5,1393263663,-0.9640656,0.1287231,0.01501465,-6.819559,23.13142,-7.473202,7.066386,6.355383,26,0.02313967,-0.1399614,0.05085812,0.1249928,-1.550906,-0.0480177,0.008385966,-0.1496552,0.05049955,-0.01331309,0.001408705,-0.04307672,3
2014-02-24 18:41:04.134,1642,164.2,43.6104,3.914431,18.97068,2.343079,75.77682,9,5,1393263663,-0.9788208,0.1814423,-0.05180359,-8.408327,22.5334,-5.025627,7.081048,6.370045,26,0.01764664,0.06311718,-0.06144845,0.1251374,-1.551481,-0.04754642,0.002892999,0.05342343,-0.06180702,0.03461801,0.08119464,0.0343066,3
2014-02-24 18:41:04.241,1643,164.3,43.6104,3.914431,18.97068,2.343079,75.77682,9,5,1393263663,-0.9830322,0.06654358,-0.08810425,-8.079615,22.42467,-6.39172,7.082604,6.371602,26,0.01030404,0.04490782,-0.06368737,0.1251251,-1.550498,-0.04709962,-0.004449576,0.03521409,-0.06404594,-0.05235542,-0.0144284,-6.517664e-05,3
2014-02-24 18:41:04.417,1644,164.4,43.6104,3.914431,18.97068,2.343079,75.77682,9,5,1393263663,-0.9311066,0.1545105,-0.04231262,-8.243973,22.15284,-5.651752,7.090074,6.379071,26,0.01371368,-0.0487489,-0.01464313,0.1250103,-1.550079,-0.04668128,-0.001039862,-0.05844258,-0.0150017,0.03067868,0.01276865,-0.03986854,3
2014-02-24 18:41:04.557,1645,164.5,43.6104,3.914431,18.97068,2.343079,75.77682,9,5,1393263663,-0.9311066,0.1545105,-0.04231262,-8.189188,23.40324,-6.391716,7.095335,6.384333,26,0.00234518,0.116733,-0.003463175,0.125058,-1.550961,-0.04674917,0.002253206,0.04838804,0.01800712,-0.03757444,0.03862552,0.02162808,3
2014-02-24 18:41:04.656,1646,164.6,43.61041,3.914454,16.99744,1.935359,74.53744,9,5,1393263664,-1.00679,0.1174927,-0.01463318,-7.860474,23.07705,-6.050194,7.095879,6.384877,26,0.00234518,0.116733,-0.003463175,0.1248428,-1.549113,-0.04624697,-0.01240824,0.1070394,-0.003821743,9.97801e-05,-0.001323872,-0.07035182,3
2014-02-24 18:41:04.755,1647,164.7,43.61041,3.914454,16.99744,1.935359,74.53744,9,5,1393263664,-1.00679,0.1174927,-0.01463318,-7.257835,23.02269,-6.334793,7.10061,6.389608,26,0.003695402,0.07021105,-0.01120765,0.1248316,-1.549799,-0.04620431,0.00772077,-0.1287071,-0.02244363,-0.02712057,0.06288195,-0.1118083,3
2014-02-24 18:41:04.876,1648,164.8,43.61041,3.914454,16.99744,1.935359,74.53744,9,5,1393263664,-1.008926,0.007385254,-0.07528687,-5.614281,22.80523,-7.017838,7.110904,6.399901,26,0.0007739146,0.06611351,0.04628601,0.1247354,-1.550078,-0.04674844,-0.01105792,0.0605175,-0.01156621,-0.008097046,0.07076126,0.006060704,3
2014-02-24 18:41:04.955,1649,164.9,43.61041,3.914454,16.99744,1.935359,74.53744,9,5,1393263664,-0.9534607,0.06546021,-0.008773804,-4.518578,23.34888,-6.220955,7.111827,6.400825,26,0.02075535,-0.1072255,0.0364387,0.1245709,-1.54886,-0.04698933,-0.01397934,0.05642001,0.04592744,-0.01027051,-0.03958678,-0.05337657,3
2014-02-24 18:41:05.097,1650,165,43.61041,3.914454,16.99744,1.935359,74.53744,9,5,1393263664,-1.04715,0.06001282,-0.08683777,-4.354223,23.72943,-6.505554,7.111084,6.400082,26,0.004905543,0.07137218,-0.008861402,0.1246573,-1.550678,-0.04728983,0.006002117,-0.116919,0.03608014,-0.03519461,0.06100415,-0.1098492,3
2014-02-24 18:41:05.223,1651,165.1,43.61041,3.914454,16.99744,1.935359,74.53744,9,5,1393263664,-0.9768982,0.05751038,-0.07722473,-3.970728,22.47903,-5.651752,7.117302,6.4063,26,0.01487003,-0.04187475,-0.00648746,0.1245335,-1.550333,-0.04753316,-0.009847616,0.06167875,-0.009219964,0.001285902,0.05964721,-0.01447375,3
2014-02-24 18:41:05.394,1652,165.2,43.61041,3.914454,16.99744,1.935359,74.53744,9,5,1393263664,-0.9915619,0.1540985,-0.009857178,-5.723856,23.13141,-5.651752,7.14671,6.435708,26,0.004624046,-0.0800477,0.0489228,0.1243039,-1.549951,-0.04801222,0.0001169359,-0.05156813,-0.006846021,-0.05051793,0.1125745,-0.1008994,3
2014-02-24 18:41:05.713,1653,165.3,43.61041,3.914454,16.99744,1.935359,74.53744,9,5,1393263664,-0.9693756,0.04319763,-0.1024017,-4.573366,22.5334,-6.277878,7.184009,6.473006,26,-0.004048537,0.08748804,0.03078055,0.1241635,-1.551916,-0.04857316,-0.01012902,-0.08974107,0.04856424,0.02174435,0.008956312,-0.05836821,3
2014-02-24 18:41:05.895,1654,165.4,43.61041,3.914469,15.94948,1.493777,73.78159,9,5,1393263665,-0.9510345,0.1372223,-0.01025391,-4.902073,24.27309,-6.505558,7.225239,6.514236,26,-0.007418768,-0.04304068,0.01090618,0.1238548,-1.551795,-0.04868897,-0.01880153,0.07779472,0.03042199,0.007072724,0.1054288,0.009120837,3
2014-02-24 18:41:06.032,1655,165.5,43.61041,3.914469,15.94948,1.493777,73.78159,9,5,1393263665,-0.9929199,0.1065979,-0.09729004,-4.682938,23.29451,-5.480991,7.23731,6.526308,26,0.001446363,-0.07265396,-0.01570067,0.1234382,-1.551138,-0.04846228,-0.02217169,-0.05273396,0.01054762,0.02925733,-0.005245676,-0.08276784,3
2014-02-24 18:41:06.160,1656,165.6,43.61041,3.914469,15.94948,1.493777,73.78159,9,5,1393263665,-1.055206,0.1578064,-0.108139,-5.066435,23.67507,-6.107113,7.245953,6.534951,26,-0.009783654,0.0632594,-0.01713531,0.1232205,-1.553337,-0.04875832,-0.01330651,-0.08234721,-0.01605922,0.04762477,0.08848329,0.007183715,3
2014-02-24 18:41:06.267,1657,165.7,43.61041,3.914469,15.94948,1.493777,73.78159,9,5,1393263665,-1.055206,0.1578064,-0.108139,-5.121216,23.72943,-5.822514,7.251912,6.54091,26,-0.01390756,-0.01445804,0.04810441,0.1222514,-1.551448,-0.05158489,-0.0286614,-0.02414698,0.04775614,0.02648274,0.01670581,-0.07157476,3
2014-02-24 18:41:06.450,1658,165.8,43.61041,3.914469,15.94948,1.493777,73.78159,9,5,1393263665,-1.036789,0.08486938,-0.06739807,-6.216921,23.40324,-5.139469,7.287432,6.576429,26,-0.02106108,0.001109473,0.01738298,0.1219492,-1.549966,-0.05483328,-0.03581589,-0.008569592,0.01704714,0.04851235,0.03917308,-0.03199781,3
2014-02-24 18:41:06.535,1659,165.9,43.61041,3.914469,15.94948,1.493777,73.78159,9,5,1393263665,-1.063019,0.1548309,-0.1296692,-6.929125,24.21872,-6.334789,7.307328,6.596326,26,-0.004766792,-0.01943522,-0.01628017,0.1214112,-1.54996,-0.05495382,-0.01952157,-0.02911426,-0.01661601,-0.03851525,0.02994322,-0.04659522,3
2014-02-24 18:41:06.660,1660,166,43.61041,3.914469,15.94948,1.493777,73.78159,9,5,1393263665,-1.077866,0.0592804,-0.1427765,-6.983913,23.94689,-6.50555,7.310945,6.599943,26,-0.01108088,0.08029617,-0.0114484,0.1208412,-1.548926,-0.05535976,-0.0258356,0.07061717,-0.01178424,-0.06478954,0.09949945,-0.1078341,3
2014-02-24 18:41:06.750,1661,166.1,43.61041,3.914469,15.94948,1.493777,73.78159,9,5,1393263665,-0.9680481,0.05458069,-0.04101562,-6.929127,24.21872,-7.35936,7.31507,6.604068,26,-0.01520958,-0.05968011,0.0637835,0.1206486,-1.541061,-0.05637383,-0.0299625,-0.06932427,0.06345107,-0.07989556,0.00293642,-0.1130925,3
2014-02-24 18:41:06.871,1662,166.2,43.61041,3.914469,15.94948,1.493777,73.78159,9,5,1393263665,-0.973053,0.08682251,-0.1476135,-6.326488,24.81674,-7.985477,7.325022,6.61402,26,-0.01500638,0.01144094,0.02789821,0.1201893,-1.542475,-0.0565602,-0.02975927,0.001796797,0.02756578,0.01786745,0.1105995,-0.07612815,3
2014-02-24 18:41:06.998,1663,166.3,43.61041,3.914469,15.94948,0,73.78159,9,5,1393263666,-0.9673462,0.1426697,-0.1352997,-8.791824,25.08857,-7.131676,7.336225,6.625223,26,-0.01458826,0.043862,-0.02872299,0.119912,-1.537081,-0.06063826,-0.02934256,0.03423384,-0.02904014,-0.06203653,0.06745066,-0.06553556,3
2014-02-24 18:41:07.112,1664,166.4,43.61041,3.914469,15.94948,0,73.78159,9,5,1393263666,-0.9734955,0.09120178,-0.09791565,-8.846605,25.0342,-7.074757,7.341076,6.630074,26,-0.007338607,-0.01368545,-0.003456783,0.1195381,-1.537223,-0.06105313,-0.02209284,-0.02331356,-0.003773931,-0.02151439,0.01697246,-0.1038705,3
2014-02-24 18:41:07.302,1665,166.5,43.61041,3.914469,15.94948,0,73.78159,9,5,1393263666,-1.065842,0.1898346,-0.1250763,-9.339676,26.06714,-8.270081,7.342842,6.631839,26,-0.003999535,0.06140291,0.02868943,0.1188818,-1.532692,-0.06550185,-0.01875471,0.05179506,0.02838757,0.0236357,0.02574676,-0.05990183,3
2014-02-24 18:41:07.517,1666,166.6,43.61041,3.914469,15.94948,0,73.78159,9,5,1393263666,-1.065842,0.1898346,-0.1250763,-7.750906,25.14293,-8.440842,7.342819,6.631816,26,-0.005778793,0.00524696,-0.04703116,0.1185043,-1.532322,-0.06538394,-0.009636791,-0.03240367,-0.02114643,-0.02808276,0.06849748,-0.1199424,3
2014-02-24 18:41:07.686,1667,166.7,43.61041,3.914469,15.94948,0,73.78159,9,5,1393263666,-1.022385,0.1349487,-0.1329346,-8.298756,25.25166,-8.213158,7.337842,6.62684,26,-0.003828028,0.03633004,0.01133921,0.1179539,-1.528054,-0.06538112,-0.0283962,0.02663595,0.007425764,0.01202772,0.002094043,-0.06693485,3
2014-02-24 18:41:07.829,1668,166.8,43.61041,3.914469,15.94948,0,73.78159,9,5,1393263667,-0.9863434,0.04153442,-0.108429,-8.298759,24.70801,-7.188599,7.272788,6.561786,26,-0.00333774,-0.01848713,-0.04091068,0.1177618,-1.523239,-0.0643042,-0.01857901,0.02676163,0.01103783,0.01622934,-0.006032356,-0.08054969,3
2014-02-24 18:41:07.934,1669,166.9,43.61041,3.914469,15.94948,0,73.78159,9,5,1393263667,-0.9332123,0.005310059,-0.1270599,-8.298754,24.81674,-6.733238,7.279692,6.56869,26,-0.01094319,0.03487942,-0.02156175,0.1172438,-1.522844,-0.06386691,-0.01808865,-0.0280555,-0.04121206,0.05246285,-0.006480974,-0.09045393,3
2014-02-24 18:41:08.046,1670,167,43.61041,3.914469,15.94948,0,73.78159,9,5,1393263667,-0.9606018,0.05789185,-0.110199,-8.134401,24.10999,-6.220955,7.277779,6.566777,26,-0.02246962,0.03183889,0.0346661,0.1167859,-1.522956,-0.0640499,-0.02569408,0.02531107,-0.02186313,0.01046436,-0.02247169,-0.06070533,3
2014-02-24 18:41:08.143,1671,167.1,43.61041,3.914469,15.94948,0,73.78159,9,5,1393263667,-0.9438782,0.08421326,-0.1443481,-8.408327,24.27309,-6.505554,7.275271,6.564269,26,-0.004114318,0.02076094,0.04902773,0.116304,-1.518129,-0.06907691,-0.03722308,0.0222875,0.03438285,0.06301957,-0.06371193,-0.07454263,3
2014-02-24 18:41:08.285,1672,167.2,43.61041,3.914469,15.94948,0,73.78159,9,5,1393263667,-0.9391174,0.09020996,-0.1267853,-7.312622,25.0342,-7.985481,7.286102,6.575099,26,-0.02377297,0.06246657,0.03904727,0.1159256,-1.518957,-0.06973056,-0.01886771,0.0112096,0.04874447,0.03562792,-0.01178223,-0.05850896,3
2014-02-24 18:41:08.482,1673,167.3,43.61041,3.914469,15.94948,0,73.78159,9,5,1393263667,-0.9765015,0.1088409,-0.1507568,-7.805691,25.30602,-8.270084,7.296718,6.585716,26,-0.005091698,-0.0259099,0.02483851,0.1153921,-1.515843,-0.07152268,-0.03852647,0.05292378,0.03876884,0.05205948,0.01275154,-0.08956295,3
2014-02-24 18:41:08.572,1674,167.4,43.61041,3.914469,15.94948,0,73.78159,9,5,1393263667,-0.9765015,0.1088409,-0.1507568,-7.696121,25.30602,-8.383926,7.297671,6.586668,26,-0.007664311,0.04663142,0.02762524,0.1146698,-1.512108,-0.07388917,-0.02241673,0.03710287,0.02735017,-0.08119723,0.02047736,-0.06893165,3
2014-02-24 18:41:08.671,1675,167.5,43.61041,3.914469,15.94948,0,73.78159,9,5,1393263667,-1.036484,0.1401367,-0.1468048,-7.641333,24.49055,-7.871639,7.29357,6.582568,26,-0.01050138,0.05150767,0.07330137,0.1142402,-1.512066,-0.07449581,-0.02525373,0.04197917,0.07302631,-0.00365364,-0.04065922,-0.05877587,3
2014-02-24 18:41:08.787,1676,167.6,43.61041,3.914469,15.94948,0,73.78159,9.025795,5,1393263668,-1.056915,0.1672821,-0.1833191,-7.860474,24.92547,-7.985485,7.294806,6.583804,26,-0.01101936,0.03495372,-0.01217837,0.1137442,-1.506333,-0.07484493,-0.02576842,0.02544894,-0.01245358,-0.06102316,0.04196993,-0.06701749,3
2014-02-24 18:41:08.982,1677,167.7,43.61041,3.914469,15.94948,0,73.78159,9.025795,5,1393263668,-0.9995117,0.1024017,-0.1460876,-8.463114,24.76237,-7.131676,7.303292,6.592289,26,-0.00149936,0.002516954,0.03280722,0.1132072,-1.504528,-0.07703497,-0.01624866,-0.006976114,0.03253816,0.03126856,0.02587019,-0.04844774,3
2014-02-24 18:41:09.085,1678,167.8,43.61041,3.914469,15.94948,0,73.78159,9.025795,5,1393263668,-0.9995117,0.1024017,-0.1460876,-8.298756,25.03419,-6.960915,7.299667,6.588665,26,0.01160872,-0.05251114,-0.05803161,0.1127222,-1.502864,-0.07646212,-0.02210754,0.1092909,-0.02144198,0.02875973,0.08448578,-0.02968441,3
2014-02-24 18:41:09.180,1679,167.9,43.61041,3.914469,15.94948,0,73.78159,9.025795,5,1393263668,-0.9377747,0.06352234,-0.09046936,-8.627468,24.59927,-7.530117,7.296109,6.585106,26,0.01160872,-0.05251114,-0.05803161,0.1127387,-1.496954,-0.08074483,-0.003142686,-0.06197989,-0.05828252,-0.04102375,0.09904564,-0.1183902,3
2014-02-24 18:41:09.282,1680,168,43.61041,3.914469,15.94948,0,73.78159,9.025795,5,1393263668,-0.9377747,0.06352234,-0.09046936,-8.243969,23.56634,-8.156239,7.296613,6.585611,26,-0.003961186,0.09419494,0.01898461,0.1123588,-1.497522,-0.08065007,-0.02069183,0.0208415,-0.03110496,0.06905656,0.01121895,-0.06827939,3
2014-02-24 18:41:09.481,1681,168.1,43.61041,3.914469,15.94948,0,73.78159,9.025795,5,1393263668,-0.8877716,0.09089661,-0.1505737,-7.58655,25.08856,-8.611599,7.288278,6.577276,26,-0.0133989,0.03032701,-0.02154098,0.1120291,-1.496894,-0.08028875,-0.01871249,0.08472625,0.01873371,0.05628318,-0.01668018,-0.01687198,3
2014-02-24 18:41:09.572,1682,168.2,43.61041,3.914469,15.94948,0,73.78159,9.025795,5,1393263668,-0.9743195,0.1398468,-0.1353455,-6.929127,24.43618,-7.928562,7.287916,6.576914,26,0.001473261,-0.05456684,-0.02174258,0.1118479,-1.492991,-0.082917,-0.02815201,0.02087086,-0.02178016,0.1057778,0.008074582,-0.07311404,3
2014-02-24 18:41:09.670,1683,168.3,43.61041,3.914469,15.94948,0,73.78159,9.025795,5,1393263668,-0.9777985,0.107193,-0.1068726,-6.709986,24.65364,-7.700882,7.29312,6.582118,26,0.003443734,0.1485684,0.007967645,0.1115298,-1.493551,-0.08313738,-0.01327979,-0.06402294,-0.02198176,0.01925501,0.05680516,-0.05844382,3
2014-02-24 18:41:09.793,1684,168.4,43.61041,3.914469,15.94948,0,73.78159,9.046176,5,1393263669,-1.012619,0.1125031,-0.1687469,-9.010965,24.43618,-7.587036,7.294641,6.583639,26,-0.007729825,0.07046857,0.03208443,0.1112501,-1.492235,-0.08328202,-0.01130927,0.1391124,0.007728468,0.04869723,-0.02834569,0.009177536,3
2014-02-24 18:41:09.885,1685,168.5,43.61041,3.914469,15.94948,0,73.78159,9.046176,5,1393263669,-1.078354,0.1573944,-0.09962463,-9.06575,24.81674,-7.074757,7.308693,6.597691,26,0.004828577,-0.03496518,0.01681067,0.11105,-1.489387,-0.0846936,-0.02232933,0.06095461,0.03180752,0.03461951,-0.0200477,-0.06624983,3
2014-02-24 18:41:10.014,1686,168.6,43.61041,3.914469,15.94948,0,73.78159,9.046176,5,1393263669,-1.027863,0.06523132,-0.1324921,-8.846611,25.25166,-7.302441,7.32061,6.609608,26,0.006548181,0.08456442,-0.0617643,0.1107973,-1.489938,-0.08481661,-0.009770856,-0.04447909,0.01653376,0.01156709,0.007707529,-0.01168335,3
2014-02-24 18:41:10.117,1687,168.7,43.61041,3.914469,15.94948,0,73.78159,9.046176,5,1393263669,-0.9762268,0.03924561,-0.1151276,-8.024834,25.9584,-8.0424,7.322225,6.611222,26,-0.007443002,0.0769808,-0.00434255,0.1106392,-1.488477,-0.08757744,-0.008054209,0.07505245,-0.06203136,-0.08555971,0.06992888,-0.01771299,3
2014-02-24 18:41:10.315,1688,168.8,43.61041,3.914469,15.94948,0,73.78159,9.046176,5,1393263669,-0.9296265,0.09054565,-0.05058289,-8.298756,24.70801,-7.985477,7.322624,6.611622,26,0.006408365,-0.0002031992,-0.03161039,0.1099692,-1.485071,-0.08455562,-0.01846621,0.05290117,0.0119832,0.01654147,-0.04520929,-0.02981337,3
2014-02-24 18:41:10.487,1689,168.9,43.61041,3.914469,15.94948,0,73.78159,9.046176,5,1393263669,-0.9296265,0.09054565,-0.05058289,-7.641333,25.57785,-7.985477,7.333931,6.622929,26,0.005289837,-0.0150386,-0.04320766,0.1094958,-1.484631,-0.08389945,-0.009308567,-0.02454349,-0.04348192,0.002093443,0.05671714,-0.004911255,3
2014-02-24 18:41:10.634,1690,169,43.61041,3.914469,15.94948,0,73.78159,9.046176,5,1393263669,-1.013153,0.1062317,-0.07411194,-7.915262,24.76237,-7.814716,7.34107,6.630067,26,0.008953548,-0.05686888,-0.03337926,0.1068975,-1.480409,-0.08164103,-0.005645499,-0.06637018,-0.03364849,-0.04731636,-0.01900459,-0.03582942,3
2014-02-24 18:41:10.742,1691,169.1,43.61041,3.914469,15.94948,0,73.78159,9.046176,5,1393263669,-1.013153,0.1062317,-0.07411194,-7.312626,24.49055,-6.960915,7.340765,6.629763,26,0.01491796,0.02373755,-0.02237774,0.1066441,-1.482318,-0.08183993,0.0003173781,0.01422883,-0.02264596,-0.02825697,0.01082647,0.03446351,3
2014-02-24 18:41:10.832,1692,169.2,43.61041,3.914469,15.94948,0,73.78159,9.046176,5,1393263669,-1.044601,0.1199646,-0.0667572,-7.860474,24.27309,-7.188602,7.334771,6.623769,26,0.009751963,0.06242769,0.001830391,0.1065181,-1.48236,-0.08124337,-0.004848567,0.052919,0.001562172,-0.01111496,-0.03774277,0.04667807,3
2014-02-24 18:41:10.934,1693,169.3,43.61041,3.914469,15.94948,0,73.78159,9.070193,5,1393263670,-1.001038,0.1039734,-0.07200623,-7.476976,24.21872,-7.58704,7.330274,6.619271,26,0.003943875,-0.0138037,-0.02915549,0.1061601,-1.481843,-0.08064313,-0.01065661,-0.02331236,-0.02942371,-0.05179219,0.03940884,0.02178974,3
2014-02-24 18:41:11.101,1694,169.4,43.61041,3.914469,15.94948,0,73.78159,9.070193,5,1393263670,-1.002014,0.002487183,-0.04200745,-8.408329,25.36039,-7.416275,7.323526,6.612524,26,0.01125026,0.0440628,-0.02847665,0.1057157,-1.482845,-0.07976226,-0.003350911,0.03454862,-0.02874546,-0.03655805,0.0008581787,-0.001185966,3
2014-02-24 18:41:11.638,1695,169.5,43.61041,3.914469,15.94948,0,73.78159,9.070193,5,1393263670,-0.9843903,-0.008224487,-0.08757019,-8.134401,24.8711,-8.383923,7.315675,6.604673,26,0.002717223,-0.02513731,-0.0278833,0.105363,-1.482734,-0.07649924,-0.002017072,0.05370205,-0.04417794,-0.02921867,0.04198356,0.01142744,3
2014-02-24 18:41:11.811,1696,169.6,43.61041,3.914469,15.94948,0,73.78159,9.070193,5,1393263670,-1.016434,0.10466,-0.02536011,-7.257839,24.32745,-8.270081,7.303215,6.592212,26,0.002717223,-0.02513731,-0.0278833,0.1052902,-1.479753,-0.07784097,-0.0118821,-0.03464286,-0.02815356,-0.03102185,0.0371363,-0.05776481,3
2014-02-24 18:41:12.009,1697,169.7,43.61041,3.914469,15.94948,0,73.78159,9.070193,5,1393263670,-1.01741,0.0528717,-0.1527557,-7.970047,25.79531,-8.327,7.294358,6.583356,26,0.002844789,-0.0614876,-0.03808533,0.1047854,-1.480511,-0.07694853,-0.03783291,0.1452628,-0.04188988,-0.02345365,0.02778742,0.06453538,3
2014-02-24 18:41:12.212,1698,169.8,43.61041,3.914469,15.94948,0,73.78159,9.070193,5,1393263670,-1.048538,0.08772278,-0.120224,-7.038698,24.21872,-6.790154,7.282652,6.57165,26,-0.0001241033,0.08276039,0.002710033,0.1042994,-1.480488,-0.07462464,-0.00188107,-0.04603577,-0.04554806,-0.01890124,-0.05429173,-0.008896752,3
2014-02-24 18:41:12.494,1699,169.9,43.61041,3.914469,15.94948,0,73.78159,9.077896,5,1393263671,-1.055664,0.0655365,-0.03723145,-8.791821,25.08856,-7.35936,7.275543,6.564541,26,0.01516697,-0.1021637,-0.03405064,0.1035865,-1.481802,-0.07287659,-0.005902849,-0.05593725,-0.003262231,-0.0278872,-0.03657248,-0.03089652,3
2014-02-24 18:41:12.581,1700,170,43.61041,3.914469,15.94948,0,73.78159,9.077896,5,1393263671,-0.93367,0.07705688,-0.0008239746,-8.408323,25.25166,-7.871639,7.270993,6.55999,26,0.01263856,-0.06815509,-0.03088761,0.1034394,-1.483417,-0.07346783,0.0005688003,-0.1116744,-0.03432649,-0.02433996,0.02188938,0.003201355,3
2014-02-24 18:41:12.713,1701,170.1,43.61041,3.914469,15.94948,0,73.78159,9.077896,5,1393263671,-0.8992767,-0.002059937,-0.0749054,-7.696121,24.43618,-8.156242,7.253353,6.54235,26,-0.002586196,0.1744392,-0.01111257,0.1032991,-1.485098,-0.07323324,-0.001959565,-0.07766576,-0.03116345,-0.06200442,-0.0076313,0.04813236,3
2014-02-24 18:41:12.915,1702,170.2,43.61041,3.914469,15.94948,0,73.78159,9.077896,5,1393263671,-0.9575806,0.05197144,-0.09254456,-8.243973,24.65364,-7.58704,7.233448,6.522446,26,0.005203018,0.06881794,-0.04519997,0.1027696,-1.48538,-0.0722077,0.006906761,-0.2159598,-0.04145765,0.09448118,-0.07420491,0.01018465,3
2014-02-24 18:41:13.031,1703,170.3,43.61041,3.914469,15.94948,0,73.78159,9.077896,5,1393263671,-0.9575806,0.05197144,-0.09254456,-6.436062,25.14293,-8.327003,7.222187,6.511185,26,0.009773002,0.01938915,0.005769738,0.1025425,-1.486239,-0.07148497,-0.0048257,0.009876317,0.005496011,0.09015004,-0.05149613,0.00227046,3
2014-02-24 18:41:13.132,1704,170.4,43.61041,3.914469,15.94948,0,73.78159,9.077896,5,1393263671,-0.957962,0.04457092,-0.01545715,-7.696121,24.97983,-7.928566,7.222073,6.511071,26,0.01134347,-0.08621424,-0.02016572,0.1024306,-1.488787,-0.07276905,-0.00325691,-0.09573179,-0.02043428,0.06429873,0.02279991,0.02620476,3
2014-02-24 18:41:13.363,1705,170.5,43.61041,3.914469,15.94948,0,73.78159,9.077896,5,1393263671,-0.8656311,-0.0003662109,-0.01309204,-6.709986,24.87111,-6.676311,7.207596,6.496594,26,0.00206608,0.1034207,0.03303039,0.102242,-1.488135,-0.07264197,-0.0125342,0.09390318,0.03276183,0.07293669,-0.05008664,0.02454962,3
2014-02-24 18:41:13.500,1706,170.6,43.61041,3.914469,15.94948,0,73.78159,9.077896,5,1393263671,-0.9130249,0.06915283,-0.06195068,-8.024832,24.43618,-7.473198,7.195609,6.484607,26,0.01087795,0.004804875,0.02351918,0.10231,-1.488318,-0.07193376,-0.003721375,-0.004710379,0.02324769,0.1283922,-0.07223795,0.06907982,3
2014-02-24 18:41:13.633,1707,170.7,43.61041,3.914469,15.94948,0,73.78159,9.110385,5,1393263672,-0.8991547,0.135437,0.04304504,-8.189186,24.92547,-7.074757,7.190837,6.479835,26,0.0149406,-0.03741555,-0.01591505,0.1022498,-1.487878,-0.07225274,0.0003413046,-0.04693079,-0.01618654,0.1158208,0.001342219,0.04442968,3
2014-02-24 18:41:13.733,1708,170.8,43.61041,3.914469,15.94948,0,73.78159,9.110385,5,1393263672,-1.047195,0.0844574,-0.1562653,-8.791821,24.76237,-7.928566,7.18917,6.478168,26,0.02453357,0.03988536,0.00336517,0.1025006,-1.488775,-0.07255142,0.009934344,0.03037017,0.003093683,0.06298599,-0.02640625,0.08699356,3
2014-02-24 18:41:13.976,1709,170.9,43.61041,3.914469,15.94948,0,73.78159,9.110385,5,1393263672,-1.066467,0.1543884,-0.06434631,-7.531769,25.0342,-7.188599,7.170661,6.459659,26,0.0152735,0.01999421,-0.0657428,0.1017783,-1.487561,-0.07276695,-0.00583824,-0.05828774,-0.01143891,-0.05935238,0.02557911,0.02792614,3
2014-02-24 18:41:14.221,1710,171,43.61041,3.914469,15.94948,0,73.78159,9.110385,5,1393263672,-1.131424,0.08818054,-0.04216003,-7.805691,24.76237,-7.700874,7.178386,6.467383,26,0.01275468,0.144558,-0.0775406,0.1016654,-1.487182,-0.07200611,0.0006718974,0.01046578,-0.06601027,-0.07254323,0.08244453,0.01895471,3
2014-02-24 18:41:14.408,1711,171.1,43.61041,3.914469,15.94948,0,73.78159,9.110385,5,1393263672,-1.139481,0.03659058,-0.1599121,-8.243973,24.10999,-7.473198,7.172149,6.461147,26,0.001427987,0.1413225,-0.04594379,0.1014568,-1.487527,-0.07106658,-0.001847907,0.1350212,-0.07780857,-0.1374043,0.01717376,0.04080329,3
2014-02-24 18:41:14.549,1712,171.2,43.61041,3.914469,15.94948,0,73.78159,9.110385,5,1393263672,-1.052994,0.02095032,-0.1295319,-8.517899,25.46912,-7.074757,7.260461,6.549459,26,0.009935189,-0.02265551,-0.007895473,0.1010317,-1.484447,-0.06982072,-0.01317454,0.1317857,-0.04621176,-0.1456338,-0.03317343,-0.07387976,3
2014-02-24 18:41:14.651,1713,171.3,43.61041,3.914469,15.94948,0,73.78159,9.134835,5,1393263673,-1.125153,-4.577637e-05,-0.08436584,-8.572683,25.19729,-7.017838,7.259408,6.548406,26,0.01624448,-0.03521338,-0.02530909,0.1009115,-1.484832,-0.06905712,-0.0046673,-0.03219226,-0.008163443,-0.1198826,-0.0461751,-0.1118867,3
2014-02-24 18:41:14.749,1714,171.4,43.61041,3.914469,15.94948,0,73.78159,9.134835,5,1393263673,-1.124649,0.04626465,-0.1588287,-8.353542,24.76237,-7.131676,7.255875,6.544872,26,0.009658487,0.09421651,0.008557536,0.1007746,-1.484589,-0.06852966,0.00164205,-0.04475009,-0.02557705,-0.105875,-0.05954964,-0.05774814,3
2014-02-24 18:41:14.849,1715,171.5,43.61041,3.914469,15.94948,0,73.78159,9.134835,5,1393263673,-1.173508,0.09387207,-0.07002258,-8.57268,24.76237,-7.245518,7.249361,6.538359,26,0.01465378,-0.1016624,0.02928705,0.100747,-1.484479,-0.0689538,-0.00494388,0.08467984,0.008289568,-0.212954,0.04837989,-0.02649768,3
2014-02-24 18:41:14.937,1716,171.6,43.61041,3.914469,15.94948,0,73.78159,9.134835,5,1393263673,-1.21521,0.01335144,-0.1654816,-7.860474,24.92547,-7.643959,7.24193,6.530928,26,0.01364897,0.04867087,-0.02146002,0.1006955,-1.484949,-0.06884316,5.143856e-05,-0.1111991,0.02901908,-0.1306917,-0.02252415,-0.07329036,3
2014-02-24 18:41:15.076,1717,171.7,43.61041,3.914469,15.94948,0,73.78159,9.134835,5,1393263673,-1.116409,0.1034851,-0.08404541,-7.422195,24.16436,-6.6194,7.222353,6.511351,26,0.03101198,-0.0701948,-0.0201335,0.1007772,-1.485605,-0.06873523,-0.0009533039,0.03913426,-0.02172798,-0.1794871,0.02519095,0.0148649,3
2014-02-24 18:41:15.169,1718,171.8,43.61041,3.914469,15.94948,0,73.78159,9.134835,5,1393263673,-1.116409,0.1034851,-0.08404541,-9.17532,24.38181,-6.960922,7.210903,6.499901,26,0.02451679,-0.02802151,0.01575872,0.1010837,-1.487709,-0.0670967,0.009915696,-0.03755873,0.01548289,-0.1204993,-0.08515855,0.01528499,3
2014-02-24 18:41:15.276,1719,171.9,43.61041,3.914469,15.94948,0,73.78159,9.134835,5,1393263673,-0.9998474,0.05885315,-0.1009064,-9.06575,25.46912,-7.416279,7.207089,6.496087,26,0.02355566,-0.07244437,-0.01079805,0.1010837,-1.487709,-0.0670967,0.009915696,-0.03755873,0.01548289,-0.1204993,-0.08515855,0.01528499,3
2014-02-24 18:41:15.402,1720,172,43.61041,3.914469,15.94948,0,73.78159,9.134835,5,1393263673,-0.9998474,0.05885315,-0.1009064,-8.079615,26.01278,-7.530117,7.205408,6.494405,26,0.02641163,-0.05243365,-0.06258269,0.1011882,-1.489133,-0.06577478,0.01181067,-0.06197077,-0.06285851,-0.07514414,0.01956926,-0.02637666,3
2014-02-24 18:41:15.557,1721,172.1,43.61041,3.914469,15.94948,0,73.78159,9.144761,5,1393263674,-0.9603729,0.07035828,-0.04104614,-5.942999,25.41476,-7.587036,7.134128,6.423125,26,0.03102716,-0.0996427,-0.01749936,0.1013546,-1.490004,-0.06481408,0.01656568,-0.1092352,-0.01781507,-0.06571851,-0.04526797,0.002623241,3
2014-02-24 18:41:15.668,1722,172.2,43.61041,3.914469,15.94948,0,73.78159,9.144761,5,1393263674,-0.9503326,0.03889465,-0.08361816,-6.326488,25.46912,-6.050194,7.017958,6.306956,26,0.01861017,0.04753849,-0.02609392,0.1015128,-1.490873,-0.06388658,0.004148734,0.03794605,-0.02640962,0.03440135,0.006515143,0.03862944,3
2014-02-24 18:41:15.748,1723,172.3,43.61041,3.914469,15.94948,0,73.78159,9.144761,5,1393263674,-0.8844147,0.0202179,-0.1187897,-6.162134,24.43618,-5.424068,6.990804,6.279801,26,0.02379907,-0.04438052,-0.04508971,0.1016358,-1.49047,-0.06221177,0.009338491,-0.05397137,-0.04540976,0.04451461,-0.02327699,-0.003533041,3
2014-02-24 18:41:15.856,1724,172.4,43.61041,3.914469,15.94948,0,73.78159,9.144761,5,1393263674,-0.8884888,0.04185486,-0.0370636,-5.504711,24.65364,-6.334793,7.021832,6.31083,26,0.02738129,0.001037035,-0.03846004,0.1018215,-1.490631,-0.06175719,0.01292078,-0.008553777,-0.03878009,0.1104736,-0.04150005,-0.03886298,3
2014-02-24 18:41:15.983,1725,172.5,43.61041,3.914469,15.94948,0,73.78159,9.144761,5,1393263674,-0.8674011,0.00239563,-0.05311584,-6.216921,25.46913,-6.39172,6.999201,6.288198,26,0.03665016,-0.05266401,0.04075116,0.1021386,-1.492343,-0.06166483,0.02218967,-0.06225481,0.04043112,0.1347235,-0.09853677,-0.003792063,3
2014-02-24 18:41:16.079,1726,172.6,43.61041,3.914469,15.94948,0,73.78159,9.144761,5,1393263674,-0.8961945,0.0514679,-0.1113586,-5.614285,26.17587,-6.903996,6.921097,6.210094,26,0.0344874,0.05117424,-0.0118998,0.1024358,-1.492242,-0.06147967,0.02002698,0.04158349,-0.01221984,0.1037821,-0.02756644,0.03346496,3
2014-02-24 18:41:16.155,1727,172.7,43.61041,3.914469,15.94948,0,73.78159,9.144761,5,1393263674,-0.9415588,0.002883911,-0.07543945,-5.942997,25.74095,-7.35936,7.061694,6.350692,26,0.03209588,-0.03381655,-0.007573764,0.1026695,-1.49156,-0.06186783,0.01763553,-0.04340726,-0.007893804,0.03729836,-0.04295325,-0.04257973,3
2014-02-24 18:41:16.279,1728,172.8,43.61041,3.914469,15.94948,0,73.78159,9.144761,5,1393263674,-0.9415588,0.002883911,-0.07543945,-5.942997,25.74095,-7.700878,7.035819,6.324816,26,0.03418647,0.03222318,0.02816772,0.1029716,-1.492267,-0.06222666,0.008512927,0.003437781,0.04787039,0.07198448,-0.08556297,0.01691121,3
2014-02-24 18:41:16.400,1729,172.9,43.61041,3.914469,15.94948,0,73.78159,9.144761,5,1393263674,-0.9794769,0.06394958,-0.1582489,-5.723856,26.39333,-7.700882,7.009221,6.298219,26,0.0296005,-0.04512247,-0.001621865,0.1032486,-1.492233,-0.05990285,0.01972794,0.02263286,0.02783557,0.05356854,-0.05698312,0.002902393,3
2014-02-24 18:41:16.545,1730,173,43.61041,3.914469,15.94948,0,73.78159,9.144761,5,1393263674,-0.9956207,0.04879761,-0.09785461,-5.997782,26.33896,-7.188602,6.973365,6.262362,26,0.02424515,0.02658234,0.04103159,0.1035092,-1.491775,-0.06050469,0.01514204,-0.05471275,-0.001954015,0.01557837,0.003481801,-0.07945421,3
2014-02-24 18:41:16.682,1731,173.1,43.61041,3.914469,15.94948,0,73.78159,9.144761,5,1393263674,-1.007919,0.02685547,-0.1368561,-5.723856,26.06714,-6.903999,6.930373,6.21937,26,0.03307619,-0.07205236,0.02917493,0.1038004,-1.49162,-0.06059836,0.009787436,0.01699645,0.04069703,-0.0005833058,-0.01176368,-0.01890615,3
2014-02-24 18:41:16.782,1732,173.2,43.61041,3.914469,15.94948,0,73.78159,9,5,1393263675,-1.032867,0.04969788,-0.08755493,-5.614288,26.50206,-7.017838,6.891189,6.180186,26,0.04200391,-0.1062545,-0.004425108,0.1040309,-1.492433,-0.06083693,0.01861852,-0.08163822,0.02884038,0.00463886,-0.005455776,-0.06263939,3
2014-02-24 18:41:16.866,1733,173.3,43.61041,3.914469,15.94948,0,73.78159,9,5,1393263675,-1.041275,0.06295776,-0.07608032,-6.107353,26.1215,-6.505554,6.894681,6.183679,26,0.03684563,-0.08228848,0.02109916,0.1044689,-1.49413,-0.06098286,0.0275463,-0.1158404,-0.00475966,-0.04687461,0.01058813,-0.05331153,3
2014-02-24 18:41:16.990,1734,173.4,43.61041,3.914469,15.94948,0,73.78159,9,5,1393263675,-0.9694824,0.05500793,-0.1239471,-7.0387,26.06713,-6.448635,7.002589,6.291586,26,0.0429488,0.001578988,0.01447401,0.1048905,-1.495446,-0.06072312,0.02238859,-0.09187243,0.02076199,-0.03336189,0.02781516,-0.01462683,3
2014-02-24 18:41:17.092,1735,173.5,43.61041,3.914469,15.94948,0,73.78159,9,5,1393263675,-1.134018,0.07804871,-0.06748962,-6.436064,26.55642,-6.960918,7.001729,6.290727,26,0.04064277,-0.1412301,0.0170184,0.105266,-1.496223,-0.06090901,0.0284918,-0.008004935,0.01413684,-0.04590357,0.002086404,-0.001714,3
2014-02-24 18:41:17.183,1736,173.6,43.61041,3.914469,15.94948,0,73.78159,9,5,1393263675,-1.029938,0.06925964,0.004959106,-6.490849,26.39333,-7.814716,6.988426,6.277424,26,0.03029479,0.09918171,0.04272749,0.1064065,-1.500118,-0.0588581,0.03618289,-0.1259789,-0.005764406,-0.1382419,0.01922458,0.003007784,3
2014-02-24 18:41:17.283,1737,173.7,43.61041,3.914469,15.94948,0,73.78159,9,5,1393263675,-1.029938,0.06925964,0.004959106,-5.5595,26.4477,-7.643955,6.983346,6.272343,26,0.05526192,-0.2122926,0.04600744,0.1073752,-1.501937,-0.05942468,0.04080677,-0.2218745,0.04565964,-0.05396603,-0.0523554,-0.0431632,3
2014-02-24 18:41:17.469,1738,173.8,43.61041,3.914469,15.94948,0,73.78159,9,5,1393263675,-0.9838409,0.09663391,-0.06784058,-5.121216,25.68658,-6.847076,6.980941,6.269939,26,0.03084446,0.09185243,-0.02406246,0.1073752,-1.501937,-0.05942468,0.04080677,-0.2218745,0.04565964,-0.05396603,-0.0523554,-0.0431632,3
2014-02-24 18:41:17.581,1739,173.9,43.61041,3.914469,15.94948,0,73.78159,9,5,1393263676,-0.9838409,0.09663391,-0.06784058,-5.942991,25.63222,-7.473202,6.976147,6.265145,26,0.0440098,-0.01635873,0.03812129,0.1079941,-1.504829,-0.06040386,0.02955361,-0.02595668,0.03777496,-0.06785289,-0.04913667,-0.05988716,3
2014-02-24 18:41:17.677,1740,174,43.61041,3.914469,15.94948,0,73.78159,9,5,1393263676,-1.016617,0.04037476,-0.08439636,-6.87434,25.25166,-6.960918,6.969841,6.258839,26,0.03538915,0.04810867,0.02919757,0.1084713,-1.505547,-0.0625495,0.02093216,0.03851156,0.02885888,0.01207966,0.03412519,-0.002765119,3
2014-02-24 18:41:17.784,1741,174.1,43.61041,3.914469,15.94948,0,73.78159,9,5,1393263676,-0.9603424,0.07228088,-0.05178833,-7.038698,25.63222,-7.13168,6.964289,6.253286,26,0.03906484,-0.02090235,0.04163746,0.108777,-1.505056,-0.06287783,0.02460791,-0.03049943,0.04129877,-0.02074884,-0.02246165,-0.01883297,3
2014-02-24 18:41:17.867,1742,174.2,43.61041,3.914469,15.94948,0,73.78159,9,5,1393263676,-1.042953,0.06460571,-0.1268158,-6.709984,25.9584,-7.928566,6.956984,6.245981,26,0.02939118,0.1203621,-0.0008926916,0.1092438,-1.504735,-0.06390589,0.01493386,0.1107624,-0.001229042,0.03543947,0.008418479,0.01409071,3
2014-02-24 18:41:17.971,1743,174.3,43.61041,3.914469,15.94948,0,73.78159,9,5,1393263676,-0.9976501,0.07035828,-0.02101135,-5.942993,25.74095,-8.383926,6.947731,6.236728,26,0.04277489,0.06174752,0.02678927,0.1096099,-1.502755,-0.0643034,0.02082933,0.05332602,0.03927365,0.007266572,-0.02466253,-0.03473656,3
2014-02-24 18:41:18.055,1744,174.4,43.61041,3.914469,15.94948,0,73.78159,9,5,1393263676,-1.002335,0.04472351,-0.1291046,-6.490845,25.95841,-7.473198,6.943434,6.232431,26,0.03570953,0.1327,-0.02324141,0.1102009,-1.502934,-0.06466508,0.02831767,0.05214788,0.02645292,0.02323137,0.008912081,0.0128136,3
2014-02-24 18:41:18.153,1745,174.5,43.61041,3.914469,15.94948,0,73.78159,9,5,1393263676,-1.049316,0.1167908,-0.1038666,-6.545631,26.01277,-7.985477,6.79965,6.088648,26,0.04269553,0.1059752,0.02987641,0.110403,-1.501824,-0.06515678,0.02125151,0.1230902,-0.02357675,-0.07476132,0.04810953,-0.04212897,3
2014-02-24 18:41:18.280,1746,174.6,43.61041,3.914469,15.94948,0,73.78159,9,5,1393263676,-1.025604,0.1381378,-0.115448,-6.436062,26.23023,-8.213158,6.799059,6.088057,26,0.03170067,0.07864288,0.02417138,0.1109087,-1.500683,-0.06554801,0.02823758,0.09636542,0.02954107,-0.05124526,0.01741518,-0.0190535,3
2014-02-24 18:41:18.493,1747,174.7,43.61041,3.914469,15.94948,0,73.78159,9,5,1393263676,-1.000961,0.04238892,-0.1739502,-7.312626,25.68658,-9.123882,6.705997,5.994994,26,0.03453774,0.106596,-0.02651736,0.1114123,-1.49772,-0.06732907,0.01724229,0.06903902,0.02384539,-0.05424496,0.04951256,-0.03102111,3
2014-02-24 18:41:18.569,1748,174.8,43.61041,3.914469,15.94948,0,73.78159,9,5,1393263677,-0.9517822,0.02279663,-0.1118011,-7.257839,25.84968,-8.270084,6.820966,6.109963,26,0.03412148,0.09681389,0.0263637,0.1118164,-1.49627,-0.06764521,0.02007941,0.09699213,-0.02684335,-0.03066073,0.07054418,-0.04116137,3
2014-02-24 18:41:18.688,1749,174.9,43.61041,3.914469,15.94948,0,73.78159,9,5,1393263677,-0.9780884,0.09475708,-0.1682281,-6.545635,26.55642,-8.668522,6.808605,6.097603,26,0.0294282,0.01391235,0.01070431,0.1124436,-1.490013,-0.06659155,0.01966546,0.08723085,0.02603302,-0.006431707,-0.02415343,-0.09343314,3
2014-02-24 18:41:18.779,1750,175,43.61041,3.914469,15.94948,0,73.78159,9,5,1393263677,-0.9780884,0.09475708,-0.1682281,-5.669069,26.77388,-9.237728,6.834468,6.123466,26,0.04680293,-0.08232337,0.007118097,0.1131141,-1.488863,-0.06665368,0.01135064,0.06762818,-0.007875413,0.02458366,0.007309233,-0.05119875,3
2014-02-24 18:41:18.892,1751,175.1,43.61041,3.914469,15.94948,0,73.78159,9,5,1393263677,-0.9443054,0.05046082,-0.1226349,-6.600416,25.95841,-8.839287,6.852809,6.141807,26,0.04680293,-0.08232337,0.007118097,0.1137474,-1.485705,-0.06792894,0.03234776,-0.09188733,0.006793665,-0.02592033,-0.02510632,-0.09425353,3
2014-02-24 18:41:18.996,1752,175.2,43.61041,3.914469,15.94948,0,73.78159,9,5,1393263677,-0.9443054,0.05046082,-0.1226349,-5.176006,26.61079,-7.700878,7.093562,6.38256,26,0.02937919,-0.01773692,0.02157081,0.1141076,-1.48657,-0.06810813,0.01856726,0.01466071,0.02087167,0.004215575,-0.007340768,-0.005163851,3
2014-02-24 18:41:19.096,1753,175.3,43.61041,3.914469,15.94948,0,73.78159,9,5,1393263677,-1.012711,0.06187439,-0.1371765,-5.669069,25.68658,-7.074757,7.283173,6.57217,26,0.02340492,-0.01569428,-0.0007952199,0.1144732,-1.484749,-0.06758318,0.01492537,-0.02729112,0.02124362,0.04972035,-0.01707093,-0.0368898,3
2014-02-24 18:41:19.172,1754,175.4,43.61041,3.914469,15.94948,0,73.78159,9,5,1393263677,-1.004196,0.0368042,-0.1281128,-5.833426,25.74095,-7.81472,7.364233,6.65323,26,0.02427525,0.0005161206,0.04128645,0.1147345,-1.484965,-0.06797656,0.008951162,-0.02524843,-0.001122405,-0.01869281,-0.006049836,-0.05164881,3
2014-02-24 18:41:19.271,1755,175.5,43.61041,3.914469,15.94948,0,73.78159,9,5,1393263677,-0.9539642,0.03469849,-0.1236115,-5.942993,25.95841,-7.928558,7.256296,6.545293,26,0.03301388,-0.1002928,0.04118099,0.1149689,-1.485452,-0.06846784,0.00982151,-0.009038014,0.04095927,0.03704043,-0.02974859,-0.050335,3
2014-02-24 18:41:19.475,1756,175.6,43.61041,3.914469,15.94948,0,73.78159,9,5,1393263677,-0.9655762,0.04624939,-0.0799408,-6.436062,25.90404,-9.920773,7.489502,6.7785,26,0.02952833,-0.04844823,0.00779454,0.1153676,-1.4851,-0.06759782,0.01856192,-0.1098378,0.04084764,-0.03031347,-0.01850461,-0.06644396,3
2014-02-24 18:41:19.576,1757,175.7,43.61044,3.914521,23.06196,1.518465,78.15491,9,5,1393263678,-0.9519348,0.08929443,-0.1571503,-7.14827,26.06714,-9.636166,7.532319,6.821316,26,0.0217005,0.05834293,0.04656271,0.1157199,-1.486579,-0.06825981,0.01507643,-0.05799323,0.007461192,-0.02695239,-0.002868679,-0.01338321,3
2014-02-24 18:41:19.677,1758,175.8,43.61044,3.914521,23.06196,1.518465,78.15491,9,5,1393263678,-1.037308,0.06680298,-0.08189392,-6.107353,25.68658,-9.579243,7.523825,6.812822,26,0.02914936,-0.1069451,0.06349801,0.1159184,-1.485981,-0.06795648,0.007249329,0.04879766,0.04622528,-0.02649391,-0.01086683,-0.05661009,3
2014-02-24 18:41:19.775,1759,175.9,43.61044,3.914521,23.06196,1.518465,78.15491,9,5,1393263678,-1.023132,0.07318115,-0.1198273,-6.436062,25.14293,-9.123882,7.527717,6.816714,26,0.02818157,-0.01325029,0.01682292,0.1162319,-1.48741,-0.06857168,0.01469822,-0.1164903,0.06316058,0.04224863,0.02077648,-0.07405653,3
2014-02-24 18:41:19.884,1760,176,43.61044,3.914521,23.06196,1.518465,78.15491,9,5,1393263678,-0.953598,0.06164551,-0.1208649,-8.024834,24.54491,-7.359356,7.54113,6.830128,26,0.02565077,0.02302489,0.01996385,0.1165112,-1.48868,-0.06907117,0.0137306,-0.02279632,0.01648451,-0.04305386,-0.002213283,-6.496612e-05,3
2014-02-24 18:41:19.978,1761,176.1,43.61044,3.914521,23.06196,1.518465,78.15491,9,5,1393263678,-0.9810028,0.05671692,-0.06263733,-7.970047,24.81674,-7.643955,7.555997,6.844995,26,0.03404319,-0.09895481,0.0658131,0.1166636,-1.487941,-0.06973746,0.01119986,0.01347891,0.01962544,-0.02898517,0.003500201,-0.03726822,3
2014-02-24 18:41:20.079,1762,176.2,43.61044,3.914521,23.06196,1.518465,78.15491,9,5,1393263678,-0.9810028,0.05671692,-0.06263733,-8.846609,25.68658,-7.530113,7.569845,6.858843,26,0.02810114,0.007205182,0.02366112,0.117551,-1.48871,-0.07108258,0.01365111,-0.002331161,0.02332165,-0.03144244,0.006552955,0.009704379,3
2014-02-24 18:41:20.177,1763,176.3,43.61044,3.914521,23.06196,1.518465,78.15491,9,5,1393263678,-1.056091,0.09915161,-0.08235168,-8.737038,24.27309,-9.35157,7.608443,6.89744,26,0.03290016,0.05604143,0.03144234,0.117551,-1.48871,-0.07108258,0.01365111,-0.002331161,0.02332165,-0.03144244,0.006552955,0.009704379,3
2014-02-24 18:41:20.266,1764,176.4,43.61044,3.914521,23.06196,1.518465,78.15491,9,5,1393263678,-1.056091,0.09915161,-0.08235168,-7.750906,24.59928,-9.123886,7.628022,6.917019,26,0.03290309,-0.0288652,0.04400235,0.1184155,-1.486091,-0.07360624,0.01845293,-0.03838962,0.04366894,-0.04322484,-0.01880652,-0.01106928,3
2014-02-24 18:41:20.411,1765,176.5,43.61044,3.914521,23.06196,1.518465,78.15491,9,5,1393263678,-1.073685,0.08930969,-0.1175842,-6.87434,24.70801,-9.237724,7.799491,7.088489,26,0.02803776,0.04575657,0.02563053,0.1187512,-1.485882,-0.07415444,0.01358763,0.03623217,0.02529712,-0.06243267,0.02506512,0.002227891,3
2014-02-24 18:41:20.522,1766,176.6,43.61044,3.914521,23.06196,1.518465,78.15491,9,5,1393263678,-1.068466,0.1104889,-0.06892395,-7.312622,24.38182,-8.440842,7.708172,6.997169,26,0.03560859,0.006008624,0.008494684,0.1191421,-1.484263,-0.07497919,0.02115859,-0.003510646,0.008162959,-0.08022546,0.01440073,-0.03140186,3
2014-02-24 18:41:20.643,1767,176.7,43.61044,3.914555,21.46091,2.760597,77.36179,9,5,1393263679,-0.9797668,0.09747314,-0.07853699,-7.038698,24.43618,-7.928562,7.741325,7.030323,26,0.03293398,-0.006254434,0.0367431,0.1196078,-1.484955,-0.07554242,0.01848405,-0.01577366,0.03641138,-0.07498978,0.0350183,0.0165677,3
2014-02-24 18:41:20.749,1768,176.8,43.61044,3.914555,21.46091,2.760597,77.36179,9,5,1393263679,-0.9733887,0.09107971,-0.1135254,-8.353539,23.7838,-6.562477,7.775912,7.06491,26,0.02819462,0.06598035,0.003145726,0.11997,-1.484387,-0.07554247,0.01374472,0.05646114,0.002814003,-0.00588564,0.03652887,0.02474573,3
2014-02-24 18:41:20.850,1769,176.9,43.61044,3.914555,21.46091,2.760597,77.36179,9,5,1393263679,-1.013641,0.1047363,-0.1423645,-8.024832,24.97983,-9.977688,7.718293,7.007291,26,0.02710086,0.02168745,-0.006990531,0.1202068,-1.48367,-0.0765461,0.01265008,0.01216686,-0.007317659,-0.0465967,0.02803607,-0.0315399,3
2014-02-24 18:41:20.938,1770,177,43.61044,3.914555,21.46091,2.760597,77.36179,9,5,1393263679,-1.013641,0.1047363,-0.1423645,-7.641336,23.83816,-9.123882,7.846792,7.135789,26,0.02811126,-0.03469087,0.02876241,0.1205347,-1.482836,-0.07655126,0.02360532,0.08255665,-0.003206802,-0.02426991,0.009689867,-0.01665801,3
2014-02-24 18:41:21.022,1771,177.1,43.61044,3.914555,21.46091,2.760597,77.36179,9,5,1393263679,-1.064468,0.08796692,-0.1379547,-7.312626,23.18578,-9.123882,8.095802,7.3848,26,0.02811126,-0.03469087,0.02876241,0.121028,-1.481192,-0.07764653,0.0137805,-0.04426218,0.02840743,0.01120636,-0.01230669,-0.03299321,3
2014-02-24 18:41:21.187,1772,177.2,43.61044,3.914555,21.46091,2.760597,77.36179,9,5,1393263679,-0.9992218,0.06797791,-0.07658386,-8.73704,24.81674,-7.757793,8.413126,7.702124,26,0.02439562,0.05247226,0.01849139,0.1217512,-1.478289,-0.07806977,0.01383274,-0.01487162,0.01756429,-0.07177702,0.00997643,-0.04586049,3
2014-02-24 18:41:21.485,1773,177.3,43.61044,3.914555,21.46091,2.760597,77.36179,9,5,1393263679,-1.022934,0.07492065,-0.1549377,-9.06575,23.40324,-10.26229,8.496292,7.785289,26,0.04311764,-0.07103743,0.004626444,0.1223154,-1.476739,-0.07816643,0.01261524,0.05642606,0.005125737,-0.08389134,-0.0006942701,-0.02489847,3
2014-02-24 18:41:21.593,1774,177.4,43.61045,3.914601,21.87958,3.757846,77.09543,9,5,1393263680,-0.9712067,0.08306885,-0.1115112,-9.06575,23.29451,-9.579247,8.142586,7.431584,26,0.01821442,0.03660435,0.02445235,0.1228401,-1.474505,-0.0776344,0.02878935,-0.08058826,0.004269321,-0.05029405,-0.01519377,-0.06506655,3
2014-02-24 18:41:21.694,1775,177.5,43.61045,3.914601,21.87958,3.757846,77.09543,9,5,1393263680,-1.013138,0.08865356,-0.1598053,-9.942308,22.75086,-9.57925,8.045999,7.334996,26,0.02830035,0.05682094,-0.008494684,0.1231184,-1.475647,-0.07793944,0.003886202,0.02705356,0.02409522,0.03464527,-0.02077743,0.01772143,3
2014-02-24 18:41:21.770,1776,177.6,43.61045,3.914601,21.87958,3.757846,77.09543,9,5,1393263680,-0.9539948,0.02302551,-0.08354187,-10.05188,22.85959,-10.03461,8.015141,7.304138,26,0.03199735,-0.02239985,0.002871687,0.1233245,-1.473541,-0.07799367,0.01397221,0.04727397,-0.008850456,0.03712489,-0.03425923,-0.03467769,3
2014-02-24 18:41:21.870,1777,177.7,43.61045,3.914601,21.87958,3.757846,77.09543,9,5,1393263680,-0.9570312,0.07679749,-0.1073761,-9.887531,23.34888,-10.54689,8.164869,7.453866,26,0.0292511,-0.02214046,0.0380358,0.1235801,-1.47307,-0.07825152,0.01766926,-0.03194678,0.002515916,-0.02095476,0.01048188,-0.06253266,3
2014-02-24 18:41:22.001,1778,177.8,43.61045,3.914601,21.87958,3.757846,77.09543,9,5,1393263680,-0.9571686,0.09934998,-0.160202,-9.120535,22.58776,-9.750008,8.584819,7.873816,26,0.02099849,0.06913726,-0.02041606,0.1240015,-1.473886,-0.07597203,0.006672434,0.05958856,-0.02078176,0.03540572,0.0008985185,-0.01089702,3
2014-02-24 18:41:22.079,1779,177.9,43.61045,3.914601,21.87958,3.757846,77.09543,9,5,1393263680,-0.9929199,0.068573,-0.1145477,-8.024828,22.69649,-9.977688,8.542004,7.831001,26,0.01855078,-0.02485528,-0.007791344,0.1241578,-1.473747,-0.07614847,0.004224749,-0.03440396,-0.008157042,0.02887866,-0.05719978,-0.04258969,3
2014-02-24 18:41:22.184,1780,178,43.61045,3.914601,21.87958,3.757846,77.09543,9,5,1393263680,-1.02977,0.1042023,-0.1279297,-9.449242,22.26157,-9.180809,8.543882,7.83288,26,0.02685958,0.0004143879,0.02606196,0.1246015,-1.47165,-0.07734957,0.01253357,-0.009120267,0.02570136,-0.001859062,-0.009630254,-0.008077649,3
2014-02-24 18:41:22.287,1781,178.1,43.61045,3.914601,21.87958,3.757846,77.09543,9,5,1393263680,-0.9790039,0.02838135,-0.1121368,-9.175316,22.85959,-9.693089,8.541352,7.83035,26,0.0244393,0.02299666,0.01760642,0.1248801,-1.471769,-0.07746817,0.01011335,0.01346205,0.01724582,0.04443872,-0.01865963,0.005078463,3
2014-02-24 18:41:22.499,1782,178.2,43.61045,3.914601,21.87958,3.757846,77.09543,9,5,1393263680,-0.9790039,0.02838135,-0.1121368,-9.449244,23.4576,-10.31921,7.311176,6.600174,26,0.03298511,-0.01762453,0.0321622,0.1252066,-1.470276,-0.07857984,0.02147525,-0.02295463,-0.01278613,-0.003220115,0.008781274,-0.0537057,3
2014-02-24 18:41:22.595,1783,178.3,43.61046,3.914645,22.33601,3.633626,76.16756,9,5,1393263681,-1.001633,0.09185791,-0.09336853,-9.010965,23.67507,-10.54689,7.321421,6.610419,26,0.02937786,0.04113093,0.01278451,0.1256446,-1.471169,-0.07903709,0.01865873,-0.02715414,0.03180584,0.01293112,-0.05057348,-0.01298522,3
2014-02-24 18:41:22.692,1784,178.4,43.61046,3.914645,22.33601,3.633626,76.16756,9,5,1393263681,-1.007996,0.07377625,-0.1293945,-8.463114,23.24015,-9.750004,7.348577,6.637575,26,0.0282343,-0.01783013,0.01100258,0.1259539,-1.471422,-0.07962059,0.01505095,0.0316,0.01243032,-0.009718632,0.01232142,0.00552762,3
2014-02-24 18:41:22.793,1785,178.5,43.61046,3.914645,22.33601,3.633626,76.16756,9,5,1393263681,-1.020844,0.09533691,-0.08580017,-8.791819,24.43618,-9.750004,7.28256,6.571558,26,0.0354805,-0.03122397,0.02997281,0.1262118,-1.471094,-0.07976951,0.01390745,-0.02736101,0.0106484,-0.0161259,-0.005908692,-0.03017362,3
2014-02-24 18:41:22.888,1786,178.6,43.61046,3.914645,22.33601,3.633626,76.16756,9,5,1393263681,-1.05835,0.06918335,-0.09385681,-8.134398,24.10999,-9.29464,6.857347,6.146345,26,0.02682442,0.006108759,0.0295254,0.1266032,-1.471971,-0.08009948,0.02115368,-0.04075482,0.02961863,-0.05998024,-0.02407513,-0.01288848,3
2014-02-24 18:41:22.972,1787,178.7,43.61046,3.914645,22.33601,3.633626,76.16756,9,5,1393263681,-0.9964905,0.06237793,-0.01702881,-7.531765,23.07705,-9.010048,6.487865,5.776863,26,0.02215936,-0.08474445,0.01159727,0.1267939,-1.472804,-0.08084397,0.01249693,-0.003425157,0.0291735,-0.01282384,-0.03165315,0.01417254,3
2014-02-24 18:41:23.072,1788,178.8,43.61046,3.914645,22.33601,3.633626,76.16756,9,5,1393263681,-0.9989319,0.06671143,-0.1136322,-8.791824,23.24015,-7.928562,6.286338,5.575336,26,0.02441533,0.09320717,0.009882192,0.1271404,-1.474133,-0.08118841,0.007831926,-0.09427833,0.01124537,-0.02570805,0.005341794,0.02998669,3
2014-02-24 18:41:23.181,1789,178.9,43.61046,3.914645,22.33601,3.633626,76.16756,9,5,1393263681,-1.004486,0.1044769,-0.01255798,-11.14758,23.94689,-9.123882,6.339995,5.628993,26,0.02829369,-0.02807664,0.005237639,0.1274162,-1.477257,-0.08134946,0.01869651,-0.08608045,0.03590092,-0.006596087,-0.01454834,-0.02053808,3
2014-02-24 18:41:23.302,1790,179,43.61046,3.914645,22.33601,3.633626,76.16756,9,5,1393263681,-1.029327,0.06278992,-0.06129456,-11.25715,24.27309,-9.465405,6.311676,5.600673,26,0.03301814,-0.005204616,0.02617568,0.1275449,-1.480164,-0.08072452,0.01396558,-0.03763814,0.004877223,0.002402954,-0.02153958,0.05185323,3
2014-02-24 18:41:23.520,1791,179.1,43.61047,3.914695,22.32999,4.239132,75.62817,9,5,1393263682,-0.9968719,0.08520508,-0.03572083,-9.777962,24.00126,-9.066963,6.32618,5.615177,26,0.02563372,0.07058762,0.01480718,0.1279353,-1.480772,-0.08101672,0.01869008,-0.01476608,0.02581526,-0.01180227,0.02354881,0.07704944,3
2014-02-24 18:41:23.693,1792,179.2,43.61047,3.914695,22.32999,4.239132,75.62817,9,5,1393263682,-1.01355,0.07247925,-0.05142212,-9.723175,24.27309,-10.03461,6.535832,5.82483,26,0.03572684,0.03532657,-0.0105597,0.1285976,-1.481102,-0.08022054,0.02139906,0.02575869,-0.0109242,-0.04111264,0.0008591217,0.0483011,3
2014-02-24 18:41:23.793,1793,179.3,43.61047,3.914695,22.32999,4.239132,75.62817,9,5,1393263682,-1.001373,0.0652771,-0.04441833,-8.846609,23.51197,-9.35157,6.611813,5.900811,26,0.02941887,0.01392167,0.01187743,0.1287147,-1.482561,-0.08001153,0.01509081,0.004345625,0.01151102,-0.02062683,-0.007446943,0.03641731,3
2014-02-24 18:41:23.893,1794,179.4,43.61047,3.914695,22.32999,4.239132,75.62817,9,5,1393263682,-1.053391,0.07400513,-0.1016388,-8.408329,24.49055,-9.123886,6.851308,6.140306,26,0.02204698,0.03762727,0.006882674,0.1289442,-1.482363,-0.08004598,0.007718981,0.02805126,0.006516264,-0.008470454,-0.01468342,0.04361729,3
2014-02-24 18:41:23.991,1795,179.5,43.61047,3.914695,22.32999,4.239132,75.62817,9,5,1393263682,-1.074005,0.0789032,-0.04046631,-8.189188,24.16436,-8.668522,6.891392,6.18039,26,0.03583603,-0.03496757,-0.01339224,0.1293183,-1.481734,-0.07948904,0.02150846,-0.04454198,-0.01376065,-0.06049903,-0.005400239,-0.01297472,3
2014-02-24 18:41:24.091,1796,179.6,43.61047,3.914695,22.32999,4.239132,75.62817,9,5,1393263682,-1.019257,0.05570984,-0.04356384,-9.942308,23.18578,-8.327,7.094738,6.383736,26,0.03195713,0.01273311,0.002528405,0.1295888,-1.48237,-0.07965984,0.01762962,0.003158729,0.002159992,-0.08107093,-0.0006724186,0.04756436,3
2014-02-24 18:41:24.196,1797,179.7,43.61047,3.914695,22.32999,4.239132,75.62817,9,5,1393263682,-1.006149,0.05244446,-0.04046631,-9.50403,23.6207,-9.237728,7.381331,6.670329,26,0.02448164,0.002578472,0.01545965,0.1298787,-1.482553,-0.07957819,0.01015417,-0.006995877,0.01509124,-0.02004373,0.01584268,0.0265092,3
2014-02-24 18:41:24.272,1798,179.8,43.61047,3.914695,22.32999,4.239132,75.62817,9,5,1393263682,-0.953476,0.07131958,-0.02635193,-10.38059,23.29451,-8.327,7.391732,6.68073,26,0.02841353,-0.01687299,-0.01129393,0.1300403,-1.484354,-0.07852228,0.01408613,-0.02645694,-0.01166754,-0.04510316,0.02740861,0.02144775,3
2014-02-24 18:41:24.486,1799,179.9,43.61049,3.914762,21.90459,5.441471,74.94624,9,5,1393263683,-0.9916229,0.04870605,-0.09684753,-11.96936,23.7838,-9.977688,7.874434,7.163432,26,0.02701377,0.07271522,-0.003969974,0.1303828,-1.484795,-0.07866431,0.0213047,-0.02397483,0.00832028,-0.003297835,0.03649858,0.04578892,3
2014-02-24 18:41:24.580,1800,180,43.61049,3.914762,21.90459,5.441471,74.94624,9,5,1393263683,-1.013397,0.05673218,-0.02108765,-11.75022,23.45761,-9.522327,8.123087,7.412085,26,0.03938869,-0.06310493,0.00803236,0.1304464,-1.486692,-0.07825089,0.01268583,0.06311886,-0.004344512,0.03994011,-0.006851479,0.05739659,3
2014-02-24 18:41:24.672,1801,180.1,43.61049,3.914762,21.90459,5.441471,74.94624,9,5,1393263683,-0.9689331,0.0486145,-0.03903198,-10.32581,23.45761,-8.156242,8.314621,7.603619,26,0.04059057,0.01164867,0.0002759035,0.1307723,-1.486646,-0.07803942,0.02506079,-0.07270125,0.007657824,0.001805797,-0.02925418,-0.01305269,3
2014-02-24 18:41:24.788,1802,180.2,43.61049,3.914762,21.90459,5.441471,74.94624,9,5,1393263683,-0.990799,0.04205322,-0.04997253,-8.846611,23.83817,-6.847076,8.085962,7.374959,26,0.03184688,0.03434999,0.01287425,0.1310332,-1.489772,-0.07728488,0.02626239,0.002038965,-0.0001034078,-0.01965305,-0.02047579,0.059606,3
2014-02-24 18:41:24.881,1803,180.3,43.61049,3.914762,21.90459,5.441471,74.94624,9,5,1393263683,-0.990799,0.04205322,-0.04997253,-9.613604,23.62071,-6.050194,7.814705,7.103703,26,0.02955896,-0.008856076,-0.001976332,0.1316613,-1.48931,-0.07699879,0.01523087,-0.01846571,-0.002355641,0.02954105,-0.009600952,0.02057809,3
2014-02-24 18:41:24.981,1804,180.4,43.61049,3.914762,21.90459,5.441471,74.94624,9,5,1393263683,-0.997818,0.05877686,-0.1047821,-10.76409,23.45761,-6.220959,7.210114,6.499112,26,0.02839995,-0.02138785,-0.00890348,0.1316613,-1.48931,-0.07699879,0.01523087,-0.01846571,-0.002355641,0.02954105,-0.009600952,0.02057809,3
2014-02-24 18:41:25.056,1805,180.5,43.61049,3.914762,21.90459,5.441471,74.94624,9,5,1393263683,-0.997818,0.05877686,-0.1047821,-9.613598,23.6207,-7.188599,6.934865,6.223863,26,0.02696317,0.09993379,-0.001889779,0.1321545,-1.489544,-0.07590067,0.01263544,0.0903176,-0.002276461,-0.01810108,-0.03424761,0.03852484,3
2014-02-24 18:41:25.156,1806,180.6,43.61049,3.914762,21.90459,5.441471,74.94624,9,5,1393263683,-1.020325,0.05677795,-0.03675842,-10.10667,23.02269,-5.879433,6.962133,6.251131,26,0.03057469,-0.06976763,0.03382082,0.1325659,-1.489405,-0.07532901,0.01624752,-0.07937869,0.03343048,0.05715648,-0.01962425,0.006272704,3
2014-02-24 18:41:25.274,1807,180.7,43.61049,3.914762,21.90459,5.441471,74.94624,9,5,1393263683,-0.9858551,0.09179688,-0.05319214,-10.05188,23.40324,-6.39172,7.682926,6.971924,26,0.03086391,-0.01571132,-0.01010829,0.1329522,-1.490203,-0.07544547,0.01653678,-0.02532234,-0.01049862,-0.02640604,-0.01859597,0.04351895,3
2014-02-24 18:41:25.401,1808,180.8,43.61049,3.914762,21.90459,5.441471,74.94624,9,5,1393263683,-0.9967194,0.07626343,-0.02883911,-10.21624,23.56634,-6.107117,8.104638,7.393636,26,0.03192278,0.03427568,0.003490872,0.1332426,-1.490669,-0.07631595,0.01759515,0.02465878,0.00310418,0.00803515,0.01555499,0.026616,3
2014-02-24 18:41:25.564,1809,180.9,43.61051,3.914837,18.81838,5.714744,71.48538,9,10,1393263684,-0.9970398,0.05899048,-0.07260132,-7.586546,23.45761,-7.928558,9.185871,8.474869,26,0.03313745,0.01505592,0.008382566,0.13363,-1.490914,-0.07630141,0.01880988,0.005439055,0.007995876,-0.002808508,3.603305e-05,0.05072597,3
2014-02-24 18:41:25.657,1810,181,43.61051,3.914837,18.81838,5.714744,71.48538,9,10,1393263684,-1.009552,0.07533264,-0.05822754,-7.367409,23.89253,-7.245518,9.274429,8.563427,26,0.02837438,0.01712626,-0.01162603,0.1339113,-1.490261,-0.07611018,0.01404685,0.007509415,-0.01201272,-0.0049366,0.01304409,0.02297931,3
2014-02-24 18:41:25.736,1811,181.1,43.61051,3.914837,18.81838,5.714744,71.48538,9,10,1393263684,-1.009552,0.07533264,-0.05822754,-7.58655,23.45761,-7.473202,9.051552,8.340549,26,0.02211995,0.08963055,-0.01004731,0.1342339,-1.491225,-0.07532728,0.02888197,-0.06942482,-0.008776707,-0.0343723,-0.003646569,-0.000617341,3
2014-02-24 18:41:25.835,1812,181.2,43.61051,3.914837,18.81838,5.714744,71.48538,9,10,1393263684,-1.024918,0.06912231,-0.1363831,-7.203054,22.5334,-5.822514,8.387407,7.676405,26,0.02211995,0.08963055,-0.01004731,0.134509,-1.491238,-0.07511584,0.007792732,0.08001213,-0.01043772,0.01030706,0.007825256,0.0368617,3
2014-02-24 18:41:25.950,1813,181.3,43.61051,3.914837,18.81838,5.714744,71.48538,9,10,1393263684,-1.024918,0.06912231,-0.1363831,-7.531769,22.20721,-6.277878,8.194883,7.483881,26,0.04082786,-0.04631823,-0.02027225,0.1347501,-1.48884,-0.07515278,0.01400656,0.03472331,-0.01110672,-0.009602894,0.01172519,-0.02633815,3
2014-02-24 18:41:26.043,1814,181.4,43.61051,3.914837,18.81838,5.714744,71.48538,9,10,1393263684,-1.024292,0.06851196,-0.08175659,-8.572687,22.80523,-5.765598,8.523684,7.812681,26,0.02583266,0.07945009,-0.01108541,0.1351685,-1.488953,-0.07486009,0.02650084,-0.05593064,-0.02066028,-0.03105623,-0.005667874,-0.05486009,3
2014-02-24 18:41:26.144,1815,181.5,43.61051,3.914837,18.81838,5.714744,71.48538,9,10,1393263684,-0.9804382,0.05709839,-0.1435852,-8.353539,24.32745,-6.562481,7.917454,7.206451,26,0.02960476,0.01713584,-0.01161431,0.1354824,-1.488896,-0.07439938,0.01150584,0.06983729,-0.01147523,-0.03040099,-0.005818804,-0.0001746426,3
2014-02-24 18:41:26.251,1816,181.6,43.61051,3.914837,18.81838,5.714744,71.48538,9,10,1393263684,-0.9815826,0.03581238,-0.05566406,-8.682251,22.80522,-7.131676,7.761387,7.050385,26,0.04940217,-0.08696765,-0.009234778,0.1357546,-1.488188,-0.07409257,0.01527799,0.00752309,-0.01200413,0.01341738,-0.0169264,-0.06129698,3
2014-02-24 18:41:26.404,1817,181.7,43.61053,3.914902,17.15836,5.83636,71.83229,9,5,1393263685,-0.9805908,0.0670166,-0.1524353,-7.915258,23.45761,-7.928566,7.387035,6.676033,26,0.03308445,0.1351054,-0.003347594,0.1362135,-1.489177,-0.07401902,0.03507544,-0.09658038,-0.009624599,-0.0586856,-0.02024051,-0.06504166,3
2014-02-24 18:41:26.534,1818,181.8,43.61053,3.914902,17.15836,5.83636,71.83229,9,5,1393263685,-1.014526,0.05880737,-0.1527557,-9.120535,22.91395,-6.676311,6.819513,6.108511,26,0.04909537,0.006160158,0.0144884,0.1365206,-1.489385,-0.07274126,0.01886244,0.1254324,-0.003771367,-0.05036614,-0.0007624521,-0.004800407,3
2014-02-24 18:41:26.633,1819,181.9,43.61053,3.914902,17.15836,5.83636,71.83229,9,5,1393263685,-1.027817,0.03689575,-0.0493927,-9.120535,23.34887,-6.790154,6.941003,6.230001,26,0.0518608,-0.1016632,-0.006721552,0.1370381,-1.488546,-0.07253002,0.03487342,-0.00351274,0.01406462,-0.004871738,-0.03898867,-0.07534628,3
2014-02-24 18:41:26.732,1820,182,43.61053,3.914902,17.15836,5.83636,71.83229,9,5,1393263685,-1.061584,0.06455994,-0.1914062,-10.76409,23.56633,-6.676311,6.90183,6.190827,26,0.04553926,0.1033562,-0.01699496,0.1378426,-1.48725,-0.07195161,0.03763969,-0.1113221,-0.007148375,-0.02059269,-0.01308217,-0.0695227,3
2014-02-24 18:41:26.833,1821,182.1,43.61053,3.914902,17.15836,5.83636,71.83229,9,5,1393263685,-1.017609,0.05995178,-0.004592896,-10.05188,23.18578,-7.757793,7.037109,6.326107,26,0.04177994,0.03886697,0.001194694,0.1383904,-1.487025,-0.07190773,0.03131821,0.09369742,-0.01742178,-0.03389868,-0.03495002,0.03406391,3
2014-02-24 18:41:26.935,1822,182.2,43.61053,3.914902,17.15836,5.83636,71.83229,9,5,1393263685,-0.9756317,0.07676697,-0.03152466,-9.50403,23.18578,-5.367149,8.024341,7.313338,26,0.06284607,-0.1977152,0.01895638,0.1391679,-1.481779,-0.07107709,0.0275599,0.02922748,0.0007656161,-0.06805883,-0.006457326,-0.1027308,3
2014-02-24 18:41:27.038,1823,182.3,43.61053,3.914902,17.15836,5.83636,71.83229,9,5,1393263685,-0.9756317,0.07676697,-0.03152466,-8.572683,23.45761,-6.676315,8.779584,8.068582,26,0.05542278,0.09320478,-0.02032018,0.1407807,-1.484945,-0.07113463,0.04120284,0.08356535,-0.02074926,-0.08043669,0.001267261,0.09968956,3
2014-02-24 18:41:27.215,1824,182.4,43.61053,3.914902,17.15836,5.83636,71.83229,9,5,1393263685,-1.016312,0.09185791,-0.003829956,-7.093481,22.31594,-5.367153,8.212167,7.501164,26,0.05278092,-0.1205951,0.03453055,0.141846,-1.486618,-0.0712928,0.03856047,-0.1302458,0.03410297,-0.02406224,0.001735112,-0.05051924,3
2014-02-24 18:41:27.470,1825,182.5,43.61053,3.914902,17.15836,5.83636,71.83229,9,5,1393263685,-1.001831,0.08621216,-0.04750061,-8.408327,21.77229,-5.480991,8.613972,7.90297,26,0.03809652,0.1146789,-0.01131151,0.1430575,-1.485754,-0.07121931,0.0238762,0.1050283,-0.01173908,-0.07831387,0.02640557,0.01194035,3
2014-02-24 18:41:27.597,1826,182.6,43.61054,3.914976,16.86626,6.090318,72.56225,9,5,1393263686,-0.9783783,0.09608459,0.01119995,-8.901392,21.93538,-5.651749,8.415598,7.704596,26,0.04062466,-0.09253393,0.01185053,0.143688,-1.486559,-0.07088812,0.0264044,-0.1021845,0.01142297,-0.007879497,0.01538339,0.03642547,3
2014-02-24 18:41:27.685,1827,182.7,43.61054,3.914976,16.86626,6.090318,72.56225,9,5,1393263686,-1.010056,0.09925842,-0.06230164,-10.43538,22.15284,-7.131676,11.11707,10.40607,26,0.05206107,-0.003369964,-0.04639147,0.1442886,-1.487473,-0.07053369,0.03784085,-0.01302051,-0.04681903,-0.05591975,0.0460409,0.07471911,3
2014-02-24 18:41:27.786,1828,182.8,43.61054,3.914976,16.86626,6.090318,72.56225,9,5,1393263686,-0.98349,0.07286072,-0.04327393,-8.956179,21.01117,-6.505558,10.13158,9.420578,26,0.03587598,0.1200849,-0.04188646,0.1446893,-1.485987,-0.07001696,0.02165582,0.1104344,-0.04231403,0.00508813,0.004365797,0.08694146,3
2014-02-24 18:41:27.970,1829,182.9,43.61054,3.914976,16.86626,6.090318,72.56225,9,5,1393263686,-0.992218,0.05030823,-0.01689148,-7.531765,21.77228,-5.253307,9.212715,8.501713,26,0.04324601,-0.0009755159,-0.02186429,0.145548,-1.485914,-0.06894626,0.02781446,-0.0106542,-0.02464928,0.01054238,0.00396907,0.04130497,3
2014-02-24 18:41:28.070,1830,183,43.61054,3.914976,16.86626,6.090318,72.56225,9,5,1393263686,-0.9893799,0.07382202,-0.06578064,-6.600416,22.04411,-4.854874,8.354555,7.643553,26,0.03315715,0.06371506,-0.001476723,0.1460121,-1.485932,-0.06863624,0.029026,-0.01062592,-0.02229184,-0.03389902,0.01627177,0.04360875,3
2014-02-24 18:41:28.164,1831,183.1,43.61054,3.914976,16.86626,6.090318,72.56225,9,5,1393263686,-0.9893799,0.07382202,-0.06578064,-7.038694,22.15284,-4.741032,8.1655,7.454497,26,0.03575321,-0.004321511,-0.007826498,0.1467028,-1.48767,-0.06811429,0.02153267,-0.01398544,-0.008253898,-0.03010166,-0.007301134,0.03332346,3
2014-02-24 18:41:28.311,1832,183.2,43.61054,3.914976,16.86626,6.090318,72.56225,9,5,1393263686,-0.9889832,0.05393982,-0.05686951,-9.449244,22.37031,-4.968712,8.474575,7.763573,26,0.02577434,0.02290425,0.004715926,0.1467028,-1.48767,-0.06811429,0.02153267,-0.01398544,-0.008253898,-0.03010166,-0.007301134,0.03332346,3
2014-02-24 18:41:28.490,1833,183.3,43.61054,3.914976,16.86626,6.090318,72.56225,9,5,1393263686,-0.9889832,0.05393982,-0.05686951,-8.408329,22.09847,-6.619396,8.861141,8.150139,26,0.04155277,0.005127118,0.03436889,0.1473456,-1.488869,-0.06652766,0.02733287,-0.004543673,0.03393136,-0.04575052,-0.05825412,0.02551723,3
2014-02-24 18:41:28.585,1834,183.4,43.61056,3.915052,17.67833,6.220171,72.97281,9,5,1393263687,-1.036606,0.03292847,-0.07188416,-8.298759,22.85959,-6.164036,9.199315,8.488313,26,0.03424079,0.001604821,0.02612108,0.1476548,-1.489577,-0.06453413,0.02002169,-0.008069765,0.02567147,0.003524633,-0.04944418,0.01655411,3
2014-02-24 18:41:28.671,1835,183.5,43.61056,3.915052,17.67833,6.220171,72.97281,9,5,1393263687,-0.9770813,0.04013062,0.003829956,-8.791821,22.26157,-5.08255,9.931959,9.220957,26,0.04435974,-0.08122801,0.004737764,0.1481701,-1.4906,-0.06497108,0.03014068,-0.09090257,0.004288148,-0.04192289,-0.03199692,0.008056703,3
2014-02-24 18:41:28.796,1836,183.6,43.61056,3.915052,17.67833,6.220171,72.97281,9,5,1393263687,-0.9766083,0.04745483,-0.0868988,-8.024828,22.58776,-4.854874,9.004271,8.293268,26,0.03176219,0.02537646,0.02469203,0.149032,-1.492438,-0.06563794,0.01754294,0.01569145,0.0242433,0.03793665,-0.02115723,0.04899555,3
2014-02-24 18:41:28.893,1837,183.7,43.61056,3.915052,17.67833,6.220171,72.97281,9,5,1393263687,-0.9565887,0.06954956,-0.006881714,-7.915258,23.13141,-5.196392,8.54003,7.829027,26,0.04430088,0.01958249,-0.003285009,0.1494542,-1.49152,-0.06554309,0.03008167,0.009897501,-0.003733743,0.01836997,0.01198796,0.005552127,3
2014-02-24 18:41:28.967,1838,183.8,43.61056,3.915052,17.67833,6.220171,72.97281,9,5,1393263687,-0.9565887,0.06954956,-0.006881714,-7.093481,22.96832,-5.822514,8.436264,7.725262,26,0.03171559,0.07410006,0.023043,0.1499507,-1.493866,-0.06507038,0.03124534,-0.08059842,0.01827192,-0.03415099,-0.01615057,0.02427769,3
2014-02-24 18:41:29.066,1839,183.9,43.61056,3.915052,17.67833,6.220171,72.97281,9,5,1393263687,-0.9189758,0.004837036,-0.008895874,-6.819557,22.6965,-6.903996,8.383402,7.6724,26,0.03171559,0.07410006,0.023043,0.150427,-1.493783,-0.06507403,0.01749657,0.06440862,0.02258997,0.04309763,-0.02851382,0.07019807,3
2014-02-24 18:41:29.168,1840,184,43.61056,3.915052,17.67833,6.220171,72.97281,9,5,1393263687,-1.039261,0.01119995,-0.05517578,-6.600418,22.91396,-8.383923,8.512982,7.80198,26,0.03398886,0.07203824,0.046547,0.1515784,-1.493768,-0.06380352,0.01977054,0.06234346,0.04608101,0.0760302,-0.05892321,0.06790009,3
2014-02-24 18:41:29.269,1841,184.1,43.61056,3.915052,17.67833,6.220171,72.97281,9,5,1393263687,-1.017151,0.06336975,-0.08065796,-6.874344,22.5334,-8.440842,8.486235,7.775233,26,0.0425954,-0.004867992,0.05911179,0.1521444,-1.493949,-0.06426871,0.02837714,-0.01456273,0.0586458,-0.04427058,-0.05302453,0.02143714,3
2014-02-24 18:41:29.483,1842,184.2,43.61058,3.91513,18.33939,6.339701,73.52418,9,5,1393263688,-1.007706,0.138916,0.04759216,-6.655203,23.29451,-7.302444,7.627905,6.916903,26,0.05288266,-0.03579022,0.009068596,0.1528479,-1.494185,-0.06684049,0.03866375,-0.04548734,0.008615656,-0.0609305,0.06037602,0.004526756,3
2014-02-24 18:41:29.603,1843,184.3,43.61058,3.91513,18.33939,6.339701,73.52418,9,5,1393263688,-1.037872,0.1337738,-0.06678772,-7.531765,22.31594,-6.277878,7.206053,6.49505,26,0.07126912,-0.1646332,0.03748399,0.153758,-1.496871,-0.06750602,0.05705028,-0.1743302,0.03703105,-0.09560937,0.03674752,0.03087374,3
2014-02-24 18:41:29.797,1844,184.4,43.61058,3.91513,18.33939,6.339701,73.52418,9,5,1393263688,-1.05513,0.05426025,-0.07711792,-9.558817,22.91396,-7.35936,7.644058,6.933056,26,0.05959302,-0.1166643,-0.0475598,0.1544961,-1.500209,-0.068391,0.02616387,-0.02504971,0.02941995,0.05218467,-0.03966644,-0.02480549,3
2014-02-24 18:41:29.994,1845,184.5,43.61058,3.91513,18.33939,6.339701,73.52418,9,5,1393263688,-0.9928589,0.1182861,0.001113892,-11.25715,20.0326,-9.237728,8.642181,7.931179,26,0.04419915,-0.007487211,0.01340156,0.1554883,-1.504808,-0.06675261,0.0214282,0.1343281,-0.01794147,-0.04426994,0.03879622,0.08303606,3
2014-02-24 18:41:30.098,1846,184.6,43.61058,3.91513,18.33939,6.339701,73.52418,9,5,1393263688,-1.0298,0.1140442,-0.01196289,-12.73635,19.76077,-9.294643,10.77677,10.06577,26,0.05562971,-0.1277476,-0.01229635,0.1559336,-1.503614,-0.06606251,0.02997861,-0.01723879,0.01294773,0.01317633,-0.02548712,-0.03065543,3
2014-02-24 18:41:30.182,1847,184.7,43.61058,3.91513,18.33939,6.339701,73.52418,9,5,1393263688,-1.0298,0.1140442,-0.01196289,-11.96936,20.08697,-8.953125,10.64916,9.938159,26,0.02697702,0.1293537,-0.00804248,0.1571044,-1.504284,-0.06810579,0.01275675,0.1196061,-0.008485504,-0.05313882,-0.02998247,0.1151528,3
2014-02-24 18:41:30.280,1848,184.8,43.61059,3.915215,19.69117,7.039572,74.01508,9,5,1393263689,-1.029526,0.1010895,-0.008956909,-11.42151,20.73935,-8.497761,10.70821,9.997204,26,0.03174675,0.02199478,0.02707103,0.1571044,-1.504284,-0.06810579,0.01275675,0.1196061,-0.008485504,-0.05313882,-0.02998247,0.1151528,3
2014-02-24 18:41:30.474,1849,184.9,43.61059,3.915215,19.69117,7.039572,74.01508,9,5,1393263689,-1.029526,0.1010895,-0.008956909,-9.339676,22.58776,-9.180805,10.79177,10.08077,26,0.03695109,-0.06654254,0.005696235,0.1579927,-1.50458,-0.06809255,0.02273094,-0.07629007,0.005253215,-0.005831318,-0.01745706,0.05875112,3
2014-02-24 18:41:30.587,1850,185,43.61059,3.915215,19.69117,7.039572,74.01508,9,5,1393263689,-1.016235,0.09373474,-0.02038574,-7.038698,22.15285,-7.81472,10.14051,9.429503,26,0.03457369,0.009203885,-0.01618163,0.158419,-1.504711,-0.06812821,0.02035357,-0.0005436168,-0.01662465,-0.03402336,0.03301396,0.05692702,3
2014-02-24 18:41:30.794,1851,185.1,43.61059,3.915215,19.69117,7.039572,74.01508,9,5,1393263689,-0.992218,0.09132385,-0.001602173,-7.422192,23.18578,-7.302444,9.7066,8.995598,26,0.03078508,-0.02129437,0.0005033374,0.1590422,-1.503944,-0.06774239,0.01656508,-0.03104179,6.032195e-05,0.01159095,0.02801253,0.007582944,3
2014-02-24 18:41:30.895,1852,185.2,43.61059,3.915215,19.69117,7.039572,74.01508,9,5,1393263689,-0.9710693,0.102478,-0.04920959,-9.832743,21.33736,-6.164036,9.300958,8.589955,26,0.03212784,0.004642422,-0.01733372,0.1593662,-1.504269,-0.067501,0.01790788,-0.00510497,-0.01777673,-0.04981827,0.02782612,0.03484784,3
2014-02-24 18:41:30.996,1853,185.3,43.61059,3.915215,19.69117,7.039572,74.01508,9,5,1393263689,-0.9975739,0.1210175,-0.0496521,-11.0928,22.04411,-7.131676,9.239008,8.528006,26,0.02594798,0.05329971,-0.02138731,0.1596037,-1.503298,-0.06718609,0.01172807,0.04355235,-0.02183033,-0.04748161,0.01503303,0.02521078,3
2014-02-24 18:41:31.087,1854,185.4,43.61059,3.915215,19.69117,7.039572,74.01508,9,5,1393263689,-0.9975739,0.1210175,-0.0496521,-10.27102,21.66356,-8.213158,9.198097,8.487095,26,0.02593306,-0.007816112,-0.01023266,0.1598773,-1.503989,-0.06855213,0.0214079,0.01208592,0.003214912,-0.007809212,-0.01309379,0.03103309,3
2014-02-24 18:41:31.265,1855,185.5,43.61061,3.915312,21.60956,7.973321,74.01175,9,5,1393263690,-0.9749908,0.1278687,0.0002746582,-11.0928,21.06554,-8.497765,8.906313,8.195311,26,0.02351118,0.04872866,-0.02371199,0.1603762,-1.505692,-0.06945834,0.0154443,-0.01985381,-0.01529189,-0.006782986,0.02993221,0.03682521,3
2014-02-24 18:41:31.413,1856,185.6,43.61061,3.915312,21.60956,7.973321,74.01175,9,5,1393263690,-0.9818115,0.08486938,-0.03553772,-10.59973,21.1199,-9.237728,9.326329,8.615327,26,0.01509347,0.06092407,-0.04972042,0.1606119,-1.505647,-0.06887992,0.009290596,0.03896641,-0.02413678,0.02052142,0.05904318,0.06522372,3
2014-02-24 18:41:31.585,1857,185.7,43.61061,3.915312,21.60956,7.973321,74.01175,9,5,1393263690,-0.9953003,0.1099854,-0.05148315,-10.98323,21.06554,-7.35936,9.096899,8.385897,26,0.02613972,-0.03065938,-0.03229695,0.1606252,-1.506306,-0.06892879,0.0008724524,0.05115413,-0.05014062,0.01373998,0.01599516,0.02875486,3
2014-02-24 18:41:31.685,1858,185.8,43.61061,3.915312,21.60956,7.973321,74.01175,9,5,1393263690,-1.020218,0.08987427,-0.01361084,-10.81887,20.14133,-8.213161,9.608578,8.897575,26,0.01478454,0.04877313,-0.00971894,0.1608237,-1.505841,-0.06841403,0.01191875,-0.04042929,-0.03271715,-0.03050525,0.02923455,0.0003350018,3
2014-02-24 18:41:31.784,1859,185.9,43.61061,3.915312,21.60956,7.973321,74.01175,9,5,1393263690,-1.048386,0.07879639,-0.1143036,-11.47629,20.0326,-9.010048,9.366211,8.655209,26,0.004979579,0.1143183,-0.02453011,0.160869,-1.50636,-0.06780787,0.0005636188,0.03900325,-0.01013913,-0.004078696,-0.004157286,0.06959972,3
2014-02-24 18:41:31.882,1860,186,43.61061,3.915312,21.60956,7.973321,74.01175,9,5,1393263690,-1.095047,0.07640076,-0.03970337,-12.40764,19.97823,-8.383923,9.233656,8.522654,26,0.02467898,-0.1028955,0.007106113,0.1605838,-1.506605,-0.06808262,-0.009242151,0.104535,-0.02494521,0.008293261,0.002801265,0.004108251,3
2014-02-24 18:41:31.983,1861,186.1,43.61061,3.915312,21.60956,7.973321,74.01175,9,5,1393263690,-1.07814,0.003967285,-0.07313538,-13.06506,21.17427,-9.066963,9.052401,8.341398,26,0.0001331581,0.1232633,-0.03522217,0.1607032,-1.507527,-0.06793562,0.01054304,-0.1127192,0.006669299,-0.05268858,0.01091302,-0.05122221,3
2014-02-24 18:41:32.121,1862,186.2,43.61061,3.915312,21.60956,7.973321,74.01175,9,5,1393263690,-0.962326,0.1055145,-0.01597595,-13.50334,21.82665,-9.066967,9.098726,8.387724,26,0.01076849,-0.007541007,0.03888934,0.1605109,-1.507899,-0.06801328,-0.01400319,0.1134333,-0.03565877,-0.09933183,0.0084399,0.02300726,3
2014-02-24 18:41:32.245,1863,186.3,43.61063,3.915415,20.96131,8.410234,73.35237,9,5,1393263691,-0.9964294,0.03883362,-0.09683228,-12.02415,21.66356,-9.351566,8.721279,8.010277,26,0.007377489,-0.03729624,0.006299974,0.160374,-1.507711,-0.06793469,-0.003367787,-0.017371,0.03845274,-0.08243157,-0.06391517,-0.01023722,3
2014-02-24 18:41:32.377,1864,186.4,43.61063,3.915415,20.96131,8.410234,73.35237,9,5,1393263691,-0.9964294,0.03883362,-0.09683228,-11.53108,21.82665,-8.839291,8.777119,8.066116,26,0.004893559,0.01591345,0.001064199,0.1600444,-1.509706,-0.07006972,-0.009243229,0.006072605,0.0006374138,-0.07157547,-0.01830035,0.005100996,3
2014-02-24 18:41:32.561,1865,186.5,43.61063,3.915415,20.96131,8.410234,73.35237,9,5,1393263691,-0.9885101,0.02223206,-0.02540588,-10.38059,21.77229,-9.693089,8.834983,8.123981,26,0.01097063,-0.0677375,0.02305499,0.1599797,-1.511065,-0.07066964,-0.003166096,-0.07757831,0.0226282,-0.05020396,-0.02939684,0.001151704,3
2014-02-24 18:41:32.668,1866,186.6,43.61063,3.915415,20.96131,8.410234,73.35237,9,5,1393263691,-1.03392,0.09564209,-0.08401489,-10.16145,21.33736,-9.237728,8.825089,8.114087,26,0.001050617,0.03188124,0.0172951,0.1596433,-1.512938,-0.06869876,-0.01308704,0.02203273,0.0168563,0.007461682,-0.04641268,0.03228333,3
2014-02-24 18:41:32.775,1867,186.7,43.61063,3.915415,20.96131,8.410234,73.35237,9,5,1393263691,-1.016266,0.01080322,-0.03930664,-12.79114,22.31594,-8.782364,8.863195,8.152193,26,0.007497864,-0.01816888,-0.01148195,0.1594132,-1.512472,-0.06882355,-0.006639727,-0.02801734,-0.01192075,-0.03798407,0.02687286,-0.02586124,3
2014-02-24 18:41:32.856,1868,186.8,43.61063,3.915415,20.96131,8.410234,73.35237,9,5,1393263691,-0.9131622,0.006881714,0.01455688,-11.20237,23.13142,-10.31921,8.928957,8.217955,26,0.005732987,-0.06520297,0.06169266,0.159288,-1.51465,-0.06695811,-0.008405278,-0.07505551,0.06123941,-0.02007898,-0.05610486,0.01668432,3
2014-02-24 18:41:32.975,1869,186.9,43.61065,3.915514,19.88375,7.897758,73.66441,9,5,1393263692,-0.9955292,0.01655579,-0.00793457,-12.46243,22.31594,-9.806931,8.924882,8.21388,26,-0.005215269,0.05685076,0.02754907,0.1591767,-1.51521,-0.06690074,-0.01935348,0.04699827,0.02709582,0.08305967,-0.05996913,0.06999061,3
2014-02-24 18:41:33.081,1870,187,43.61065,3.915514,19.88375,7.897758,73.66441,9,5,1393263692,-0.8644714,0.1097412,0.04655457,-12.40764,22.3703,-9.636169,8.922894,8.211891,26,0.01279675,-0.1147237,-0.04333575,0.1589363,-1.515291,-0.06716175,-0.001341418,-0.1245761,-0.043789,0.03000717,0.04224847,0.008095154,3
2014-02-24 18:41:33.178,1871,187.1,43.61065,3.915514,19.88375,7.897758,73.66441,9,5,1393263692,-1.007721,0.1496735,0.01631165,-11.0928,22.26157,-9.408489,8.869402,8.1584,26,0.01726581,-0.03499953,0.0005070659,0.1588792,-1.519417,-0.06547093,0.003126692,-0.04486294,4.130644e-05,0.03213948,0.1222132,0.07267042,3
2014-02-24 18:41:33.297,1872,187.2,43.61065,3.915514,19.88375,7.897758,73.66441,9,5,1393263692,-1.007721,0.1496735,0.01631165,-11.47629,21.77228,-8.213158,8.534186,7.823184,26,0.004368916,0.12842,-0.1032721,0.1588172,-1.51954,-0.06470142,-0.01288817,0.004841539,-0.005289807,0.146362,0.04265878,0.07934023,3
2014-02-24 18:41:33.531,1873,187.3,43.61065,3.915514,19.88375,7.897758,73.66441,9,5,1393263692,-0.9148254,0.1597595,-0.09384155,-11.91457,21.1199,-7.530121,8.484976,7.773974,26,-0.003514041,0.1016827,-0.03739291,0.1587918,-1.518993,-0.06426826,-0.009770107,0.1185567,-0.1037378,-0.01112416,0.08544943,0.06798478,3
2014-02-24 18:41:33.647,1874,187.4,43.61065,3.915514,19.88375,7.897758,73.66441,9,5,1393263692,-0.963501,0.08427429,0.07679749,-11.4763,21.44609,-8.782364,8.605244,7.894242,26,0.03803207,-0.2418555,0.0508227,0.1583516,-1.513083,-0.06786698,-0.01765157,0.0918298,-0.03783274,0.08121134,0.09194463,-0.03629268,3
2014-02-24 18:41:33.744,1875,187.5,43.61065,3.915514,19.88375,7.897758,73.66441,9,5,1393263692,-0.9502716,0.087677,0.03887939,-11.36673,21.88102,-9.123886,8.667191,7.956189,26,0.006116482,0.2038514,-0.0265661,0.1586633,-1.517241,-0.0678041,0.02389461,-0.2517084,0.05038287,0.03277076,0.01652214,0.1302041,3
2014-02-24 18:41:33.853,1876,187.6,43.61065,3.915514,19.88375,7.897758,73.66441,9,5,1393263692,-0.9609528,0.1002045,-0.194397,-11.25715,22.64213,-9.693092,8.59898,7.887978,26,-0.007472297,0.1766302,-0.01587324,0.1587802,-1.517093,-0.06759342,-0.008020952,0.1939986,-0.02700593,0.01310851,0.02942765,0.1719781,3
2014-02-24 18:41:33.949,1877,187.7,43.61065,3.915514,19.88375,7.897758,73.66441,9,5,1393263692,-1.087036,0.08110046,-0.05038452,-11.36673,22.42467,-8.668522,8.568613,7.857611,26,0.02679353,-0.1319716,0.05433461,0.158362,-1.512089,-0.0673978,-0.02160967,0.1667774,-0.01631306,-0.08684449,-0.01774046,-0.06081343,3
2014-02-24 18:41:34.038,1878,187.8,43.61065,3.915514,19.88375,7.897758,73.66441,9,5,1393263692,-1.094513,0.07492065,0.03437805,-10.76409,22.04411,-9.180805,8.570475,7.859473,26,0.01582104,-0.03027189,0.02625531,0.1584182,-1.513525,-0.06768608,0.01265623,-0.1418243,0.05389479,-0.03282578,-0.05211622,-0.05844568,3
2014-02-24 18:41:34.158,1879,187.9,43.61065,3.915514,19.88375,7.897758,73.66441,9,5,1393263692,-1.097336,0.06207275,-0.09425354,-10.92845,22.5334,-9.920769,8.573399,7.862396,26,-0.006149505,0.1788137,-0.02761299,0.1586327,-1.515745,-0.06814425,0.001683766,-0.0401246,0.02581548,-0.0908685,0.01300894,0.004511675,3
2014-02-24 18:41:34.275,1880,188,43.61067,3.915599,19.51681,7.110615,73.28516,9,5,1393263693,-1.022247,0.0684967,0.0586853,-10.65452,22.47903,-9.066967,8.764429,8.053427,26,0.01347826,-0.1413478,0.02848996,0.1583719,-1.512642,-0.06818969,-0.02028671,0.168961,-0.02805281,-0.09852351,0.006783796,0.09236448,3
2014-02-24 18:41:34.660,1881,188.1,43.61067,3.915599,19.51681,7.110615,73.28516,9,5,1393263693,-1.017319,0.06941223,-0.07484436,-10.10667,23.02269,-9.636166,8.830526,8.119524,26,0.004763863,0.004719654,0.01876889,0.1583042,-1.513532,-0.06865349,-0.0006588856,-0.1512004,0.02805015,-0.1013268,-0.006526822,-0.03715562,3
2014-02-24 18:41:34.801,1882,188.2,43.61067,3.915599,19.51681,7.110615,73.28516,9,5,1393263693,-1.017319,0.06941223,-0.07484436,-11.53108,21.93538,-7.58704,8.642815,7.931812,26,0.002529737,0.145986,-0.03072835,0.1580473,-1.513317,-0.06882314,-0.01160732,0.1361334,-0.03116817,-0.03848454,0.02646129,0.0522607,3
2014-02-24 18:41:34.898,1883,188.3,43.61067,3.915599,19.51681,7.110615,73.28516,9,5,1393263693,-0.9626923,0.07366943,-0.006988525,-10.54494,22.91395,-7.928566,7.995579,7.284576,26,0.01610414,-0.04526495,-0.006442453,0.1580473,-1.513317,-0.06882314,-0.01160732,0.1361334,-0.03116817,-0.03848454,0.02646129,0.0522607,3
2014-02-24 18:41:35.106,1884,188.4,43.61067,3.915599,19.51681,7.110615,73.28516,9,5,1393263693,-1.008698,0.07937622,-0.04653931,-11.4763,21.98975,-8.440842,8.303885,7.592883,26,0.02351864,0.001175519,-0.01738245,0.1580054,-1.514731,-0.06805657,0.009381749,-0.008676929,-0.01782226,0.03342516,0.005665392,0.04891797,3
2014-02-24 18:41:35.268,1885,188.5,43.61067,3.915599,19.51681,7.110615,73.28516,9,5,1393263693,-0.9836731,0.07600403,-0.02575684,-9.887527,21.17427,-7.814724,8.577157,7.866155,26,0.007172692,0.02516661,0.02211196,0.1580051,-1.513295,-0.06796749,-0.006964084,0.01531424,0.02167215,0.02080717,-0.002302376,0.003473707,3
2014-02-24 18:41:35.463,1886,188.6,43.61069,3.915669,19.89484,5.91959,74.16156,9,5,1393263694,-1.013153,0.1003876,-0.05455017,-9.06575,20.79371,-7.188599,8.879286,8.168283,26,0.01962803,0.00926567,0.005963084,0.1580576,-1.51364,-0.06809217,0.005491293,-0.0005866691,0.005523277,-0.03153446,0.006667471,-0.006331196,3
2014-02-24 18:41:35.554,1887,188.7,43.61069,3.915669,19.89484,5.91959,74.16156,9,5,1393263694,-1.000366,0.1052246,-0.03297424,-8.298756,20.46752,-6.505558,9.583435,8.872433,26,0.02339427,0.01827727,-0.004646417,0.1581857,-1.513078,-0.06813878,0.009257589,0.008424972,-0.005086222,-0.06582581,0.005552853,0.01725415,3
2014-02-24 18:41:35.678,1888,188.8,43.61069,3.915669,19.89484,5.91959,74.16156,9,5,1393263694,-1.070786,0.1186523,-0.05241394,-8.73704,20.68498,-7.757801,9.467,8.755998,26,0.01723305,0.01823866,-0.003532151,0.1582939,-1.512418,-0.07005513,0.009283805,-0.02216197,-0.003602799,-0.07266415,0.04345125,-0.01563565,3
2014-02-24 18:41:35.847,1889,188.9,43.61069,3.915669,19.89484,5.91959,74.16156,9,5,1393263694,-1.082382,0.09992981,-0.05729675,-8.572683,20.84808,-6.562477,9.33346,8.622458,26,0.01014478,0.03487516,-0.04247476,0.1584729,-1.513558,-0.06992479,0.003096776,0.008389566,-0.003960461,-0.004443628,0.03535679,0.02409323,3
2014-02-24 18:41:35.946,1890,189,43.61069,3.915669,19.89484,5.91959,74.16156,9,5,1393263694,-1.063141,0.09056091,-0.05018616,-8.134398,20.73935,-6.448639,9.511567,8.800565,26,0.01879126,-0.02735386,-0.03709224,0.158423,-1.512327,-0.06942124,-0.003991428,0.02502611,-0.04290306,-0.07489892,0.04928685,0.005881094,3
2014-02-24 18:41:36.047,1891,189.1,43.61069,3.915669,19.89484,5.91959,74.16156,9,5,1393263694,-1.063141,0.09056091,-0.05018616,-7.970045,21.01118,-7.416275,9.531568,8.820565,26,0.008620919,0.06684934,-0.01112775,0.1583052,-1.511961,-0.07088833,-0.005514738,0.05700557,-0.01154389,0.00687091,0.01326221,0.03375153,3
2014-02-24 18:41:36.119,1892,189.2,43.61069,3.915669,19.89484,5.91959,74.16156,9,5,1393263694,-0.9873352,0.08354187,0.03948975,-8.134401,21.71792,-7.017838,9.65964,8.948638,26,0.005120993,-0.02506248,-0.02082246,0.1583052,-1.511961,-0.07088833,-0.005514738,0.05700557,-0.01154389,0.00687091,0.01326221,0.03375153,3
2014-02-24 18:41:36.240,1893,189.3,43.61069,3.915669,19.89484,5.91959,74.16156,9,5,1393263694,-0.9873352,0.08354187,0.03948975,-8.079615,20.57625,-7.985477,9.163289,8.452287,26,0.00370712,-0.08036382,0.01020443,0.1582577,-1.512298,-0.0705782,-0.01042786,-0.09020142,0.009788575,-0.03219575,0.006583048,0.04859927,3
2014-02-24 18:41:36.384,1894,189.4,43.6107,3.915727,20.53518,5.285326,74.71487,9,5,1393263695,-1.026291,0.02658081,-0.09317017,-7.696121,20.73935,-7.245518,9.697506,8.986504,26,-0.0197737,0.1742679,-0.01596831,0.157635,-1.514291,-0.07073141,-0.03391038,0.164411,-0.01638263,0.04415588,0.002859659,0.065077,3
2014-02-24 18:41:36.508,1895,189.5,43.6107,3.915727,20.53518,5.285326,74.71487,9,5,1393263695,-0.9878998,0.0802002,-0.009277344,-9.613602,21.22863,-6.277878,9.711947,9.000945,26,0.001218929,-0.08941244,0.01496111,0.1573092,-1.514007,-0.0707806,-0.0129177,-0.09926935,0.0145468,-0.03040282,-0.0441407,-0.03655382,3
2014-02-24 18:41:36.684,1896,189.6,43.6107,3.915727,20.53518,5.285326,74.71487,9,5,1393263695,-0.9503021,0.06719971,-0.03407288,-8.846605,21.66356,-7.188599,9.72329,9.012288,26,-0.0174477,0.1098913,0.01049046,0.1565019,-1.514144,-0.07150121,-0.03158478,0.1000281,0.01007827,-0.05246468,-0.01516589,0.00282773,3
2014-02-24 18:41:36.871,1897,189.7,43.6107,3.915727,20.53518,5.285326,74.71487,9,5,1393263695,-0.9436188,0.08688354,-0.04975891,-8.024828,20.84808,-7.58704,9.747975,9.036973,26,0.004719121,0.06023431,0.0158807,0.1558247,-1.515611,-0.07020709,-0.009251959,0.05359315,-0.005687297,-0.08128309,-0.02992726,0.03625294,3
2014-02-24 18:41:36.997,1898,189.8,43.6107,3.915727,20.53518,5.285326,74.71487,9,5,1393263695,-1.046432,0.1042023,-0.04423523,-5.176003,21.06554,-6.903996,9.846533,9.13553,26,0.004719121,0.06023431,0.0158807,0.1556002,-1.514641,-0.07058883,-0.009418873,0.05036038,0.01545847,-0.00496297,-0.02234296,-0.003905162,3
2014-02-24 18:41:37.096,1899,189.9,43.6107,3.915727,20.53518,5.285326,74.71487,9,5,1393263695,-1.046432,0.1042023,-0.04423523,-5.5595,21.33736,-6.960918,9.892993,9.181991,26,0.01593769,0.02508485,0.003427222,0.1555317,-1.515508,-0.07081746,0.001827149,-0.03349402,0.007000005,-0.03918695,-0.009021215,-0.03159375,3
2014-02-24 18:41:37.167,1900,190,43.6107,3.915727,20.53518,5.285326,74.71487,9,5,1393263695,-1.053619,0.08009338,-0.08802795,-5.669071,21.33736,-7.302441,9.914288,9.203285,26,0.007120227,0.03767015,0.02668168,0.1552133,-1.51744,-0.07066982,0.001798507,0.01519608,0.003000804,-0.05034812,0.03359126,0.008962592,3
2014-02-24 18:41:37.268,1901,190.1,43.61071,3.915787,20.58607,5.028831,75.34792,9,5,1393263696,-0.8929138,0.1545868,-0.04966736,-7.093487,21.66356,-7.530117,9.944611,9.233608,26,0.007341004,0.05217133,-0.002785134,0.1550656,-1.516354,-0.07098644,-0.007018888,0.02778143,0.02625526,-0.05761573,0.009166542,-0.03374987,3
2014-02-24 18:41:37.471,1902,190.2,43.61071,3.915787,20.58607,5.028831,75.34792,9,5,1393263696,-1.069702,0.1244049,-0.08268738,-10.21623,21.60919,-6.790154,352.2911,351.5801,25,0.02464276,-0.1538026,0.01933375,0.1550701,-1.51566,-0.07448876,-0.00679704,0.04228807,-0.003189684,0.1027978,0.0801669,0.00528782,3
2014-02-24 18:41:37.572,1903,190.3,43.61071,3.915787,20.58607,5.028831,75.34792,9,5,1393263696,-0.9786987,0.07006836,-0.003250122,-9.997097,22.3703,-6.448635,351.9002,351.1892,25,0.00850081,0.02281663,0.01041642,0.1550236,-1.516466,-0.07482545,0.01050476,-0.1636858,0.0189292,0.001116854,0.01696493,-0.03718784,3
2014-02-24 18:41:37.693,1904,190.4,43.61071,3.915787,20.58607,5.028831,75.34792,9,5,1393263696,-0.9427643,0.2041321,-0.1130219,-9.723171,22.5334,-6.277874,351.9376,351.2266,25,-0.002450374,0.1143077,-0.01873614,0.1550636,-1.517622,-0.07478992,-0.005637142,0.01293344,0.01001188,0.05296973,0.04168909,0.08495298,3
2014-02-24 18:41:37.793,1905,190.5,43.61071,3.915787,20.58607,5.028831,75.34792,9,5,1393263696,-0.9996185,0.05476379,0.02294922,-9.777958,22.3703,-6.903996,350.6594,349.9484,25,0.005193697,-0.1292824,-0.01393872,0.154507,-1.518636,-0.07431658,-0.01658961,0.1044108,-0.01914184,-0.004375889,0.03186143,0.002416885,3
2014-02-24 18:41:37.892,1906,190.6,43.61071,3.915787,20.58607,5.028831,75.34792,9,5,1393263696,-0.9339447,0.1339111,-0.003189087,-9.832743,22.85959,-7.188595,350.1937,349.4827,25,-0.009994578,-0.001061802,0.01868341,0.1542665,-1.518971,-0.07420286,-0.008945499,-0.1391792,-0.01434442,0.05314501,0.1299973,-0.06136217,3
2014-02-24 18:41:37.994,1907,190.7,43.61071,3.915787,20.58607,5.028831,75.34792,9,5,1393263696,-1.00296,0.04341125,-0.03742981,-9.613598,22.75086,-7.188602,350.1514,349.4404,25,-0.008640094,0.06448578,-0.006578274,0.153778,-1.523522,-0.07339171,-0.02406805,-0.01100644,0.01825277,-0.003424715,-0.01856205,0.07007887,3
2014-02-24 18:41:38.096,1908,190.8,43.61071,3.915787,20.58607,5.028831,75.34792,9,5,1393263696,-0.9825592,0.1451569,0.02348328,-10.59973,20.90244,-7.302441,350.1295,349.4185,25,-0.01549534,-0.07193252,-0.05106372,0.1533007,-1.523151,-0.07293381,-0.0227135,0.05454119,-0.007008905,0.06226499,0.06104196,0.04431171,3
2014-02-24 18:41:38.197,1909,190.9,43.61071,3.915787,20.58607,5.028831,75.34792,9,5,1393263696,-0.9825592,0.1451569,0.02348328,-11.80501,20.57625,-7.188599,350.1558,349.4448,25,-0.01716194,-0.05566699,0.0003781689,0.1521484,-1.525407,-0.07127611,-0.03123582,-0.06561403,-6.003981e-05,-0.005656821,0.0553101,0.05107205,3
2014-02-24 18:41:38.299,1910,191,43.61071,3.915787,20.58607,5.028831,75.34792,9,5,1393263696,-1.06398,0.03869629,-0.05174255,-12.84592,20.41316,-7.131676,350.1593,349.4483,25,-0.04189019,0.1140667,-0.01090085,0.1521484,-1.525407,-0.07127611,-0.03123582,-0.06561403,-6.003981e-05,-0.005656821,0.0553101,0.05107205,3
2014-02-24 18:41:38.499,1911,191.1,43.61072,3.915843,21.09985,4.660443,74.93945,9,5,1393263697,-1.06398,0.03869629,-0.05174255,-12.572,21.01118,-7.188599,349.9505,349.2395,25,-0.03694923,-0.0262886,0.008113054,0.1502424,-1.52314,-0.07088263,-0.05102256,-0.0362297,0.007673804,0.01431597,0.03965035,-0.0350161,3
2014-02-24 18:41:38.582,1912,191.2,43.61072,3.915843,21.09985,4.660443,74.93945,9,5,1393263697,-1.022614,0.0610199,-0.009536743,-12.572,20.35879,-6.619392,349.9081,349.1971,25,-0.03078534,-0.06134645,0.01203376,0.1493705,-1.524386,-0.07130191,-0.04485863,-0.07128753,0.01159451,-0.06759503,-0.03254523,-0.00546696,3
2014-02-24 18:41:38.685,1913,191.3,43.61072,3.915843,21.09985,4.660443,74.93945,9,5,1393263697,-1.051056,0.03462219,-0.02328491,-12.95549,20.08696,-7.58704,349.846,349.135,25,-0.04343776,0.06795242,0.03528529,0.1482224,-1.525669,-0.0713516,-0.05751181,0.05800233,0.03484299,-0.02617346,-0.01027117,0.03546089,3
2014-02-24 18:41:38.895,1914,191.4,43.61072,3.915843,21.09985,4.660443,74.93945,9,5,1393263697,-1.017197,0.09368896,-0.02819824,-11.42151,20.52189,-8.383923,349.553,348.842,25,-0.03330922,-0.01488947,0.01272911,0.1464414,-1.527134,-0.0725316,-0.04738317,-0.02483948,0.01228682,-0.06923837,0.03524377,0.01173429,3
2014-02-24 18:41:38.997,1915,191.5,43.61072,3.915843,21.09985,4.660443,74.93945,9,5,1393263697,-1.079849,0.07106018,-0.04144287,-11.20237,20.95681,-7.928566,349.3805,348.6695,25,-0.02229226,-0.006824084,0.01862162,0.1455562,-1.528124,-0.07334345,-0.03636633,-0.01677736,0.01818123,-0.06115244,-0.01561475,0.01509386,3
2014-02-24 18:41:39.186,1916,191.6,43.61072,3.915843,21.09985,4.660443,74.93945,9,5,1393263697,-0.9661713,0.08981323,0.01039124,-11.53108,20.30443,-6.903996,349.0248,348.3138,25,-0.02202008,-0.05350397,-0.007901332,0.1440989,-1.528562,-0.07308048,-0.03609423,-0.06345826,-0.008343701,-0.08340779,-0.001955264,0.0006661537,3
2014-02-24 18:41:39.285,1917,191.7,43.61072,3.915843,21.09985,4.660443,74.93945,9,5,1393263697,-0.9661713,0.08981323,0.01039124,-12.24329,20.90244,-6.847076,348.9157,348.2047,25,-0.01729484,0.04295066,0.001760349,0.143411,-1.528805,-0.07326097,-0.03007568,0.01143573,-0.003151601,-0.0429292,0.06694126,0.02183152,3
2014-02-24 18:41:39.517,1918,191.8,43.61072,3.915843,21.09985,4.660443,74.93945,9,5,1393263697,-0.9520264,0.09526062,-0.0216217,-13.01028,21.55483,-8.099323,348.5427,347.8317,25,-0.01444898,0.03014139,-0.0438383,0.1426743,-1.531137,-0.07369073,-0.03136962,0.03298371,0.00132301,0.0303306,0.01618918,0.04993287,3
2014-02-24 18:41:39.647,1919,191.9,43.61073,3.915912,20.54391,5.749958,75.56859,9,5,1393263698,-1.01767,0.1165924,-0.03425598,-12.02415,21.1199,-9.351566,348.4047,347.6937,25,-0.02080674,0.04387904,-0.02057105,0.1421351,-1.530413,-0.07318403,-0.02852371,0.02017447,-0.04427563,0.04448376,0.0221419,0.01864271,3
2014-02-24 18:41:39.745,1920,192,43.61073,3.915912,20.54391,5.749958,75.56859,9,5,1393263698,-1.019012,0.0954895,-0.0594635,-12.68157,21.1199,-8.668522,348.2598,347.5488,25,-0.01981365,0.1018553,-1.198423e-05,0.1415768,-1.529788,-0.0729743,-0.03488144,0.03391215,-0.02100839,0.03022201,0.03164367,0.01999811,3
2014-02-24 18:41:39.851,1921,192.1,43.61073,3.915912,20.54391,5.749958,75.56859,9,5,1393263698,-1.054367,0.1335754,-0.008483887,-13.33899,21.4461,-8.554684,347.7501,347.0391,25,-0.002290318,-0.05792136,-0.01236133,0.141043,-1.52901,-0.07435909,-0.03388792,0.09188665,-0.0004390159,0.05915605,0.03358906,0.01622228,3
2014-02-24 18:41:39.959,1922,192.2,43.61073,3.915912,20.54391,5.749958,75.56859,9,5,1393263698,-1.010117,0.05929565,-0.06982422,-12.35286,20.68498,-8.896206,347.4585,346.7475,25,-0.01356295,0.1233155,-0.01541145,0.1406483,-1.529535,-0.07402507,-0.01636453,-0.06788992,-0.01278836,0.01594384,-0.01873592,0.0506737,3
2014-02-24 18:41:40.064,1923,192.3,43.61073,3.915912,20.54391,5.749958,75.56859,9,5,1393263698,-0.9904175,0.09732056,0.008132935,-12.1885,20.41316,-9.066963,347.161,346.45,25,-0.01372513,-0.007843808,0.02457938,0.1400181,-1.529436,-0.07628838,-0.02763725,0.1133389,-0.01582548,-0.05812833,0.05736104,0.03274416,3
2014-02-24 18:41:40.163,1924,192.4,43.61073,3.915912,20.54391,5.749958,75.56859,9,5,1393263698,-1.028671,0.08068848,-0.06629944,-12.40764,20.30442,-8.383926,341.7654,341.0544,25,-0.02593439,0.04970204,0.003957724,0.1394411,-1.528888,-0.07621215,-0.02779938,-0.01782039,0.02416534,-0.01389479,-0.01684274,-0.02804979,3
2014-02-24 18:41:40.266,1925,192.5,43.61073,3.915912,20.54391,5.749958,75.56859,9,5,1393263698,-0.987854,0.05863953,-0.09295654,-12.84592,20.95681,-7.131676,344.8073,344.0963,25,-0.02338735,0.05756183,-0.007825432,0.1387662,-1.531541,-0.07714434,-0.04000954,0.03971359,0.003549113,0.005840282,0.02025271,0.04726116,3
2014-02-24 18:41:40.405,1926,192.6,43.61073,3.915912,20.54391,5.749958,75.56859,9,5,1393263698,-1.056976,0.122467,-0.03179932,-12.73636,20.95681,-6.562477,345.8768,345.1658,25,-0.02952913,0.04844743,-0.007795339,0.1379928,-1.530018,-0.07707991,-0.03746245,0.04757341,-0.008234042,-0.05132915,0.02243792,0.02567673,3
2014-02-24 18:41:40.592,1927,192.7,43.61075,3.915999,22.1268,7.51052,75.92151,9,5,1393263699,-1.056976,0.122467,-0.03179932,-11.14758,20.68498,-7.643959,345.3302,344.6192,25,-0.02609419,-0.02598926,0.03519581,0.1366547,-1.52819,-0.07639514,-0.04016807,-0.03596491,0.03478276,-0.04392164,-0.04186651,0.03097904,3
2014-02-24 18:41:40.696,1928,192.8,43.61075,3.915999,22.1268,7.51052,75.92151,9,5,1393263699,-1.029404,0.07067871,-0.07499695,-12.29807,21.93538,-7.473202,343.8781,343.1671,25,-0.03431936,0.04941229,-0.02427418,0.1357134,-1.527437,-0.07611084,-0.04839321,0.03943665,-0.02468722,-0.0608085,0.04642966,0.01142092,3
2014-02-24 18:41:40.769,1929,192.9,43.61075,3.915999,22.1268,7.51052,75.92151,9,5,1393263699,-0.984314,0.05610657,-0.0168457,-12.13372,22.20721,-7.302441,343.9274,343.2164,25,-0.02448404,-0.03427488,-0.01045877,0.1349168,-1.526217,-0.07589836,-0.03855719,-0.04424344,-0.01087375,-0.03327323,-0.005146807,-0.03056052,3
2014-02-24 18:41:40.868,1930,193,43.61075,3.915999,22.1268,7.51052,75.92151,9,5,1393263699,-0.9616089,0.07258606,-0.01280212,-10.65452,22.15284,-7.017838,344.5716,343.8606,25,-0.03449406,0.02807425,0.0005672533,0.1340037,-1.526942,-0.0758744,-0.04856715,0.01810574,0.0001522724,0.01185025,-0.01969506,0.02686893,3
2014-02-24 18:41:40.992,1931,193.1,43.61075,3.915999,22.1268,7.51052,75.92151,9,5,1393263699,-0.8997955,0.06867981,-0.08520508,-10.43538,22.04411,-6.334789,345.7598,345.0488,25,-0.0258569,0.02358922,-0.001651959,0.1332774,-1.527198,-0.07562083,-0.03992996,0.01362073,-0.002066939,0.05497144,-0.01054634,0.01047012,3
2014-02-24 18:41:41.091,1932,193.2,43.61075,3.915999,22.1268,7.51052,75.92151,9,5,1393263699,-0.9919891,0.1281738,-0.009674072,-10.98323,21.39173,-6.676311,344.6396,343.9286,25,-0.0120777,-0.02409096,-0.02451626,0.1324458,-1.527448,-0.07521021,-0.02615143,-0.03406676,-0.02493129,-0.0008645083,-0.006322188,-0.05091952,3
2014-02-24 18:41:41.196,1933,193.3,43.61075,3.915999,22.1268,7.51052,75.92151,9,5,1393263699,-0.9679565,0.05644226,-0.05955505,-10.21624,21.39173,-5.879436,345.7091,344.9981,25,-0.02200836,0.05176519,-0.02535196,0.1318594,-1.529125,-0.07545684,-0.03152882,-0.02573502,0.03007151,0.03841834,-0.03775708,0.03488803,3
2014-02-24 18:41:41.262,1934,193.4,43.61075,3.915999,22.1268,7.51052,75.92151,9,5,1393263699,-0.9779358,0.09077454,-0.03359985,-10.21624,21.283,-6.676315,344.1815,343.4705,25,-0.01107795,-0.02951581,0.004873585,0.1311655,-1.528805,-0.07499927,-0.03608216,0.04178754,-0.02576708,0.06500491,-0.005165801,0.009939579,3
2014-02-24 18:41:41.482,1935,193.5,43.61075,3.915999,22.1268,7.51052,75.92151,9,5,1393263699,-0.9896088,0.1121063,-0.0144043,-11.91457,21.33736,-7.188599,343.7106,342.9996,25,-0.01365136,0.002272475,0.01392327,0.1305987,-1.528811,-0.07537094,-0.02515171,-0.03949344,0.00445847,0.02832568,-0.01885734,-0.01770162,3
2014-02-24 18:41:41.597,1936,193.6,43.61077,3.916108,21.05177,9.193322,75.96004,9,5,1393263700,-0.9818878,0.101532,-0.0776062,-12.02415,21.55482,-7.074757,342.9625,342.2515,25,-0.02215617,0.02360866,-0.002789928,0.1301719,-1.529245,-0.07562192,-0.02772507,-0.007705111,0.01350816,0.01834558,0.01522468,0.007820609,3
2014-02-24 18:41:41.797,1937,193.7,43.61077,3.916108,21.05177,9.193322,75.96004,9,5,1393263700,-1.075256,0.1338501,-0.03601074,-12.29807,20.73935,-7.928562,342.8842,342.1732,25,-0.00736151,-0.01026675,-0.001143828,0.1285621,-1.530282,-0.07705524,-0.02143489,-0.02024586,-0.001548988,-0.01504645,0.02350011,0.004372803,3
2014-02-24 18:41:41.833,1938,193.8,43.61077,3.916108,21.05177,9.193322,75.96004,9,5,1393263700,-1.032257,0.08816528,-0.009841919,-12.35286,20.68498,-7.074757,342.8959,342.1849,25,-0.02078065,0.01328837,-0.01909913,0.1285621,-1.530282,-0.07705524,-0.02143489,-0.02024586,-0.001548988,-0.01504645,0.02350011,0.004372803,3
2014-02-24 18:41:41.936,1939,193.9,43.61077,3.916108,21.05177,9.193322,75.96004,9,5,1393263700,-1.032257,0.08816528,-0.009841919,-11.25715,21.22863,-7.302437,342.8883,342.1773,25,-0.009667541,-0.03760676,-0.01614968,0.1275685,-1.530254,-0.0777638,-0.02374009,-0.04758202,-0.01654449,-0.03451147,0.04401866,-0.01644594,3
2014-02-24 18:41:42.032,1940,194,43.61077,3.916108,21.05177,9.193322,75.96004,9,5,1393263700,-0.9930267,0.09992981,-0.05726624,-11.58587,21.01117,-7.302437,343.3445,342.6335,25,-0.02199931,0.04383217,-0.02527446,0.126957,-1.530577,-0.07747248,-0.03607181,0.03385694,-0.02566927,-0.03606283,0.01077028,0.03024583,3
2014-02-24 18:41:42.140,1941,194.1,43.61077,3.916108,21.05177,9.193322,75.96004,9,5,1393263700,-0.9828644,0.03904724,-0.02644348,-10.59973,21.66356,-7.530117,344.1628,343.4518,25,-0.01714144,0.04166888,-0.01699523,0.1263018,-1.529901,-0.0771183,-0.03121389,0.0316937,-0.01739004,0.003167517,0.02288792,-0.01650394,3
2014-02-24 18:41:42.246,1942,194.2,43.61077,3.916108,21.05177,9.193322,75.96004,9,5,1393263700,-1.04097,0.03825378,-0.04174805,-11.53108,21.39173,-7.473202,345.0761,344.3651,25,-0.01594754,-0.07488702,0.005269597,0.1258803,-1.529749,-0.07515217,-0.03001929,-0.0848541,0.004862834,0.01347309,-0.0360342,0.01447616,3
2014-02-24 18:41:42.396,1943,194.3,43.61077,3.916108,21.05177,9.193322,75.96004,9,5,1393263700,-1.022278,0.05677795,-0.04264832,-11.20237,21.283,-7.700878,344.8643,344.1533,25,-0.02974405,0.07809054,0.01420184,0.1249873,-1.529129,-0.07542896,-0.04381577,0.06812349,0.01379508,0.01438802,0.0008296746,0.0479607,3
2014-02-24 18:41:42.549,1944,194.4,43.61077,3.916108,21.05177,9.193322,75.96004,9,5,1393263700,-1.042755,0.06248474,-0.0078125,-11.36673,22.09847,-8.327003,345.1388,344.4278,25,-0.01746954,-0.03612205,0.03537743,0.1243475,-1.52851,-0.07424253,-0.03154061,-0.04608201,0.03496065,-0.01623467,-0.03778213,-0.02948299,3
2014-02-24 18:41:42.681,1945,194.5,43.61077,3.916108,21.05177,9.193322,75.96004,9,5,1393263700,-1.042755,0.06248474,-0.0078125,-11.69544,21.44609,-8.213161,345.2039,344.4929,25,-0.03351269,0.04643994,0.02855228,0.1235959,-1.529043,-0.07457045,-0.04738503,-0.03729753,0.01477975,-0.02998487,-0.02443727,0.02435192,3
2014-02-24 18:41:42.780,1946,194.6,43.61079,3.916234,20.46967,10.59233,75.16228,9,5,1393263701,-1.014603,0.0774231,-0.06123352,-10.87366,21.93538,-8.042404,346.5785,345.8675,25,-0.03351269,0.04643994,0.02855228,0.1227222,-1.529259,-0.07518611,-0.04758384,0.03647787,0.02813571,-0.04760006,0.004169375,0.007121716,3
2014-02-24 18:41:42.872,1947,194.7,43.61079,3.916234,20.46967,10.59233,75.16228,9,5,1393263701,-1.014603,0.0774231,-0.06123352,-12.02415,21.33736,-7.530121,347.2678,346.5568,25,-0.02330133,-0.07497251,0.001680455,0.1218733,-1.528482,-0.07540587,-0.0413813,0.04213631,0.02110124,-0.01435436,-0.001878612,-0.001413063,3
2014-02-24 18:41:42.972,1948,194.8,43.61079,3.916234,20.46967,10.59233,75.16228,9,5,1393263701,-1.035568,0.1022034,-0.01193237,-11.75022,21.283,-6.676315,348.9155,348.2045,25,-0.02454423,0.1004981,-0.02350586,0.1211767,-1.529298,-0.0754835,-0.03737238,-0.08493451,0.001263889,-0.01830865,0.002011258,-0.01986561,3
2014-02-24 18:41:43.072,1949,194.9,43.61079,3.916234,20.46967,10.59233,75.16228,9,5,1393263701,-1.014297,0.1035004,-0.04289246,-12.1885,21.06554,-7.58704,346.602,345.891,25,-0.02477272,0.002232794,0.01968236,0.1202642,-1.529931,-0.07543992,-0.03861594,0.09052797,-0.02392183,-0.03924497,0.02683498,0.02880516,3
2014-02-24 18:41:43.193,1950,195,43.61079,3.916234,20.46967,10.59233,75.16228,9,5,1393263701,-1.005447,0.06541443,-0.03858948,-11.96936,21.283,-7.700878,346.0554,345.3444,25,-0.007270962,0.01002121,-0.01541837,0.1195705,-1.529836,-0.07529471,-0.0388444,-0.007737314,0.01926639,0.002281236,-0.022123,-0.009246393,3
2014-02-24 18:41:43.285,1951,195.1,43.61079,3.916234,20.46967,10.59233,75.16228,9,5,1393263701,-0.9334259,0.07872009,-0.04273987,-13.01028,21.77228,-7.871639,346.0133,345.3023,25,-0.001214934,0.01129553,-0.003641607,0.1190597,-1.529282,-0.07594657,-0.02134231,5.364257e-05,-0.01582904,0.03141457,0.01747969,-0.007689253,3
2014-02-24 18:41:43.538,1952,195.2,43.61079,3.916234,20.46967,10.59233,75.16228,9,5,1393263701,-0.9976807,0.08403015,-0.06109619,-11.58587,21.22864,-8.440842,344.1472,343.4362,25,-0.01145053,0.0466956,0.03931944,0.1187953,-1.528938,-0.07609753,-0.01528622,0.001328011,-0.004052273,-0.01660008,0.01134772,-0.01662414,3
2014-02-24 18:41:43.645,1953,195.3,43.61079,3.916234,20.46967,10.59233,75.16228,9,5,1393263701,-1.017624,0.08726501,-0.08865356,-11.85979,21.283,-8.383926,344.4789,343.7679,25,0.0009603359,-0.03821769,0.03909441,0.1184665,-1.528728,-0.07654697,-0.02552178,0.0367281,0.03890878,0.06276368,0.002247858,-0.0008075422,3
2014-02-24 18:41:43.746,1954,195.4,43.61082,3.916364,20.37942,10.87134,75.64101,9,5,1393263702,-1.037369,0.1040039,-0.04512024,-11.42151,22.26157,-7.928562,346.0473,345.3363,25,-0.005023255,0.07137938,0.001600826,0.1182805,-1.52915,-0.07670975,-0.0131107,-0.04818347,0.03868287,-0.00148594,0.007395609,-0.01958452,3
2014-02-24 18:41:43.848,1955,195.5,43.61082,3.916364,20.37942,10.87134,75.64101,9,5,1393263702,-1.003891,0.117569,0.002960205,-11.85979,21.50046,-7.35936,346.5858,345.8748,25,0.0009600696,-0.04614166,0.04034476,0.1180156,-1.527981,-0.07719135,-0.01904299,0.06139117,0.001172718,-0.02151539,0.0101503,-0.04597855,3
2014-02-24 18:41:43.953,1956,195.6,43.61082,3.916364,20.37942,10.87134,75.64101,9,5,1393263702,-0.9941559,0.1146851,-0.08662415,-11.64065,20.95681,-7.017838,347.1067,346.3957,25,0.004905543,-0.01126757,0.003675961,0.1179852,-1.527392,-0.07846034,-0.01305891,-0.056122,0.03992109,0.01521073,0.0171249,-0.03235034,3
2014-02-24 18:41:44.039,1957,195.7,43.61082,3.916364,20.37942,10.87134,75.64101,9,5,1393263702,-0.9941559,0.1146851,-0.08662415,-12.73635,19.8695,-6.676311,347.2796,346.5686,25,-0.01460691,0.07670996,-0.03139015,0.1174101,-1.527352,-0.07902983,-0.02862588,0.06672866,-0.0318113,-0.08346859,0.01802201,0.001669471,3
2014-02-24 18:41:44.135,1958,195.8,43.61082,3.916364,20.37942,10.87134,75.64101,9,5,1393263702,-1.061569,0.1017151,-0.02197266,-13.17464,19.76077,-7.245518,346.1985,345.4875,25,-0.003560114,-0.0397791,-0.01020417,0.1169463,-1.527467,-0.07870033,-0.01757904,-0.04976036,-0.01062532,-0.04744217,-0.00377475,-0.05153001,3
2014-02-24 18:41:44.235,1959,195.9,43.61082,3.916364,20.37942,10.87134,75.64101,9,5,1393263702,-1.015793,0.08155823,-0.04469299,-12.62679,20.41316,-7.58704,345.8356,345.1246,25,-0.01337333,-0.06592229,-0.01004331,0.1165181,-1.529241,-0.07849465,-0.02739221,-0.07590352,-0.01046447,-0.06550896,0.02330101,0.01944243,3
2014-02-24 18:41:44.400,1960,196,43.61082,3.916364,20.37942,10.87134,75.64101,9,5,1393263702,-0.9974213,0.07792664,-0.0766449,-12.07893,21.283,-8.156242,344.6641,343.9531,25,-0.02326324,0.07328886,-0.02557407,0.1157354,-1.530505,-0.0771989,-0.03728318,0.0632958,-0.02600058,-0.01958035,0.004435985,-0.00453293,3
2014-02-24 18:41:44.577,1961,196.1,43.61082,3.916364,20.37942,10.87134,75.64101,9,5,1393263702,-0.9741974,0.05873108,-0.03721619,-11.91458,21.66356,-8.213161,345.3363,344.6253,25,-0.008484032,0.003202451,-0.01653663,0.1151283,-1.530432,-0.07685394,-0.02250392,-0.006790562,-0.01696314,-0.001185188,0.001148332,-0.03641094,3
2014-02-24 18:41:44.680,1962,196.2,43.61082,3.916364,20.37942,10.87134,75.64101,9,5,1393263702,-0.9530945,0.08755493,0.01350403,-11.69544,21.1199,-7.416279,345.8474,345.1364,25,-0.01699629,-0.1090357,-0.01200367,0.1147011,-1.530561,-0.07627776,-0.03101541,-0.1190206,-0.01243223,-0.01099315,-0.007020469,-0.03560685,3
2014-02-24 18:41:44.778,1963,196.3,43.61082,3.916364,20.37942,10.87134,75.64101,9,5,1393263702,-0.9348907,0.057724,-0.05528259,-11.64065,20.95681,-7.245518,346.6312,345.9202,25,-0.01222471,-0.003570234,-0.009467804,0.1141833,-1.531802,-0.07633037,-0.02624377,-0.01355509,-0.009896363,-0.01700591,-0.03128862,0.04419667,3
2014-02-24 18:41:44.861,1964,196.4,43.61085,3.916507,21.11179,11.49156,75.11034,9,5,1393263703,-0.9934082,0.1110535,-0.03878784,-11.58587,20.68498,-6.960915,347.1051,346.3941,25,-0.01598163,0.03721927,-0.007555921,0.1135988,-1.52969,-0.07590438,-0.02999988,0.02724267,-0.007986784,0.02218774,-0.01038657,-0.03238734,3
2014-02-24 18:41:44.966,1965,196.5,43.61085,3.916507,21.11179,11.49156,75.11034,9,5,1393263703,-0.9934082,0.1110535,-0.03878784,-12.90071,21.22863,-7.416275,346.8152,346.1042,25,-0.01589428,-0.005883988,-0.01182683,0.113048,-1.531037,-0.07599778,-0.03376903,-0.07006629,0.01638886,0.06143481,-0.01820065,-0.01564895,3
2014-02-24 18:41:45.067,1966,196.6,43.61085,3.916507,21.11179,11.49156,75.11034,9,5,1393263703,-0.9647064,0.07763672,-0.01676941,-12.84592,20.84808,-8.0424,345.0282,344.3172,25,-0.007575362,0.01031842,0.02211489,0.1124624,-1.531,-0.07613841,-0.02991244,-0.01586052,-0.01225769,0.002905202,0.0349886,0.0008824924,3
2014-02-24 18:41:45.171,1967,196.7,43.61085,3.916507,21.11179,11.49156,75.11034,9,5,1393263703,-0.9829559,0.07820129,0.005432129,-11.64065,20.41316,-7.473202,345.3813,344.6703,25,0.008777779,-0.06122607,-0.01104946,0.1115774,-1.531467,-0.07558464,-0.02132943,0.01027285,-0.01243476,-0.003290544,-0.003170771,0.01135934,3
2014-02-24 18:41:45.269,1968,196.8,43.61085,3.916507,21.11179,11.49156,75.11034,9,5,1393263703,-0.9767609,0.09059143,-0.05502319,-11.36673,20.90244,-8.099323,344.2606,343.5496,25,0.008682438,0.07131759,-0.01938249,0.1114223,-1.53239,-0.07688022,-0.005240347,-0.0712033,-0.01147755,-0.03020886,0.03298248,0.002043929,3
2014-02-24 18:41:45.501,1969,196.9,43.61085,3.916507,21.11179,11.49156,75.11034,9,5,1393263703,-1.031891,0.08094788,-0.04000854,-10.92844,20.14133,-6.960915,346.1137,345.4027,25,0.007406251,-0.004494883,-0.002231463,0.1111327,-1.532013,-0.07675166,-0.005335622,0.06134041,-0.01981058,-0.0235454,-0.001816707,0.01834957,3
2014-02-24 18:41:45.716,1970,197,43.61085,3.916507,21.11179,11.49156,75.11034,9,5,1393263703,-1.047211,0.04838562,-0.03894043,-11.69544,21.22863,-6.84708,347.0923,346.3813,25,0.01606872,0.01024012,-0.01050377,0.1106036,-1.532144,-0.07530731,-0.01513528,0.006879918,-0.01703355,-0.03546993,0.005711729,-0.001474902,3
2014-02-24 18:41:45.887,1971,197.1,43.61085,3.916507,21.11179,11.49156,75.11034,9,5,1393263703,-1.039124,0.04425049,-0.03492737,-11.91458,20.90244,-6.164032,348.6379,347.9269,25,0.01245987,0.07918696,-0.03115419,0.1103661,-1.533007,-0.07626902,-0.002843227,-0.007732463,-0.01324165,0.00645188,0.009894983,0.01079958,3
2014-02-24 18:41:46.066,1972,197.2,43.61087,3.916655,22.78753,12.57751,75.26537,9,5,1393263704,-1.019852,0.02799988,-0.01411438,-11.64065,21.06554,-7.814716,345.4492,344.7383,25,0.009941314,0.01356454,-0.01411422,0.1101578,-1.532071,-0.07439961,-0.004076797,0.003582399,-0.01454177,-0.04263757,-0.0300805,0.003681184,3
2014-02-24 18:41:46.164,1973,197.3,43.61087,3.916655,22.78753,12.57751,75.26537,9,5,1393263704,-1.036087,0.005111694,-0.0609436,-12.84593,21.60919,-7.58704,346.3824,345.6714,25,0.002485794,0.07697361,-0.01480478,0.1098697,-1.531863,-0.07298201,-0.01153268,0.06698526,-0.01523936,-0.02326947,-0.04491737,0.02470524,3
2014-02-24 18:41:46.268,1974,197.4,43.61087,3.916655,22.78753,12.57751,75.26537,9,5,1393263704,-0.9752502,0.01005554,-0.01541138,-11.20237,20.95681,-8.156242,343.9282,343.2172,25,0.01477655,-0.01008539,0.0002402171,0.1097935,-1.531896,-0.07286236,0.0007581426,-0.02007369,-0.0001943618,-0.03949484,-0.06768622,-0.02215625,3
2014-02-24 18:41:46.502,1975,197.5,43.61087,3.916655,22.78753,12.57751,75.26537,9,5,1393263704,-1.034851,0.03898621,-0.05630493,-11.31194,21.60919,-7.131676,344.5287,343.8177,25,0.01855584,0.02042218,-0.01527163,0.1098478,-1.531378,-0.07081421,0.004537724,0.01043511,-0.0157167,-0.0522771,-0.03135686,-0.004483574,3
2014-02-24 18:41:46.638,1976,197.6,43.61087,3.916655,22.78753,12.57751,75.26537,9,5,1393263704,-1.005295,0.0135498,-0.03919983,-11.96936,21.283,-6.790154,344.8582,344.1472,25,0.01464792,0.06022712,0.005417935,0.1099424,-1.531575,-0.0683968,0.0006299525,0.05023851,0.004957064,0.01584602,-0.06326231,0.006114444,3
2014-02-24 18:41:46.744,1977,197.7,43.61091,3.916813,23.94147,13.54003,74.33894,9,5,1393263705,-1.04393,-0.0007476807,-0.06587219,-11.53108,21.93538,-7.81472,344.8313,344.1203,25,0.01974015,-0.005560414,-0.005621933,0.1100227,-1.531502,-0.06814542,0.005722248,-0.01554898,-0.006082802,-0.003396314,-0.04488407,-0.025382,3
2014-02-24 18:41:46.845,1978,197.8,43.61091,3.916813,23.94147,13.54003,74.33894,9,5,1393263705,-1.04393,-0.0007476807,-0.06587219,-11.96936,21.82665,-7.35936,344.8336,344.1227,25,0.03687173,0.03541978,8.255799e-06,0.1103134,-1.531005,-0.06802034,0.02428212,0.01845509,-0.02383304,-0.008397032,-0.0544181,0.0004890095,3
2014-02-24 18:41:46.917,1979,197.9,43.61091,3.916813,23.94147,13.54003,74.33894,9,5,1393263705,-0.9766846,-0.007095337,-0.04455566,-11.31194,21.60919,-7.700882,344.8461,344.1351,25,0.03928988,0.03095206,0.005940181,0.1106883,-1.529798,-0.0663014,0.02285426,0.02543558,-0.0004630648,-0.04696567,-0.06700052,-0.0249751,3
2014-02-24 18:41:47.054,1980,198,43.61091,3.916813,23.94147,13.54003,74.33894,9,5,1393263705,-1.044037,0.006210327,-0.07275391,-11.20237,20.63062,-8.725441,342.6796,341.9686,25,0.04788044,0.03443734,0.008335162,0.1116499,-1.528949,-0.06392929,0.03167564,-0.0233759,-0.01868419,0.005246978,-0.05297571,-0.04504209,3
2014-02-24 18:41:47.139,1981,198.1,43.61091,3.916813,23.94147,13.54003,74.33894,9,5,1393263705,-0.9685669,0.02388,-0.01252747,-11.53108,20.95681,-8.725445,342.8354,342.1244,25,0.05404805,-0.02892512,0.0160514,0.1123146,-1.528692,-0.06416522,0.03386346,0.02445636,0.007851282,0.02063253,-0.0812263,-0.006380738,3
2014-02-24 18:41:47.260,1982,198.2,43.61091,3.916813,23.94147,13.54003,74.33894,9,5,1393263705,-1.027618,-0.001358032,-0.09980774,-12.24329,21.33736,-8.896206,342.8703,342.1593,25,0.05415725,0.09096586,-0.01561811,0.1131313,-1.52855,-0.06144682,0.04003173,-0.03889867,0.01554967,-0.008347262,-0.07004464,-0.03101225,3
2014-02-24 18:41:47.406,1983,198.3,43.61091,3.916813,23.94147,13.54003,74.33894,9,5,1393263705,-0.961792,-0.004318237,-0.0297699,-11.20237,21.93538,-7.245518,347.0739,346.3629,25,0.06033578,-0.03919827,0.0009619338,0.1138134,-1.527278,-0.06138715,0.04014098,0.08099236,-0.01611984,0.02799417,-0.03492038,-0.03250526,3
2014-02-24 18:41:47.589,1984,198.4,43.61091,3.916813,23.94147,13.54003,74.33894,9,5,1393263705,-1.011505,0.02749634,-0.05789185,-13.17464,21.82665,-7.700882,348.038,347.327,25,0.06502081,0.01767327,0.02156761,0.1147133,-1.525578,-0.06038964,0.04631986,-0.04916175,0.0004530165,-0.005238855,-0.02727189,-0.04000796,3
2014-02-24 18:41:47.705,1985,198.5,43.61091,3.916813,23.94147,13.54003,74.33894,9,5,1393263705,-1.005402,0.02438354,-0.05685425,-13.17464,21.39173,-8.497765,346.4618,345.7508,25,0.07157299,0.0003502057,-0.02512453,0.1157277,-1.52632,-0.06040233,0.05100494,0.00770981,0.02105869,0.03539723,-0.06468385,0.01461091,3
2014-02-24 18:41:47.832,1986,198.6,43.61095,3.916989,24.35968,14.26198,74.00259,9,5,1393263706,-0.9591522,-0.02256775,-0.06082153,-12.35286,21.22863,-8.668522,345.6626,344.9516,25,0.0627281,0.09447005,-0.01087768,0.1167127,-1.525916,-0.06012056,0.05755717,-0.009613216,-0.02563344,-0.01431697,-0.03258802,-0.01310728,3
2014-02-24 18:41:47.936,1987,198.7,43.61095,3.916989,24.35968,14.26198,74.00259,9,5,1393263706,-0.9591522,-0.02256775,-0.06082153,-11.805,21.4461,-8.896202,345.4314,344.7204,25,0.07878563,-0.08319875,0.008606804,0.1187891,-1.526169,-0.05706881,0.06477071,-0.09316461,0.008078851,-0.006482484,-0.04396105,-0.05607623,3
2014-02-24 18:41:48.033,1988,198.8,43.61095,3.916989,24.35968,14.26198,74.00259,9,5,1393263706,-0.9906158,0.002868652,-0.09257507,-12.02415,21.44609,-8.896206,346.65,345.939,25,0.07015539,0.09674758,-0.01669429,0.1187891,-1.526169,-0.05706881,0.06477071,-0.09316461,0.008078851,-0.006482484,-0.04396105,-0.05607623,3
2014-02-24 18:41:48.195,1989,198.9,43.61095,3.916989,24.35968,14.26198,74.00259,9,5,1393263706,-1.034073,-0.000793457,-0.04138184,-11.14759,21.88102,-9.35157,346.9387,346.2277,25,0.08132495,-0.002880475,-0.0132684,0.1221232,-1.526122,-0.05575769,0.06731054,-0.01285626,-0.01380073,0.006833902,-0.05286015,-0.04798467,3
2014-02-24 18:41:48.303,1990,199,43.61095,3.916989,24.35968,14.26198,74.00259,9,5,1393263706,-1.025146,0.008880615,-0.05696106,-11.14759,20.79371,-8.554684,347.8506,347.1396,25,0.09115122,0.03683445,-0.01708072,0.1234919,-1.526282,-0.0537585,0.07713727,0.02685459,-0.017624,-0.03650669,-0.05452607,0.003053513,3
2014-02-24 18:41:48.566,1991,199.1,43.61095,3.916989,24.35968,14.26198,74.00259,9,5,1393263706,-1.037323,-0.02682495,-0.0665741,-11.75022,21.17426,-7.245518,349.7765,349.0655,25,0.08387998,0.08874292,-0.03877323,0.1247732,-1.524469,-0.05332552,0.06986609,0.0787631,-0.03931651,-0.02763934,-0.04441964,-0.01071634,3
2014-02-24 18:41:48.689,1992,199.2,43.61095,3.916989,24.35968,14.26198,74.00259,9,5,1393263706,-0.9986267,-0.01158142,-0.04771423,-12.13372,21.88101,-8.213158,348.4573,347.7463,25,0.1021919,-0.008329037,-0.005976134,0.1263963,-1.522366,-0.05066148,0.08817805,-0.01829383,-0.006534466,-0.03977701,-0.07746476,-0.01822515,3
2014-02-24 18:41:48.767,1993,199.3,43.61095,3.916989,24.35968,14.26198,74.00259,9,5,1393263706,-1.004288,-0.007003784,-0.1180267,-11.85979,21.93538,-8.270081,348.4875,347.7766,25,0.1133617,0.01543595,-0.0213511,0.12809,-1.522411,-0.05031961,0.0993479,0.005471174,-0.02190943,-0.02423943,-0.05548637,-0.01240952,3
2014-02-24 18:41:48.871,1994,199.4,43.61098,3.91717,23.82188,14.3782,73.577,9,5,1393263707,-1.004288,-0.007003784,-0.1180267,-11.4763,21.33736,-8.213158,348.512,347.801,25,0.1219025,-0.01272751,-0.008090151,0.1298768,-1.520037,-0.04727968,0.09194723,0.07109866,-0.02967692,-0.05785445,-0.06680857,-0.03078579,3
2014-02-24 18:41:48.971,1995,199.5,43.61098,3.91717,23.82188,14.3782,73.577,9,5,1393263707,-1.025757,-0.01100159,-0.04901123,-11.0928,21.17427,-8.497761,347.404,346.693,25,0.1219025,-0.01272751,-0.008090151,0.1317394,-1.520167,-0.04701473,0.1078892,-0.02268505,-0.008665645,-0.03177339,-0.06027256,-0.04823364,3
2014-02-24 18:41:49.085,1996,199.6,43.61098,3.91717,23.82188,14.3782,73.577,9,5,1393263707,-1.025757,-0.01100159,-0.04901123,-11.42151,20.08697,-8.0424,347.6323,346.9213,25,0.1306792,0.05963084,-0.03921265,0.1339259,-1.520393,-0.04653039,0.1214626,-0.01469315,-0.01447853,-0.06663625,-0.07484917,-0.03313764,3
2014-02-24 18:41:49.282,1997,199.7,43.61098,3.91717,23.82188,14.3782,73.577,9,5,1393263707,-0.9945221,-0.04891968,-0.08932495,-12.73635,19.54332,-7.131676,349.8293,349.1183,25,0.1442445,-0.000293214,-0.0338051,0.1384135,-1.519301,-0.04281665,0.1214813,-0.02488369,-0.01087514,-0.03873989,-0.1026638,-0.02659286,3
2014-02-24 18:41:49.527,1998,199.8,43.61098,3.91717,23.82188,14.3782,73.577,9,5,1393263707,-1.02655,-0.05024719,-0.09747314,-11.36673,21.22863,-7.643959,348.1335,347.4225,25,0.1577729,0.005478655,-0.0337316,0.1408701,-1.518015,-0.03950067,0.1302675,-0.01026243,-0.03441056,0.003306306,-0.08841008,-0.03660882,3
2014-02-24 18:41:49.650,1999,199.9,43.61102,3.917347,24.3195,14.39127,73.19924,9,5,1393263708,-1.040619,-0.05577087,-0.07711792,-12.13371,21.33736,-7.757797,347.245,346.534,25,0.1489746,0.01804505,-0.01282259,0.14343,-1.517993,-0.03879543,0.1437958,-0.004490532,-0.03433705,-0.03156412,-0.09983611,-0.03106202,3
2014-02-24 18:41:49.730,2000,200,43.61102,3.917347,24.3195,14.39127,73.19924,9,5,1393263708,-1.038528,-0.06660461,-0.05459595,-11.96936,21.06554,-7.814724,346.9143,346.2033,25,0.1603372,-0.07611128,-0.03408367,0.1459977,-1.516918,-0.03528077,0.1349981,0.008084101,-0.01344576,0.01318628,-0.0733899,-0.03158431,3
2014-02-24 18:41:49.864,2001,200.1,43.61102,3.917347,24.3195,14.39127,73.19924,9,5,1393263708,-0.9896393,-0.0927887,-0.07235718,-11.64065,20.84807,-7.473202,346.8702,346.1592,25,0.1688077,0.01465884,-0.03019545,0.1486804,-1.517172,-0.03439426,0.1463608,-0.08607218,-0.03470684,-0.0112901,-0.09012784,-0.059287,3
2014-02-24 18:41:49.963,2002,200.2,43.61102,3.917347,24.3195,14.39127,73.19924,9,5,1393263708,-0.9897003,-0.07809448,-0.1075745,-12.572,20.68498,-7.985481,345.8858,345.1748,25,0.1612938,0.04642769,-0.01884693,0.1513992,-1.517567,-0.03378285,0.1548312,0.004697956,-0.03081862,-0.04051456,-0.100381,-0.001422253,3
2014-02-24 18:41:50.049,2003,200.3,43.61102,3.917347,24.3195,14.39127,73.19924,9,5,1393263708,-1.037399,-0.07168579,-0.05941772,-13.94163,20.52188,-7.017838,348.5511,347.8401,25,0.1836428,-0.08717911,-0.02319374,0.1542324,-1.516424,-0.03009981,0.1473182,0.03647244,-0.01948743,0.008430636,-0.122884,-0.0180367,3
2014-02-24 18:41:50.155,2004,200.4,43.61102,3.917347,24.3195,14.39127,73.19924,9,5,1393263708,-0.9983521,-0.1007233,-0.09384155,-14.21556,21.1199,-7.643963,348.2193,347.5083,25,0.1785306,0.05334258,-0.0210949,0.15717,-1.516976,-0.02952049,0.1696672,-0.09713431,-0.02383424,0.008416635,-0.1076107,-0.05380325,3
2014-02-24 18:41:50.283,2005,200.5,43.61102,3.917347,24.3195,14.39127,73.19924,9,5,1393263708,-0.9983521,-0.1007233,-0.09384155,-12.79114,21.55483,-8.896206,345.4102,344.6992,25,0.1820942,-0.0008426242,0.00293001,0.1632604,-1.516948,-0.02384957,0.1681208,-0.01079764,0.002261803,0.005270366,-0.09280177,-0.04510098,3
2014-02-24 18:41:50.483,2006,200.6,43.61102,3.917347,24.3195,14.39127,73.19924,9,5,1393263708,-0.9878845,-0.1170044,-0.1033783,-12.46243,20.57625,-8.099319,346.8127,346.1017,25,0.1971717,-0.03272998,-0.03063381,0.1632604,-1.516948,-0.02384957,0.1681208,-0.01079764,0.002261803,0.005270366,-0.09280177,-0.04510098,3
2014-02-24 18:41:50.585,2007,200.7,43.61106,3.917515,21.41826,14.28429,73.85322,9,5,1393263709,-0.9878845,-0.1170044,-0.1033783,-13.6677,20.79371,-7.302437,349.0908,348.3798,25,0.1943807,0.05587285,-0.003370763,0.1699213,-1.515224,-0.02004442,0.1804073,0.04592973,-0.004058358,-0.0400286,-0.07910985,-0.05861875,3
2014-02-24 18:41:50.799,2008,200.8,43.61106,3.917515,21.41826,14.28429,73.85322,9,5,1393263709,-1.003601,-0.1325684,-0.09855652,-14.54426,20.79371,-7.757797,349.0809,348.3699,25,0.2154798,0.02189678,-0.0204331,0.1770788,-1.514974,-0.01423809,0.2015091,0.01195471,-0.02115092,-0.02039664,-0.09761163,-0.04722464,3
2014-02-24 18:41:50.904,2009,200.9,43.61106,3.917515,21.41826,14.28429,73.85322,9,5,1393263709,-1.042862,-0.1248016,-0.1107941,-14.70862,21.17427,-6.790154,351.0887,350.3777,25,0.2313059,-0.02083178,0.007117032,0.1809212,-1.515501,-0.01402161,0.2173352,-0.0307738,0.006399215,-0.005227622,-0.1465895,-0.04329481,3
2014-02-24 18:41:51.043,2010,201,43.61106,3.917515,21.41826,14.28429,73.85322,9,5,1393263709,-0.9757233,-0.08320618,-0.08300781,-14.59905,20.84808,-6.903996,350.4801,349.7691,25,0.2226664,0.04365453,0.0005395564,0.1848603,-1.51408,-0.01009803,0.2086962,0.03372118,-0.0002012844,0.02864512,-0.09345663,-0.02820169,3
2014-02-24 18:41:51.151,2011,201.1,43.61106,3.917515,21.41826,14.28429,73.85322,9,5,1393263709,-1.005066,-0.1126099,-0.1006775,-13.44856,20.90244,-8.668522,347.2939,346.5829,25,0.2313794,-0.01863946,-0.002288188,0.1889084,-1.514272,-0.009759628,0.2174093,-0.02857278,-0.003029025,0.03717371,-0.1083923,-0.0437888,3
2014-02-24 18:41:51.262,2012,201.2,43.61106,3.917515,21.41826,14.28429,73.85322,9,5,1393263709,-1.005066,-0.1126099,-0.1006775,-12.84592,19.8695,-6.676311,352.2723,351.5613,25,0.248438,0.02807185,0.01149687,0.1930671,-1.511553,-0.005731626,0.2309597,-0.001299443,-0.009054087,-0.04316784,-0.103693,-0.05956712,3
2014-02-24 18:41:51.406,2013,201.3,43.61106,3.917515,21.41826,14.28429,73.85322,9,5,1393263709,-1.00676,-0.08065796,-0.10289,-13.22942,20.0326,-6.164036,353.6758,352.9648,25,0.248438,0.02807185,0.01149687,0.1974554,-1.511924,-0.005658363,0.2344674,0.0181531,0.0107324,-0.006814377,-0.1182682,-0.04184005,3
2014-02-24 18:41:51.549,2014,201.4,43.61106,3.917515,21.41826,14.28429,73.85322,9,5,1393263709,-1.00676,-0.08065796,-0.10289,-14.98254,20.14133,-7.416279,351.8264,351.1154,25,0.276969,-0.01608389,-0.01008699,0.2020129,-1.511517,-0.005546191,0.2418675,-0.005579611,0.01220806,-0.04319947,-0.1083599,-0.04096072,3
2014-02-24 18:41:51.653,2015,201.5,43.6111,3.917686,22.99237,14.26466,74.14011,9,5,1393263710,-1.026382,-0.06114197,-0.08666992,-14.7634,20.57625,-8.440842,349.8679,349.1569,25,0.2668788,0.05766356,0.009039035,0.2067296,-1.509814,-0.002439391,0.2629977,-0.02598984,-0.01086925,-0.008621456,-0.08309735,-0.0419457,3
2014-02-24 18:41:51.779,2016,201.6,43.6111,3.917686,22.99237,14.26466,74.14011,9,5,1393263710,-0.9480591,-0.06384277,-0.07891846,-13.77727,21.01117,-9.35157,346.5715,345.8605,25,0.2757746,-0.03084553,-0.01230061,0.2115064,-1.509732,-0.002234411,0.2529075,0.04775766,0.008256774,-0.02824881,-0.06337637,-0.02564329,3
2014-02-24 18:41:51.885,2017,201.7,43.6111,3.917686,22.99237,14.26466,74.14011,9,5,1393263710,-1.012207,-0.06546021,-0.08842468,-13.17464,21.06554,-8.497761,347.6602,346.9492,25,0.2904347,-0.005723133,-0.003019758,0.2163427,-1.50765,0.001635698,0.2618025,-0.04073676,-0.0131034,-0.02347876,-0.0888184,-0.05742513,3
2014-02-24 18:41:51.966,2018,201.8,43.6111,3.917686,22.99237,14.26466,74.14011,9,5,1393263710,-0.9921265,-0.06497192,-0.09403992,-13.55813,21.33736,-8.440842,348.2025,347.4915,25,0.2916715,0.01352513,-0.006715161,0.2212678,-1.507739,0.001863592,0.2764628,-0.01561432,-0.003822544,-0.02264959,-0.0922984,-0.01845124,3
2014-02-24 18:41:52.084,2019,201.9,43.6111,3.917686,22.99237,14.26466,74.14011,9,5,1393263710,-1.009491,-0.08673096,-0.1223755,-13.2842,21.60919,-8.611607,348.1884,347.4774,25,0.2892518,0.05195534,-0.01767141,0.2263273,-1.508013,0.005083272,0.2777013,0.003636573,-0.007534679,0.03398182,-0.06728919,-0.002642228,3
2014-02-24 18:41:52.185,2020,202,43.6111,3.917686,22.99237,14.26466,74.14011,9,5,1393263710,-0.9891205,-0.07476807,-0.06176758,-13.01028,20.46752,-7.871639,348.2535,347.5425,25,0.2978341,-0.02039902,-0.00280564,0.2313937,-1.507155,0.005640882,0.2752816,0.04206681,-0.01849092,0.005833251,-0.05933107,-0.03044285,3
2014-02-24 18:41:52.522,2021,202.1,43.6111,3.917686,22.99237,14.26466,74.14011,9,5,1393263710,-1.039215,-0.1108551,-0.102066,-15.20169,21.55482,-7.871635,350.6298,349.9188,25,0.2954412,0.03611806,-0.0198038,0.2417565,-1.50636,0.00963442,0.2825925,0.03880851,-0.009023008,0.008757918,-0.0651338,0.002620899,3
2014-02-24 18:41:52.637,2022,202.2,43.61113,3.917855,21.34079,14.40724,73.93878,9,5,1393263711,-1.021042,-0.113327,-0.1106262,-14.10598,20.68498,-8.327,348.8702,348.1592,25,0.3088396,-0.05986786,0.01176212,0.2468928,-1.505257,0.01026313,0.2814714,0.02623921,-0.02064238,-0.02517919,-0.06500866,-0.03276284,3
2014-02-24 18:41:52.720,2023,202.3,43.61113,3.917855,21.34079,14.40724,73.93878,9,5,1393263711,-1.021042,-0.113327,-0.1106262,-13.6677,20.46752,-8.668522,347.9951,347.2841,25,0.3077461,0.01923228,-0.01717446,0.2577539,-1.503842,0.01458394,0.2937742,0.009372956,-0.01803404,-0.01403491,-0.07580964,-0.01742331,3
2014-02-24 18:41:52.819,2024,202.4,43.61113,3.917855,21.34079,14.40724,73.93878,9,5,1393263711,-1.024261,-0.09545898,-0.1351776,-14.16077,21.06554,-7.700878,350.1855,349.4745,25,0.3137886,0.03183969,-0.005508749,0.2633116,-1.503184,0.01517378,0.2998167,0.02198038,-0.006368326,-0.02344156,-0.09815384,-0.04307331,3
2014-02-24 18:41:52.919,2025,202.5,43.61113,3.917855,21.34079,14.40724,73.93878,9,5,1393263711,-0.9923096,-0.1038208,-0.08695984,-14.16077,21.60919,-7.81472,350.321,349.61,25,0.3187897,-0.03725523,-0.004786233,0.2687598,-1.501229,0.0186066,0.3048164,-0.04709914,-0.005662614,-0.02685298,-0.07685345,-0.06567853,3
2014-02-24 18:41:53.050,2026,202.6,43.61113,3.917855,21.34079,14.40724,73.93878,9,5,1393263711,-1.016602,-0.1216278,-0.1426849,-13.39378,21.06554,-8.0424,349.227,348.516,25,0.3150117,0.02166774,-0.003051184,0.2744985,-1.502113,0.01908154,0.3010385,0.01182388,-0.003927561,0.00515106,-0.08474042,-0.0183433,3
2014-02-24 18:41:53.154,2027,202.7,43.61113,3.917855,21.34079,14.40724,73.93878,9,5,1393263711,-1.030319,-0.100174,-0.1166687,-14.10599,20.35879,-6.619392,351.3033,350.5923,25,0.3286511,-0.02813976,-0.008299742,0.2802901,-1.501051,0.02251697,0.3146786,-0.03797559,-0.009192945,-0.0341935,-0.07552265,-0.02850393,3
2014-02-24 18:41:53.582,2028,202.8,43.61113,3.917855,21.34079,14.40724,73.93878,9,5,1393263711,-0.9997559,-0.1285858,-0.08781433,-13.28421,21.06554,-8.156239,348.5683,347.8573,25,0.3334267,0.008266984,0.00429488,0.286287,-1.501865,0.02290592,0.3194543,-0.001568798,0.003401681,-0.03161294,-0.1001124,-0.02715,3
2014-02-24 18:41:53.762,2029,202.9,43.61113,3.917855,21.34079,14.40724,73.93878,9,5,1393263711,-0.9694214,-0.1265869,-0.1274719,-13.01028,20.68498,-8.782364,347.3029,346.5919,25,0.3471835,-0.02807052,-0.01750735,0.2923388,-1.500942,0.0277143,0.333212,-0.03789424,-0.0184251,0.005585675,-0.1022026,-0.03551469,3
2014-02-24 18:41:53.914,2030,203,43.61117,3.918037,23.28827,13.27858,74.56879,9,5,1393263712,-0.9694214,-0.1265869,-0.1274719,-13.6677,20.68498,-8.554684,347.6929,346.9819,25,0.3604429,0.01305721,0.01037301,0.2984007,-1.500935,0.02834878,0.332093,0.03896755,-0.043821,-0.033907,-0.08576024,-0.04095699,3
2014-02-24 18:41:54.031,2031,203.1,43.61117,3.918037,23.28827,13.27858,74.56879,9,5,1393263712,-1.001205,-0.1018066,-0.1134033,-13.88684,20.25006,-7.302441,349.7068,348.9958,25,0.3642744,0.02313754,-0.0084582,0.3047026,-1.501136,0.02910023,0.3464715,0.003233552,0.009455277,0.02773093,-0.09749079,-0.05789696,3
2014-02-24 18:41:54.137,2032,203.2,43.61117,3.918037,23.28827,13.27858,74.56879,9,5,1393263712,-1.038589,-0.1368561,-0.1077118,-14.16077,20.30443,-8.042397,348.743,348.032,25,0.3680619,-0.04371872,-0.01011548,0.3110697,-1.499691,0.03400041,0.3503041,0.0133255,-0.009400889,-0.004308849,-0.06781278,-0.04239913,3
2014-02-24 18:41:54.221,2033,203.3,43.61117,3.918037,23.28827,13.27858,74.56879,9,5,1393263712,-1.037369,-0.1410065,-0.1262054,-14.32512,20.57625,-7.871635,349.204,348.493,25,0.3640781,0.1195541,0.001157144,0.3175408,-1.500155,0.03454382,0.3540917,-0.05353072,-0.01105817,-0.04167863,-0.1023191,-0.03717124,3
2014-02-24 18:41:54.395,2034,203.4,43.61117,3.918037,23.28827,13.27858,74.56879,9,5,1393263712,-0.974472,-0.1791229,-0.09786987,-14.16077,20.84808,-8.839279,347.6206,346.9096,25,0.37793,-0.04026993,-0.01357333,0.3241657,-1.499833,0.03903613,0.3501115,0.1097459,0.0001905268,0.02710349,-0.09709744,0.001956621,3
2014-02-24 18:41:54.571,2035,203.5,43.61117,3.918037,23.28827,13.27858,74.56879,9,5,1393263712,-1.030533,-0.1204987,-0.1652985,-12.62678,20.52188,-8.839283,347.3893,346.6783,25,0.3838214,0.07889774,0.0005704491,0.3309688,-1.499984,0.039884,0.3639634,-0.05007802,-0.01453994,-0.005557737,-0.09017722,-0.08736859,3
2014-02-24 18:41:54.691,2036,203.6,43.6112,3.918202,23.14957,13.72195,75.31638,9,10,1393263713,-1.04277,-0.1316986,-0.09999084,-12.90071,21.55482,-8.782364,347.4586,346.7476,25,0.4046098,0.001074319,0.02851074,0.3377044,-1.497147,0.04302487,0.3698533,0.06910369,-0.0004135074,-0.02726966,-0.08333118,-0.05264517,3
2014-02-24 18:41:54.969,2037,203.7,43.6112,3.918202,23.14957,13.72195,75.31638,9,10,1393263713,-1.044693,-0.1210327,-0.1469116,-12.62679,20.95681,-8.611607,348.9682,348.2572,25,0.4013786,0.071916,-0.03907843,0.3447874,-1.497908,0.04364805,0.3906418,-0.008719703,0.02752678,-0.01330964,-0.1248686,-0.04512002,3
2014-02-24 18:41:55.137,2038,203.8,43.6112,3.918202,23.14957,13.72195,75.31638,9,10,1393263713,-1.017685,-0.1713409,-0.1199036,-13.83206,21.17427,-8.383923,348.0855,347.3745,25,0.4107167,-0.009021991,0.03570687,0.359111,-1.494344,0.04860881,0.3967462,-0.01879528,0.03469869,-0.04879177,-0.07244305,-0.07062403,3
2014-02-24 18:41:55.265,2039,203.9,43.6112,3.918202,23.14957,13.72195,75.31638,9,10,1393263713,-1.014709,-0.1195984,-0.1329346,-14.54426,20.90244,-7.302444,351.0639,350.3529,25,0.4059901,0.06886082,-0.0002918825,0.3664282,-1.494273,0.04934409,0.3920197,0.05908758,-0.001300053,-0.02182504,-0.1220169,-0.0435478,3
2014-02-24 18:41:55.416,2040,204,43.6112,3.918202,23.14957,13.72195,75.31638,9,10,1393263713,-0.9867859,-0.1034698,-0.1590424,-12.90071,20.90244,-9.351562,350.5588,349.8478,25,0.4257968,-0.00242321,-0.004098339,0.373769,-1.491694,0.05229014,0.4118229,-0.01217859,-0.005120918,-0.03187902,-0.07720451,-0.07652954,3
2014-02-24 18:41:55.625,2041,204.1,43.6112,3.918202,23.14957,13.72195,75.31638,9,10,1393263713,-1.010406,-0.138504,-0.1132202,-12.95549,21.39173,-7.700882,349.0734,348.3624,25,0.4170257,0.06105989,0.00575589,0.3812051,-1.491364,0.05297536,0.4030519,0.05130455,0.004733315,-0.02432691,-0.1104405,-0.05146949,3
2014-02-24 18:41:55.730,2042,204.2,43.6112,3.918202,23.14957,13.72195,75.31638,9,10,1393263713,-1.010406,-0.138504,-0.1132202,-13.72249,21.06554,-6.334793,351.691,350.98,25,0.4231758,0.05431703,0.007053649,0.3888279,-1.489394,0.05646916,0.4180658,-0.03597656,-0.01305638,-0.02884106,-0.09012152,-0.08089604,3
2014-02-24 18:41:55.843,2043,204.3,43.61124,3.918378,22.77171,14.41467,74.62965,9,10,1393263714,-0.9213257,-0.07679749,-0.1311798,-13.72249,21.17426,-6.334793,352.3012,351.5902,25,0.4231758,0.05431703,0.007053649,0.3965859,-1.489263,0.05709933,0.4091986,0.04458064,0.006014789,0.02425897,-0.04470782,-0.07269621,3
2014-02-24 18:41:55.948,2044,204.4,43.61124,3.918378,22.77171,14.41467,74.62965,9,10,1393263714,-0.9213257,-0.07679749,-0.1311798,-13.88684,19.59768,-6.391716,351.1537,350.4427,25,0.4346825,-0.008282698,-0.03680276,0.4044127,-1.489652,0.05782305,0.4265902,-0.01657803,-0.004952106,-0.003613391,-0.1031589,-0.0632149,3
2014-02-24 18:41:56.059,2045,204.5,43.61124,3.918378,22.77171,14.41467,74.62965,9,10,1393263714,-0.9979248,-0.06700134,-0.1165466,-15.58518,20.52188,-7.473202,349.5135,348.8025,25,0.4443412,0.02027518,-0.01821895,0.412181,-1.488117,0.06143221,0.4207033,-0.01800373,-0.03785654,0.07337839,-0.01540391,-0.04875028,3
2014-02-24 18:41:56.163,2046,204.6,43.61124,3.918378,22.77171,14.41467,74.62965,9,10,1393263714,-0.9736786,-0.1535645,-0.149765,-15.1469,20.73935,-8.156242,348.0792,347.3682,25,0.4220777,0.1209698,-0.01941551,0.4200737,-1.488801,0.06200023,0.4303814,0.01051565,-0.01922945,-0.003199518,-0.005040832,-0.03480007,3
2014-02-24 18:41:56.272,2047,204.7,43.61124,3.918378,22.77171,14.41467,74.62965,9,10,1393263714,-0.9959869,-0.128418,-0.05363464,-14.43469,21.01118,-9.351566,346.0526,345.3416,25,0.4604883,-0.1359714,-0.0130194,0.4277245,-1.486655,0.06413258,0.4081167,0.1112158,-0.02042946,0.04588154,-0.01688977,-0.01932539,3
2014-02-24 18:41:56.393,2048,204.8,43.61124,3.918378,22.77171,14.41467,74.62965,9,10,1393263714,-0.9864044,-0.1106873,-0.1902161,-14.70862,20.95681,-9.636166,346.0989,345.3879,25,0.446688,0.1358755,-0.02167067,0.4358158,-1.488678,0.0650076,0.4465273,-0.1457254,-0.01403335,-0.009701663,-0.03188571,-0.04233811,3
2014-02-24 18:41:56.559,2049,204.9,43.61124,3.918378,22.77171,14.41467,74.62965,9,10,1393263714,-0.9903717,-0.1301727,-0.1364746,-13.88684,20.46752,-7.643963,350.8728,350.1618,25,0.4540149,-0.03042475,0.01052321,0.4438046,-1.486691,0.06786152,0.4327258,0.1261317,-0.02269466,-0.02043097,-0.05873169,-0.04224039,3
2014-02-24 18:41:56.676,2050,205,43.61124,3.918378,22.77171,14.41467,74.62965,9,10,1393263714,-1.066116,-0.1466064,-0.1616058,-12.68157,20.57625,-8.213158,349.7769,349.0659,25,0.4650726,0.0251477,0.004221643,0.4518625,-1.486864,0.06871513,0.4400527,-0.04016856,0.009499229,0.007723698,-0.04202619,-0.1065803,3
2014-02-24 18:41:56.782,2051,205.1,43.61124,3.918378,22.77171,14.41467,74.62965,9,10,1393263714,-1.032715,-0.120285,-0.142868,-13.61292,19.97823,-8.270081,349.887,349.176,25,0.4664513,-0.02932593,-0.00579131,0.4600928,-1.487935,0.06952072,0.4511105,0.01540394,0.003197662,0.003789939,-0.060708,-0.0539078,3
2014-02-24 18:41:56.878,2052,205.2,43.61127,3.918552,26.96075,13.7571,73.56237,9,10,1393263715,-1.009613,-0.1237183,-0.132843,-13.11985,20.0326,-7.871635,350.6357,349.9247,25,0.4625639,0.01725116,0.01131338,0.4682069,-1.48616,0.07172424,0.4524859,-0.03905592,-0.006822762,-0.0722577,-0.07494369,-0.0772882,3
2014-02-24 18:41:56.992,2053,205.3,43.61127,3.918552,26.96075,13.7571,73.56237,9,10,1393263715,-1.028534,-0.1224976,-0.1593781,-13.88684,19.59768,-7.302441,351.6378,350.9268,25,0.4700815,-0.02584145,0.001248224,0.4765409,-1.487197,0.07239632,0.4485985,0.00752119,0.01028192,-0.03080666,-0.04418302,-0.06636005,3
2014-02-24 18:41:57.072,2054,205.4,43.61127,3.918552,26.96075,13.7571,73.56237,9,10,1393263715,-1.028534,-0.1224976,-0.1593781,-14.32512,20.14133,-7.074757,351.8801,351.1691,25,0.4663472,0.01152936,0.0008474179,0.4932873,-1.487005,0.07532509,0.4523799,0.001810799,-0.0001924279,-0.03726367,-0.03410586,-0.06144121,3
2014-02-24 18:41:57.192,2055,205.5,43.61127,3.918552,26.96075,13.7571,73.56237,9,10,1393263715,-1.031631,-0.1252289,-0.1350403,-13.94163,21.06554,-7.700882,351.018,350.307,25,0.4688476,-0.01452701,-4.713795e-05,0.5016533,-1.486517,0.0781806,0.4548783,-0.02423277,-0.001096913,-0.0009320644,-0.05492514,-0.04866152,3
2014-02-24 18:41:57.270,2056,205.6,43.61127,3.918552,26.96075,13.7571,73.56237,9,10,1393263715,-1.031631,-0.1252289,-0.1350403,-13.39377,20.41316,-7.814724,350.3064,349.5954,25,0.47508,-0.01002946,-0.01058926,0.510209,-1.486892,0.0790858,0.4648281,-0.009543813,-0.01639517,-0.03380849,-0.07016654,-0.03858704,3
2014-02-24 18:41:57.480,2057,205.7,43.61127,3.918552,26.96075,13.7571,73.56237,9,10,1393263715,-0.9923401,-0.1857758,-0.1077881,-13.94163,21.17426,-8.383923,350.064,349.353,25,0.4701079,0.01715049,-0.008555938,0.5188297,-1.488175,0.07991891,0.4611107,-0.01973515,-0.01163903,-0.03822361,-0.04539502,-0.05277628,3
2014-02-24 18:41:57.587,2058,205.8,43.61127,3.918552,26.96075,13.7571,73.56237,9,10,1393263715,-0.9989319,-0.1040955,-0.1445618,-13.33899,20.57625,-7.416275,350.4917,349.7807,25,0.4887566,-0.02591149,-0.0255533,0.5271659,-1.48704,0.08282577,0.4561359,0.007458237,-0.009614227,0.0007383352,-0.1030447,-0.02441656,3
2014-02-24 18:41:57.720,2059,205.9,43.61127,3.918552,26.96075,13.7571,73.56237,9,10,1393263715,-1.007828,-0.1059875,-0.1583099,-13.44856,20.57625,-7.07476,351.4897,350.7787,25,0.4810199,0.1000347,-0.001048487,0.535916,-1.487632,0.08372253,0.4747847,-0.03560372,-0.02661159,-0.01482031,-0.02523144,-0.05989167,3
2014-02-24 18:41:57.886,2060,206,43.61131,3.918716,26.96075,13.7571,73.56237,9,10,1393263716,-0.9993591,-0.1680756,-0.1655579,-13.06506,20.73934,-7.700882,350.1595,349.4485,25,0.4993882,0.07762262,0.01342393,0.562363,-1.488967,0.08975495,0.4844308,-0.0274001,-0.003153021,-0.004855531,-0.02852957,-0.07668708,3
2014-02-24 18:41:58.085,2061,206.1,43.61131,3.918716,26.96075,13.7571,73.56237,9,10,1393263716,-1.024872,-0.1534424,-0.1513214,-12.40764,21.39173,-7.35936,350.6122,349.9012,25,0.5081378,-0.04923359,0.01591904,0.580381,-1.488039,0.09320256,0.4830801,0.01800018,0.004592076,-0.007106903,-0.07500788,-0.08325402,3
2014-02-24 18:41:58.185,2062,206.2,43.61131,3.918716,26.96075,13.7571,73.56237,9,10,1393263716,-1.024872,-0.1534424,-0.1513214,-10.43538,21.50046,-6.220959,351.7068,350.9958,25,0.496695,0.09820779,0.03900545,0.5985128,-1.487226,0.09575238,0.4827203,0.08855019,0.03791202,-0.0162792,-0.04704829,-0.04276403,3
2014-02-24 18:41:58.403,2063,206.3,43.61131,3.918716,26.96075,13.7571,73.56237,9,10,1393263716,-1.004837,-0.1060181,-0.1543732,-9.887526,22.04411,-6.790154,349.1915,348.4805,25,0.5166948,0.03239602,0.01051203,0.6075156,-1.485687,0.09637327,0.5040677,-0.07584783,0.009222286,-0.07275732,-0.01684347,-0.1250127,3
2014-02-24 18:41:58.561,2064,206.4,43.61133,3.918879,26.46055,13.52517,76.74194,9.569268,10,1393263717,-1.004837,-0.1060181,-0.1543732,-8.846609,21.77228,-6.164032,349.5356,348.8246,25,0.5129248,0.009802563,0.02360067,0.6261998,-1.487371,0.09730276,0.4989444,0.0001580505,0.0225088,-0.01316597,-0.04974707,-0.06527419,3
2014-02-24 18:41:58.669,2065,206.5,43.61133,3.918879,26.46055,13.52517,76.74194,9.569268,10,1393263717,-0.9610901,-0.1739197,-0.1631012,-9.942308,21.22863,-4.114906,354.1125,353.4015,25,0.5093149,0.03007162,0.01046383,0.6353397,-1.48543,0.1000685,0.4953308,0.0204457,0.009360901,-0.01346301,-0.006116499,-0.06953672,3
2014-02-24 18:41:58.752,2066,206.6,43.61133,3.918879,26.46055,13.52517,76.74194,9.569268,10,1393263717,-0.9918976,-0.104248,-0.1444855,-10.27102,21.22863,-4.342583,354.0986,353.3876,25,0.5263834,-0.02284699,0.03812555,0.64479,-1.486729,0.1006783,0.5123993,-0.03247286,0.03702263,0.03033239,-0.07341135,-0.07955755,3
2014-02-24 18:41:58.872,2067,206.7,43.61133,3.918879,26.46055,13.52517,76.74194,9.569268,10,1393263717,-1.014572,-0.1168213,-0.1622009,-11.25715,21.1199,-5.139465,353.9912,353.2802,25,0.5094332,0.03448448,-0.004828045,0.6539792,-1.485811,0.1027371,0.4954472,0.0248693,-0.005937905,-0.01179253,-0.05022975,-0.04712615,3
2014-02-24 18:41:58.962,2068,206.8,43.61133,3.918879,26.46055,13.52517,76.74194,9.569268,10,1393263717,-0.9858093,-0.1864319,-0.1769714,-10.65452,21.17427,-5.879433,351.059,350.348,25,0.5214957,-0.01952257,0.03335396,0.6634377,-1.486912,0.1031935,0.5075098,-0.0291377,0.0322441,0.007936929,-0.06448526,-0.08981682,3
2014-02-24 18:41:59.071,2069,206.9,43.61133,3.918879,26.46055,13.52517,76.74194,9.569268,10,1393263717,-0.9858093,-0.1864319,-0.1769714,-11.0928,21.71792,-4.741032,353.2298,352.5188,25,0.5177558,0.01445777,0.03415957,0.6726094,-1.484727,0.1043248,0.5076935,0.02050285,0.001260467,0.006476046,-0.0173243,-0.06948796,3
2014-02-24 18:41:59.155,2070,207,43.61133,3.918879,26.46055,13.52517,76.74194,9.569268,10,1393263717,-0.9710236,-0.1337585,-0.1605835,-9.777958,21.93538,-4.057983,354.0307,353.3197,25,0.5177558,0.01445777,0.03415957,0.6821121,-1.485814,0.1046794,0.5037638,0.004858411,0.03304929,0.02302628,0.01249308,-0.08230211,3
2014-02-24 18:41:59.267,2071,207.1,43.61136,3.919041,26.6902,13.42464,76.0245,9.065578,10,1393263718,-0.9710236,-0.1337585,-0.1605835,-9.339676,21.82665,-4.399509,353.2675,352.5565,25,0.5201987,-0.01946718,0.04155277,0.6917168,-1.486951,0.1051359,0.5150404,-0.0473278,0.01607031,-0.04470553,-0.04653167,-0.1072064,3
2014-02-24 18:41:59.400,2072,207.2,43.61136,3.919041,26.6902,13.42464,76.0245,9.065578,10,1393263718,-0.9701385,-0.1307678,-0.156723,-10.05188,20.35879,-4.684113,353.2942,352.5832,25,0.5302348,0.02796772,0.01068513,0.700985,-1.485489,0.1068178,0.5062013,-0.02904851,0.0404378,0.01966108,-0.02714379,-0.07586487,3
2014-02-24 18:41:59.551,2073,207.3,43.61136,3.919041,26.6902,13.42464,76.0245,9.065578,10,1393263718,-1.018356,-0.1179657,-0.1934509,-11.75022,21.06554,-4.513348,355.0448,354.3338,25,0.5339188,-0.03991972,0.02194152,0.710673,-1.48665,0.1073472,0.5162375,0.01838643,0.009570169,0.02058743,-0.02362667,-0.07315981,3
2014-02-24 18:41:59.680,2074,207.4,43.61136,3.919041,26.6902,13.42464,76.0245,9.065578,10,1393263718,-1.012314,-0.1288147,-0.1581879,-11.31194,21.50046,-4.62719,354.4065,353.6955,25,0.5411916,-0.01937876,0.03236886,0.720062,-1.484941,0.1082944,0.5199163,-0.04948751,0.02082619,-0.03835896,-0.03359501,-0.1100954,3
2014-02-24 18:41:59.768,2075,207.5,43.61136,3.919041,26.6902,13.42464,76.0245,9.065578,10,1393263718,-1.008392,-0.1268616,-0.1513214,-11.0928,21.93538,-3.944149,355.9586,355.2476,25,0.5389745,-0.01623942,0.001816276,0.7298464,-1.487071,0.1088058,0.5271892,-0.0289465,0.03125354,-0.003337975,-0.03558909,-0.07180473,3
2014-02-24 18:41:59.867,2076,207.6,43.61136,3.919041,26.6902,13.42464,76.0245,9.065578,10,1393263718,-1.016815,-0.1058044,-0.1623077,-11.85979,21.82665,-3.374947,357.4672,356.7562,25,0.5537319,-0.009324525,0.001890312,0.7394533,-1.486542,0.1096277,0.5249682,-0.02579803,0.000701983,-0.03404994,-0.0141422,-0.07179221,3
2014-02-24 18:41:59.968,2077,207.7,43.61136,3.919041,26.6902,13.42464,76.0245,9.065578,10,1393263718,-1.011185,-0.09675598,-0.1359711,-11.25715,22.5334,-3.431866,357.5144,356.8034,25,0.5450354,0.01333072,0.00862438,0.759373,-1.489278,0.1112255,0.5310292,0.003772178,0.007510095,-0.02629463,0.005191861,-0.08138277,3
2014-02-24 18:42:00.095,2078,207.8,43.61136,3.919041,26.6902,13.42464,76.0245,9.065578,10,1393263718,-1.055328,-0.1299896,-0.1772003,-10.59974,22.31594,-3.431866,357.8126,357.1016,25,0.5489689,-0.04008351,-0.01310542,0.7690221,-1.488117,0.1129695,0.5349571,-0.04962535,-0.01422137,-0.02095321,0.01597335,-0.05391194,3
2014-02-24 18:42:00.208,2079,207.9,43.61139,3.919218,26.09651,13.96556,75.37457,9.035868,10,1393263719,-0.9804993,-0.1272583,-0.1207581,-11.03801,21.77228,-3.318027,357.7988,357.0878,25,0.5587267,-0.03992345,-0.002455435,0.7789254,-1.488715,0.1138595,0.5347281,0.01738968,0.003892125,-0.06514833,-0.01637601,-0.09574213,3
2014-02-24 18:42:00.332,2080,208,43.61139,3.919218,26.09651,13.96556,75.37457,9.035868,10,1393263719,-1.016708,-0.1078796,-0.1720428,-10.92845,22.5334,-3.887226,356.3923,355.6813,25,0.5539308,0.03236726,-0.02901541,0.7887515,-1.488712,0.1145251,0.54471,-0.04945592,-0.003567565,-0.0405507,0.002702673,-0.093655,3
2014-02-24 18:42:00.566,2081,208.1,43.61139,3.919218,26.09651,13.96556,75.37457,9.035868,10,1393263719,-1.021088,-0.1464691,-0.1415863,-12.02415,22.31594,-3.204182,357.3732,356.6622,25,0.5546997,-0.01245481,0.03477716,0.7987635,-1.4892,0.1154518,0.5399142,0.02283484,-0.03012753,-0.03832827,-0.02208781,-0.05491592,3
2014-02-24 18:42:00.671,2082,208.2,43.61139,3.919218,26.09651,13.96556,75.37457,9.035868,10,1393263719,-1.027695,-0.1565094,-0.1698456,-10.65452,23.02269,-3.374943,356.5134,355.8024,25,0.5514091,0.01882189,-0.0195223,0.8084878,-1.487139,0.1169556,0.5406762,-0.0219687,0.03366569,0.01265962,-0.01891568,-0.07669435,3
2014-02-24 18:42:00.755,2083,208.3,43.61139,3.919218,26.09651,13.96556,75.37457,9.035868,10,1393263719,-0.9512787,-0.1309662,-0.1262665,-9.887526,22.6965,-3.374947,355.9355,355.2245,25,0.5597323,-0.02610963,0.02322756,0.8185555,-1.488369,0.11788,0.5373857,0.009308035,-0.02063376,0.02473796,-0.02318564,-0.06603368,3
2014-02-24 18:42:00.877,2084,208.4,43.61139,3.919218,26.09651,13.96556,75.37457,9.035868,10,1393263719,-1.031082,-0.08773804,-0.1918793,-9.887527,22.26157,-2.691906,357.8644,357.1534,25,0.5561152,0.07454214,-0.001251153,0.8287987,-1.489507,0.1184027,0.5457089,-0.03562346,0.0221161,-0.03797515,-0.03838315,-0.08921438,3
2014-02-24 18:42:00.952,2085,208.5,43.61139,3.919218,26.09651,13.96556,75.37457,9.035868,10,1393263719,-1.015411,-0.1784363,-0.1305389,-10.32581,22.6965,-2.236542,358.1185,357.4075,25,0.5700486,-0.04913586,-0.03158429,0.8386585,-1.488323,0.1185346,0.5420858,0.06503641,-0.0023549,0.03832919,-0.01270898,-0.04446494,3
2014-02-24 18:42:01.083,2086,208.6,43.61139,3.919218,26.09651,13.96556,75.37457,9.035868,10,1393263719,-1.015411,-0.1784363,-0.1305389,-10.59973,23.07705,-2.407299,357.8433,357.1323,25,0.5645736,0.02721351,0.02509976,0.8588746,-1.488734,0.1207946,0.5505408,0.01771926,0.02399537,0.02739744,-0.02032232,-0.06053423,3
2014-02-24 18:42:01.154,2087,208.7,43.61139,3.919218,26.09651,13.96556,75.37457,9.035868,10,1393263719,-1.001099,-0.1399841,-0.1472626,-10.7093,23.18578,-1.838097,358.5227,357.8117,25,0.5550089,0.03252519,-0.01023666,0.8588746,-1.488734,0.1207946,0.5505408,0.01771926,0.02399537,0.02739744,-0.02032232,-0.06053423,3
2014-02-24 18:42:01.267,2088,208.8,43.6114,3.91939,24.06644,13.8202,88.14039,9,10,1393263720,-0.9911041,-0.1284637,-0.1803894,-10.92844,24.05563,-2.179619,357.6701,356.9591,25,0.5636756,0.0517841,-0.0197263,0.8890173,-1.487639,0.122269,0.5496332,0.04230277,-0.02081759,-0.01199395,-0.01801953,-0.06482133,3
2014-02-24 18:42:01.494,2089,208.9,43.6114,3.91939,24.06644,13.8202,88.14039,9,10,1393263720,-1.011963,-0.1457825,-0.1570892,-10.59973,23.51198,-1.382736,359.2241,358.5131,25,0.5612887,-0.02075854,-0.01786821,0.8993075,-1.489684,0.1234121,0.5472463,-0.03023983,-0.0189595,-0.001972551,-0.005364676,-0.09998203,3
2014-02-24 18:42:01.588,2090,209,43.6114,3.91939,24.06644,13.8202,88.14039,9,10,1393263720,-0.9442902,-0.1661987,-0.1493225,-10.10667,22.80523,-1.211975,358.892,358.181,25,0.5649931,0.0007664578,-0.02273514,0.9093593,-1.488979,0.1253588,0.5509484,-0.00870428,-0.02382817,-0.02312895,-0.0207517,-0.07600445,3
2014-02-24 18:42:01.783,2091,209.1,43.6114,3.91939,24.06644,13.8202,88.14039,9,10,1393263720,-0.9628906,-0.09794617,-0.1480713,-10.65452,22.58776,-0.9842911,359.4807,358.7697,25,0.567558,-0.01516457,-0.03311321,0.9296291,-1.488268,0.1276593,0.5535209,-0.02467841,-0.0341531,0.01993512,0.01743427,-0.08094029,3
2014-02-24 18:42:01.910,2092,209.2,43.6114,3.91939,24.06644,13.8202,88.14039,9,10,1393263720,-0.9628906,-0.09794617,-0.1480713,-13.01028,23.51197,-1.268894,359.8929,359.1819,25,0.5626714,0.06174273,-0.04916089,0.9399499,-1.489622,0.1291015,0.5520407,0.03555461,-0.01246591,0.022226,-0.05570503,-0.03781445,3
2014-02-24 18:42:02.079,2093,209.3,43.6114,3.91939,24.06644,13.8202,88.14039,9,10,1393263720,-1.02002,-0.1494751,-0.1415558,-10.92844,22.85959,-2.293457,357.0053,356.2943,25,0.5673028,0.04961123,-0.01145878,0.9600464,-1.48658,0.1306016,0.5694563,-0.03807355,-0.02564583,-0.05013143,-0.04912114,-0.1059301,3
2014-02-24 18:42:02.237,2094,209.4,43.6114,3.91957,30.11118,13.65944,90.07328,9,10,1393263721,-1.011642,-0.1168365,-0.1533813,-11.75022,22.6965,-1.439655,359.1022,358.3912,25,0.566346,0.05952325,-0.04675765,0.9703866,-1.488085,0.1319008,0.5532566,0.0401129,-0.01248742,-0.03209477,-0.01795642,-0.0596565,3
2014-02-24 18:42:02.409,2095,209.5,43.6114,3.91957,30.11118,13.65944,90.07328,9,10,1393263721,-1.028625,-0.1038666,-0.2053833,-11.96936,22.58776,-1.667339,359.2238,358.5128,25,0.5724111,0.003053314,-0.02737863,0.9804868,-1.487406,0.1329798,0.5522969,0.05002977,-0.04778258,-0.02391551,0.0157517,-0.07082323,3
2014-02-24 18:42:02.568,2096,209.6,43.6114,3.91957,30.11118,13.65944,90.07328,9,10,1393263721,-1.080917,-0.1650696,-0.1411438,-11.4763,22.5334,-1.496578,358.6773,357.9663,25,0.57971,-0.01492036,-0.01422874,0.990793,-1.487989,0.1344496,0.558362,-0.006440149,-0.02840355,-0.08279392,-0.03665516,-0.1136514,3
2014-02-24 18:42:02.652,2097,209.7,43.6114,3.91957,30.11118,13.65944,90.07328,9,10,1393263721,-1.031631,-0.1125488,-0.1751099,-11.31194,22.91396,-1.439655,358.6959,357.9849,25,0.5673755,0.06878519,-0.02337616,1.001049,-1.488604,0.1354155,0.565658,-0.02440795,-0.01525022,-0.05876432,0.002830418,-0.09475342,3
2014-02-24 18:42:02.775,2098,209.8,43.6114,3.91957,30.11118,13.65944,90.07328,9,10,1393263721,-1.02803,-0.1073456,-0.1331787,-11.69544,22.75086,-1.496582,358.7689,358.0579,25,0.5760564,-0.0557397,-0.01269236,1.011454,-1.489322,0.1367112,0.5533236,0.05929765,-0.02439765,-0.05300668,0.00510589,-0.0759304,3
2014-02-24 18:42:02.850,2099,209.9,43.6114,3.91957,30.11118,13.65944,90.07328,9,10,1393263721,-1.01619,-0.1327667,-0.1650391,-12.02415,22.5334,-0.6996994,1.787141,1.076139,25,0.5724976,0.01881763,-0.04043584,1.021513,-1.488831,0.1380471,0.5620012,-0.06521919,-0.01371092,-0.07140198,-0.01650473,-0.1301019,3
2014-02-24 18:42:02.954,2100,210,43.6114,3.91957,30.11118,13.65944,90.07328,9,10,1393263721,-1.03447,-0.161499,-0.1903992,-12.1885,22.80523,-1.098137,1.782375,1.071373,25,0.5673492,0.05862204,-0.0185846,1.031907,-1.491,0.1394154,0.5584425,0.009338156,-0.0414544,-0.04088419,0.03161864,-0.05424004,3
2014-02-24 18:42:03.079,2101,210.1,43.6114,3.91957,30.11118,13.65944,90.07328,9,10,1393263721,-1.010681,-0.0748291,-0.1351624,-12.95549,22.47903,-1.098133,1.788209,1.077207,25,0.5799419,-0.01854332,-0.04234586,1.042308,-1.491523,0.1408593,0.5532941,0.0491426,-0.01960316,-0.02920323,0.007627215,-0.08663312,3
2014-02-24 18:42:03.180,2102,210.2,43.61139,3.919748,33.08517,13.91232,92.43207,9,10,1393263722,-0.9846649,-0.1143646,-0.1404114,-13.99641,21.77229,-2.521137,0.9313674,0.2203651,25,0.5738273,-0.001646632,-0.0496083,1.052346,-1.490468,0.1417438,0.565882,-0.02801455,-0.0433577,-0.0476907,-0.02022936,-0.1109619,3
2014-02-24 18:42:03.295,2103,210.3,43.61139,3.919748,33.08517,13.91232,92.43207,9,10,1393263722,-0.9846649,-0.1143646,-0.1404114,-12.24329,22.09848,-2.521137,0.9561806,0.2451782,25,0.568881,0.01984801,-0.04986556,1.073043,-1.49258,0.1447689,0.5548187,0.01038022,-0.05087382,-0.04900853,0.01116134,-0.05477627,3
2014-02-24 18:42:03.529,2104,210.4,43.61139,3.919748,33.08517,13.91232,92.43207,9,10,1393263722,-1.094666,-0.1152954,-0.1982422,-12.07893,22.47903,-0.3012543,6.648422,5.93742,25,0.5714089,0.0854611,-0.06807812,1.073043,-1.49258,0.1447689,0.5548187,0.01038022,-0.05087382,-0.04900853,0.01116134,-0.05477627,3
2014-02-24 18:42:03.642,2105,210.5,43.61139,3.919748,33.08517,13.91232,92.43207,9,10,1393263722,-1.094666,-0.1152954,-0.1982422,-13.06507,23.13142,-1.781178,3.527811,2.816808,25,0.5615917,0.06271797,-0.06795055,1.093227,-1.491031,0.1485148,0.5475249,0.05326023,-0.06895352,-0.03681191,0.0001270017,-0.1203391,3
2014-02-24 18:42:03.746,2106,210.6,43.61139,3.919748,33.08517,13.91232,92.43207,9,10,1393263722,-1.002045,-0.1946564,-0.1244202,-12.24329,22.5334,-1.382732,3.920693,3.20969,25,0.5727597,-0.03577691,-0.06453585,1.103493,-1.492648,0.150032,0.558693,-0.04523462,-0.06553882,-0.108917,0.03417433,-0.1210503,3
2014-02-24 18:42:03.835,2107,210.7,43.61139,3.919748,33.08517,13.91232,92.43207,9,10,1393263722,-1.051712,-0.1424103,-0.2248535,-13.11985,23.18578,-1.610416,3.754938,3.043936,25,0.5499084,0.0971886,0.001987251,1.113656,-1.494379,0.1515851,0.5358418,0.08773093,0.0009842872,-0.01639666,-0.04365109,-0.04895233,3
2014-02-24 18:42:03.962,2108,210.8,43.61139,3.919748,33.08517,13.91232,92.43207,9,10,1393263722,-1.026505,-0.1059723,-0.2141113,-13.01028,23.72943,-2.293457,2.265188,1.554186,25,0.5652876,-0.03235048,-0.05408294,1.123398,-1.492617,0.1526893,0.5512162,-0.0417988,-0.05507948,-0.06636535,0.009686394,-0.1476622,3
2014-02-24 18:42:04.061,2109,210.9,43.61139,3.919748,33.08517,13.91232,92.43207,9,10,1393263722,-1.020187,-0.1834717,-0.1520386,-12.02415,22.85959,-2.521137,1.457093,0.7460911,25,0.5547839,0.03840518,0.01668497,1.133559,-1.494051,0.1534055,0.5407124,0.02895689,0.01568844,0.006725127,-0.03783883,-0.1108305,3
2014-02-24 18:42:04.147,2110,211,43.61139,3.919748,33.08517,13.91232,92.43207,9,10,1393263722,-0.9792023,-0.1676025,-0.1779938,-12.13371,22.5334,-2.634979,1.146973,0.4359702,25,0.5575911,-0.0728553,-0.009183378,1.143802,-1.496547,0.1547298,0.5435197,-0.08230355,-0.01017991,-0.004216847,-0.04127569,-0.1153491,3
2014-02-24 18:42:04.277,2111,211.1,43.61139,3.919748,33.08517,13.91232,92.43207,9,10,1393263722,-0.9792023,-0.1676025,-0.1779938,-12.62678,23.02268,-1.895016,2.841629,2.130627,25,0.5299877,0.003303918,0.04494377,1.153714,-1.496629,0.1554197,0.5384436,0.008380199,-0.00524669,-0.04182321,0.05622295,-0.08537798,3
2014-02-24 18:42:04.472,2112,211.2,43.61138,3.919916,33.83305,13.39683,93.22364,9,10,1393263723,-0.960022,-0.1837616,-0.1435242,-11.91458,23.40324,-1.268894,4.056884,3.345881,25,0.5299877,0.003303918,0.04494377,1.163592,-1.497548,0.1560817,0.5159138,-0.006135077,0.04394855,0.005992786,-0.01215379,-0.1057,3
2014-02-24 18:42:04.578,2113,211.3,43.61138,3.919916,33.83305,13.39683,93.22364,9,10,1393263723,-0.960022,-0.1837616,-0.1435242,-12.35286,23.29451,-1.951939,2.743529,2.032527,25,0.5335361,0.08611172,0.05003547,1.173276,-1.49755,0.1553106,0.5347764,-0.09242108,0.006269151,-0.0377568,0.02776431,-0.1328543,3
2014-02-24 18:42:04.686,2114,211.4,43.61138,3.919916,33.83305,13.39683,93.22364,9,10,1393263723,-1.022491,-0.2036438,-0.1879883,-12.46243,21.77228,-0.6996994,5.612692,4.90169,25,0.5596575,-0.1177328,0.04641011,1.183273,-1.498204,0.1554632,0.5194559,0.07668303,0.04904991,0.02531603,-0.02892391,-0.0718701,3
2014-02-24 18:42:04.771,2115,211.5,43.61138,3.919916,33.83305,13.39683,93.22364,9,10,1393263723,-0.9962616,-0.1262665,-0.1677856,-12.1885,22.15284,-2.008862,1.886237,1.175234,25,0.5373284,0.01472195,0.04842239,1.19332,-1.500784,0.1554082,0.5455773,-0.1271614,0.04542455,-0.007422325,0.0388471,-0.175746,3
2014-02-24 18:42:04.897,2116,211.6,43.61138,3.919916,33.83305,13.39683,93.22364,9,10,1393263723,-0.9605865,-0.1080322,-0.1567688,-13.01028,22.64213,-1.610416,3.318933,2.607931,25,0.5486748,-0.1065877,0.03329165,1.20307,-1.500911,0.1560763,0.5232449,0.005306826,0.04743826,0.0192775,0.02171535,-0.07303414,3
2014-02-24 18:42:04.987,2117,211.7,43.61138,3.919916,33.83305,13.39683,93.22364,9,10,1393263723,-1.000107,-0.04338074,-0.1684265,-12.02415,22.09847,-1.610416,2.501757,1.790755,25,0.5236124,0.02385074,0.06931729,1.213093,-1.503181,0.1559154,0.5345914,-0.1160028,0.03230752,-0.06286468,-0.001041822,-0.1423778,3
2014-02-24 18:42:05.182,2118,211.8,43.61138,3.919916,33.83305,13.39683,93.22364,9,10,1393263723,-0.9822693,-0.09136963,-0.1269073,-13.22942,22.96832,-1.155052,4.473111,3.762109,25,0.5373676,0.005627792,0.04499224,1.232417,-1.505346,0.1538983,0.5295323,-0.1351503,0.05122861,-0.0140416,0.1099108,-0.1037959,3
2014-02-24 18:42:05.284,2119,211.9,43.61138,3.919916,33.83305,13.39683,93.22364,9,10,1393263723,-0.9501648,-0.05491638,-0.09463501,-13.28421,22.58776,-2.008858,2.814968,2.103965,25,0.5336695,-0.07929855,0.05868968,1.242077,-1.50589,0.1511486,0.5232708,-0.003778932,0.04403378,-0.04422933,0.07229612,-0.06051268,3
2014-02-24 18:42:05.550,2120,212,43.61137,3.920088,34.54571,13.80321,92.83093,9.038283,10,1393263724,-1.013763,-0.03564453,-0.1091461,-13.11985,23.9469,-1.951942,2.183804,1.472802,25,0.5240028,-0.05124588,0.03251453,1.251929,-1.508574,0.1510304,0.5195728,-0.08870523,0.05773122,0.004434162,0.05908724,-0.06543348,3
2014-02-24 18:42:05.634,2121,212.1,43.61137,3.920088,34.54571,13.80321,92.83093,9.038283,10,1393263724,-1.013763,-0.03564453,-0.1091461,-12.68157,23.18578,-2.179619,0.8969393,0.1859369,25,0.5200512,-0.06460536,0.06662723,1.271168,-1.512245,0.1474525,0.505949,-0.07401571,0.06568272,0.02569204,0.07422592,-0.04357282,3
2014-02-24 18:42:05.764,2122,212.2,43.61137,3.920088,34.54571,13.80321,92.83093,9.038283,10,1393263724,-0.9774475,-0.05610657,-0.06565857,-11.91458,22.75086,-1.8381,1.308024,0.5970221,25,0.5067082,-0.06602962,0.04305053,1.289961,-1.516746,0.146673,0.492606,-0.07543991,0.04210603,-0.02405326,0.1164388,-0.05573222,3
2014-02-24 18:42:05.962,2123,212.3,43.61137,3.920088,34.54571,13.80321,92.83093,9.038283,10,1393263724,-0.9876099,0.003753662,-0.09646606,-12.73635,22.69649,-0.8704529,3.375962,2.66496,25,0.4990721,-0.002444249,0.06464584,1.299161,-1.518761,0.1463288,0.4849701,-0.0118545,0.06370135,0.01052646,0.08970056,-0.01420251,3
2014-02-24 18:42:06.059,2124,212.4,43.61137,3.920088,34.54571,13.80321,92.83093,9.038283,10,1393263724,-1.033569,-0.01593018,-0.06367493,-13.22942,23.07705,-0.8135376,3.417756,2.706754,25,0.4871382,-0.06856042,0.02881008,1.308091,-1.520858,0.1461362,0.4730362,-0.07797062,0.02786558,0.0004978749,0.1493703,-0.04708087,3
2014-02-24 18:42:06.138,2125,212.5,43.61137,3.920088,34.54571,13.80321,92.83093,9.038283,10,1393263724,-1.037476,-0.01104736,-0.09301758,-13.6677,23.07705,-1.041222,3.397766,2.686763,25,0.4710346,0.0004759069,0.03150094,1.316895,-1.522745,0.1457295,0.4569326,-0.008934278,0.03055644,0.003532265,0.1002771,-0.01636457,3
2014-02-24 18:42:06.264,2126,212.6,43.61137,3.920088,34.54571,13.80321,92.83093,9.038283,10,1393263724,-1.010086,-0.06855774,-0.09715271,-13.01028,23.29451,-1.496578,3.38801,2.677007,25,0.4562229,-0.008649681,0.03848667,1.325067,-1.521916,0.1377209,0.4421081,-0.01807614,0.0375801,-0.007615139,0.1532772,-0.04143025,3
2014-02-24 18:42:06.414,2127,212.7,43.61137,3.920088,34.54571,13.80321,92.83093,9.038283,10,1393263724,-1.027649,0.03866577,-0.07865906,-12.51721,22.3703,-2.35038,0.402317,359.6913,25,0.456641,-0.01698245,-0.01187157,1.333409,-1.523283,0.1377263,0.4425263,-0.02640886,-0.01277814,-0.01478331,0.1672443,-0.05956744,3
2014-02-24 18:42:06.572,2128,212.8,43.61137,3.920252,34.78723,13.21978,91.8895,9.140529,10,1393263725,-1.027649,0.03866577,-0.07865906,-11.96936,22.3703,-3.033421,358.9044,358.1934,25,0.4418115,-0.002317216,-0.006291718,1.341521,-1.524017,0.131715,0.4409231,-0.05664079,0.03679872,-0.06907254,0.1517508,-0.03933618,3
2014-02-24 18:42:06.668,2129,212.9,43.61137,3.920252,34.78723,13.21978,91.8895,9.140529,10,1393263725,-1.057037,0.01228333,-0.1002502,-11.4763,22.20721,-2.634979,359.8419,359.1309,25,0.4420301,-0.06026574,-0.02449389,1.349588,-1.525545,0.1322301,0.4276881,-0.01175638,-0.007171401,-0.03739332,0.1705108,-0.03381809,3
2014-02-24 18:42:06.795,2130,213,43.61137,3.920252,34.78723,13.21978,91.8895,9.140529,10,1393263725,-1.065659,-0.009399414,-0.08946228,-10.59973,21.1199,-1.041214,3.954496,3.243494,25,0.4330505,0.01926957,0.00866353,1.357641,-1.5274,0.1325052,0.4279068,-0.06970487,-0.02537357,-0.06673657,0.1444011,-0.05724736,3
2014-02-24 18:42:06.870,2131,213.1,43.61137,3.920252,34.78723,13.21978,91.8895,9.140529,10,1393263725,-1.012878,-0.03843689,-0.07789612,-11.0928,21.82665,-0.6427727,4.741435,4.030432,25,0.4334359,-0.01846423,-0.03319577,1.365378,-1.527144,0.1265034,0.4189175,0.009816638,0.007814392,-0.07459446,0.1167669,-0.04617254,3
2014-02-24 18:42:06.969,2132,213.2,43.61137,3.920252,34.78723,13.21978,91.8895,9.140529,10,1393263725,-1.007278,-0.009872437,-0.1112366,-11.36673,21.88102,-1.15506,4.008851,3.297848,25,0.4335749,-0.007279485,-0.05207332,1.373207,-1.528723,0.1273888,0.4193029,-0.02791713,-0.03404491,-0.02118781,0.1513518,-0.04737566,3
2014-02-24 18:42:07.069,2133,213.3,43.61137,3.920252,34.78723,13.21978,91.8895,9.140529,10,1393263725,-1.050461,0.01646423,-0.05142212,-10.65452,22.15284,-1.211979,3.601781,2.890778,25,0.4431069,-0.06689807,-0.004475975,1.38075,-1.527523,0.1225471,0.4194335,-0.01673998,-0.05289524,-0.06540494,0.1315026,-0.05827599,3
2014-02-24 18:42:07.192,2134,213.4,43.61137,3.920252,34.78723,13.21978,91.8895,9.140529,10,1393263725,-0.9943237,-0.04423523,-0.1313019,-10.54495,21.60919,-2.35038,1.340001,0.6289985,25,0.4138544,0.08769257,-0.0625747,1.396249,-1.530676,0.1242682,0.3997131,0.07823212,-0.06339662,-0.0589707,0.1404129,-0.01162149,3
2014-02-24 18:42:07.288,2135,213.5,43.61137,3.920252,34.78723,13.21978,91.8895,9.140529,10,1393263725,-1.001205,-0.04516602,-0.006546021,-10.87366,21.39173,-2.350376,1.334389,0.6233871,25,0.4234655,-0.08181231,-0.008038219,1.403662,-1.529981,0.1166185,0.4093133,-0.09129313,-0.008824077,-0.001943139,0.07211915,-0.09077509,3
2014-02-24 18:42:07.486,2136,213.6,43.61137,3.920408,35.53065,12.70612,92.50546,9.2733,10,1393263726,-1.010391,-0.01361084,-0.08683777,-10.49016,21.1199,-2.521141,0.4437294,359.7327,25,0.4308531,-0.09421226,-0.006673349,1.411403,-1.533894,0.1172367,0.4167009,-0.103693,-0.007459204,-0.008745944,0.07180234,0.03009471,3
2014-02-24 18:42:07.610,2137,213.7,43.61137,3.920408,35.53065,12.70612,92.50546,9.2733,10,1393263726,-1.000534,-0.03610229,-0.131424,-12.95549,22.04411,-1.553497,4.371353,3.660351,25,0.3880119,0.09881579,-0.06410468,1.418703,-1.53463,0.1134825,0.3738545,0.08931585,-0.06487452,-0.0174732,0.09962824,-0.0509116,3
2014-02-24 18:42:07.804,2138,213.8,43.61137,3.920408,35.53065,12.70612,92.50546,9.2733,10,1393263726,-0.980545,-0.04325867,-0.09310913,-12.90071,21.77229,-1.155056,4.259633,3.548631,25,0.3864915,-0.09449162,0.001115066,1.432599,-1.535656,0.1102976,0.3723421,-0.1040417,0.0003891245,0.01514511,0.0927401,-0.05150621,3
2014-02-24 18:42:07.932,2139,213.9,43.61137,3.920408,35.53065,12.70612,92.50546,9.2733,10,1393263726,-0.980545,-0.04325867,-0.09310913,-13.55813,21.33736,-0.6996956,5.762233,5.051231,25,0.3492789,-0.03222239,0.02830408,1.439132,-1.535553,0.1106796,0.3391573,0.09490608,-0.03471826,-0.005515225,0.09998626,0.003877427,3
2014-02-24 18:42:08.030,2140,214,43.61137,3.920408,35.53065,12.70612,92.50546,9.2733,10,1393263726,-1.023026,0.01554871,-0.09303284,-14.4347,20.68498,-1.610416,4.481062,3.77006,25,0.3492789,-0.03222239,0.02830408,1.445392,-1.535828,0.11072,0.3351296,-0.04177238,0.02757814,0.01272417,0.06723521,-0.05836193,3
2014-02-24 18:42:08.185,2141,214.1,43.61137,3.920408,35.53065,12.70612,92.50546,9.2733,10,1393263726,-0.9681702,-0.06436157,-0.07525635,-15.03733,22.15284,-2.008862,4.04247,3.331467,25,0.3230816,-0.05924255,0.07641355,1.457234,-1.53355,0.1065457,0.3167599,0.09271238,-0.004387265,-0.02938577,0.121893,-0.05600628,3
2014-02-24 18:42:08.317,2142,214.2,43.61137,3.920408,35.53065,12.70612,92.50546,9.2733,10,1393263726,-0.9591522,0.01063538,-0.02400208,-14.21555,21.66355,-2.634979,3.921752,3.21075,25,0.3136301,0.01274962,0.01696487,1.462673,-1.530984,0.1022444,0.3089219,-0.06878326,0.07573667,0.02581918,0.03770476,-0.03566279,3
2014-02-24 18:42:08.536,2143,214.3,43.61137,3.920408,35.53065,12.70612,92.50546,9.2733,10,1393263726,-0.9716339,0.01519775,-0.1207428,-13.28421,21.82665,-2.919579,1.995295,1.284293,25,0.2983662,0.1161394,0.06273396,1.468355,-1.532001,0.1018456,0.2994705,0.003208936,0.01628799,-0.01487197,0.146149,-0.008687438,3
2014-02-24 18:42:08.665,2144,214.4,43.61137,3.920577,37.093,12.88299,92.36726,9.278769,10,1393263727,-1.005264,0.02812195,-0.08905029,-12.95549,22.15284,-3.261101,1.746101,1.035098,25,0.2911429,0.01064492,0.05900127,1.473536,-1.527953,0.09578411,0.2841996,0.1065953,0.06208393,0.0576589,0.119182,-0.0553425,3
2014-02-24 18:42:08.777,2145,214.5,43.61137,3.920577,37.093,12.88299,92.36726,9.278769,10,1393263727,-0.9864044,-0.02766418,-0.02502441,-13.6677,21.33736,-2.862663,3.454669,2.743666,25,0.2850605,-0.03362081,0.05702867,1.478837,-1.527887,0.09535441,0.2769763,0.00110085,0.05835124,0.03818106,0.04935731,-0.05692322,3
2014-02-24 18:42:08.855,2146,214.6,43.61137,3.920577,37.093,12.88299,92.36726,9.278769,10,1393263727,-0.9798126,0.02720642,-0.1375122,-13.94163,20.95681,-2.35038,5.363795,4.652792,25,0.2637344,0.1318957,0.08218995,1.483966,-1.528767,0.09424597,0.270894,-0.04316486,0.05637865,-0.01058131,0.1222285,-0.04722023,3
2014-02-24 18:42:08.978,2147,214.7,43.61137,3.920577,37.093,12.88299,92.36726,9.278769,10,1393263727,-1.036514,0.06800842,-0.05264282,-15.25647,21.82665,-1.439655,6.727514,6.016512,25,0.2664258,0.03886111,0.06787359,1.488831,-1.527671,0.08760826,0.2495608,0.1223406,0.08156223,0.008834247,0.05983204,0.01792214,3
2014-02-24 18:42:09.085,2148,214.8,43.61137,3.920577,37.093,12.88299,92.36726,9.278769,10,1393263727,-0.9980774,0.06585693,-0.09020996,-14.92776,22.15285,-1.781181,6.059646,5.348644,25,0.268909,-0.06302637,0.08062267,1.493536,-1.526144,0.08678898,0.2522523,0.02930608,0.06724588,0.01543058,0.1138865,-0.09304284,3
2014-02-24 18:42:09.178,2149,214.9,43.61137,3.920577,37.093,12.88299,92.36726,9.278769,10,1393263727,-0.9277802,0.02622986,-0.1105804,-14.48948,21.50046,-2.805744,4.35611,3.645107,25,0.2526099,0.08544513,0.09544077,1.498003,-1.523408,0.08172482,0.2547319,-0.07257199,0.08001954,0.006468823,0.07511837,-0.09405367,3
2014-02-24 18:42:09.281,2150,215,43.61137,3.920577,37.093,12.88299,92.36726,9.278769,10,1393263727,-0.9277802,0.02622986,-0.1105804,-13.94163,21.283,-2.80574,3.841176,3.130173,25,0.2418004,0.04547933,0.06874524,1.50674,-1.52029,0.07470763,0.2276178,0.03593201,0.06816514,0.05404452,0.1002882,-0.04866993,3
2014-02-24 18:42:09.412,2151,215.1,43.61137,3.920577,37.093,12.88299,92.36726,9.278769,10,1393263727,-0.9983978,0.06620789,-0.04438782,-14.48948,21.71792,-2.691902,4.381025,3.670023,25,0.2441248,-0.05059287,0.1002062,1.511179,-1.520824,0.07307073,0.2299422,-0.06014018,0.09962612,0.06830636,0.09923557,-0.06076236,3
2014-02-24 18:42:09.587,2152,215.2,43.61137,3.920753,36.34842,12.88299,92.32652,9.14156,10,1393263728,-1.031235,0.06466675,-0.2212982,-13.33899,20.14133,-1.041218,7.202573,6.491571,25,0.230466,0.139608,0.08648749,1.515434,-1.520668,0.07178502,0.2162834,0.1300607,0.08590739,-0.002226215,0.1379313,0.005590933,3
2014-02-24 18:42:09.787,2153,215.3,43.61137,3.920753,36.34842,12.88299,92.32652,9.14156,10,1393263728,-1.076843,0.135437,0.04391479,-15.85911,21.1199,-1.838097,7.174266,6.463264,25,0.2507744,-0.2185752,0.0643702,1.523805,-1.520883,0.06397689,0.2365837,-0.2281375,0.06381063,-0.04941603,0.2156209,-0.04844512,3
2014-02-24 18:42:09.982,2154,215.4,43.61137,3.920753,36.34842,12.88299,92.32652,9.14156,10,1393263728,-1.058136,0.1645508,-0.2847595,-15.20168,21.22863,-3.773388,2.669214,1.958212,25,0.1945213,0.2968636,-0.05733813,1.531745,-1.520872,0.06391685,0.1803306,0.2873014,-0.05789769,-0.07956407,0.2358246,0.03980689,3
2014-02-24 18:42:10.113,2155,215.5,43.61137,3.920753,36.34842,12.88299,92.32652,9.14156,10,1393263728,-1.058136,0.1645508,-0.2847595,-14.65383,20.90244,-2.521137,4.890385,4.179382,25,0.2155903,-0.288394,0.01309689,1.535007,-1.517478,0.06500763,0.1926635,0.05643016,-0.02619835,-0.1084803,0.1609091,-0.2082025,3
2014-02-24 18:42:10.314,2156,215.6,43.61137,3.920753,36.34842,12.88299,92.32652,9.14156,10,1393263728,-1.085373,0.130188,-0.1570435,-14.65383,21.44609,-2.407303,5.97738,5.266377,25,0.1640912,0.2487558,-0.09118131,1.542139,-1.524623,0.06612964,0.1783215,0.01062013,-0.07164013,-0.08737096,0.2165636,0.07709283,3
2014-02-24 18:42:10.541,2157,215.7,43.61136,3.920949,37.49991,14.23465,92.47543,9,10,1393263729,-1.052139,0.0532074,-0.2146149,-13.72249,21.60919,-3.261101,3.164737,2.453735,25,0.1861451,-0.1562562,-0.01780323,1.544958,-1.520707,0.06775736,0.1499008,0.2391937,-0.09174087,-0.08891889,0.1978935,-0.1070903,3
2014-02-24 18:42:10.678,2158,215.8,43.61136,3.920949,37.49991,14.23465,92.47543,9,10,1393263729,-1.061798,0.07554626,-0.05200195,-13.94163,21.50046,-2.919579,3.890835,3.179832,25,0.16652,-0.1191115,-0.03125832,1.547937,-1.521357,0.06893333,0.1719547,-0.1658182,-0.01836279,-0.02013446,0.1559912,-0.1944116,3
2014-02-24 18:42:10.777,2159,215.9,43.61136,3.920949,37.49991,14.23465,92.47543,9,10,1393263729,-1.051285,0.04458618,-0.1638184,-13.94163,21.17426,-3.033421,3.403547,2.692545,25,0.1566157,0.0903014,-0.05568616,1.550948,-1.524861,0.06945126,0.1523297,-0.1286735,-0.03181788,-0.1100305,0.148436,-0.07598694,3
2014-02-24 18:42:10.863,2160,216,43.61136,3.920949,37.49991,14.23465,92.47543,9,10,1393263729,-1.059937,0.01515198,-0.1246948,-13.99641,21.44609,-3.204185,2.150369,1.439367,25,0.1506247,-0.04122174,-0.05563344,1.556056,-1.524269,0.07151829,0.1364345,-0.05078366,-0.05619298,-0.02557789,0.1151433,-0.1492876,3
2014-02-24 18:42:10.972,2161,216.1,43.61136,3.920949,37.49991,14.23465,92.47543,9,10,1393263729,-0.989212,0.05999756,-0.04519653,-14.0512,21.06554,-3.033421,2.364402,1.6534,25,0.1615759,-0.1655418,-0.02146774,1.558806,-1.527613,0.07214617,0.1473857,-0.1751037,-0.02202729,-0.06346778,0.08723558,-0.08163681,3
2014-02-24 18:42:11.086,2162,216.2,43.61136,3.920949,37.49991,14.23465,92.47543,9,10,1393263729,-1.023407,0.003219604,-0.1436768,-13.88684,20.90244,-2.521137,3.972374,3.261372,25,0.1407033,0.06745467,-0.06265486,1.56118,-1.528252,0.0733057,0.1265132,0.05789283,-0.06321441,0.007199842,0.1332376,-0.002778818,3
2014-02-24 18:42:11.167,2163,216.3,43.61136,3.920949,37.49991,14.23465,92.47543,9,10,1393263729,-1.002274,-0.003143311,-0.1307068,-15.63997,20.25006,-1.724258,6.508636,5.797634,25,0.1433042,-0.02096254,-0.06645919,1.563672,-1.528127,0.07466322,0.1291141,-0.03052435,-0.06701873,-0.02710064,0.07781348,-0.1011394,3
2014-02-24 18:42:11.269,2164,216.4,43.61136,3.920949,37.49991,14.23465,92.47543,9,10,1393263729,-0.9790649,-0.03106689,-0.05805969,-15.42083,20.79371,-2.293461,5.484108,4.773106,25,0.1371073,-0.04813584,-0.05686888,1.565932,-1.529065,0.07582089,0.1229172,-0.05769762,-0.05742842,0.001858839,0.08136349,-0.09397531,3
2014-02-24 18:42:11.505,2165,216.5,43.61136,3.920949,37.49991,14.23465,92.47543,9,10,1393263729,-0.9616089,-0.02113342,-0.1466827,-15.31125,20.57625,-2.748825,5.023559,4.312556,25,0.1432469,-0.07864182,-0.05064667,1.5683,-1.531232,0.07691722,0.129057,-0.08820356,-0.05120621,0.02783352,0.06838803,-0.03234041,3
2014-02-24 18:42:11.632,2166,216.6,43.61135,3.921148,38.12386,14.13636,91.52287,9,10,1393263730,-0.9616089,-0.02113342,-0.1466827,-15.1469,20.08696,-3.602619,2.338182,1.62718,25,0.1392125,-0.07720291,-0.008467254,1.570514,-1.530751,0.07795569,0.1191245,0.06350239,-0.0633401,0.05158366,0.09254045,-0.06978288,3
2014-02-24 18:42:11.812,2167,216.7,43.61135,3.921148,38.12386,14.13636,91.52287,9,10,1393263730,-0.9767609,-0.02166748,-0.1302795,-14.70862,19.65204,-4.285667,0.749723,0.03872062,25,0.1316409,0.004432033,0.002393916,1.575024,-1.532544,0.07913223,0.1140076,0.01044828,-0.03119734,0.03756905,0.08030089,-0.0394525,3
2014-02-24 18:42:11.997,2168,216.8,43.61135,3.921148,38.12386,14.13636,91.52287,9,10,1393263730,-0.9689484,-0.02355957,-0.09312439,-15.36604,20.19569,-2.805744,4.191438,3.480435,25,0.1304214,-0.07936007,0.01375816,1.578945,-1.527525,0.07589214,0.1073209,0.02791849,0.03193935,0.06244185,0.05338889,-0.06126687,3
2014-02-24 18:42:12.111,2169,216.9,43.61135,3.921148,38.12386,14.13636,91.52287,9,10,1393263730,-0.9904327,0.03582764,-0.08113098,-14.59905,22.15284,-3.147263,3.417572,2.70657,25,0.1165423,0.04652889,0.03703099,1.581057,-1.528093,0.07549819,0.1162298,-0.08890501,0.01322266,0.007564343,0.09974899,-0.1086766,3
2014-02-24 18:42:12.286,2170,217,43.61135,3.921148,38.12386,14.13636,91.52287,9,10,1393263730,-1.011108,0.02804565,-0.1183624,-13.99641,21.22863,-3.659546,0.4301491,359.7191,25,0.1166467,-0.06904245,0.04167927,1.584841,-1.524932,0.07170069,0.0998488,0.05399041,0.03866913,0.01673695,0.08796618,-0.08193976,3
2014-02-24 18:42:12.515,2171,217.1,43.61136,3.921351,40.06505,14.4811,90.77072,9,10,1393263731,-0.9707184,0.02305603,-0.1324921,-13.77727,22.09848,-3.318027,0.9107094,0.199707,25,0.1040849,0.10545,0.04689427,1.586478,-1.520689,0.0683438,0.1024518,-0.07856023,0.0411839,-0.02935877,0.04752339,-0.1082037,3
2014-02-24 18:42:12.697,2172,217.2,43.61136,3.921351,40.06505,14.4811,90.77072,9,10,1393263731,-0.9866791,0.01452637,-0.1218872,-13.33899,21.88102,-3.431866,0.8928492,0.1818469,25,0.1053834,0.02954538,0.04999392,1.589851,-1.516325,0.06229398,0.1012027,-0.09099853,0.04484032,0.02586167,0.08530974,-0.07815363,3
2014-02-24 18:42:12.916,2173,217.3,43.61136,3.921351,40.06505,14.4811,90.77072,9,10,1393263731,-1.015411,0.03623962,-0.1009216,-14.32512,21.44609,-3.204182,1.405366,0.6943636,25,0.1020382,-0.03987631,0.01779231,1.59495,-1.514245,0.05632168,0.08783497,-0.04937569,0.01734639,-0.03458429,0.1455253,-0.07822738,3
2014-02-24 18:42:13.097,2174,217.4,43.61136,3.921351,40.06505,14.4811,90.77072,9,10,1393263731,-1.042679,0.1013947,-0.1426697,-13.01028,21.22863,-4.570267,357.2541,356.5431,25,0.09939476,0.003300988,0.03376888,1.598089,-1.513376,0.04958114,0.08518412,-0.006198566,0.03334945,0.02042519,0.1068728,-0.04624284,3
2014-02-24 18:42:13.228,2175,217.5,43.61136,3.921351,40.06505,14.4811,90.77072,9,10,1393263731,-1.020248,0.02937317,-0.1028748,-13.33899,21.77228,-4.00106,358.53,357.819,25,0.101035,-0.05595674,-0.00786831,1.599722,-1.513964,0.04928368,0.08682443,-0.06545626,-0.008287744,-0.0455056,0.1506584,-0.08593676,3
2014-02-24 18:42:13.407,2176,217.6,43.61136,3.921546,40.60175,14.92031,90.29394,9,10,1393263732,-0.9821625,0.03053284,-0.09855652,-13.50335,20.95681,-3.261105,359.6742,358.9632,25,0.09816945,-0.02614745,0.03756389,1.601355,-1.515169,0.04900572,0.08395889,-0.03564694,0.03714445,0.02191274,0.09712759,-0.06841567,3
2014-02-24 18:42:13.580,2177,217.7,43.61136,3.921546,40.60175,14.92031,90.29394,9,10,1393263732,-0.9703369,0.0460968,-0.1160736,-14.10599,21.22863,-2.748821,0.9296913,0.218689,25,0.09490441,-0.06621365,-0.009000153,1.602773,-1.514191,0.04526662,0.08068945,-0.07571054,-0.009400482,-0.03729236,0.1406644,-0.06164661,3
2014-02-24 18:42:13.667,2178,217.8,43.61136,3.921546,40.60175,14.92031,90.29394,9,10,1393263732,-1.038544,0.08851624,-0.1181641,-13.88684,21.98974,-2.293457,2.76486,2.053858,25,0.09725279,-0.0264633,-0.001154214,1.604365,-1.515109,0.04498363,0.08304722,-0.03600506,-0.001557768,-0.04711584,0.1316536,-0.05871642,3
2014-02-24 18:42:13.770,2179,217.9,43.61136,3.921546,40.60175,14.92031,90.29394,9,10,1393263732,-1.038544,0.08851624,-0.1181641,-13.6677,21.98974,-2.293457,2.579362,1.86836,25,0.09748022,-0.1002691,-0.018028,1.60581,-1.513366,0.04060674,0.09019672,-0.04364359,0.0279349,-0.01150485,0.06076771,-0.04338717,3
2014-02-24 18:42:13.866,2180,218,43.61136,3.921546,40.60175,14.92031,90.29394,9,10,1393263732,-0.9895782,0.03790283,-0.06552124,-13.50334,21.50046,-2.57806,1.486356,0.7753539,25,0.09601708,-0.02193965,-0.00121014,1.607349,-1.514874,0.04062233,0.08327041,-0.1098055,-0.01840969,-0.04093064,0.1291274,-0.06231688,3
2014-02-24 18:42:13.970,2181,218.1,43.61136,3.921546,40.60175,14.92031,90.29394,9,10,1393263732,-0.932373,0.01812744,-0.146637,-12.90071,21.22863,-3.773384,358.881,358.17,25,0.07996967,-0.05937092,0.01073174,1.608786,-1.515786,0.03664651,0.08180186,-0.03148057,-0.001577921,0.008238692,0.07454114,-0.01057589,3
2014-02-24 18:42:14.076,2182,218.2,43.61136,3.921546,40.60175,14.92031,90.29394,9,10,1393263732,-1.036499,0.07383728,-0.07316589,-13.77727,21.66356,-3.545708,359.8629,359.1519,25,0.08506349,0.04691238,-0.02662229,1.610198,-1.517081,0.03688962,0.0657545,-0.06891181,0.01036396,-0.01635814,0.1051491,-0.02895795,3
2014-02-24 18:42:14.162,2183,218.3,43.61136,3.921546,40.60175,14.92031,90.29394,9,10,1393263732,-1.036499,0.07383728,-0.07316589,-13.44856,21.66356,-4.228752,358.3088,357.5978,25,0.08852188,-0.1962233,0.03913116,1.612654,-1.514039,0.03463532,0.07430745,-0.2057475,0.03878295,0.008884095,0.02306224,-0.09232444,3
2014-02-24 18:42:14.263,2184,218.4,43.61136,3.921546,40.60175,14.92031,90.29394,9,10,1393263732,-0.9851837,0.008178711,-0.1686401,-12.95549,21.39173,-3.147266,0.2144203,359.5034,25,0.1062958,-0.09473956,-0.0438058,1.612654,-1.514039,0.03463532,0.07430745,-0.2057475,0.03878295,0.008884095,0.02306224,-0.09232444,3
2014-02-24 18:42:14.499,2185,218.5,43.61136,3.921546,40.60175,14.92031,90.29394,9,10,1393263732,-1.01268,0.0209198,-0.01107788,-13.61292,21.82665,-2.1227,3.025307,2.314305,25,0.105838,-0.1508955,0.02125842,1.617213,-1.521998,0.03197828,0.09161311,-0.1604468,0.02091193,0.01311525,0.04015154,-0.1198865,3
2014-02-24 18:42:14.697,2186,218.6,43.61137,3.921733,41.3673,15.00619,90.14427,9,5,1393263733,-1.043671,0.002883911,-0.1156464,-13.72248,21.50046,-3.602619,1.612279,0.901277,25,0.09823229,0.09265697,0.01177011,1.625072,-1.521093,0.0333142,0.08529317,0.1011743,0.001874593,-0.03573995,0.01972772,0.0317874,3
2014-02-24 18:42:14.887,2187,218.7,43.61137,3.921733,41.3673,15.00619,90.14427,9,5,1393263733,-0.991745,0.01373291,-0.1082764,-13.94163,21.60919,-3.488785,1.564229,0.8532266,25,0.08820976,0.09954789,0.03272226,1.628039,-1.518027,0.03341005,0.08415876,0.009374399,0.003932686,-0.04561992,0.03628774,-0.06293096,3
2014-02-24 18:42:15.082,2188,218.8,43.61137,3.921733,41.3673,15.00619,90.14427,9,5,1393263733,-1.010513,-0.008621216,-0.08491516,-13.99641,21.22863,-2.748821,4.307612,3.59661,25,0.09326656,0.02360653,0.02764654,1.630945,-1.515364,0.03332394,0.07189742,0.1292356,-0.01964348,0.006164696,0.04705068,-0.05290331,3
2014-02-24 18:42:15.387,2189,218.9,43.61137,3.921733,41.3673,15.00619,90.14427,9,5,1393263733,-1.010513,-0.008621216,-0.08491516,-13.72248,20.08696,-2.122704,5.670405,4.959403,25,0.08935491,0.04982987,0.05081524,1.633842,-1.51407,0.03230359,0.0751306,0.04027893,0.05046877,-0.01618273,0.005717163,-0.03987595,3
2014-02-24 18:42:15.715,2190,219,43.61137,3.921733,41.3673,15.00619,90.14427,9,5,1393263733,-0.9803314,-0.003494263,-0.1109619,-14.32512,21.88101,-4.911785,358.9717,358.2607,25,0.08827953,0.08023465,0.027046,1.635091,-1.509904,0.03204862,0.07405765,0.0706955,0.02670428,0.0409843,0.0001370034,-0.04183776,3
2014-02-24 18:42:15.857,2191,219.1,43.61137,3.921925,41.4454,15.0703,90.56063,9,5,1393263734,-0.9974823,0.0008850098,-0.1111908,-13.61292,21.82665,-4.057983,0.2344398,359.5234,25,0.08441129,0.0769824,0.04932973,1.636517,-1.508566,0.03119018,0.07018945,0.06744328,0.04898801,0.01724745,0.02769086,-0.04880171,3
2014-02-24 18:42:15.967,2192,219.2,43.61137,3.921925,41.4454,15.0703,90.56063,9,5,1393263734,-1.042786,0.06152344,-0.1414185,-13.44856,21.88102,-3.65955,0.7397194,0.02871704,25,0.09194218,0.02255644,0.0393751,1.63802,-1.508902,0.03045682,0.07772039,0.01301736,0.03903338,0.000139955,0.03133712,-0.04936438,3
2014-02-24 18:42:16.048,2193,219.3,43.61137,3.921925,41.4454,15.0703,90.56063,9,5,1393263734,-1.085236,0.0763855,-0.1478729,-13.55813,21.01117,-3.887222,0.6383095,359.9273,25,0.07846738,0.1684276,0.009667275,1.63939,-1.506039,0.02913532,0.06424489,0.1588884,0.00932837,-0.04530521,0.09065464,-0.0767334,3
2014-02-24 18:42:16.188,2194,219.4,43.61137,3.921925,41.4454,15.0703,90.56063,9,5,1393263734,-1.061966,0.03085327,-0.02825928,-13.6677,20.35879,-3.773388,1.766526,1.055523,25,0.08935811,-0.08488746,0.07089974,1.640868,-1.506355,0.0283503,0.07513565,-0.09442672,0.07056084,-0.01353926,0.0407519,-0.1514188,3
2014-02-24 18:42:16.537,2195,219.5,43.61137,3.921925,41.4454,15.0703,90.56063,9,5,1393263734,-1.087738,0.06324768,-0.1790161,-14.16077,21.82665,-3.261101,2.569024,1.858022,25,0.08468267,0.1548293,0.003994475,1.643955,-1.507801,0.02343345,0.07045519,0.1452841,0.003669838,-0.0846245,0.08915091,-0.03020328,3
2014-02-24 18:42:16.654,2196,219.6,43.61136,3.922126,40.43636,15.25547,90.92428,9,5,1393263735,-1.087738,0.06324768,-0.1790161,-13.72248,21.50046,-2.805744,2.631382,1.92038,25,0.1061475,-0.1885553,-0.01121777,1.645395,-1.506997,0.02349754,0.08265623,-0.02885596,0.04302577,0.01117877,0.04563588,-0.1050235,3
2014-02-24 18:42:16.750,2197,219.7,43.61136,3.922126,40.43636,15.25547,90.92428,9,5,1393263735,-0.9683685,0.1154175,-0.04440308,-13.50334,21.06554,-3.261105,1.903528,1.192526,25,0.09691936,0.07348301,0.02484836,1.646904,-1.503259,0.02254383,0.09192447,-0.1980737,-0.01152742,-0.09027132,0.0857896,-0.1115476,3
2014-02-24 18:42:16.898,2198,219.8,43.61136,3.922126,40.43636,15.25547,90.92428,9,5,1393263735,-0.9775238,0.009353638,-0.1197968,-13.22942,21.1199,-2.407299,3.688149,2.977147,25,0.1095459,-0.0331489,0.001375523,1.648627,-1.504612,0.02222899,0.08269642,0.06396461,0.02453871,0.0291956,0.1376446,0.02171618,3
2014-02-24 18:42:16.983,2199,219.9,43.61136,3.922126,40.43636,15.25547,90.92428,9,5,1393263735,-0.9562683,0.08384705,-0.09765625,-13.61292,21.17427,-2.80574,3.232185,2.521183,25,0.106176,-0.07311309,-0.0322871,1.650087,-1.501226,0.01871375,0.09531958,-0.04265919,0.00108754,0.009643854,0.08406606,-0.05864151,3
2014-02-24 18:42:17.109,2200,220,43.61136,3.922126,40.43636,15.25547,90.92428,9,5,1393263735,-1.031937,0.09173584,-0.06640625,-13.50334,20.63062,-3.033428,3.789075,3.078073,25,0.09238772,-0.009575662,-0.01075038,1.651811,-1.502539,0.01887931,0.09194969,-0.08262333,-0.03257508,-0.0009500041,0.1505005,-0.03520167,3
2014-02-24 18:42:17.236,2201,220.1,43.61136,3.922126,40.43636,15.25547,90.92428,9,5,1393263735,-0.9556732,0.01887512,-0.1157074,-14.87297,20.68498,-2.179623,5.944678,5.233676,25,0.09143138,0.01618376,-0.04855049,1.653422,-1.50404,0.01625771,0.07815696,-0.01909048,-0.0110276,0.02098675,0.05791349,0.004212686,3
2014-02-24 18:42:17.321,2202,220.2,43.61136,3.922126,40.43636,15.25547,90.92428,9,5,1393263735,-0.9555969,-0.008529663,-0.04042053,-15.47561,21.17427,-2.35038,6.037526,5.326524,25,0.09639951,-0.09816065,-0.03682885,1.654768,-1.503898,0.01735284,0.07720067,0.006668983,-0.0488277,0.05550474,0.05003629,-0.02346269,3
2014-02-24 18:42:17.556,2203,220.3,43.61136,3.922126,40.43636,15.25547,90.92428,9,5,1393263735,-0.9876251,0.01644897,-0.133606,-13.22942,21.66356,-3.090343,1.869356,1.158354,25,0.08747392,0.07414959,-0.02451866,1.656214,-1.504702,0.0178262,0.08216884,-0.1076754,-0.03710607,0.0419848,0.03670038,-0.04967156,3
2014-02-24 18:42:17.654,2204,220.4,43.61136,3.922327,37.56751,15.56843,91.32114,9,5,1393263736,-1.024414,0.0344696,-0.0980835,-13.55813,21.77228,-3.090343,2.23761,1.526607,25,0.0965308,-0.04734621,-0.06078559,1.657645,-1.505475,0.01571997,0.07323892,0.06463105,-0.02478426,0.04214713,0.007189661,0.02484597,3
2014-02-24 18:42:17.752,2205,220.5,43.61136,3.922327,37.56751,15.56843,91.32114,9,5,1393263736,-1.01268,-0.05131531,-0.06512451,-13.61292,21.50046,-3.147266,1.917536,1.206533,25,0.08748351,0.01640587,-0.01691667,1.658981,-1.504993,0.01668502,0.08229587,-0.05686471,-0.06105118,0.01007172,0.03313322,-0.06785908,3
2014-02-24 18:42:17.882,2206,220.6,43.61136,3.922327,37.56751,15.56843,91.32114,9,5,1393263736,-1.01268,-0.05131531,-0.06512451,-13.22942,21.1199,-2.634979,0.9116982,0.2006958,25,0.09356084,-0.01743438,-0.002450641,1.661823,-1.505086,0.01723208,0.0793266,-0.02694833,-0.002712581,0.004605958,0.04399514,-0.03688609,3
2014-02-24 18:42:17.951,2207,220.7,43.61136,3.922327,37.56751,15.56843,91.32114,9,5,1393263736,-0.9723816,-0.006500244,-0.08744812,-14.10598,21.01118,-1.724258,3.029339,2.318337,25,0.09017703,0.08638496,-0.05628617,1.661823,-1.505086,0.01723208,0.0793266,-0.02694833,-0.002712581,0.004605958,0.04399514,-0.03688609,3
2014-02-24 18:42:18.080,2208,220.8,43.61136,3.922327,37.56751,15.56843,91.32114,9,5,1393263736,-0.9723816,-0.006500244,-0.08744812,-15.20169,21.55482,-0.8135376,6.210742,5.49974,25,0.08619161,0.03683311,-0.0124359,1.664691,-1.501118,0.0172782,0.09150353,-0.03011053,0.01386681,-0.008907829,-0.02575244,-0.07061703,3
2014-02-24 18:42:18.179,2209,220.9,43.61136,3.922327,37.56751,15.56843,91.32114,9,5,1393263736,-1.043457,-0.001235962,-0.1321869,-14.37991,22.04411,-2.236538,3.030167,2.319165,25,0.08382699,0.06049344,-0.02793976,1.666148,-1.501469,0.01774912,0.07195945,0.0273315,-0.01268969,0.02505907,0.01124794,-0.01818677,3
2014-02-24 18:42:18.320,2210,221,43.61136,3.922327,37.56751,15.56843,91.32114,9,5,1393263736,-0.9883575,-0.04626465,-0.1175537,-15.1469,22.6965,-2.350376,3.736466,3.025464,25,0.09821871,0.03833141,0.02168479,1.667436,-1.499412,0.01920203,0.0695971,0.05099576,-0.02819685,-0.04618771,0.01796488,-0.06087615,3
2014-02-24 18:42:18.546,2211,221.1,43.61136,3.922327,37.56751,15.56843,91.32114,9,5,1393263736,-1.01297,-0.05889893,-0.1460266,-13.06507,21.60919,-2.919582,2.422237,1.711235,25,0.08752319,0.04806473,-0.02661004,1.668954,-1.499452,0.01941454,0.08398885,0.02883375,0.02142769,0.0006250387,-0.004954961,-0.0787389,3
2014-02-24 18:42:18.653,2212,221.2,43.61136,3.922327,37.56751,15.56843,91.32114,9,5,1393263736,-0.9871979,-0.0025177,-0.1344452,-13.06506,21.39173,-2.464222,3.915838,3.204836,25,0.1070434,0.03592764,-0.004014981,1.670296,-1.495361,0.01954328,0.07329576,0.03858152,-0.02685979,0.01799227,0.009806924,-0.0657635,3
2014-02-24 18:42:18.769,2213,221.3,43.61135,3.922524,34.17662,15.61984,91.7758,9,5,1393263737,-1.007309,0.004806519,-0.1532745,-13.6677,21.77229,-1.38274,8.044789,7.333787,25,0.1031591,0.06325673,0.01562343,1.671909,-1.494519,0.01950955,0.092816,0.02644447,-0.00426473,-0.0363769,0.01790614,-0.07441507,3
2014-02-24 18:42:18.865,2214,221.4,43.61135,3.922524,34.17662,15.61984,91.7758,9,5,1393263737,-0.9729919,-0.05371094,-0.135849,-14.0512,21.71792,-1.553497,7.15873,6.447727,25,0.1045991,0.03815644,-0.006406767,1.673492,-1.491351,0.02045151,0.08893516,0.05378632,0.01537558,0.01217089,-0.01403478,-0.05386444,3
2014-02-24 18:42:18.948,2215,221.5,43.61135,3.922524,34.17662,15.61984,91.7758,9,5,1393263737,-0.9680634,0.00479126,-0.1684265,-14.10598,21.55483,-2.179623,6.253716,5.542714,25,0.09810952,0.0837202,0.02827931,1.675138,-1.490532,0.02045907,0.09037516,0.02868605,-0.006654623,-0.01073698,0.02526416,-0.07311358,3
2014-02-24 18:42:19.076,2216,221.6,43.61135,3.922524,34.17662,15.61984,91.7758,9,5,1393263737,-0.9623108,0.0176239,-0.1703796,-14.59904,20.84808,-1.439655,8.188925,7.477922,25,0.1018912,0.03837882,0.02406565,1.676774,-1.489322,0.02036168,0.08388563,0.07424984,0.02803145,0.02348427,-0.03335066,-0.05448184,3
2014-02-24 18:42:19.185,2217,221.7,43.61135,3.922524,34.17662,15.61984,91.7758,9,5,1393263737,-0.9623108,0.0176239,-0.1703796,-13.94163,21.50046,-2.578064,6.003328,5.292326,25,0.1080847,0.05989529,0.01570333,1.680051,-1.484028,0.01880014,0.09386214,0.05044135,0.01546632,0.03375116,0.03642293,-0.08373559,3
2014-02-24 18:42:19.265,2218,221.8,43.61135,3.922524,34.17662,15.61984,91.7758,9,5,1393263737,-0.977356,-0.02696228,-0.1721802,-13.22942,21.1199,-2.862663,5.352618,4.641616,25,0.1114714,0.01946718,0.05953576,1.680051,-1.484028,0.01880014,0.09386214,0.05044135,0.01546632,0.03375116,0.03642293,-0.08373559,3
2014-02-24 18:42:19.417,2219,221.9,43.61135,3.922524,34.17662,15.61984,91.7758,9,5,1393263737,-0.977356,-0.02696228,-0.1721802,-14.10598,20.68498,-1.951939,7.866296,7.155293,25,0.1227523,0.06236937,0.02755147,1.683736,-1.479248,0.0184985,0.108534,0.05293433,0.02731866,0.01819446,0.03459547,-0.06160995,3
2014-02-24 18:42:19.586,2220,222,43.61135,3.922524,34.17662,15.61984,91.7758,9,5,1393263737,-0.9801025,0.05969238,-0.2001648,-14.59905,21.283,-1.553497,8.571794,7.860791,25,0.1177935,0.02840528,0.03722007,1.685601,-1.474124,0.01586378,0.1035772,0.01893935,0.03698821,-0.02948305,0.04862374,-0.1020228,3
2014-02-24 18:42:19.817,2221,222.1,43.61134,3.922708,34.8535,15.58463,92.55196,9,5,1393263738,-1.012268,0.05848694,-0.1898041,-14.65383,21.66356,-2.179615,7.268084,6.557081,25,0.1143876,0.02809795,0.001997105,1.689326,-1.474606,0.01535146,0.1001714,0.01863209,0.001765238,-0.02570555,0.05127005,-0.06737602,3
2014-02-24 18:42:19.922,2222,222.2,43.61134,3.922708,34.8535,15.58463,92.55196,9,5,1393263738,-1.02063,0.02288818,-0.1701355,-14.10598,21.1199,-2.521137,4.773036,4.062034,25,0.1143623,-0.01602717,0.01181218,1.691097,-1.471025,0.01426394,0.1001471,-0.02547844,0.0115887,-0.01734231,0.0727504,-0.0902084,3
2014-02-24 18:42:20.030,2223,222.3,43.61134,3.922708,34.8535,15.58463,92.55196,9,5,1393263738,-0.9460907,0.04832458,-0.1470184,-13.6677,20.79371,-1.61042,6.567241,5.856239,25,0.1191757,0.01241832,0.02096574,1.693063,-1.471575,0.01426927,0.1049606,0.002967072,0.02074225,0.03044169,0.04190245,-0.07143761,3
2014-02-24 18:42:20.136,2224,222.4,43.61134,3.922708,34.8535,15.58463,92.55196,9,5,1393263738,-0.9460907,0.04832458,-0.1470184,-14.16076,21.06554,-1.781181,7.072625,6.361623,25,0.1130728,0.05194416,0.008790296,1.694953,-1.469234,0.01267287,0.1101325,-0.08326294,0.002875401,-0.02590858,0.04146587,-0.08244281,3
2014-02-24 18:42:20.353,2225,222.5,43.61134,3.922708,34.8535,15.58463,92.55196,9,5,1393263738,-1.003067,0.04156494,-0.1573944,-14.87298,20.35879,-0.3581734,10.34541,9.634405,25,0.1082423,-0.02742683,0.00951867,1.698656,-1.469888,0.0127399,0.1087916,-0.06957956,0.01446015,-0.01739,0.06825103,-0.08419187,3
2014-02-24 18:42:20.537,2226,222.6,43.61133,3.922904,34.14919,15.61111,93.2851,9,5,1393263739,-1.029465,0.01216125,-0.1672363,-15.36604,20.19569,-2.1227,7.440495,6.729492,25,0.1118434,-0.03976286,0.02257775,1.700488,-1.468253,0.01047689,0.09402423,-0.03685565,0.009317886,-0.008374521,0.05204164,-0.05503682,3
2014-02-24 18:42:20.676,2227,222.7,43.61133,3.922904,34.14919,15.61111,93.2851,9,5,1393263739,-1.004074,0.03668213,-0.1446838,-15.31126,21.01117,-2.179619,7.005088,6.294086,25,0.09957426,-0.0455531,0.01899713,1.702331,-1.468974,0.0103918,0.09762543,-0.04919163,0.02237697,-0.03469788,0.02255287,-0.06559504,3
2014-02-24 18:42:20.780,2228,222.8,43.61133,3.922904,34.14919,15.61111,93.2851,9,5,1393263739,-1.005997,0.03274536,-0.1427307,-15.03733,21.71792,-2.464222,6.487124,5.776122,25,0.1046143,-0.04110216,0.003751861,1.704129,-1.467879,0.006966409,0.08535185,-0.05497396,0.01881145,-0.009389575,0.04364848,-0.04195034,3
2014-02-24 18:42:20.864,2229,222.9,43.61133,3.922904,34.14919,15.61111,93.2851,9,5,1393263739,-1.020096,0.03700256,-0.1497345,-14.87298,19.92387,-2.407299,7.499481,6.788478,25,0.1155109,0.005571067,0.01865118,1.705894,-1.468607,0.006797472,0.09039193,-0.05052299,0.003566189,-0.06117845,0.02773248,-0.03828051,3
2014-02-24 18:42:20.966,2230,223,43.61133,3.922904,34.14919,15.61111,93.2851,9,5,1393263739,-1.028259,0.03826904,-0.1342468,-14.21555,19.70641,-2.179619,7.796664,7.085662,25,0.1057906,-0.03537903,0.009572732,1.707653,-1.467624,0.005149942,0.101287,-0.003843843,0.01847318,-0.003255536,0.03472145,-0.03768279,3
2014-02-24 18:42:21.100,2231,223.1,43.61133,3.922904,34.14919,15.61111,93.2851,9,5,1393263739,-1.025024,0.02726746,-0.1331482,-15.03733,20.95681,-2.008862,8.230218,7.519216,25,0.1094767,-0.005912218,0.005801164,1.709411,-1.468266,0.005107834,0.09156681,-0.0447939,0.009394728,-0.002701123,0.05863564,-0.03848926,3
2014-02-24 18:42:21.191,2232,223.2,43.61133,3.922904,34.14919,15.61111,93.2851,9,5,1393263739,-0.9905853,0.05938721,-0.1349487,-14.21556,21.22863,-1.724258,8.084593,7.37359,25,0.1019221,0.003255182,0.02558179,1.711161,-1.468707,0.005027396,0.09525293,-0.01532706,0.005623159,-0.03347842,0.04329642,-0.03233624,3
2014-02-24 18:42:21.296,2233,223.3,43.61133,3.922904,34.14919,15.61111,93.2851,9,5,1393263739,-1.015533,0.008087158,-0.1368103,-14.59905,20.73935,-1.89502,8.680877,7.969874,25,0.09218851,0.0234486,0.00886806,1.712776,-1.46778,0.003483301,0.08769669,-0.00615529,0.02541061,-0.03033198,0.03075075,-0.03031419,3
2014-02-24 18:42:21.510,2234,223.4,43.61133,3.922904,34.14919,15.61111,93.2851,9,5,1393263739,-1.067612,0.02081299,-0.1950378,-15.42082,20.46752,-1.951939,11.0959,10.3849,25,0.1045008,-0.02514237,0.01532596,1.714351,-1.467692,0.00355179,0.07796317,0.01403817,0.008696884,0.004097871,0.06293899,-0.03202779,3
2014-02-24 18:42:21.632,2235,223.5,43.61133,3.922904,34.14919,15.61111,93.2851,9,5,1393263739,-1.067612,0.02081299,-0.1950378,-15.47561,20.63062,-2.008862,11.16227,10.45127,25,0.0909094,0.0982014,0.00343388,1.717622,-1.46562,0.002513788,0.07668404,0.08879774,0.003267962,-0.002172191,0.0630454,-0.03004237,3
2014-02-24 18:42:21.787,2236,223.6,43.61132,3.923104,31.62162,15.42351,94.24098,9,5,1393263740,-1.036407,0.05223083,-0.1636963,-14.7634,21.22863,-2.862663,8.140747,7.429745,25,0.10556,0.09050354,0.01889992,1.721041,-1.46323,7.441025e-05,0.09133354,0.0811111,0.01874463,-0.03547328,0.003706002,-0.0003070315,3
2014-02-24 18:42:21.932,2237,223.7,43.61132,3.923104,31.62162,15.42351,94.24098,9,5,1393263740,-1.060608,0.05484009,-0.1532745,-15.42082,21.22863,-2.293457,5.977846,5.266843,25,0.106883,0.002122806,0.02094816,1.724545,-1.459697,-0.0006642549,0.09265827,-0.007258771,0.02079747,0.002226917,0.06072185,-0.02703793,3
2014-02-24 18:42:22.105,2238,223.8,43.61132,3.923104,31.62162,15.42351,94.24098,9,5,1393263740,-0.9989777,0.03356934,-0.143631,-13.94163,20.52188,-1.553497,7.539678,6.828675,25,0.1140517,0.04767112,0.04051547,1.728033,-1.455866,-0.002875732,0.09982581,0.03829906,0.04037379,0.005483575,0.03723963,-0.05422205,3
2014-02-24 18:42:22.244,2239,223.9,43.61132,3.923104,31.62162,15.42351,94.24098,9,5,1393263740,-1.031525,0.06204224,-0.1725159,-14.10598,19.81514,-1.61042,8.119016,7.408013,25,0.1031898,0.0202086,0.01839019,1.729901,-1.455443,-0.003281512,0.0889639,0.01083658,0.01824851,-0.04644604,0.06693944,-0.05464211,3
2014-02-24 18:42:22.377,2240,224,43.61132,3.923104,31.62162,15.42351,94.24098,9,5,1393263740,-1.031525,0.06204224,-0.1725159,-14.54426,20.14133,-1.382736,8.653991,7.942988,25,0.09818196,0.03723499,0.02638767,1.731657,-1.453674,-0.005615603,0.08891628,0.07427803,0.01411768,-0.03642287,0.04861416,-0.02632073,3
2014-02-24 18:42:22.558,2241,224.1,43.6113,3.923292,31.90779,15.58629,94.8471,9,5,1393263741,-0.9903412,0.06497192,-0.1876526,-15.58518,20.84808,-1.553497,7.370987,6.659985,25,0.09818196,0.03723499,0.02638767,1.733341,-1.452983,-0.005699512,0.08395297,0.0278658,0.02625424,-0.03847272,0.05634275,-0.05497706,3
2014-02-24 18:42:22.675,2242,224.2,43.6113,3.923292,31.90779,15.58629,94.8471,9,5,1393263741,-0.9903412,0.06497192,-0.1876526,-14.70862,20.73935,-2.1227,5.77153,5.060528,25,0.09598938,0.05167092,-0.008967396,1.735106,-1.452523,-0.005781586,0.08905885,0.04130922,0.001536641,-0.02563373,0.05905304,-0.04170257,3
2014-02-24 18:42:22.753,2243,224.3,43.6113,3.923292,31.90779,15.58629,94.8471,9,5,1393263741,-0.966217,0.05175781,-0.1482544,-14.92776,21.06554,-2.236546,7.480007,6.769004,25,0.09717875,0.01323058,0.001976864,1.736689,-1.449645,-0.007967767,0.08175728,0.04230878,-0.009089361,0.002297449,0.05700424,-0.06680121,3
2014-02-24 18:42:22.888,2244,224.4,43.6113,3.923292,31.90779,15.58629,94.8471,9,5,1393263741,-0.9724884,0.07455444,-0.1884918,-15.09211,20.90244,-2.293461,7.274543,6.56354,25,0.09595715,0.03019332,-0.001719603,1.738229,-1.449745,-0.007877518,0.08294668,0.003868462,0.0018549,-0.005197085,0.03431312,-0.06973853,3
2014-02-24 18:42:22.962,2245,224.5,43.6113,3.923292,31.90779,15.58629,94.8471,9,5,1393263741,-0.9598541,0.08639526,-0.1669769,-15.31125,21.01117,-2.748821,6.751146,6.040144,25,0.09329692,0.005464008,0.02665079,1.739795,-1.447335,-0.009866433,0.08172251,0.0208375,-0.001831693,0.008972109,0.04916998,-0.03806722,3
2014-02-24 18:42:23.098,2246,224.6,43.6113,3.923292,31.90779,15.58629,94.8471,9,5,1393263741,-1.018127,0.05162048,-0.1917877,-13.72248,20.41315,-1.325817,8.759945,8.048943,25,0.08347332,0.04612195,0.01794784,1.741281,-1.447548,-0.009917472,0.07906234,-0.003891773,0.02653869,0.03385439,0.05856413,-0.03512013,3
2014-02-24 18:42:23.184,2247,224.7,43.6113,3.923292,31.90779,15.58629,94.8471,9,5,1393263741,-0.9884033,0.04063416,-0.09965515,-13.50334,21.60919,-1.098137,10.74745,10.03644,25,0.09853243,-0.1023498,0.004291152,1.742746,-1.444864,-0.0101052,0.06924016,0.03677664,0.01784074,0.01970978,0.009670367,-0.0527361,3
2014-02-24 18:42:23.327,2248,224.8,43.6113,3.923292,31.90779,15.58629,94.8471,9,5,1393263741,-0.9632568,0.03710938,-0.09545898,-13.77727,21.44609,-1.610424,10.60816,9.897154,25,0.08850377,-0.007152185,0.01265081,1.744207,-1.445599,-0.01021587,0.08429931,-0.1116951,0.004184047,-0.0260062,0.04140479,-0.06692344,3
2014-02-24 18:42:23.549,2249,224.9,43.61128,3.923475,34.58671,15.31653,95.56441,9,5,1393263742,-0.9559784,0.02886963,-0.1060486,-14.0512,21.283,-2.35038,9.742592,9.03159,25,0.09225536,0.006401973,0.003169694,1.745604,-1.44682,-0.01032421,0.07427071,-0.01649743,0.01254371,0.003868585,0.03031013,0.0239971,3
2014-02-24 18:42:23.659,2250,225,43.61128,3.923475,34.58671,15.31653,95.56441,9,5,1393263742,-0.9611053,0.06915283,-0.07420349,-14.54426,20.35879,-1.838097,11.28268,10.57168,25,0.08274361,-0.04267689,-0.03046257,1.746993,-1.448218,-0.01149611,0.07801876,-0.002949113,0.00306553,0.02917432,0.02561352,0.02680403,3
2014-02-24 18:42:23.758,2251,225.1,43.61128,3.923475,34.58671,15.31653,95.56441,9,5,1393263742,-0.9913177,0.0328064,-0.08891296,-14.0512,20.52188,-0.07357407,14.66368,13.95268,25,0.09467831,-0.01844692,0.0116468,1.748329,-1.448418,-0.01129057,0.06850706,-0.05202795,-0.03056673,0.01745174,0.01602291,0.01485709,3
2014-02-24 18:42:23.869,2252,225.2,43.61128,3.923475,34.58671,15.31653,95.56441,9,5,1393263742,-0.9913177,0.0328064,-0.08891296,-14.32512,20.68498,-2.065777,11.12519,10.41419,25,0.09014241,-0.01546578,-0.03652259,1.751129,-1.45196,-0.01091099,0.07590333,-0.024826,-0.03662798,0.0296771,0.02029345,0.03484005,3
2014-02-24 18:42:23.967,2253,225.3,43.61128,3.923475,34.58671,15.31653,95.56441,9,5,1393263742,-0.9588318,0.04541016,-0.03889465,-13.44856,21.33736,-2.179619,9.333737,8.622735,25,0.09751537,-0.07313386,-0.02650431,1.752591,-1.452994,-0.01043621,0.08327634,-0.08249406,-0.0266097,0.001697492,0.02237037,0.02861074,3
2014-02-24 18:42:24.063,2254,225.4,43.61128,3.923475,34.58671,15.31653,95.56441,9,5,1393263742,-0.9676819,0.03276062,-0.02328491,-13.61292,22.58777,-2.464222,8.725357,8.014355,25,0.0949638,-0.01080125,-0.0247911,1.754031,-1.455854,-0.0109467,0.08072129,-0.02017166,-0.02489605,0.03451007,0.03446367,0.07578807,3
2014-02-24 18:42:24.148,2255,225.5,43.61128,3.923475,34.58671,15.31653,95.56441,9,5,1393263742,-0.9522705,0.02523804,-0.05036926,-13.6677,22.20721,-2.407303,8.953331,8.242329,25,0.1023482,-0.003953462,-0.02595996,1.75558,-1.456497,-0.01034956,0.08810577,-0.01332383,-0.02606491,0.02573983,0.02241124,0.0907598,3
2014-02-24 18:42:24.279,2256,225.6,43.61128,3.923475,34.58671,15.31653,95.56441,9,5,1393263742,-0.9476013,0.03718567,-0.0348053,-13.22942,21.33737,-2.748821,7.405245,6.694242,25,0.09880807,-0.01997877,-0.04226117,1.757011,-1.456443,-0.009527472,0.08456566,-0.02934911,-0.04236612,0.01657124,0.03916347,0.05938135,3
2014-02-24 18:42:24.462,2257,225.7,43.61126,3.923666,36.07011,15.34803,95.10674,9,5,1393263743,-0.9476013,0.03718567,-0.0348053,-13.61292,22.04411,-1.667339,9.424555,8.713552,25,0.09105667,0.05277506,-0.007852331,1.758476,-1.456911,-0.008844814,0.08083809,-0.02254976,-0.03894902,0.001921278,0.01740042,0.07937925,3
2014-02-24 18:42:24.571,2258,225.8,43.61126,3.923666,36.07011,15.34803,95.10674,9,5,1393263743,-1.001068,0.04545593,-0.02474976,-13.44856,22.31594,-2.634979,6.729203,6.0182,25,0.09105667,0.05277506,-0.007852331,1.759898,-1.460901,-0.00915393,0.0768099,0.04338577,-0.007960181,0.03442281,0.01449732,0.09335763,3
2014-02-24 18:42:24.670,2259,225.9,43.61126,3.923666,36.07011,15.34803,95.10674,9,5,1393263743,-1.001068,0.04545593,-0.02474976,-12.9555,22.26157,-1.781181,7.52659,6.815588,25,0.09996229,0.02991555,-0.04039083,1.76148,-1.460978,-0.008478315,0.08067709,-0.034868,-0.0177172,-0.02168474,0.02017779,0.06236817,3
2014-02-24 18:42:24.793,2260,226,43.61126,3.923666,36.07011,15.34803,95.10674,9,5,1393263743,-0.9602356,0.02049255,-0.0426178,-14.27034,21.71792,-1.667336,8.517049,7.806046,25,0.0886609,0.0209953,-0.01108461,1.76434,-1.464531,-0.008575341,0.07437981,0.06255835,-0.01521139,0.00933728,0.02772542,0.1059238,3
2014-02-24 18:42:24.885,2261,226.1,43.61126,3.923666,36.07011,15.34803,95.10674,9,5,1393263743,-0.9980774,0.04248047,-0.01591492,-14.54426,22.64213,-1.951935,7.955219,7.244216,25,0.09359733,0.04139617,-0.01592863,1.765644,-1.463462,-0.008002863,0.07440969,0.0115868,-0.01119454,0.03397781,0.01248978,0.06450668,3
2014-02-24 18:42:24.987,2262,226.2,43.61126,3.923666,36.07011,15.34803,95.10674,9,5,1393263743,-1.011505,0.02456665,-0.04910278,-14.0512,22.47903,-3.488785,4.007073,3.296071,25,0.07629158,0.1353008,-0.02053084,1.766941,-1.4664,-0.008504087,0.07934253,0.03197186,-0.01604019,-0.01309449,0.01613896,0.07661552,3
2014-02-24 18:42:25.146,2263,226.3,43.61126,3.923666,36.07011,15.34803,95.10674,9,5,1393263743,-0.9861755,0.008209229,-0.0282135,-13.55813,21.66356,-2.634979,4.965211,4.254209,25,0.07883862,0.002785667,-0.01100152,1.768169,-1.464846,-0.007969734,0.06203683,0.1258765,-0.0206424,0.01503665,0.002223221,0.09709658,3
2014-02-24 18:42:25.254,2264,226.4,43.61126,3.923666,36.07011,15.34803,95.10674,9,5,1393263743,-0.9686432,-0.0512085,-0.05097961,-13.22942,22.09847,-2.065781,5.768031,5.057029,25,0.07980322,0.1015434,0.006813698,1.770451,-1.465777,-0.007517995,0.06554605,0.0921047,0.006697871,0.008286924,0.0006913041,0.07660965,3
2014-02-24 18:42:25.405,2265,226.5,43.61126,3.923666,36.07011,15.34803,95.10674,9,5,1393263743,-1.01268,0.009155273,-0.1172791,-13.44856,22.85959,-3.431866,3.656708,2.945706,25,0.07349233,0.09146227,0.02796719,1.77151,-1.464721,-0.00749201,0.05923374,0.08197729,0.02783204,0.02570821,-0.05870043,0.05489372,3
2014-02-24 18:42:25.599,2266,226.6,43.61125,3.923856,39.03059,15.42494,94.72453,9,5,1393263744,-1.036087,-0.05540466,-0.1512146,-13.61292,22.3703,-2.350384,5.281716,4.570714,25,0.06138027,0.1636305,-0.006873086,1.772408,-1.464166,-0.007313817,0.04712021,0.1541343,-0.00701312,-0.01838628,0.001841521,-0.01085347,3
2014-02-24 18:42:25.685,2267,226.7,43.61125,3.923856,39.03059,15.42494,94.72453,9,5,1393263744,-1.037888,-0.06143188,-0.1628876,-13.22942,22.42467,-2.179619,5.433956,4.722953,25,0.06945231,0.04762371,0.07762688,1.77341,-1.462866,-0.008276664,0.05519229,0.03812758,0.07748685,0.06027876,-0.0559908,-0.04236866,3
2014-02-24 18:42:25.887,2268,226.8,43.61125,3.923856,39.03059,15.42494,94.72453,9,5,1393263744,-0.9697723,0.1089783,-0.1116791,-13.55813,22.09848,-1.8381,7.484109,6.773107,25,0.06441627,0.1303372,0.07911745,1.775471,-1.459251,-0.009334448,0.05015719,0.1208397,0.07897089,-0.08207899,0.03227641,-0.1239656,3
2014-02-24 18:42:26.096,2269,226.9,43.61125,3.923856,39.03059,15.42494,94.72453,9,5,1393263744,-1.192215,0.142746,0.007385254,-12.90071,22.96832,-2.862667,4.389563,3.67856,25,0.05154229,0.2575093,-0.02196096,1.778095,-1.462857,-0.01249856,0.05759283,-0.1395271,0.1120841,0.02433018,0.09648003,-0.003957353,3
2014-02-24 18:42:26.203,2270,227,43.61125,3.923856,39.03059,15.42494,94.72453,9,5,1393263744,-0.9803314,0.09892273,-0.2921448,-12.35286,22.64212,-3.659546,2.843086,2.132084,25,0.05876824,0.1626267,0.01188116,1.779182,-1.460479,-0.01334807,0.03728336,0.2480118,-0.02210752,-0.1983822,0.1293983,0.1174687,3
2014-02-24 18:42:26.548,2271,227.1,43.61125,3.923856,39.03059,15.42494,94.72453,9,5,1393263744,-1.139343,0.2502747,0.001373291,-12.35286,22.64213,-2.862663,3.486746,2.775743,25,0.05946333,0.04202921,0.0963553,1.78109,-1.458651,-0.01455545,0.0668339,-0.2725237,0.05481549,-0.2176601,0.1216908,-0.1480656,3
2014-02-24 18:42:26.677,2272,227.2,43.61124,3.924049,41.00992,15.55786,94.19514,9,5,1393263745,-0.8456116,0.0967865,-0.1706085,-12.84592,22.47903,-2.008858,6.816747,6.105744,25,0.05316762,0.1620406,-0.05620681,1.782392,-1.461624,-0.01528043,0.04520455,0.03253186,0.09620874,0.005832472,0.01436799,0.142939,3
2014-02-24 18:42:26.786,2273,227.3,43.61124,3.924049,41.00992,15.55786,94.19514,9,5,1393263745,-1.059311,0.07691956,-0.2675323,-12.68157,23.18578,-2.065781,5.521673,4.810671,25,0.04528119,0.1047403,0.01466257,1.782846,-1.457698,-0.0146282,0.03890891,0.1525433,-0.05635337,-0.07076513,0.02138306,-0.03447827,3
2014-02-24 18:42:26.870,2274,227.4,43.61124,3.924049,41.00992,15.55786,94.19514,9,5,1393263745,-1.02565,0.1567383,-0.02684021,-13.6677,22.96832,-2.179619,5.368382,4.65738,25,0.06346819,-0.2548461,0.1028105,1.783443,-1.455678,-0.01552146,0.03102251,0.09524298,0.01451601,0.14765,0.08126567,-0.05575827,3
2014-02-24 18:42:26.994,2275,227.5,43.61124,3.924049,41.00992,15.55786,94.19514,9,5,1393263745,-1.100906,0.1583252,-0.1769257,-12.572,22.20721,-1.838097,5.558796,4.847794,25,0.04921016,0.04680213,-0.005849633,1.784378,-1.458776,-0.01611669,0.04920957,-0.2643434,0.102664,-0.06570767,0.06080356,-0.1557609,3
2014-02-24 18:42:27.083,2276,227.6,43.61124,3.924049,41.00992,15.55786,94.19514,9,5,1393263745,-1.100906,0.1583252,-0.1769257,-12.46243,22.75086,-3.090343,2.870329,2.159327,25,0.02568752,0.1146853,0.001473261,1.785471,-1.458296,-0.01693055,0.011429,0.1051881,0.001326706,-0.03981964,0.09673298,0.03589235,3
2014-02-24 18:42:27.185,2277,227.7,43.61124,3.924049,41.00992,15.55786,94.19514,9,5,1393263745,-1.006439,0.1552429,-0.037323,-12.62679,23.34888,-3.261105,1.974864,1.263862,25,0.03070518,-0.1004606,0.02239079,1.785471,-1.458296,-0.01693055,0.011429,0.1051881,0.001326706,-0.03981964,0.09673298,0.03589235,3
2014-02-24 18:42:27.278,2278,227.8,43.61124,3.924049,41.00992,15.55786,94.19514,9,5,1393263745,-1.006439,0.1552429,-0.037323,-12.07893,22.91396,-2.805744,2.38781,1.676808,25,0.03083914,-0.1673823,0.0160064,1.786181,-1.462007,-0.0173408,0.01658075,-0.1768794,0.01585984,-0.06061136,0.1115053,-0.001304738,3
2014-02-24 18:42:27.508,2279,227.9,43.61124,3.924049,41.00992,15.55786,94.19514,9,5,1393263745,-1.006683,0.1212463,-0.1814423,-12.07893,23.34888,-3.033424,1.802701,1.091698,25,0.01114959,0.1562343,-0.03309191,1.786253,-1.46185,-0.01692963,-0.003108746,0.1467373,-0.03323846,0.01455869,0.1093987,0.02216709,3
2014-02-24 18:42:27.743,2280,228,43.61123,3.924235,41.75759,15.61281,93.46062,9,5,1393263746,-1.001083,0.06690979,-0.09220886,-12.90071,23.40324,-3.204185,1.676953,0.9659507,25,0.008823053,-0.08391114,-0.01317386,1.786092,-1.462914,-0.0157282,-0.00543519,-0.09340814,-0.01332041,-0.0541696,0.09026,0.02925972,3
2014-02-24 18:42:27.855,2281,228.1,43.61123,3.924235,41.75759,15.61281,93.46062,9,5,1393263746,-0.9885101,0.08662415,-0.08732605,-13.55813,22.96832,-2.521137,2.502219,1.791216,25,0.01745862,-0.004622715,-0.02794189,1.786019,-1.463024,-0.01473565,0.003200443,-0.01411966,-0.02808844,-0.006993107,0.05217467,0.01534307,3
2014-02-24 18:42:27.939,2282,228.2,43.61123,3.924235,41.75759,15.61281,93.46062,9,5,1393263746,-0.9751587,0.07627869,-0.0978241,-13.01028,23.40324,-2.293461,2.913976,2.202973,25,0.01156345,0.02790833,-0.06468233,1.785896,-1.463235,-0.013804,-0.002694705,0.0184114,-0.06482887,-0.04588243,0.08888809,0.01150352,3
2014-02-24 18:42:28.070,2283,228.3,43.61123,3.924235,41.75759,15.61281,93.46062,9,5,1393263746,-1.035858,0.08294678,-0.05175781,-13.11985,23.18578,-3.545708,1.86998,1.158978,25,0.01507589,-0.05566007,-0.02981302,1.785738,-1.463118,-0.01293839,0.0008178046,-0.06515695,-0.02995957,0.01017737,0.05838155,-0.0128699,3
2014-02-24 18:42:28.153,2284,228.4,43.61123,3.924235,41.75759,15.61281,93.46062,9,5,1393263746,-0.9720001,0.03796387,-0.1423798,-12.29807,23.45761,-2.236538,2.017719,1.306717,25,0.01257598,-0.07148989,-0.02264379,1.785699,-1.465421,-0.01213958,-0.001682038,-0.08098674,-0.02279034,0.004038713,0.003134769,0.07589087,3
2014-02-24 18:42:28.301,2285,228.5,43.61123,3.924235,41.75759,15.61281,93.46062,9,5,1393263746,-0.9720001,0.03796387,-0.1423798,-11.96936,23.56634,-2.1227,2.37178,1.660778,25,0.02229599,-0.09619844,-0.003539607,1.785474,-1.464234,-0.01134666,-0.008854677,0.0749744,-0.07247881,-0.006239927,0.0403351,-0.02085874,3
2014-02-24 18:42:28.520,2286,228.6,43.61123,3.924235,41.75759,15.61281,93.46062,9,5,1393263746,-0.96315,0.1170502,-0.07946777,-11.53108,23.34888,-2.008854,1.622449,0.9114468,25,0.006331133,0.001004278,-0.02223819,1.785535,-1.464912,-0.01092844,0.008038061,-0.1056952,-0.003686156,0.02234,0.02703565,-0.03669956,3
2014-02-24 18:42:28.637,2287,228.7,43.61123,3.924235,41.75759,15.61281,93.46062,9,5,1393263746,-0.9932404,0.07374573,-0.08827209,-11.96936,23.24015,-1.325817,3.017534,2.306532,25,0.006301305,-0.02273993,-0.01496803,1.785485,-1.46557,-0.01060853,-0.007926739,-0.008492468,-0.02238474,0.03126287,0.1064418,0.02555822,3
2014-02-24 18:42:28.742,2288,228.8,43.61123,3.92443,41.50932,15.63228,92.80341,9,5,1393263747,-1.016968,0.0680542,-0.1226349,-12.02414,24.49055,-2.179619,2.825954,2.114951,25,0.002344647,0.0510741,0.006562295,1.785401,-1.466175,-0.01046697,-0.0079565,-0.03223664,-0.01511458,0.001237367,0.06327895,0.01615254,3
2014-02-24 18:42:28.849,2289,228.9,43.61123,3.92443,41.50932,15.63228,92.80341,9,5,1393263747,-0.9949493,0.009124756,-0.06829834,-12.84592,22.47903,-3.830307,0.3401527,359.6292,25,0.008604674,-0.05086797,0.008790562,1.78516,-1.465759,-0.01039059,-0.01191313,0.04157742,0.006415748,0.02963697,0.04486167,0.03069639,3
2014-02-24 18:42:28.939,2290,229,43.61123,3.92443,41.50932,15.63228,92.80341,9,5,1393263747,-0.9523926,0.04096985,-0.08268738,-12.51721,23.45761,-3.488781,0.6641884,359.9532,25,-0.007381483,0.03163809,-0.005072523,1.785047,-1.466444,-0.01018674,-0.005653039,-0.06036462,0.008644016,0.06442438,0.02516805,0.006165914,3
2014-02-24 18:42:29.044,2291,229.1,43.61123,3.92443,41.50932,15.63228,92.80341,9,5,1393263747,-1.012146,0.07495117,-0.1177521,-11.8598,23.34887,-2.919582,1.791265,1.080262,25,-0.002727343,0.0330698,0.027805,1.784833,-1.469132,-0.01501749,-0.02164358,0.02212854,-0.005200558,-0.001140374,0.07694779,0.04035074,3
2014-02-24 18:42:29.151,2292,229.2,43.61123,3.92443,41.50932,15.63228,92.80341,9,5,1393263747,-1.004486,0.08981323,-0.1089935,-13.2842,22.15284,-2.1227,4.237675,3.526672,25,-0.009880594,-0.009097092,0.005858688,1.784601,-1.468421,-0.01509078,-0.01698941,0.02356028,0.02767696,0.04225833,0.02587965,0.01949807,3
2014-02-24 18:42:29.250,2293,229.3,43.61123,3.92443,41.50932,15.63228,92.80341,9,5,1393263747,-1.031738,0.09835815,-0.1162109,-13.11985,21.66355,-2.634979,3.058034,2.347032,25,-0.007558584,-0.01233843,0.02350932,1.78422,-1.468625,-0.0152307,-0.0241426,-0.01860657,0.005730654,-0.01747636,0.05972106,-0.0157699,3
2014-02-24 18:42:29.391,2294,229.4,43.61123,3.924621,41.73875,15.44055,92.26753,9,5,1393263748,-1.012207,0.07208252,-0.1011505,-12.68157,22.20721,-3.431866,1.66147,0.9504675,25,-0.01637445,0.06477207,0.03674923,1.783823,-1.468923,-0.01696064,-0.02182123,-0.02184788,0.02338656,-0.009813773,0.0728534,-0.007310899,3
2014-02-24 18:42:29.567,2295,229.5,43.61123,3.924621,41.73875,15.44055,92.26753,9,5,1393263748,-1.012207,0.07208252,-0.1011505,-13.06506,22.47903,-2.80574,3.903201,3.192198,25,-0.02241183,-0.01010323,0.03390311,1.782845,-1.467155,-0.02225722,-0.03667636,-0.01960819,0.03380027,-0.00710769,0.07433276,-0.02411777,3
2014-02-24 18:42:29.663,2296,229.6,43.61123,3.924621,41.73875,15.44055,92.26753,9,5,1393263748,-1.028366,0.1242676,-0.1075897,-12.84592,23.34887,-3.033421,3.447097,2.736095,25,-0.02488644,-0.014637,0.03626959,1.782845,-1.467155,-0.02225722,-0.03667636,-0.01960819,0.03380027,-0.00710769,0.07433276,-0.02411777,3
2014-02-24 18:42:29.732,2297,229.7,43.61123,3.924621,41.73875,15.44055,92.26753,9,5,1393263748,-1.028366,0.1242676,-0.1075897,-13.06506,23.67507,-2.919582,2.286921,1.575919,25,-0.03240348,0.01147423,0.0488469,1.781377,-1.467714,-0.02813377,-0.04667085,0.001967507,0.04876317,-0.01966374,0.07889508,-0.0005187672,3
2014-02-24 18:42:29.861,2298,229.8,43.61123,3.924621,41.73875,15.44055,92.26753,9,5,1393263748,-0.9918671,0.1475372,-0.08880615,-13.61292,23.13142,-3.261101,1.355812,0.64481,25,-0.04345853,0.003445598,0.04764581,1.780434,-1.468043,-0.0290799,-0.05772586,-0.006061098,0.04756209,-0.03406108,0.09519178,-0.005060948,3
2014-02-24 18:42:29.962,2299,229.9,43.61123,3.924621,41.73875,15.44055,92.26753,9,5,1393263748,-0.9952087,0.1528473,-0.05569458,-11.64065,24.00126,-3.944149,358.5595,357.8485,25,-0.03967205,-0.05435325,0.04472699,1.779548,-1.468678,-0.03007277,-0.05393932,-0.06385991,0.04464326,0.002473576,0.117469,0.01308885,3
2014-02-24 18:42:30.039,2300,230,43.61123,3.924621,41.73875,15.44055,92.26753,9,5,1393263748,-0.9396973,0.1864777,-0.06211853,-11.31194,23.89253,-3.261105,359.4047,358.6937,25,-0.05073588,0.01913401,0.03217232,1.778332,-1.471487,-0.03792605,-0.06500961,0.009615377,0.03211948,-0.0008513921,0.1149303,0.04337998,3
2014-02-24 18:42:30.161,2301,230.1,43.61123,3.924621,41.73875,15.44055,92.26753,9,5,1393263748,-0.9641418,0.2029419,-0.06741333,-11.42151,22.91396,-2.578064,0.7888527,0.07785034,25,-0.06288762,-0.006015548,0.01705062,1.777071,-1.471743,-0.0386335,-0.07471599,-0.02682009,0.02065084,0.05465842,0.1478538,0.03669925,3
2014-02-24 18:42:30.267,2302,230.2,43.61123,3.924621,41.73875,15.44055,92.26753,9,5,1393263748,-0.957901,0.1869965,-0.04576111,-12.13372,22.64213,-1.724255,2.477309,1.766306,25,-0.07527877,0.02001126,0.02371625,1.775537,-1.474087,-0.04631566,-0.07716767,-0.01554586,0.01702939,0.02753935,0.1338614,0.04088257,3
2014-02-24 18:42:30.414,2303,230.3,43.61123,3.924621,41.73875,15.44055,92.26753,9,5,1393263748,-0.9742584,0.1641998,-0.07603455,-12.73635,23.13142,-2.350376,2.019173,1.308171,25,-0.08976956,0.02076041,-0.01045024,1.77398,-1.47434,-0.04671642,-0.08955878,0.01048099,0.02369502,0.06907957,0.1175462,0.0392715,3
2014-02-24 18:42:30.586,2304,230.4,43.61123,3.924621,41.73875,15.44055,92.26753,9,5,1393263748,-0.9510803,0.1519165,-0.04837036,-12.51721,23.56634,-2.80574,0.5394325,359.8284,25,-0.08743344,-0.002871953,0.008572449,1.772242,-1.474162,-0.04682183,-0.1040495,0.01123018,-0.01047147,0.06313713,0.1135346,0.03355797,3
2014-02-24 18:42:30.688,2305,230.5,43.61123,3.924825,41.0429,15.67887,90.9993,9,5,1393263749,-0.9556122,0.2354584,-0.09877014,-11.69544,23.29451,-2.862663,359.0057,358.2947,25,-0.09853536,0.02989958,0.006972955,1.770326,-1.47504,-0.05295726,-0.1017176,-0.0124081,0.008578098,0.01976492,0.1112673,0.01944186,3
2014-02-24 18:42:30.771,2306,230.6,43.61123,3.924825,41.0429,15.67887,90.9993,9,5,1393263749,-1.029434,0.2063599,-0.07307434,-12.84593,22.80523,-2.350384,0.8517799,0.1407776,25,-0.1042833,-0.007901066,-0.03729118,1.76836,-1.475488,-0.05309206,-0.1128194,0.02036347,0.006978604,0.04297861,0.09884939,0.04665978,3
2014-02-24 18:42:30.896,2307,230.7,43.61123,3.924825,41.0429,15.67887,90.9993,9,5,1393263749,-1.002167,0.2016907,-0.08247375,-11.64066,22.3703,-2.69191,359.1335,358.4225,25,-0.1070921,0.03883421,-0.001408013,1.766187,-1.474749,-0.06186333,-0.1185713,-0.01743791,-0.03724193,0.03787473,0.1736345,-0.003054057,3
2014-02-24 18:42:30.994,2308,230.8,43.61123,3.924825,41.0429,15.67887,90.9993,9,5,1393263749,-1.017578,0.1272278,-0.08210754,-12.18851,21.82665,-2.236546,0.3508339,359.6398,25,-0.1156036,-0.02472692,-0.004388623,1.763977,-1.474989,-0.06211699,-0.1213801,0.02929741,-0.001358762,-0.03594004,0.1442828,0.02240226,3
2014-02-24 18:42:31.094,2309,230.9,43.61123,3.924825,41.0429,15.67887,90.9993,9,5,1393263749,-1.017578,0.1272278,-0.08210754,-13.39378,22.6965,-1.89502,1.384495,0.6734924,25,-0.1200236,-0.01506683,-0.06787332,1.759076,-1.476352,-0.06791489,-0.1343158,-0.02460792,-0.06779377,-0.01280936,0.1299065,0.007706714,3
2014-02-24 18:42:31.179,2310,231,43.61123,3.924825,41.0429,15.67887,90.9993,9,5,1393263749,-1.009811,0.1917419,-0.1039429,-13.01028,23.29451,-3.545704,358.3981,357.6871,25,-0.1166813,0.01586791,-0.02943033,1.756574,-1.476857,-0.06760029,-0.1309734,0.006326867,-0.02935077,-0.09338342,0.09814637,0.01332541,3
2014-02-24 18:42:31.282,2311,231.1,43.61123,3.924825,41.0429,15.67887,90.9993,9,5,1393263749,-1.070679,0.1634369,-0.06834412,-12.51721,24.21872,-3.716461,357.7441,357.0331,25,-0.1201887,-0.06131982,-0.04044196,1.753937,-1.477333,-0.07225791,-0.1344827,-0.07086006,-0.04033472,-0.01677396,0.1195469,-0.01085949,3
2014-02-24 18:42:31.522,2312,231.2,43.61123,3.924825,41.0429,15.67887,90.9993,9,5,1393263749,-1.00325,0.0632019,-0.06001282,-13.06506,22.91396,-2.919586,0.09235001,359.3813,25,-0.1310382,-0.0004937501,-0.07750624,1.751188,-1.477879,-0.07121663,-0.1453321,-0.01003395,-0.077399,-0.0775163,0.09228045,0.02420414,3
2014-02-24 18:42:31.702,2313,231.3,43.61123,3.925016,40.83433,15.49501,90.16733,9,5,1393263750,-0.9913025,0.1118469,-0.05633545,-11.4763,22.85959,-3.090343,358.8889,358.1779,25,-0.125812,-0.05056331,-0.1074684,1.745422,-1.48137,-0.06821381,-0.1401136,-0.0601489,-0.1073983,-0.004343875,0.08552561,0.001163335,3
2014-02-24 18:42:31.902,2314,231.4,43.61123,3.925016,40.83433,15.49501,90.16733,9,5,1393263750,-0.9703979,0.0705719,-0.04310608,-11.8598,22.6965,-3.033424,359.5082,358.7972,25,-0.1373049,-0.00835407,-0.0622394,1.739588,-1.48491,-0.06783845,-0.1516095,-0.01794583,-0.06216135,0.01372149,0.002861762,0.02285431,3
2014-02-24 18:42:32.100,2315,231.5,43.61123,3.925016,40.83433,15.49501,90.16733,9,5,1393263750,-0.9529724,0.0464325,-0.0164032,-12.95549,23.24014,-3.602623,0.5356483,359.8246,25,-0.1509578,-0.04570144,-0.04206303,1.733525,-1.489185,-0.06581211,-0.1576376,-0.0373699,-0.07493416,0.02411606,0.004807285,0.03823827,3
2014-02-24 18:42:32.234,2316,231.6,43.61123,3.925016,40.83433,15.49501,90.16733,9,5,1393263750,-0.9667206,0.05130005,-0.07705688,-12.572,22.75086,-3.204185,0.1973,359.4863,25,-0.1456328,-0.01662345,-0.09625863,1.730516,-1.490889,-0.06474533,-0.1652654,-0.05530065,-0.04198553,0.04174811,-0.01826761,0.06325217,3
2014-02-24 18:42:32.461,2317,231.7,43.61123,3.925016,40.83433,15.49501,90.16733,9,5,1393263750,-0.9964905,0.1121216,-0.03494263,-12.24329,22.75086,-3.431862,358.4673,357.7563,25,-0.1460877,-0.0422167,-0.0361849,1.727391,-1.491142,-0.06319933,-0.1599402,-0.02622264,-0.09618349,0.0281186,-0.01185722,0.002354444,3
2014-02-24 18:42:32.592,2318,231.8,43.61124,3.925214,40.11796,15.64118,89.24516,9,5,1393263751,-0.9564972,0.03041077,-0.03582764,-13.22942,22.75086,-2.407303,0.5007668,359.7898,25,-0.1520274,-0.02888731,-0.06452653,1.724375,-1.492677,-0.0626515,-0.160395,-0.05181586,-0.03610977,0.02691564,-0.04896917,0.02838727,3
2014-02-24 18:42:32.670,2319,231.9,43.61124,3.925214,40.11796,15.64118,89.24516,9,5,1393263751,-0.9473114,0.00177002,-0.1096344,-13.39378,23.02269,-2.122704,2.027836,1.316833,25,-0.1580836,0.06945977,-0.09135282,1.721205,-1.493438,-0.06162155,-0.1663346,-0.03848644,-0.06445139,-0.009628476,-0.02714347,0.03582894,3
2014-02-24 18:42:32.796,2320,232,43.61124,3.925214,40.11796,15.64118,89.24516,9,5,1393263751,-1.030441,0.03947449,-0.1147766,-13.17463,23.02269,-2.691898,0.1189003,359.4079,25,-0.1722812,0.03490845,-0.004342284,1.714409,-1.494522,-0.05910481,-0.1865909,0.02530195,-0.004274966,0.04804003,-0.05730039,-0.03356724,3
2014-02-24 18:42:32.896,2321,232.1,43.61124,3.925214,40.11796,15.64118,89.24516,9,5,1393263751,-1.046844,0.1065674,0.007400513,-12.29807,23.24015,-3.716461,358.1895,357.4785,25,-0.1408612,-0.1749265,-0.05360917,1.711332,-1.495091,-0.05772947,-0.1551684,-0.1845264,-0.05354492,-0.0349667,-0.01822293,-0.03926926,3
2014-02-24 18:42:32.997,2322,232.2,43.61124,3.925214,40.11796,15.64118,89.24516,9,5,1393263751,-0.9724426,-0.008377075,-0.07279968,-12.73635,23.02269,-3.374939,0.4843178,359.7733,25,-0.1610264,0.02576076,-0.02526035,1.708155,-1.496473,-0.05790059,-0.1753335,0.01616097,-0.02519611,-0.05127631,0.04869914,0.08153065,3
2014-02-24 18:42:33.082,2323,232.3,43.61124,3.925214,40.11796,15.64118,89.24516,9,5,1393263751,-1.03389,0.02632141,-0.1527557,-13.72249,20.95681,-2.80574,2.338498,1.627495,25,-0.1723744,0.2229204,-0.02142833,1.704831,-1.493744,-0.05715143,-0.1866814,0.2133207,-0.02136409,-0.04777725,-0.02054501,0.07115837,3
2014-02-24 18:42:33.184,2324,232.4,43.61124,3.925214,40.11796,15.64118,89.24516,9,5,1393263751,-1.03392,0.02639771,-0.00453186,-13.44856,20.90244,-3.659546,2.013688,1.302686,25,-0.1424315,-0.1191338,-0.02014841,1.701745,-1.49374,-0.05456041,-0.1567379,-0.1287341,-0.02009776,-0.06406708,0.009050033,-0.1047447,3
2014-02-24 18:42:33.304,2325,232.5,43.61124,3.925214,40.11796,15.64118,89.24516,9,5,1393263751,-1.03392,0.02639771,-0.00453186,-12.84592,20.30443,-3.374943,2.264621,1.553618,25,-0.1428813,0.07375491,0.006118879,1.699053,-1.496082,-0.05516077,-0.1498083,-0.02408536,0.02000571,-0.01996204,-0.00198644,0.1002421,3
2014-02-24 18:42:33.542,2326,232.6,43.61124,3.925408,38.33201,15.71076,88.65229,9,5,1393263752,-0.9855804,0.02902222,-0.1785583,-14.54426,22.09848,-4.114906,1.216251,0.505249,25,-0.1428813,0.07375491,0.006118879,1.696086,-1.494868,-0.05540412,-0.1571876,0.06415479,0.006169525,-0.03199907,-0.08018658,0.04535889,3
2014-02-24 18:42:33.621,2327,232.7,43.61124,3.925408,38.33201,15.71076,88.65229,9,5,1393263752,-0.9855804,0.02902222,-0.1785583,-13.55813,22.31594,-4.11491,359.8715,359.1605,25,-0.1308014,0.07067311,0.03441949,1.693346,-1.492709,-0.05605431,-0.1548069,0.2080233,-0.005769426,-0.03079722,0.03682477,0.04565927,3
2014-02-24 18:42:33.721,2328,232.8,43.61124,3.925408,38.33201,15.71076,88.65229,9,5,1393263752,-1.012634,0.04618835,-0.09902954,-13.01028,21.88101,-4.228752,359.4933,358.7823,25,-0.105993,-0.2100805,0.0526483,1.690546,-1.489812,-0.05640898,-0.1451077,0.06107305,0.03447014,0.009556795,-0.02735685,-0.09779155,3
2014-02-24 18:42:33.836,2329,232.9,43.61124,3.925408,38.33201,15.71076,88.65229,9,5,1393263752,-0.995163,0.07467651,-0.1038971,-12.90071,22.5334,-3.88723,0.5029945,359.792,25,-0.1293694,0.2912366,-0.0240281,1.688281,-1.493296,-0.05737955,-0.1202992,-0.2196805,0.05269894,-0.01727675,-0.01115971,-0.02173406,3
2014-02-24 18:42:33.950,2330,233,43.61124,3.925408,38.33201,15.71076,88.65229,9,5,1393263752,-0.9931641,0.0912323,-0.1527557,-13.06506,21.93538,-3.944145,1.101573,0.3905709,25,-0.119503,0.03204981,0.01261619,1.685833,-1.491424,-0.05792243,-0.1436756,0.2816367,-0.02397746,-0.01258677,0.08792294,0.1140219,3
2014-02-24 18:42:34.052,2331,233.1,43.61124,3.925408,38.33201,15.71076,88.65229,9,5,1393263752,-1.016907,0.1305084,-0.04115295,-12.51721,21.06554,-4.285667,359.92,359.209,25,-0.1219696,-0.03701847,0.02382437,1.683122,-1.48844,-0.05792365,-0.133809,0.02244986,0.01266684,-0.04564917,-0.03567446,-0.1057866,3
2014-02-24 18:42:34.121,2332,233.2,43.61124,3.925408,38.33201,15.71076,88.65229,9,5,1393263752,-0.9539795,0.0708313,-0.09559631,-12.90071,20.90244,-3.773388,1.228753,0.517751,25,-0.1339085,0.07460234,-0.03838094,1.680756,-1.490153,-0.05839009,-0.1362756,-0.04661838,0.02387502,0.05747512,0.02938112,0.02878282,3
2014-02-24 18:42:34.252,2333,233.3,43.61124,3.925408,38.33201,15.71076,88.65229,9,5,1393263752,-0.9404144,0.04660034,-0.09135437,-15.47561,20.95681,-3.488785,3.90378,3.192778,25,-0.1269079,0.04333523,0.01360769,1.678127,-1.488717,-0.05831305,-0.1482145,0.06500246,-0.0383303,-0.02196737,0.07222841,0.040695,3
2014-02-24 18:42:34.401,2334,233.4,43.61126,3.925598,36.49059,15.65947,87.69545,9,5,1393263753,-0.972702,0.1031036,-0.1028748,-14.87298,21.55483,-4.797947,2.041999,1.330997,25,-0.1303956,0.03971146,-0.01102522,1.675475,-1.488705,-0.05852166,-0.1412138,0.03373538,0.01365833,0.04094674,0.01234303,-0.01373721,3
2014-02-24 18:42:34.571,2335,233.5,43.61126,3.925598,36.49059,15.65947,87.69545,9,5,1393263753,-1.015564,0.06864929,-0.03678894,-14.43469,21.1199,-5.025627,2.183593,1.47259,25,-0.1389544,0.001102282,-0.0119038,1.672759,-1.488077,-0.05843425,-0.1447014,0.03011166,-0.01097458,0.05446528,-0.01180066,-0.008869889,3
2014-02-24 18:42:34.653,2336,233.6,43.61126,3.925598,36.49059,15.65947,87.69545,9,5,1393263753,-1.015564,0.06864929,-0.03678894,-14.16077,21.06554,-6.562477,359.765,359.054,25,-0.142836,-0.03157044,0.0165321,1.667276,-1.488968,-0.05898615,-0.1571417,-0.04117018,0.01658275,0.0527666,0.01183357,0.01734063,3
2014-02-24 18:42:34.754,2337,233.7,43.61126,3.925598,36.49059,15.65947,87.69545,9,5,1393263753,-0.953064,0.06799316,-0.07118225,-13.06507,21.283,-5.08255,2.754681,2.043679,25,-0.1427473,0.08947289,-0.01280261,1.664378,-1.488505,-0.05914737,-0.157053,0.0798732,-0.01275197,0.03269971,0.0471951,0.04071908,3
2014-02-24 18:42:34.872,2338,233.8,43.61126,3.925598,36.49059,15.65947,87.69545,9,5,1393263753,-0.9755096,0.02882385,-0.03895569,-13.01028,21.01117,-5.367153,2.341462,1.63046,25,-0.1451609,-0.001156611,-0.004902613,1.66138,-1.487699,-0.05959472,-0.1594666,-0.01075629,-0.00485197,0.04171631,0.00843371,0.01167222,3
2014-02-24 18:42:34.950,2339,233.9,43.61126,3.925598,36.49059,15.65947,87.69545,9,5,1393263753,-0.9850464,0.05685425,-0.05683899,-13.44856,21.01117,-4.911789,2.283237,1.572235,25,-0.1441473,-0.01904826,0.02460921,1.658546,-1.489079,-0.05997863,-0.1584529,-0.02864789,0.02465985,0.01936115,-0.03111883,0.04252424,3
2014-02-24 18:42:35.055,2340,234,43.61126,3.925598,36.49059,15.65947,87.69545,9,5,1393263753,-1.036728,0.04377747,-0.09048462,-13.17464,22.04411,-4.171825,3.520189,2.809186,25,-0.1475056,0.04625645,-0.02650378,1.655627,-1.488663,-0.06001035,-0.1618111,0.03665686,-0.02645314,0.009788568,-0.003120094,0.02505418,3
2014-02-24 18:42:35.177,2341,234.1,43.61126,3.925598,36.49059,15.65947,87.69545,9,5,1393263753,-1.007523,0.02648926,-0.04711914,-13.50335,22.47903,-5.765598,359.9382,359.2272,25,-0.1328465,0.01477735,-0.008459531,1.652779,-1.488138,-0.05918654,-0.1471515,0.005178706,-0.008413485,-0.04188716,-0.01537453,-0.008065333,3
2014-02-24 18:42:35.278,2342,234.2,43.61127,3.925776,35.96339,15.74097,86.31164,9,5,1393263754,-0.9893646,0.06600952,-0.04232788,-12.40764,21.50046,-5.993267,358.4078,357.6968,25,-0.1303769,-0.02596582,-0.003345729,1.650008,-1.489057,-0.05910109,-0.1446819,-0.03556444,-0.003299684,0.00326759,-0.01518241,0.005181772,3
2014-02-24 18:42:35.488,2343,234.3,43.61127,3.925776,35.96339,15.74097,86.31164,9,5,1393263754,-1.008392,0.02636719,-0.06858826,-13.39378,20.52188,-6.562473,356.9457,356.2347,25,-0.1289758,0.04859257,-0.03573376,1.647327,-1.489066,-0.05899868,-0.1432807,0.03899399,-0.03568772,-0.0497041,-0.03850242,0.0476377,3
2014-02-24 18:42:35.610,2344,234.4,43.61127,3.925776,35.96339,15.74097,86.31164,9,5,1393263754,-1.019348,0.0148468,-0.04229736,-12.90071,20.68498,-6.391716,356.7189,356.0079,25,-0.1155293,0.02614265,-0.02130769,1.644611,-1.490385,-0.05887733,-0.1298364,0.01653493,-0.02126021,-0.03663567,-0.05910272,-0.01771487,3
2014-02-24 18:42:35.799,2345,234.5,43.61127,3.925776,35.96339,15.74097,86.31164,9,5,1393263754,-1.037048,-0.03881836,-0.06843567,-14.48948,20.52188,-6.562473,356.7837,356.0727,25,-0.09205935,0.0534033,-0.03659903,1.639984,-1.493085,-0.0558157,-0.1160393,0.02656148,-0.05525761,-0.02391878,-0.04093992,0.0352153,3
2014-02-24 18:42:36.117,2346,234.6,43.61127,3.925776,35.96339,15.74097,86.31164,9,5,1393263754,-1.02803,0.01077271,-0.079422,-14.98254,19.48895,-6.39172,357.5351,356.8241,25,-0.09087025,0.03194488,-0.02816639,1.637869,-1.492482,-0.05524848,-0.106368,0.04378632,-0.03656302,-0.04163444,-0.09403874,0.00967879,3
2014-02-24 18:42:36.221,2347,234.7,43.61127,3.925776,35.96339,15.74097,86.31164,9,5,1393263754,-1.046448,-0.02653503,-0.05497742,-14.32512,19.38021,-7.643963,354.2988,353.5878,25,-0.07630409,-0.001708152,0.001629588,1.635932,-1.492358,-0.05280224,-0.1051787,0.02232711,-0.02814147,-0.03249452,-0.04200501,-0.001173422,3
2014-02-24 18:42:36.320,2348,234.8,43.61127,3.925776,35.96339,15.74097,86.31164,9,5,1393263754,-1.057068,-0.07846069,-0.09274292,-13.72249,19.54331,-7.928566,354.7881,354.0771,25,-0.07504681,0.07412297,-0.01317572,1.634167,-1.492438,-0.05270043,-0.09061246,-0.0113259,0.001654508,-0.04043278,-0.1355007,-0.002610254,3
2014-02-24 18:42:36.565,2349,234.9,43.61129,3.92596,36.07215,16.14322,84.16167,9,5,1393263755,-1.029877,-0.08891296,-0.07382202,-12.13372,20.68498,-7.530117,355.8954,355.1844,25,-0.06383491,0.01181085,-0.02067146,1.632454,-1.491675,-0.05260364,-0.08935511,0.06450526,-0.0131508,-0.0153869,-0.09203861,0.002025174,3
2014-02-24 18:42:36.678,2350,235,43.61129,3.92596,36.07215,16.14322,84.16167,9,5,1393263755,-1.038986,-0.03982544,-0.07429504,-11.03801,20.46752,-7.643963,354.4877,353.7767,25,-0.06299122,0.01785836,0.02620151,1.630802,-1.491356,-0.05263954,-0.07814315,0.002193184,-0.02064654,-0.02290607,-0.06610401,-0.01547982,3
2014-02-24 18:42:36.783,2351,235.1,43.61129,3.92596,36.07215,16.14322,84.16167,9,5,1393263755,-1.015045,-0.03044128,-0.08187866,-12.13372,18.6191,-7.074757,356.0679,355.3569,25,-0.06037999,0.03584375,0.004935104,1.629375,-1.491497,-0.0529107,-0.07729942,0.008240718,0.02622643,-0.03441431,-0.141799,0.00528351,3
2014-02-24 18:42:36.885,2352,235.2,43.61129,3.92596,36.07215,16.14322,84.16167,9,5,1393263755,-0.993576,-0.04495239,-0.09129333,-12.13372,19.38021,-8.099319,354.2822,353.5712,25,-0.05190102,0.02019289,0.02393889,1.628006,-1.491403,-0.05304953,-0.07468814,0.02622615,0.004960023,-0.04353855,-0.0928501,0.004903167,3
2014-02-24 18:42:36.971,2353,235.3,43.61129,3.92596,36.07215,16.14322,84.16167,9,5,1393263755,-0.993576,-0.04495239,-0.09129333,-12.1885,20.19569,-8.953121,351.6699,350.9589,25,-0.0446423,0.01244682,0.04050774,1.625665,-1.490199,-0.04854687,-0.05894922,0.002830311,0.04050316,0.002354329,-0.1094409,-0.009779174,3
2014-02-24 18:42:37.070,2354,235.4,43.61129,3.92596,36.07215,16.14322,84.16167,9,5,1393263755,-0.9950867,-0.02200317,-0.09440613,-11.96936,20.19569,-8.953125,351.5525,350.8415,25,-0.03824352,-0.02057612,0.01508335,1.625665,-1.490199,-0.04854687,-0.05894922,0.002830311,0.04050316,0.002354329,-0.1094409,-0.009779174,3
2014-02-24 18:42:37.182,2355,235.5,43.61129,3.92596,36.07215,16.14322,84.16167,9,5,1393263755,-0.9949188,-0.03289795,-0.08262634,-11.03801,18.51037,-7.871639,351.8561,351.1451,25,-0.02992914,0.008084025,0.04773051,1.622631,-1.490331,-0.04725851,-0.04423602,-0.001538011,0.04770737,0.0005648913,-0.06924409,-0.0141175,3
2014-02-24 18:42:37.283,2356,235.6,43.61129,3.92596,36.07215,16.14322,84.16167,9,5,1393263755,-1.011536,-0.04858398,-0.09732056,-11.58586,18.61911,-8.099323,351.9219,351.2109,25,-0.02739887,0.03860066,0.03455292,1.621922,-1.490594,-0.04815983,-0.04170569,0.02897866,0.03452978,0.0007109725,-0.08103917,-0.002603015,3
2014-02-24 18:42:37.508,2357,235.7,43.61131,3.926151,37.1581,16.09636,81.5529,9,5,1393263756,-0.9998779,-0.07579041,-0.09797668,-11.64065,19.10839,-8.156246,352.1767,351.4657,25,-0.0213993,0.06370255,0.04961576,1.62125,-1.490362,-0.04434454,-0.03570599,0.05407507,0.04956891,-0.01574863,-0.092914,-0.01705186,3
2014-02-24 18:42:37.711,2358,235.8,43.61131,3.926151,37.1581,16.09636,81.5529,9,5,1393263756,-1.01004,-0.07446289,-0.08442688,-11.42151,19.97823,-9.408482,350.3872,349.6762,25,-0.01888581,0.02631256,0.04883172,1.620245,-1.491535,-0.04248313,-0.03320257,0.01664819,0.04874709,0.01381384,-0.07147732,0.02196237,3
2014-02-24 18:42:37.820,2359,235.9,43.61131,3.926151,37.1581,16.09636,81.5529,9,5,1393263756,-1.01004,-0.07446289,-0.08442688,-10.7093,20.46752,-10.14845,348.6033,347.8923,25,0.007053649,0.004906076,0.03990507,1.619866,-1.490209,-0.043027,-0.02091468,0.08015451,0.04120662,0.03408585,-0.08447185,0.01873449,3
2014-02-24 18:42:37.995,2360,236,43.61131,3.926151,37.1581,16.09636,81.5529,9,5,1393263756,-0.9818115,-0.03811646,-0.0756073,-9.449244,19.76077,-9.066963,348.3104,347.5994,25,0.01806928,0.07183957,0.03701128,1.619742,-1.488233,-0.04165821,0.006232604,-0.003476605,0.04461595,-0.001081957,-0.1263172,0.006973885,3
2014-02-24 18:42:38.093,2361,236.1,43.61131,3.926151,37.1581,16.09636,81.5529,9,5,1393263756,-0.9893188,-0.006240845,-0.1051788,-8.408327,20.79371,-9.579247,346.0703,345.3593,25,0.03804006,-0.04262176,0.01955053,1.619871,-1.487582,-0.04220004,0.003753269,0.06218155,0.03691249,0.01384098,-0.08030397,0.007436663,3
2014-02-24 18:42:38.171,2362,236.2,43.61131,3.926151,37.1581,16.09636,81.5529,9,5,1393263756,-1.003113,-0.02082825,-0.09742737,-7.58655,20.63062,-8.725445,346.7093,345.9983,25,0.04148087,0.009725331,0.04253494,1.620269,-1.486639,-0.03902082,0.02372475,-0.05227517,0.01943323,0.006383528,-0.04525176,-0.02118522,3
2014-02-24 18:42:38.314,2363,236.3,43.61131,3.926151,37.1581,16.09636,81.5529,9,5,1393263756,-0.9724731,-0.05519104,-0.06268311,-7.750906,20.46752,-7.757797,347.9549,347.2439,25,0.0577075,-0.0175449,0.01832175,1.620797,-1.486428,-0.03965724,0.02716561,7.196334e-05,0.04241765,-0.007453097,-0.0604751,-0.01322583,3
2014-02-24 18:42:38.543,2364,236.4,43.61135,3.926357,37.66172,16.10496,78.90237,9,5,1393263757,-1.011002,-0.02667236,-0.1004028,-10.81887,21.44609,-7.985481,349.6436,348.9326,25,0.05532558,0.04575364,-0.001088434,1.621572,-1.486524,-0.03866717,0.0433925,-0.02719593,0.01819858,0.01389485,-0.02503144,-0.01040338,3
2014-02-24 18:42:38.647,2365,236.5,43.61135,3.926357,37.66172,16.10496,78.90237,9,5,1393263757,-1.026657,-0.002319336,-0.09199524,-11.25715,21.88102,-8.440842,349.4929,348.7819,25,0.06984086,-0.009358082,0.03830105,1.622353,-1.485892,-0.03901194,0.04101063,0.03610265,-0.0012116,0.0005072104,-0.06973325,0.02452674,3
2014-02-24 18:42:38.747,2366,236.6,43.61135,3.926357,37.66172,16.10496,78.90237,9,5,1393263757,-1.003845,-0.03962708,-0.07585144,-11.0928,22.26158,-8.270084,350.2095,349.4985,25,0.07892278,-0.02899384,-0.01655581,1.623413,-1.484477,-0.03562853,0.05552664,-0.01900293,0.03816113,0.00907226,-0.07192165,-0.02948881,3
2014-02-24 18:42:38.848,2367,236.7,43.61135,3.926357,37.66172,16.10496,78.90237,9,5,1393263757,-0.9988251,-0.01339722,-0.1588898,-10.65452,22.04411,-8.156246,349.2567,348.5457,25,0.08600226,0.05286694,0.008521583,1.624568,-1.485507,-0.03556012,0.06460858,-0.03863867,-0.01669573,-0.03092197,-0.03787196,-0.006862685,3
2014-02-24 18:42:38.932,2368,236.8,43.61135,3.926357,37.66172,16.10496,78.90237,9,5,1393263757,-1.004303,0.02812195,-0.08612061,-9.832739,21.88102,-8.554684,348.0714,347.3604,25,0.08255213,-0.04135809,-0.007015299,1.625828,-1.484915,-0.03569272,0.07168813,0.04322216,0.008381665,-0.008165289,-0.07531222,0.009869355,3
2014-02-24 18:42:39.080,2369,236.9,43.61135,3.926357,37.66172,16.10496,78.90237,9,5,1393263757,-1.063217,-0.02259827,-0.1107941,-8.353546,22.58776,-7.35936,349.1606,348.4496,25,0.09878091,-0.1614592,-0.01741841,1.627078,-1.483669,-0.03464181,0.0682381,-0.05099881,-0.007158061,-0.003215939,-0.04803209,-0.07192497,3
2014-02-24 18:42:39.166,2370,237,43.61135,3.926357,37.66172,16.10496,78.90237,9,5,1393263757,-1.063217,-0.02259827,-0.1107941,-6.436062,24.05563,-6.164032,349.8167,349.1057,25,0.09230649,0.1433305,-0.02397458,1.630082,-1.489383,-0.0297195,0.07799421,0.1336735,-0.02413723,-0.04359303,-0.09699112,0.07056019,3
2014-02-24 18:42:39.278,2371,237.1,43.61135,3.926357,37.66172,16.10496,78.90237,9,5,1393263757,-0.9436951,-0.01252747,-0.007110596,-7.750904,24.05563,-5.708672,351.0449,350.3339,25,0.1074711,-0.05505393,-0.04300872,1.630082,-1.489383,-0.0297195,0.07799421,0.1336735,-0.02413723,-0.04359303,-0.09699112,0.07056019,3
2014-02-24 18:42:39.416,2372,237.2,43.61135,3.926357,37.66172,16.10496,78.90237,9,5,1393263757,-0.9436951,-0.01252747,-0.007110596,-7.915258,23.7838,-7.245518,348.3934,347.6824,25,0.1209666,-0.1284946,-0.02691204,1.633533,-1.490872,-0.02827166,0.1066544,-0.1381515,-0.02707469,-0.03148365,-0.1045161,-0.03017811,3
2014-02-24 18:42:39.584,2373,237.3,43.61138,3.926562,39.06004,15.94088,78.12845,9,5,1393263758,-1.104797,-0.01148987,-0.08599854,-9.613602,23.51197,-7.985481,346.6417,345.9307,25,0.1205749,0.1209397,-0.01644609,1.635411,-1.49227,-0.02475251,0.1062634,0.1112784,-0.01661944,0.05291792,-0.03727745,0.07131122,3
2014-02-24 18:42:39.665,2374,237.4,43.61138,3.926562,39.06004,15.94088,78.12845,9,5,1393263758,-1.011993,-0.02763367,-0.09848022,-10.10667,23.24015,-8.156239,345.632,344.9211,25,0.1300896,0.02276976,-0.1127641,1.637254,-1.490408,-0.02344755,0.1157781,0.01310844,-0.1129375,-0.1083008,-0.03493527,-0.005718515,3
2014-02-24 18:42:39.769,2375,237.5,43.61138,3.926562,39.06004,15.94088,78.12845,9,5,1393263758,-0.9609528,-0.09494019,-0.004745483,-9.613602,23.51197,-7.302437,345.7393,345.0283,25,0.1357072,-0.04911162,-0.03575667,1.63944,-1.488739,-0.01949454,0.1213956,-0.05876297,-0.03594451,-0.01554762,-0.04712697,-0.01653017,3
2014-02-24 18:42:39.897,2376,237.6,43.61138,3.926562,39.06004,15.94088,78.12845,9,5,1393263758,-0.9985046,-0.04006958,-0.1216278,-10.65452,23.02269,-7.700882,347.2394,346.5284,25,0.1593668,-0.005055212,-0.07701835,1.641876,-1.490081,-0.01794535,0.1450552,-0.01470655,-0.07720619,-0.03176705,-0.09274297,0.03204619,3
2014-02-24 18:42:39.978,2377,237.7,43.61138,3.926562,39.06004,15.94088,78.12845,9,5,1393263758,-0.9922485,-0.1019135,-0.1006165,-10.16145,22.85959,-7.188599,348.1261,347.4151,25,0.1505418,0.1626291,-0.07639331,1.644257,-1.489721,-0.01266222,0.136232,0.152969,-0.07659958,-0.007682959,-0.08694167,0.0395221,3
2014-02-24 18:42:40.083,2378,237.8,43.61138,3.926562,39.06004,15.94088,78.12845,9,5,1393263758,-0.9922485,-0.1019135,-0.1006165,-9.887531,22.3703,-6.107117,349.7159,349.0049,25,0.1803035,0.01093627,-0.08166557,1.646914,-1.488993,-0.01088316,0.1620748,-0.04834013,-0.0462321,0.04396025,-0.1170536,-0.07011787,3
2014-02-24 18:42:40.186,2379,237.9,43.61138,3.926562,39.06004,15.94088,78.12845,9,5,1393263758,-0.9770203,-0.1522064,-0.1088409,-10.21624,21.82665,-6.107113,350.2522,349.5412,25,0.1803035,0.01093627,-0.08166557,1.649834,-1.489638,-0.009603644,0.1659937,0.001276177,-0.08187184,0.004413953,-0.1115169,-0.01955069,3
2014-02-24 18:42:40.225,2380,238,43.61138,3.926562,39.06004,15.94088,78.12845,9,5,1393263758,-0.9770203,-0.1522064,-0.1088409,-10.16146,22.09848,-6.84708,349.0413,348.3303,25,0.1985501,0.02826573,-0.05819726,1.652838,-1.488327,-0.008330639,0.170442,0.09120984,-0.03695577,0.01242065,-0.1280357,0.02879917,3
2014-02-24 18:42:40.535,2381,238.1,43.61142,3.926752,41.3317,15.81376,77.37356,9,5,1393263759,-0.9899292,-0.122757,-0.07701111,-10.87366,22.04411,-8.270084,349.1583,348.4473,25,0.2118979,0.09987281,-0.04586363,1.65969,-1.485828,0.001297594,0.1990707,0.02885207,-0.06778082,-0.03647593,-0.0368036,-0.007891879,3
2014-02-24 18:42:40.648,2382,238.2,43.61142,3.926752,41.3317,15.81376,77.37356,9,5,1393263759,-0.9846649,-0.1211853,-0.1179352,-10.16145,21.33736,-6.84708,350.9728,350.2618,25,0.2284457,0.03266633,-0.1037043,1.663272,-1.484882,0.002995508,0.197589,0.09021878,-0.04610482,0.0173033,-0.1140241,0.005943287,3
2014-02-24 18:42:40.749,2383,238.3,43.61142,3.926752,41.3317,15.81376,77.37356,9,5,1393263759,-0.9745178,-0.1371002,-0.08355713,-9.33968,20.63062,-5.993275,352.266,351.555,25,0.2392304,0.03643098,-0.0684443,1.667,-1.484037,0.009944211,0.2141383,0.02301066,-0.1039709,-0.03741037,-0.03133098,-0.03537799,3
2014-02-24 18:42:40.850,2384,238.4,43.61142,3.926752,41.3317,15.81376,77.37356,9,5,1393263759,-1.014084,-0.0606842,-0.1226196,-9.449247,21.71792,-7.245518,350.4158,349.7048,25,0.2378698,0.06711432,-0.05702573,1.671007,-1.483675,0.01134181,0.2249231,0.02677534,-0.06871096,-0.002910737,-0.05746031,-0.009047995,3
2014-02-24 18:42:40.930,2385,238.5,43.61142,3.926752,41.3317,15.81376,77.37356,9,5,1393263759,-0.9678345,-0.1213074,-0.08358765,-10.38059,22.75086,-7.757793,349.9376,349.2266,25,0.2469358,0.02032471,-0.1057523,1.675049,-1.483132,0.01867494,0.2235638,0.05745872,-0.05731924,-0.01274178,-0.1156493,0.005505503,3
2014-02-24 18:42:41.061,2386,238.6,43.61142,3.926752,41.3317,15.81376,77.37356,9,5,1393263759,-0.9783783,-0.1371765,-0.1060333,-10.3258,23.13141,-7.131676,351.1385,350.4275,25,0.2461512,0.1161836,-0.02340466,1.679177,-1.482329,0.02048161,0.2326298,0.01066914,-0.1060458,-0.01820346,-0.04020403,-0.03428626,3
2014-02-24 18:42:41.162,2387,238.7,43.61142,3.926752,41.3317,15.81376,77.37356,9,5,1393263759,-1.041519,-0.09004211,-0.1276093,-9.065746,22.75085,-7.074757,350.0312,349.3202,25,0.2589898,0.01500452,-0.07391071,1.683465,-1.481459,0.02611364,0.2318463,0.106528,-0.02371965,0.02783804,-0.0951967,0.005600295,3
2014-02-24 18:42:41.260,2388,238.8,43.61142,3.926752,41.3317,15.81376,77.37356,9,5,1393263759,-1.052795,-0.0827179,-0.1180267,-8.627468,24.05562,-7.074757,349.6187,348.9077,25,0.2600441,0.06046814,-0.05909421,1.687848,-1.481099,0.02802005,0.2446849,0.005348918,-0.07422569,0.01721066,-0.1091601,-0.01649165,3
2014-02-24 18:42:41.400,2389,238.9,43.61142,3.926752,41.3317,15.81376,77.37356,9,5,1393263759,-1.052795,-0.0827179,-0.1180267,-8.956179,24.05563,-7.302441,349.1393,348.4283,25,0.2634996,0.04261377,-0.02721271,1.696706,-1.478565,0.03305911,0.2491938,0.0329653,-0.02753992,-0.008364981,-0.09762318,-0.01724787,3
2014-02-24 18:42:41.552,2390,239,43.61147,3.926937,41.01372,15.81376,78.74145,9,5,1393263760,-1.028854,-0.06161499,-0.1608429,-9.613602,22.96832,-7.757801,348.1284,347.4174,25,0.2640151,0.03192171,-0.08927795,1.696706,-1.478565,0.03305911,0.2491938,0.0329653,-0.02753992,-0.008364981,-0.09762318,-0.01724787,3
2014-02-24 18:42:41.681,2391,239.1,43.61147,3.926937,41.01372,15.81376,78.74145,9,5,1393263760,-1.028854,-0.06161499,-0.1608429,-8.846609,22.64212,-6.505558,348.3154,347.6044,25,0.2632487,0.0790847,-0.001762746,1.705688,-1.476279,0.04081184,0.248943,0.06944269,-0.002116722,0.02392813,-0.1185623,-0.02024917,3
2014-02-24 18:42:41.780,2392,239.2,43.61147,3.926937,41.01372,15.81376,78.74145,9,5,1393263760,-1.031281,-0.1841583,-0.1433563,-9.777956,22.6965,-6.220955,351.0386,350.3276,25,0.2530386,0.04645751,-0.1036026,1.710173,-1.475206,0.04285307,0.238733,0.03681555,-0.1039565,-0.03433354,-0.01877504,-0.06548541,3
2014-02-24 18:42:41.872,2393,239.3,43.61147,3.926937,41.01372,15.81376,78.74145,9,5,1393263760,-1.029053,-0.2302856,-0.1683655,-10.49016,22.5334,-6.505558,351.2226,350.5116,25,0.2805784,-0.05220089,0.005550294,1.715049,-1.474801,0.04853586,0.2662719,-0.06183238,0.005169012,-0.03705679,-0.1356415,-0.0476208,3
2014-02-24 18:42:41.999,2394,239.4,43.61147,3.926937,41.01372,15.81376,78.74145,9,5,1393263760,-1.018005,-0.09584045,-0.1672821,-11.36673,22.96832,-7.07476,350.166,349.455,25,0.2807827,0.1332561,-0.04787432,1.71989,-1.473694,0.05018723,0.2664762,0.1236246,-0.0482556,-0.0350166,-0.1801195,-0.07153816,3
2014-02-24 18:42:42.095,2395,239.5,43.61147,3.926937,41.01372,15.81376,78.74145,9,5,1393263760,-1.068863,-0.1292114,-0.1100616,-10.98323,24.00126,-6.562477,350.9829,350.2719,25,0.3006546,-0.08525817,-0.03733885,1.725015,-1.473738,0.05086583,0.2863483,-0.0948896,-0.03772013,-0.06614388,-0.02850181,-0.1266998,3
2014-02-24 18:42:42.196,2396,239.6,43.61147,3.926937,41.01372,15.81376,78.74145,9,5,1393263760,-1.033539,-0.1174927,-0.1770477,-10.43538,24.00126,-6.334797,351.1509,350.4399,25,0.3149992,-0.01680961,0.004362258,1.730361,-1.472715,0.05355329,0.3006893,-0.02642646,0.003971312,-0.05655631,-0.1419526,-0.01256823,3
2014-02-24 18:42:42.295,2397,239.7,43.61147,3.926937,41.01372,15.81376,78.74145,9,5,1393263760,-1.033539,-0.1174927,-0.1770477,-10.43538,22.58776,-6.903996,349.8835,349.1725,25,0.332571,-0.1109739,-0.02387684,1.735812,-1.47244,0.05451943,0.2996041,0.0866277,-0.03116217,-0.009226107,-0.05537086,-0.02992397,3
2014-02-24 18:42:42.490,2398,239.8,43.61147,3.926937,41.01372,15.81376,78.74145,9,5,1393263760,-1.030319,-0.1489868,-0.1065521,-10.59973,22.75086,-7.416283,351.1523,350.4413,25,0.3159367,0.05593704,0.02946974,1.741277,-1.469851,0.05742855,0.3182577,-0.1205753,-0.02428005,-0.04026965,-0.06009569,-0.0764399,3
2014-02-24 18:42:42.602,2399,239.9,43.61147,3.926937,41.01372,15.81376,78.74145,9,5,1393263760,-0.995224,-0.1389771,-0.1306,-10.49016,22.64213,-8.099323,351.0539,350.3429,25,0.3473654,-0.08711493,-0.03100665,1.74705,-1.471087,0.05798161,0.3016233,0.04633572,0.02906653,-0.03695819,-0.09103769,-0.007175172,3
2014-02-24 18:42:42.732,2400,240,43.6115,3.927127,42.4796,15.19706,76.78937,9,5,1393263761,-1.060394,-0.05271912,-0.1300659,-10.38059,22.64213,-7.757797,351.0005,350.2895,25,0.3308349,0.03101677,0.01695209,1.752936,-1.470995,0.06206576,0.3330518,-0.09670839,-0.03142609,-0.002115935,-0.07695113,-0.03115573,3
2014-02-24 18:42:43.047,2401,240.1,43.6115,3.927127,42.4796,15.19706,76.78937,9,5,1393263761,-0.9701538,-0.1795197,-0.1387939,-9.394461,21.4461,-7.871635,347.042,346.331,25,0.3409544,-0.05181579,-0.004431234,1.758901,-1.471604,0.06229869,0.3165213,0.02142334,0.01653265,-0.007105291,-0.0902532,0.01314393,3
2014-02-24 18:42:43.186,2402,240.2,43.6115,3.927127,42.4796,15.19706,76.78937,9,5,1393263761,-0.9669647,-0.1387939,-0.15271,-11.14758,22.75086,-7.416279,349.5039,348.7929,25,0.3383059,0.02872379,0.006488259,1.764893,-1.472409,0.06330869,0.3266408,-0.06140919,-0.004850671,-0.01899099,-0.03156697,-0.04967349,3
2014-02-24 18:42:43.301,2403,240.3,43.6115,3.927127,42.4796,15.19706,76.78937,9,5,1393263761,-1.021515,-0.03768921,-0.1404419,-11.58587,22.75086,-6.277874,352.0572,351.3462,25,0.3419824,-0.02443956,0.01642718,1.770976,-1.471984,0.06797634,0.323992,0.01914188,0.006044477,-0.02589871,0.02358196,0.01268432,3
2014-02-24 18:42:43.544,2404,240.4,43.6115,3.927127,42.4796,15.19706,76.78937,9,5,1393263761,-0.9831543,-0.1392822,-0.1353455,-10.43538,22.3703,-7.814724,348.0033,347.2923,25,0.3397693,-0.008851815,-0.01659282,1.776885,-1.471964,0.06903182,0.3276685,-0.03402145,0.0159834,0.02578522,-0.06981694,-0.05427357,3
2014-02-24 18:42:43.652,2405,240.5,43.6115,3.927127,42.4796,15.19706,76.78937,9,5,1393263761,-1.000076,-0.1468658,-0.1306,-10.21624,22.91396,-7.131676,348.5888,347.8778,25,0.3514795,0.01220047,0.05370025,1.782983,-1.473064,0.06909058,0.3254555,-0.01843366,-0.0170366,-0.02866136,0.03134642,-0.04309746,3
2014-02-24 18:42:43.863,2406,240.6,43.6115,3.927127,42.4796,15.19706,76.78937,9,5,1393263761,-1.000076,-0.1468658,-0.1306,-10.05188,23.29451,-7.530121,348.4582,347.7472,25,0.3458242,-0.05625555,0.002697782,1.795312,-1.473709,0.07310309,0.3315105,-0.06582963,0.002236508,-0.03230038,0.01336088,-0.05925374,3
2014-02-24 18:42:44.000,2407,240.7,43.61153,3.927312,42.79942,15.37843,77.19503,9,5,1393263762,-1.059631,-0.08082581,-0.1513062,-9.997097,22.3703,-7.017838,349.3478,348.6368,25,0.3394058,0.05150234,0.01918088,1.795312,-1.473709,0.07310309,0.3315105,-0.06582963,0.002236508,-0.03230038,0.01336088,-0.05925374,3
2014-02-24 18:42:44.145,2408,240.8,43.61153,3.927312,42.79942,15.37843,77.19503,9,5,1393263762,-0.9798889,-0.1434937,-0.1557465,-11.14758,22.42467,-6.960915,350.2952,349.5842,25,0.4187025,-0.05483635,-0.03180933,1.84823,-1.46915,0.0847633,0.4043636,-0.06439979,-0.0323009,-0.0538535,0.004064908,-0.1134011,3
2014-02-24 18:42:44.259,2409,240.9,43.61153,3.927312,42.79942,15.37843,77.19503,9,5,1393263762,-1.020432,-0.07684326,-0.1703491,-10.92845,22.85959,-6.619392,351.1212,350.4102,25,0.420495,0.05564462,0.03399658,1.84823,-1.46915,0.0847633,0.4043636,-0.06439979,-0.0323009,-0.0538535,0.004064908,-0.1134011,3
2014-02-24 18:42:44.402,2410,241,43.61153,3.927312,42.79942,15.37843,77.19503,9,5,1393263762,-0.9790497,-0.133606,-0.1655731,-11.03801,22.96832,-7.757801,348.6042,347.8932,25,0.4261439,0.00969071,-0.04879124,1.855762,-1.46999,0.08563304,0.4061563,0.04608122,0.03350502,0.0342617,-0.05337234,-0.03770315,3
2014-02-24 18:42:44.563,2411,241.1,43.61153,3.927312,42.79942,15.37843,77.19503,9,5,1393263762,-0.9981842,-0.1614227,-0.2084961,-10.54495,22.80523,-8.497761,347.0714,346.3604,25,0.4442611,0.0237498,-0.008868859,1.86327,-1.470087,0.08687985,0.4118052,0.0001273269,-0.0492828,-0.02925097,0.009927333,-0.07018936,3
2014-02-24 18:42:44.656,2412,241.2,43.61153,3.927312,42.79942,15.37843,77.19503,9,5,1393263762,-1.002594,-0.1141052,-0.1611023,-10.7093,22.09848,-8.668522,345.9933,345.2823,25,0.4356271,0.05879727,-0.01163988,1.870925,-1.467807,0.08992744,0.4299192,0.01420097,-0.009371751,0.01163223,-0.04379967,-0.06318081,3
2014-02-24 18:42:44.782,2413,241.3,43.61153,3.927312,42.79942,15.37843,77.19503,9,5,1393263762,-1.02507,-0.1249542,-0.2149353,-10.65452,22.6965,-7.35936,349.5491,348.8381,25,0.4505539,0.008943694,-0.02391412,1.878745,-1.467414,0.09119316,0.4212853,0.04924848,-0.01214277,-0.007656449,-0.07035591,-0.1057265,3
2014-02-24 18:42:44.879,2414,241.4,43.61153,3.927312,42.79942,15.37843,77.19503,9,5,1393263762,-0.9956512,-0.1444244,-0.193985,-9.723171,22.75085,-7.530117,348.89,348.179,25,0.4514149,0.06591643,0.01307745,1.886499,-1.465556,0.09192928,0.4362064,-0.0005905616,-0.02441734,-0.01232577,-0.02230537,-0.0565,3
2014-02-24 18:42:44.994,2415,241.5,43.61153,3.927312,42.79942,15.37843,77.19503,9,5,1393263762,-0.9956512,-0.1444244,-0.193985,-9.997093,22.3703,-7.928558,347.7024,346.9914,25,0.4603447,-0.01130512,-0.01423753,1.902483,-1.462654,0.09350152,0.4459907,-0.02082384,-0.01473819,-0.03328609,0.01327195,-0.103889,3
2014-02-24 18:42:45.093,2416,241.6,43.61153,3.927312,42.79942,15.37843,77.19503,9,5,1393263762,-1.020096,-0.03817749,-0.2008972,-10.27102,22.64213,-7.530117,348.5325,347.8215,25,0.4489837,0.03190707,0.0145587,1.902483,-1.462654,0.09350152,0.4459907,-0.02082384,-0.01473819,-0.03328609,0.01327195,-0.103889,3
2014-02-24 18:42:45.200,2417,241.7,43.61157,3.9275,42.41653,15.29952,77.6972,9,5,1393263763,-1.020096,-0.03817749,-0.2008972,-10.32581,21.71793,-5.993279,351.6612,350.9502,25,0.4677456,-0.02711471,-0.01401222,1.919006,-1.464211,0.09562108,0.4533917,-0.03663337,-0.01451289,-0.03301372,-0.03758121,-0.1186969,3
2014-02-24 18:42:45.398,2418,241.8,43.61157,3.9275,42.41653,15.29952,77.6972,9,5,1393263763,-0.9775238,-0.1429138,-0.2064667,-10.43538,23.34888,-7.245518,349.1975,348.4865,25,0.465181,-0.03608929,0.0001280981,1.927057,-1.462324,0.09851636,0.4474257,0.02201555,-0.04682438,-0.03079349,0.06017959,-0.09316249,3
2014-02-24 18:42:45.581,2419,241.9,43.61157,3.9275,42.41653,15.29952,77.6972,9,5,1393263763,-0.9983368,-0.07049561,-0.1906433,-10.59973,22.85959,-6.84708,349.5623,348.8513,25,0.4655602,-0.002497779,-0.05181286,1.935409,-1.463584,0.09994448,0.4508242,-0.04559381,-0.0003807144,0.01177277,-0.04313564,-0.09999318,3
2014-02-24 18:42:45.679,2420,242,43.61157,3.9275,42.41653,15.29952,77.6972,9,5,1393263763,-1.023376,-0.1119843,-0.2091675,-10.87366,23.02269,-6.676315,350.2627,349.5517,25,0.4539608,0.0001936118,0.01257012,1.943575,-1.462588,0.1010274,0.4511994,-0.0119918,-0.05232128,-0.06166866,-0.005406618,-0.08450884,3
2014-02-24 18:42:45.779,2421,242.1,43.61157,3.9275,42.41653,15.29952,77.6972,9,5,1393263763,-1.007904,-0.1351776,-0.1970978,-10.10667,22.91396,-6.676315,350.4335,349.7225,25,0.4628105,-0.02374341,-0.01291953,1.951859,-1.463563,0.1021808,0.4396,-0.009300362,0.01206171,0.002314692,-0.07960706,-0.09491584,3
2014-02-24 18:42:45.871,2422,242.2,43.61157,3.9275,42.41653,15.29952,77.6972,9,5,1393263763,-0.9774323,-0.1498566,-0.1985931,-9.832739,22.96832,-7.302441,348.2113,347.5003,25,0.4663677,-0.01452754,0.002275139,1.959828,-1.461417,0.1059889,0.4484459,-0.03321825,-0.01343831,0.005490056,-0.06689313,-0.08993735,3
2014-02-24 18:42:45.988,2423,242.3,43.61157,3.9275,42.41653,15.29952,77.6972,9,5,1393263763,-1.021378,-0.06713867,-0.2075195,-9.942312,24.27309,-7.302437,348.9541,348.2431,25,0.4660473,-0.008554606,0.04092613,1.968233,-1.462918,0.1066738,0.4520032,-0.02400237,0.001756352,-0.01936848,-0.02870597,-0.09004076,3
2014-02-24 18:42:46.188,2424,242.4,43.6116,3.927682,40.92316,15.35033,78.15273,9,5,1393263764,-1.008499,-0.1433868,-0.2282562,-10.59974,22.96832,-6.733242,350.6666,349.9556,25,0.4608672,0.009772469,0.07002542,1.98489,-1.462305,0.1088145,0.4606373,-0.06356534,0.004568206,-0.03313669,0.04146119,-0.09988106,3
2014-02-24 18:42:46.531,2425,242.5,43.6116,3.927682,40.92316,15.35033,78.15273,9,5,1393263764,-1.039734,-0.06057739,-0.1872864,-10.32581,24.00126,-7.473202,348.9219,348.2109,25,0.4694682,0.02003922,0.07000758,2.001755,-1.462703,0.1077456,0.4679867,-0.08158514,0.01068793,-0.07245355,0.05429936,-0.09690524,3
2014-02-24 18:42:46.633,2426,242.6,43.6116,3.927682,40.92316,15.35033,78.15273,9,5,1393263764,-1.039734,-0.06057739,-0.1872864,-9.723171,22.85959,-7.643959,347.4859,346.7749,25,0.4832404,-0.0129166,0.04582608,2.018802,-1.46246,0.1093329,0.4688599,-0.0223465,0.04530691,0.01346999,-0.0327,-0.07454279,3
2014-02-24 18:42:46.733,2427,242.7,43.6116,3.927682,40.92316,15.35033,78.15273,9,5,1393263764,-0.9812775,-0.1148071,-0.1930389,-10.43538,22.3703,-7.928562,347.3348,346.6238,25,0.4749631,-0.007651262,0.003463707,2.027525,-1.463517,0.1094598,0.4605825,-0.01708115,0.00294454,-0.05143315,0.048664,-0.08085338,3
2014-02-24 18:42:46.837,2428,242.8,43.6116,3.927682,40.92316,15.35033,78.15273,9,5,1393263764,-1.044174,-0.08546448,-0.193985,-10.38059,22.96832,-7.302441,349.0316,348.3206,25,0.4868751,-0.004908472,0.05164828,2.036329,-1.464957,0.1098265,0.4724946,-0.01433832,0.05112912,0.007135676,-0.005201293,-0.08803407,3
2014-02-24 18:42:47.034,2429,242.9,43.6116,3.927682,40.92316,15.35033,78.15273,9,5,1393263764,-0.9827728,-0.09085083,-0.1971436,-9.887526,22.91395,-7.131676,349.7277,349.0167,25,0.4858269,0.02660152,0.02434928,2.053734,-1.464625,0.1086259,0.4714393,0.01718103,0.02384011,-0.03657712,0.01568472,-0.06689399,3
2014-02-24 18:42:47.145,2430,243,43.6116,3.927682,40.92316,15.35033,78.15273,9,5,1393263764,-0.9642181,-0.02438354,-0.1915588,-9.504034,22.75086,-6.960918,349.8857,349.1747,25,0.4883114,0.01414458,0.02332157,2.062177,-1.461254,0.1082011,0.4739152,0.00474085,0.02282028,0.01810044,0.03476321,-0.0923349,3
2014-02-24 18:42:47.245,2431,243.1,43.6116,3.927682,40.92316,15.35033,78.15273,9,5,1393263764,-0.9642181,-0.02438354,-0.1915588,-10.54495,22.6965,-6.220959,351.5913,350.8803,25,0.4794531,0.08676845,0.04247076,2.070993,-1.462536,0.1087237,0.4753859,-0.0554825,0.002306486,-0.08798786,0.07152237,-0.1048696,3
2014-02-24 18:42:47.370,2432,243.2,43.61163,3.927867,40.3075,15.39061,78.43736,9,5,1393263765,-1.032425,-0.001464844,-0.1291199,-10.87366,23.13141,-6.903996,350.5964,349.8854,25,0.4794531,0.08676845,0.04247076,2.079693,-1.462384,0.1098977,0.4650556,0.07737175,0.04196825,-0.0003629419,-0.01257678,-0.03284928,3
2014-02-24 18:42:47.558,2433,243.3,43.61163,3.927867,40.3075,15.39061,78.43736,9,5,1393263765,-1.032425,-0.001464844,-0.1291199,-10.32581,23.02269,-7.587036,348.5568,347.8458,25,0.4771474,0.03452362,0.03122743,2.088377,-1.462478,0.1110971,0.4782593,-0.06831298,-0.04681195,-0.07885356,0.1006606,-0.09614219,3
2014-02-24 18:42:47.655,2434,243.4,43.61163,3.927867,40.3075,15.39061,78.43736,9,5,1393263765,-0.9716339,-0.1371002,-0.2103271,-10.21624,23.02269,-7.587036,348.3,347.589,25,0.4885782,0.05463821,-0.01578322,2.097325,-1.464879,0.111317,0.4627499,0.025127,0.03072492,-0.04418361,0.1096224,-0.02405454,3
2014-02-24 18:42:47.773,2435,243.5,43.61163,3.927867,40.3075,15.39061,78.43736,9,5,1393263765,-0.9874725,-0.06375122,-0.1856842,-9.668383,22.80523,-6.903996,348.0886,347.3776,25,0.482124,0.04469663,0.02296417,2.11461,-1.463268,0.1100566,0.4752764,-0.01801385,0.008991942,0.002628786,0.06176938,-0.1132531,3
2014-02-24 18:42:47.880,2436,243.6,43.61163,3.927867,40.3075,15.39061,78.43736,9,5,1393263765,-0.9827881,-0.09083557,-0.1951904,-10.10667,23.13142,-8.383926,347.9564,347.2454,25,0.4898837,0.005896239,-0.01764131,2.123137,-1.461436,0.1106969,0.4677139,0.03531799,0.02248043,-0.004825287,0.01196018,-0.07118262,3
2014-02-24 18:42:47.961,2437,243.7,43.61163,3.927867,40.3075,15.39061,78.43736,9,5,1393263765,-1.000122,-0.03263855,-0.2006989,-10.76409,22.80523,-7.473202,347.6595,346.9485,25,0.4747141,0.01070458,0.03143648,2.131879,-1.462124,0.111564,0.4754736,-0.003482359,-0.01812505,-0.0206851,0.05490569,-0.09674467,3
2014-02-24 18:42:48.068,2438,243.8,43.61163,3.927867,40.3075,15.39061,78.43736,9,5,1393263765,-1.056885,-0.04450989,-0.2256317,-11.14759,22.64213,-7.302441,347.7391,347.0281,25,0.4799845,0.02964711,-0.01444871,2.140612,-1.463051,0.1122501,0.460304,0.001326004,0.03095275,0.005156031,0.02117897,-0.08832994,3
2014-02-24 18:42:48.167,2439,243.9,43.61163,3.927867,40.3075,15.39061,78.43736,9,5,1393263765,-0.9687195,-0.08825684,-0.2067566,-10.98323,23.24015,-7.245518,348.8943,348.1833,25,0.4822982,0.01735742,0.005636048,2.14906,-1.461416,0.1105971,0.4655674,0.02027493,-0.01491973,-0.0121713,0.07773327,-0.09220302,3
2014-02-24 18:42:48.318,2440,244,43.61166,3.928057,39.73164,15.49828,77.7793,9,5,1393263766,-0.9698334,-0.08618164,-0.197998,-10.92845,23.6207,-7.530121,348.2922,347.5812,25,0.4871127,-0.0051407,0.02232528,2.157747,-1.461805,0.1112597,0.4678812,0.007985279,0.005165033,-0.0689647,0.06652039,-0.1175288,3
2014-02-24 18:42:48.519,2441,244.1,43.61166,3.928057,39.73164,15.49828,77.7793,9,5,1393263766,-0.9698334,-0.08618164,-0.197998,-9.120535,23.13142,-7.58704,346.5195,345.8085,25,0.477529,0.03301894,-0.0156783,2.17474,-1.460019,0.1103232,0.4631032,0.02366029,-0.01613546,-0.05465223,0.08834054,-0.09724358,3
2014-02-24 18:42:48.643,2442,244.2,43.61166,3.928057,39.73164,15.49828,77.7793,9,5,1393263766,-1.010223,-0.06846619,-0.2210388,-9.613602,23.94689,-7.302444,347.5447,346.8337,25,0.4723276,0.02872592,0.01950659,2.182857,-1.456224,0.109225,0.4578941,0.01938273,0.01906023,-0.02977974,0.04856788,-0.1241067,3
2014-02-24 18:42:48.746,2443,244.3,43.61166,3.928057,39.73164,15.49828,77.7793,9,5,1393263766,-1.037872,-0.0536499,-0.1902618,-10.05188,24.16436,-7.188602,348.3685,347.6575,25,0.4786688,-0.02801326,0.004871188,2.191569,-1.458343,0.1101023,0.4642354,-0.03735642,0.004424828,0.02430319,0.08075093,-0.04488038,3
2014-02-24 18:42:48.851,2444,244.4,43.61166,3.928057,39.73164,15.49828,77.7793,9,5,1393263766,-0.97612,-0.06626892,-0.2225952,-10.65452,22.69649,-6.790154,348.6526,347.9416,25,0.4850373,0.0725754,-0.03710822,2.20011,-1.457466,0.1112601,0.4706039,0.06323227,-0.03755458,-0.05043066,0.05738084,-0.0778734,3
2014-02-24 18:42:48.932,2445,244.5,43.61166,3.928057,39.73164,15.49828,77.7793,9,5,1393263766,-0.966156,-0.1025238,-0.2417297,-12.07893,23.02269,-6.903996,349.6873,348.9763,25,0.4858564,-0.03229402,0.02961675,2.208252,-1.452891,0.110459,0.4714134,-0.04160895,0.02918147,0.01088509,0.04396557,-0.1056794,3
2014-02-24 18:42:49.038,2446,244.6,43.61166,3.928057,39.73164,15.49828,77.7793,9,5,1393263766,-1.002075,0.002532959,-0.1746368,-12.13372,22.96832,-7.07476,350.5333,349.8223,25,0.4737412,0.05119767,-0.006507168,2.216813,-1.453002,0.1117007,0.4592982,0.04188279,-0.006942444,0.02072538,0.008944803,-0.1249399,3
2014-02-24 18:42:49.166,2447,244.7,43.61166,3.928057,39.73164,15.49828,77.7793,9,5,1393263766,-0.9765472,-0.09414673,-0.2184906,-11.42151,22.26157,-7.131676,350.0254,349.3144,25,0.4833432,-0.01980966,0.03416356,2.225373,-1.451331,0.1093609,0.4688913,-0.02911321,0.03374255,-0.0039189,0.06828,-0.08790532,3
2014-02-24 18:42:49.255,2448,244.8,43.61166,3.928057,39.73164,15.49828,77.7793,9,5,1393263766,-1.009323,0.01947021,-0.199234,-10.16145,22.96832,-7.530121,349.396,348.685,25,0.4810931,0.01166278,0.003334011,2.233949,-1.451743,0.1103998,0.466631,0.002310336,0.002920203,-0.002777751,0.06421617,-0.09899218,3
2014-02-24 18:42:49.415,2449,244.9,43.61166,3.928057,39.73164,15.49828,77.7793,9,5,1393263766,-1.016693,-0.06396484,-0.171402,-11.0928,22.47903,-7.35936,349.9218,349.2108,25,0.4759154,-0.005105813,0.03746775,2.242413,-1.450425,0.1072848,0.461445,-0.01445208,0.03706849,-0.02756173,0.09374297,-0.07966023,3
2014-02-24 18:42:49.581,2450,245,43.61169,3.928256,38.83679,15.89112,77.88595,9,5,1393263767,-1.016693,-0.06396484,-0.171402,-10.98323,22.80523,-7.131676,349.7491,349.0381,25,0.473754,0.007035006,-0.001383512,2.250988,-1.451759,0.1082742,0.4688891,-0.0348319,0.03264658,-0.02221415,0.127533,-0.08117329,3
2014-02-24 18:42:49.687,2451,245.1,43.61169,3.928256,38.83679,15.89112,77.88595,9,5,1393263767,-1.008118,-0.08911133,-0.1701202,-9.723171,21.77229,-5.822514,352.7742,352.0632,25,0.4696229,-0.01520532,0.05627552,2.259593,-1.452874,0.1085322,0.4592837,-0.002311197,-0.001782763,-0.0294809,0.04435444,-0.05444487,3
2014-02-24 18:42:49.882,2452,245.2,43.61169,3.928256,38.83679,15.89112,77.88595,9,5,1393263767,-1.063034,-0.00328064,-0.1996918,-11.14758,21.98975,-7.530121,350.2002,349.4892,25,0.4538849,0.03309697,0.01694063,2.276476,-1.45431,0.1078427,0.4618906,-0.06809411,-0.01049051,0.02317396,0.06867814,-0.02226968,3
2014-02-24 18:42:49.987,2453,245.3,43.61169,3.928256,38.83679,15.89112,77.88595,9,5,1393263767,-0.9815826,-0.08030701,-0.1152649,-11.85979,22.26158,-6.562481,351.3729,350.6619,25,0.4612883,-0.07554296,0.03097629,2.284671,-1.453813,0.1061815,0.4394046,0.02375668,0.01655981,-0.001350309,0.04661013,-0.02091903,3
2014-02-24 18:42:50.210,2454,245.4,43.61172,3.928445,38.98158,15.77714,77.97839,9,5,1393263768,-1.053574,0.008773804,-0.1567535,-9.997097,23.13142,-6.448635,352.9692,352.2582,25,0.4537582,-0.06300373,0.04720506,2.301217,-1.456338,0.1033808,0.4296868,0.04052748,-0.002452211,-0.03835187,0.1065995,-0.01648195,3
2014-02-24 18:42:50.527,2455,245.5,43.61172,3.928445,38.98158,15.77714,77.97839,9,5,1393263768,-0.9961548,-0.04241943,-0.1625366,-10.43538,22.47903,-6.676315,353.4263,352.7153,25,0.4487312,0.03668185,0.04501062,2.317535,-1.459172,0.1047307,0.4335541,-0.02980255,-0.01345985,-0.06524232,0.1133132,-0.04597092,3
2014-02-24 18:42:50.645,2456,245.6,43.61172,3.928445,38.98158,15.77714,77.97839,9,5,1393263768,-0.9961548,-0.04241943,-0.1625366,-10.59973,22.85959,-6.391716,353.9935,353.2825,25,0.4530458,-0.05899062,-0.01736168,2.333623,-1.46014,0.104131,0.4385541,-0.06833167,-0.01771898,-0.05974803,0.1035462,-0.05751096,3
2014-02-24 18:42:50.744,2457,245.7,43.61172,3.928445,38.98158,15.77714,77.97839,9,5,1393263768,-1.033386,-0.0005187988,-0.1389008,-10.49016,23.18578,-6.391716,353.8004,353.0894,25,0.4388889,0.02754747,0.04617815,2.333623,-1.46014,0.104131,0.4385541,-0.06833167,-0.01771898,-0.05974803,0.1035462,-0.05751096,3
2014-02-24 18:42:50.833,2458,245.8,43.61172,3.928445,38.98158,15.77714,77.97839,9,5,1393263768,-1.033386,-0.0005187988,-0.1389008,-10.27102,23.40324,-6.960918,352.642,351.931,25,0.4512828,-0.02565077,0.04329767,2.349777,-1.462058,0.1041941,0.4367897,-0.03499043,0.04294363,0.000741722,-0.00219549,-0.01796459,3
2014-02-24 18:42:51.000,2459,245.9,43.61172,3.928445,38.98158,15.77714,77.97839,9,5,1393263768,-1.022186,0.03417969,-0.1302643,-10.76409,23.45761,-7.245518,351.1034,350.3924,25,0.4447871,-0.03215474,0.0867032,2.36577,-1.461795,0.1002309,0.4302857,-0.04149227,0.08636695,0.02543776,-0.002994707,-0.06126982,3
2014-02-24 18:42:51.212,2460,246,43.61172,3.928445,38.98158,15.77714,77.97839,9,5,1393263768,-0.9877625,-0.02145386,-0.136261,-10.54495,24.32745,-5.993279,354.3545,353.6435,25,0.4314097,0.0785273,0.05030125,2.381865,-1.462606,0.09980752,0.416907,0.06919208,0.04996843,-0.04111364,0.0453206,-0.0134532,3
2014-02-24 18:42:51.517,2461,246.1,43.61176,3.928638,38.29367,15.58206,77.58073,9,5,1393263769,-1.001144,-0.09992981,-0.1260986,-9.50403,23.51198,-6.050194,352.4951,351.7841,25,0.4326665,0.05587019,0.05053455,2.397789,-1.463908,0.0955938,0.4310298,-0.01166391,-0.01126269,-0.05466497,0.1419876,-0.04195006,3
2014-02-24 18:42:51.687,2462,246.2,43.61176,3.928638,38.29367,15.58206,77.58073,9,5,1393263769,-0.9971619,-0.05018616,-0.1351929,-10.05188,23.6207,-6.391716,352.1896,351.4786,25,0.434115,0.02283714,0.02858184,2.41363,-1.465374,0.09655806,0.418602,-0.04446813,0.008880663,-0.05042145,0.1446259,-0.07264656,3
2014-02-24 18:42:51.831,2463,246.3,43.61176,3.928638,38.29367,15.58206,77.58073,9,5,1393263769,-0.9689026,-0.01681519,-0.1234131,-10.10667,23.7838,-6.903996,352.1143,351.4034,25,0.4182694,0.03275475,0.008390022,2.467619,-1.466342,0.09025265,0.4096598,-0.04421778,0.04754313,-0.0142284,0.06209978,-0.02671444,3
2014-02-24 18:42:52.027,2464,246.4,43.61176,3.928638,38.29367,15.58206,77.58073,9,5,1393263769,-0.9719849,-0.05374146,-0.1368256,-9.668385,23.02269,-7.928562,351.8776,351.1666,25,0.420584,0.01140765,0.02973659,2.482944,-1.467024,0.08748891,0.409721,-0.0442859,0.03934435,-0.03491001,0.07045535,-0.07451356,3
2014-02-24 18:42:52.116,2465,246.5,43.61176,3.928638,38.29367,15.58206,77.58073,9,5,1393263769,-0.9470215,0.01023865,-0.1789551,-9.723167,22.31594,-7.302444,349.6068,348.8958,25,0.4182827,0.05425099,0.003488208,2.498225,-1.468073,0.08353005,0.4097956,-0.02512275,0.02627172,-0.02593628,0.0316904,-0.03517443,3
2014-02-24 18:42:52.248,2466,246.6,43.61176,3.928638,38.29367,15.58206,77.58073,9,5,1393263769,-1.021637,0.006317139,-0.1222382,-9.613598,23.51198,-6.960918,350.7882,350.0772,25,0.4144031,-0.07917631,0.04698482,2.51329,-1.467387,0.08257274,0.3998609,-0.08850294,0.04674742,0.04424757,0.09271758,-0.07608191,3
2014-02-24 18:42:52.399,2467,246.7,43.61176,3.928638,38.29367,15.58206,77.58073,9,5,1393263769,-1.014526,-0.03779602,-0.1335297,-10.16145,22.09847,-6.960915,349.6284,348.9174,25,0.4170923,0.003260242,0.006320747,2.520905,-1.468655,0.0830696,0.4025502,-0.006066345,0.006083346,-0.03027915,0.08929124,-0.02062619,3
2014-02-24 18:42:52.537,2468,246.8,43.61179,3.928831,38.13161,15.41431,77.91203,9,5,1393263770,-1.002869,-0.01133728,-0.1628418,-10.43538,22.26157,-5.651749,352.7019,351.9909,25,0.4144497,0.0453041,0.02230824,2.528323,-1.46813,0.08069725,0.3999028,0.03597573,0.02208165,-0.023029,0.04281368,-0.03137757,3
2014-02-24 18:42:52.663,2469,246.9,43.61179,3.928831,38.13161,15.41431,77.91203,9,5,1393263770,-1.01062,0.01197815,-0.1348267,-10.43538,22.15284,-4.854874,354.0471,353.3361,25,0.4172105,-0.05006184,-0.000196275,2.53581,-1.469182,0.0814282,0.4026637,-0.05939019,-0.0004228534,-0.03172424,0.08344395,-0.05818361,3
2014-02-24 18:42:52.765,2470,247,43.61179,3.928831,38.13161,15.41431,77.91203,9,5,1393263770,-1.025467,-0.03961182,-0.1424408,-9.50403,22.64213,-5.139469,352.9435,352.2325,25,0.4169866,0.01241965,0.01796116,2.543286,-1.46955,0.07922938,0.4024358,0.003089616,0.01774381,-0.05449138,0.06506265,-0.02258022,3
2014-02-24 18:42:52.863,2471,247.1,43.61179,3.928831,38.13161,15.41431,77.91203,9,5,1393263770,-0.9860077,-0.008590698,-0.1431732,-9.065746,22.64213,-5.822514,351.6823,350.9713,25,0.412166,0.02360333,0.003728692,2.550667,-1.470083,0.08002784,0.3976153,0.01427334,0.003511351,0.02492103,0.06695721,-0.04173144,3
2014-02-24 18:42:52.951,2472,247.2,43.61179,3.928831,38.13161,15.41431,77.91203,9,5,1393263770,-0.9860077,-0.008590698,-0.1431732,-8.517899,24.49055,-5.480991,355.2645,354.5535,25,0.4121436,-0.04769428,0.01732839,2.557872,-1.468406,0.07787235,0.3940159,-0.01188296,-0.004466163,-0.01020505,0.06847055,-0.05411969,3
2014-02-24 18:42:53.076,2473,247.3,43.61179,3.928831,38.13161,15.41431,77.91203,9,5,1393263770,-1.014648,-0.00352478,-0.08404541,-9.339676,24.65364,-5.424072,353.4692,352.7582,25,0.4035752,0.06200451,-0.004940697,2.565259,-1.469893,0.07837077,0.3975886,-0.05702031,0.01712488,0.00585204,0.06969988,-0.0427498,3
2014-02-24 18:42:53.179,2474,247.4,43.61179,3.928831,38.13161,15.41431,77.91203,9,5,1393263770,-1.030457,-0.03761292,-0.1561432,-9.832739,24.16435,-6.050194,353.4095,352.6985,25,0.4047685,-0.004740693,0.009799368,2.572583,-1.470654,0.07877814,0.3890202,0.05267853,-0.005144202,-0.02274438,0.0751719,0.0156199,3
2014-02-24 18:42:53.290,2475,247.5,43.61181,3.929019,38.19245,15.37004,77.86669,9,5,1393263771,-0.9951019,-0.02197266,-0.09051514,-9.394457,23.94689,-7.416279,350.3523,349.6413,25,0.4145919,-0.05332314,0.01975293,2.579708,-1.468308,0.07663494,0.3902094,-0.01406245,0.009609445,-0.03862352,0.03894704,-0.05413426,3
2014-02-24 18:42:53.521,2476,247.6,43.61181,3.929019,38.19245,15.37004,77.86669,9,5,1393263771,-1.010315,-0.003936768,-0.1269073,-9.668383,23.7838,-7.700882,349.3298,348.6188,25,0.3972243,0.05309384,0.02089356,2.587143,-1.470001,0.07685037,0.4000328,-0.06264488,0.01956301,-0.001298211,0.07541671,-0.02833464,3
2014-02-24 18:42:53.636,2477,247.7,43.61181,3.929019,38.19245,15.37004,77.86669,9,5,1393263771,-1.027756,0.006561279,-0.1067047,-10.49016,23.40324,-6.84708,350.9281,350.2171,25,0.3971948,-0.0283845,0.03693884,2.594383,-1.470776,0.07367776,0.3826595,0.04376487,0.02071351,-0.02150645,0.08099636,0.00865521,3
2014-02-24 18:42:53.741,2478,247.8,43.61181,3.929019,38.19245,15.37004,77.86669,9,5,1393263771,-1.024933,0.02037048,-0.1243286,-11.0928,23.13142,-6.562473,351.8189,351.1079,25,0.3887461,0.001953429,0.01192643,2.601531,-1.47157,0.07391047,0.38263,-0.03771343,0.03675879,-0.006536987,0.05368634,-0.02884646,3
2014-02-24 18:42:53.849,2479,247.9,43.61181,3.929019,38.19245,15.37004,77.86669,9,5,1393263771,-1.006439,-0.01069641,-0.08389282,-10.92845,22.85959,-7.188595,351.7704,351.0594,25,0.3922935,0.003254649,0.02954458,2.608589,-1.472522,0.07417008,0.3741814,-0.007375469,0.01174638,-0.03531682,0.08066337,-0.008858478,3
2014-02-24 18:42:53.953,2480,248,43.61181,3.929019,38.19245,15.37004,77.86669,9,5,1393263771,-0.9741669,-0.009613037,-0.1088715,-10.92844,22.20721,-6.84708,350.7854,350.0744,25,0.3797468,0.0158482,0.05745557,2.615579,-1.473071,0.07163659,0.3777246,-0.006079063,0.02937242,-0.03225671,0.09194582,-0.02700937,3
2014-02-24 18:42:54.063,2481,248.1,43.61181,3.929019,38.19245,15.37004,77.86669,9,5,1393263771,-1.028824,0.05447388,-0.1051178,-11.0928,23.24015,-7.245518,351.084,350.373,25,0.3789625,-0.0004455468,0.004817126,2.622588,-1.474051,0.07171599,0.3651779,0.006514536,0.05728341,-0.01367381,0.06095812,0.01245289,3
2014-02-24 18:42:54.162,2482,248.2,43.61181,3.929019,38.19245,15.37004,77.86669,9,5,1393263771,-1.003815,0.06671143,-0.1302795,-10.59973,23.07705,-7.302441,349.9403,349.2293,25,0.3787106,-0.01265215,0.0377812,2.629437,-1.474283,0.06725267,0.3643861,-0.009786286,0.004660969,-0.0357125,0.1206688,-0.008956549,3
2014-02-24 18:42:54.267,2483,248.3,43.61184,3.929201,40.3112,15.22675,77.77922,9,5,1393263772,-1.003815,0.06671143,-0.1302795,-10.87366,22.80523,-7.131676,350.3161,349.6051,25,0.361375,0.04958406,0.04169951,2.642906,-1.475635,0.06471431,0.3467947,0.04023857,0.04155114,0.02097974,0.0601678,0.006393771,3
2014-02-24 18:42:54.453,2484,248.4,43.61184,3.929201,40.3112,15.22675,77.77922,9,5,1393263772,-0.9910583,0.01989746,-0.08491516,-9.942308,22.96832,-6.619392,350.846,350.135,25,0.3604453,-0.02996269,0.01665834,2.649471,-1.476247,0.06480926,0.3458588,-0.03935186,0.01650119,-0.01037121,0.1314753,-0.03606876,3
2014-02-24 18:42:54.563,2485,248.5,43.61184,3.929201,40.3112,15.22675,77.77922,9,5,1393263772,-0.995697,0.01278687,-0.1161194,-10.49016,22.20721,-6.505554,351.5827,350.8717,25,0.3576359,0.04167767,0.04877926,2.655952,-1.476757,0.06465699,0.3430494,0.03228855,0.04862211,0.002442911,0.08450941,0.008789385,3
2014-02-24 18:42:54.700,2486,248.6,43.61184,3.929201,40.3112,15.22675,77.77922,9,5,1393263772,-1.041931,0.007003784,-0.09028625,-10.76409,21.39173,-6.448635,351.4279,350.7169,25,0.3517253,0.005168663,0.02444356,2.662238,-1.476498,0.05995752,0.3371321,-0.004226109,0.02430287,-0.001928746,0.07270847,-0.02212993,3
2014-02-24 18:42:54.785,2487,248.7,43.61184,3.929201,40.3112,15.22675,77.77922,9,5,1393263772,-1.025711,-0.03155518,-0.1317596,-10.81888,22.5334,-6.050194,352.1825,351.4715,25,0.3577603,-0.0003296993,0.03980547,2.668627,-1.477446,0.05973543,0.3431672,-0.009724427,0.03966478,-0.04806097,0.0667037,0.002762046,3
2014-02-24 18:42:54.885,2488,248.8,43.61184,3.929201,40.3112,15.22675,77.77922,9,5,1393263772,-0.9999695,0.01020813,-0.0693512,-11.0928,23.67507,-6.448635,351.711,351,25,0.3479306,-0.003815511,0.03857216,2.674795,-1.477324,0.05380061,0.3333287,-0.01321964,0.03845086,0.05367283,0.1502865,0.004394947,3
2014-02-24 18:42:55.084,2489,248.9,43.61184,3.929201,40.3112,15.22675,77.77922,9,5,1393263772,-1.04512,0.05311584,-0.0682373,-10.38059,22.5334,-6.50555,351.1739,350.4629,25,0.3272895,0.03650608,-0.001905225,2.693116,-1.47804,0.05044725,0.3235549,-0.08468518,0.04024221,0.009357539,0.08968672,-0.0470966,3
2014-02-24 18:42:55.279,2490,249,43.61184,3.929201,40.3112,15.22675,77.77922,9,5,1393263772,-0.9945221,0.001861572,-0.1053009,-10.87366,22.6965,-5.879436,351.2781,350.5671,25,0.3099837,0.06475183,0.003518302,2.704901,-1.479513,0.04594873,0.3122754,-0.03590692,0.05726743,0.02930092,0.05015924,-0.0109908,3
2014-02-24 18:42:55.520,2491,249.1,43.61187,3.929382,41.16003,15.08795,78.09113,9,5,1393263773,-0.9648285,0.06114197,-0.08882141,-11.42151,23.02269,-5.993275,352.8416,352.1306,25,0.3149391,-0.08014597,0.02140356,2.710702,-1.479485,0.04626136,0.2953722,0.05534074,0.00342471,0.0002465009,0.04810644,-0.01421384,3
2014-02-24 18:42:55.632,2492,249.2,43.61187,3.929382,41.16003,15.08795,78.09113,9,5,1393263773,-1.033112,0.05775452,-0.07884216,-11.14758,21.44609,-5.139469,353.3046,352.5936,25,0.3073331,0.04001293,0.03071557,2.716174,-1.478593,0.04276308,0.3003242,-0.08955653,0.02132479,-0.04861511,0.08832806,-0.04639292,3
2014-02-24 18:42:55.799,2493,249.3,43.61187,3.929382,41.16003,15.08795,78.09113,9,5,1393263773,-0.9678497,0.02215576,-0.1080627,-11.0928,23.02269,-5.765591,352.5208,351.8098,25,0.2999678,0.04107047,0.02828863,2.727113,-1.479033,0.03934703,0.2978674,-0.07147125,0.01761918,0.009670401,0.08378574,-0.02466254,3
2014-02-24 18:42:55.934,2494,249.4,43.61187,3.929382,41.16003,15.08795,78.09113,9,5,1393263773,-1.01767,0.07855225,-0.0534668,-10.65452,23.45761,-6.562473,350.8476,350.1366,25,0.285228,-0.030388,0.03588263,2.732513,-1.47963,0.03920431,0.2853492,0.03165863,0.02822362,0.02044218,0.08275811,0.02361738,3
2014-02-24 18:42:56.044,2495,249.5,43.61187,3.929382,41.16003,15.08795,78.09113,9,5,1393263773,-1.022385,0.07247925,-0.07884216,-9.668385,23.34888,-5.765594,351.2136,350.5026,25,0.2964125,-0.04399489,0.02439216,2.737636,-1.479631,0.039341,0.2706095,-0.03979981,0.03581762,0.027227,0.06148661,-0.01709364,3
2014-02-24 18:42:56.144,2496,249.6,43.61187,3.929382,41.16003,15.08795,78.09113,9,5,1393263773,-0.9384308,0.0397644,-0.06591797,-10.59974,22.85959,-5.936356,351.5732,350.8622,25,0.2777269,0.07268725,0.03480485,2.742832,-1.481578,0.03519709,0.2817883,-0.05341392,0.0243378,-0.02226385,0.1137421,0.03557768,3
2014-02-24 18:42:56.272,2497,249.7,43.61187,3.929382,41.16003,15.08795,78.09113,9,5,1393263773,-0.9384308,0.0397644,-0.06591797,-10.27102,23.18578,-5.253307,352.3258,351.6148,25,0.2841755,-0.09396645,0.02358895,2.752703,-1.481553,0.03206543,0.2695478,-0.1033878,0.02354609,-0.05522705,0.07902648,-0.02110431,3
2014-02-24 18:42:56.647,2498,249.8,43.6119,3.929567,41.65394,15.01065,78.32597,9,5,1393263774,-1.095367,0.1333466,-0.02648926,-11.4763,21.55482,-5.822514,352.4317,351.7207,25,0.2494327,0.1086871,0.02831633,2.752703,-1.481553,0.03206543,0.2695478,-0.1033878,0.02354609,-0.05522705,0.07902648,-0.02110431,3
2014-02-24 18:42:56.865,2499,249.9,43.6119,3.929567,41.65394,15.01065,78.32597,9,5,1393263774,-1.095367,0.1333466,-0.02648926,-11.8598,22.04411,-6.676315,351.3017,350.5907,25,0.256908,-0.1200204,0.05173616,2.761849,-1.48243,0.03189445,0.2422803,-0.1294417,0.0516933,-0.07359176,0.1372357,-0.007023103,3
2014-02-24 18:42:56.979,2500,250,43.6119,3.929567,41.65394,15.01065,78.32597,9,5,1393263774,-0.9668274,0.003616333,-0.05232239,-11.20237,22.04411,-5.993271,351.6304,350.9194,25,0.2449285,0.02673388,-0.0108127,2.766389,-1.485569,0.02940076,0.2302956,0.01730157,-0.01085514,-0.0994277,0.1627431,0.05859828,3
2014-02-24 18:42:57.070,2501,250.1,43.6119,3.929567,41.65394,15.01065,78.32597,9,5,1393263774,-1.001236,0.06121826,-0.05412292,-11.31194,22.47903,-7.017838,349.647,348.936,25,0.2356876,0.01935532,0.06776866,2.770633,-1.485509,0.02926933,0.2210548,0.009923058,0.06772622,0.02911112,0.03288148,0.03282473,3
2014-02-24 18:42:57.181,2502,250.2,43.6119,3.929567,41.65394,15.01065,78.32597,9,5,1393263774,-1.019547,0.07940674,-0.0769043,-10.87366,23.24015,-6.790154,349.0411,348.3301,25,0.2272467,0.01006409,0.04783517,2.778982,-1.48731,0.02374622,0.2126065,0.0006211814,0.04780721,0.05991098,0.05264414,0.03997031,3
2014-02-24 18:42:57.314,2503,250.3,43.6119,3.929567,41.65394,15.01065,78.32597,9,5,1393263774,-0.9829559,0.04307556,-0.02354431,-10.27102,22.96832,-5.59483,350.0086,349.2976,25,0.2225191,0.0313454,0.02060062,2.782915,-1.488243,0.02188057,0.2078754,0.0218964,0.02057712,0.03210717,0.04733049,0.02412107,3
2014-02-24 18:42:57.591,2504,250.4,43.61193,3.929751,41.98273,15.03315,78.59072,9,5,1393263775,-0.9829559,0.04307556,-0.02354431,-9.887526,22.26157,-4.399509,353.0364,352.3254,25,0.2137099,0.07788441,0.0376587,2.786839,-1.488778,0.02161409,0.2117823,-0.04168016,0.003638614,-0.02314089,0.1010191,0.005002674,3
2014-02-24 18:42:57.678,2505,250.5,43.61193,3.929751,41.98273,15.03315,78.59072,9,5,1393263775,-1.028976,0.1034241,-0.09768677,-11.58587,22.85959,-5.367149,351.872,351.161,25,0.2042985,-0.008649681,-0.002645851,2.790642,-1.488459,0.02157561,0.1990663,0.06843547,0.0376352,0.01342432,0.0646495,0.05868075,3
2014-02-24 18:42:57.794,2506,250.6,43.61193,3.929751,41.98273,15.03315,78.59072,9,5,1393263775,-1.040894,0.08988953,-0.0743103,-11.58587,22.5334,-5.480991,351.9101,351.1991,25,0.1980769,0.04344468,-0.002041047,2.794193,-1.489204,0.01767637,0.189649,-0.01810802,-0.002657462,-0.03245895,0.1210995,-0.01619764,3
2014-02-24 18:42:57.894,2507,250.7,43.61193,3.929751,41.98273,15.03315,78.59072,9,5,1393263775,-1.023849,0.0475769,-0.07670593,-12.46243,22.85959,-6.505558,350.3709,349.6599,25,0.203061,-0.0188408,-0.0002122539,2.797669,-1.489141,0.01763151,0.1834273,0.03398637,-0.002052659,-0.04438042,0.1075201,0.007241769,3
2014-02-24 18:42:58.002,2508,250.8,43.61193,3.929751,41.98273,15.03315,78.59072,9,5,1393263775,-1.015335,0.08790588,-0.1295776,-11.36673,22.96832,-6.164036,349.9031,349.1921,25,0.1933615,0.03754445,-0.02666383,2.801165,-1.488559,0.01494246,0.1884092,-0.02830062,-0.0002109456,0.00160557,0.0766637,-0.01874008,3
2014-02-24 18:42:58.084,2509,250.9,43.61193,3.929751,41.98273,15.03315,78.59072,9,5,1393263775,-1.079437,0.06184387,-0.07162476,-11.75022,22.15284,-5.879433,350.9632,350.2522,25,0.1920363,-0.01218263,-0.007421697,2.804457,-1.487962,0.01541284,0.1787098,0.02808465,-0.02666253,-0.06282759,0.08552636,-0.0238068,3
2014-02-24 18:42:58.268,2510,251,43.61193,3.929751,41.98273,15.03315,78.59072,9,5,1393263775,-1.047028,0.02766418,-0.1451111,-11.80501,22.64213,-5.936356,351.4537,350.7427,25,0.1837387,0.07687481,-0.05998717,2.807833,-1.489261,0.01359855,0.1773814,-0.02164719,-0.007412896,-0.03532045,0.06138866,0.007539214,3
2014-02-24 18:42:58.477,2511,251.1,43.61193,3.929751,41.98273,15.03315,78.59072,9,5,1393263775,-1.004669,0.006057739,-0.1044922,-11.4763,21.98975,-6.505558,350.3521,349.6411,25,0.1947085,-0.02255831,-0.03192997,2.810968,-1.48829,0.01471618,0.1690838,0.06741027,-0.05997837,-0.0829469,0.07655952,0.01077926,3
2014-02-24 18:42:58.585,2512,251.2,43.61193,3.929751,41.98273,15.03315,78.59072,9,5,1393263775,-0.9749603,0.07800293,-0.1319733,-11.31194,21.50046,-5.993275,350.3758,349.6648,25,0.1875379,0.03264796,-0.06655772,2.8142,-1.488324,0.01563078,0.1800537,-0.0320228,-0.03192117,-0.05054824,0.04329433,-0.06274233,3
2014-02-24 18:42:58.712,2513,251.3,43.61196,3.929933,41.8703,15.02942,78.94863,9,5,1393263776,-0.9749603,0.07800293,-0.1319733,-12.68157,21.88101,-5.708672,353.0953,352.3843,25,0.1826532,0.04162974,-0.07255756,2.8204,-1.486462,0.01579607,0.1679983,0.03216789,-0.07253537,0.0213613,0.09379835,-0.04774905,3
2014-02-24 18:42:58.939,2514,251.4,43.61196,3.929933,41.8703,15.02942,78.94863,9,5,1393263776,-0.9560242,-0.005187988,-0.1330872,-12.79114,21.88102,-6.39172,352.172,351.461,25,0.183863,0.05977279,-0.07272321,2.826418,-1.483526,0.01854625,0.1692125,0.0503208,-0.07269531,0.008962451,0.09593776,-0.03326204,3
2014-02-24 18:42:59.066,2515,251.5,43.61196,3.929933,41.8703,15.02942,78.94863,9,5,1393263776,-0.953476,-0.01556396,-0.1807861,-12.24329,21.01118,-6.505554,351.6904,350.9794,25,0.1737057,0.06000288,-0.03411056,2.829286,-1.47852,0.01929678,0.1590598,0.05056319,-0.03407294,0.003784683,0.01059807,-0.08524011,3
2014-02-24 18:42:59.191,2516,251.6,43.61196,3.929933,41.8703,15.02942,78.94863,9,5,1393263776,-0.9828491,0.03994751,-0.176651,-13.72249,21.06554,-6.790157,353.3691,352.6581,25,0.1775487,-0.005775864,-0.04281644,2.832193,-1.478858,0.02058517,0.1629028,-0.01521553,-0.04277881,0.04208975,0.005019755,-0.08899698,3
2014-02-24 18:42:59.283,2517,251.7,43.61196,3.929933,41.8703,15.02942,78.94863,9,5,1393263776,-0.9959717,-0.0426178,-0.1898499,-12.51722,20.95681,-5.993275,353.7691,353.0581,25,0.1788185,0.0507974,-0.05626061,2.835135,-1.478348,0.02152293,0.1641726,0.04135777,-0.05622298,0.01264991,0.06146878,-0.08435521,3
2014-02-24 18:42:59.523,2518,251.8,43.61198,3.930112,41.48473,14.92599,79.3289,9,5,1393263777,-0.9491577,-0.01887512,-0.2089844,-12.62679,21.93538,-5.765594,355.7811,355.0701,25,0.1784355,0.05343553,-0.009365539,2.838051,-1.473606,0.02245408,0.1637952,0.0440106,-0.009318358,-0.0009418382,-0.0201656,-0.0928369,3
2014-02-24 18:42:59.645,2519,251.9,43.61198,3.930112,41.48473,14.92599,79.3289,9,5,1393263777,-0.9931183,0.0140686,-0.2038727,-12.73635,21.283,-5.424072,357.1909,356.4799,25,0.1739374,0.0156261,-0.0559642,2.840919,-1.473175,0.02359259,0.1592971,0.006201187,-0.05591702,-0.004656697,0.06166108,-0.1145051,3
2014-02-24 18:42:59.745,2520,252,43.61198,3.930112,41.48473,14.92599,79.3289,9,5,1393263777,-0.9931183,0.0140686,-0.2038727,-12.29807,21.60919,-6.676315,355.2244,354.5134,25,0.172335,0.08277105,-0.02026852,2.843782,-1.468646,0.02511509,0.1651478,-0.0149426,-0.01458928,0.00675682,-0.02180833,-0.1033972,3
2014-02-24 18:42:59.846,2521,252.1,43.61198,3.930112,41.48473,14.92599,79.3289,9,5,1393263777,-0.9898224,-0.04090881,-0.2092896,-12.79114,21.77229,-7.074757,354.5494,353.8384,25,0.172335,0.08277105,-0.02026852,2.846581,-1.468136,0.02608651,0.1577017,0.0733628,-0.02021494,0.02341879,-0.01209394,-0.08421514,3
2014-02-24 18:42:59.948,2522,252.2,43.61198,3.930112,41.48473,14.92599,79.3289,9,5,1393263777,-0.9898224,-0.04090881,-0.2092896,-11.96936,21.50046,-7.131676,352.0635,351.3525,25,0.1722109,0.0421384,0.001242897,2.849333,-1.462533,0.02624242,0.1553991,0.01434415,-0.03020622,0.01441754,0.01690103,-0.116991,3
2014-02-24 18:43:00.072,2523,252.3,43.61198,3.930112,41.48473,14.92599,79.3289,9,5,1393263777,-0.9721985,-0.01843262,-0.2190094,-12.95549,21.283,-6.562473,353.7428,353.0318,25,0.1772501,0.03074113,-0.01150193,2.852208,-1.462201,0.02671022,0.1575824,0.03274742,0.001309093,0.003932362,-0.01420176,-0.1009464,3
2014-02-24 18:43:00.206,2524,252.4,43.61198,3.930112,41.48473,14.92599,79.3289,9,5,1393263777,-0.9823151,-0.0581665,-0.2246704,-13.55813,20.14133,-6.619392,353.825,353.114,25,0.1736229,0.05781962,-0.02353169,2.855061,-1.461835,0.02734208,0.1626217,0.0213502,-0.01143573,0.02149954,0.008906052,-0.1103042,3
2014-02-24 18:43:00.352,2525,252.5,43.61198,3.930112,41.48473,14.92599,79.3289,9,5,1393263777,-0.9836121,-0.04220581,-0.2316437,-13.77727,19.59768,-6.391716,354.4929,353.7819,25,0.1695315,0.01742719,0.03195873,2.857977,-1.457062,0.02888715,0.1590008,0.0484441,-0.02346081,-0.03710293,0.0476667,-0.1075055,3
2014-02-24 18:43:00.570,2526,252.6,43.61201,3.930297,41.18675,15.07953,80.29414,9,5,1393263778,-0.9836121,-0.04220581,-0.2316437,-13.72249,21.06554,-7.35936,353.0185,352.3075,25,0.1612291,0.02837811,-0.00811332,2.863774,-1.452294,0.02678891,0.1466068,0.01901677,-0.008025073,0.001160135,0.06554303,-0.1102561,3
2014-02-24 18:43:00.680,2527,252.7,43.61201,3.930297,41.18675,15.07953,80.29414,9,5,1393263778,-1.03775,-0.005966187,-0.2169342,-13.28421,20.41315,-6.903996,353.7612,353.0502,25,0.1830162,0.01984534,0.03793007,2.863774,-1.452294,0.02678891,0.1466068,0.01901677,-0.008025073,0.001160135,0.06554303,-0.1102561,3
2014-02-24 18:43:00.779,2528,252.8,43.61201,3.930297,41.18675,15.07953,80.29414,9,5,1393263778,-1.03775,-0.005966187,-0.2169342,-13.06507,19.97823,-6.790154,353.7185,353.0075,25,0.1830572,-0.00736364,0.037023,2.869897,-1.452319,0.02648342,0.168435,-0.01672492,0.03711125,-0.012699,0.0595156,-0.1181999,3
2014-02-24 18:43:00.889,2529,252.9,43.61201,3.930297,41.18675,15.07953,80.29414,9,5,1393263778,-1.032974,-0.01460266,-0.1543884,-12.68157,21.01117,-7.07476,353.3078,352.5968,25,0.1743931,0.01186385,0.04027152,2.872828,-1.448071,0.02549003,0.1597658,0.002474239,0.04034691,-0.04559402,0.01952109,-0.094556,3
2014-02-24 18:43:00.968,2530,253,43.61201,3.930297,41.18675,15.07953,80.29414,9,5,1393263778,-1.032974,-0.01460266,-0.1543884,-12.73636,21.60919,-7.35936,352.7737,352.0627,25,0.1732109,-0.09573744,0.05069514,2.875768,-1.448368,0.02497749,0.1460905,0.03420451,0.0528097,-0.01875041,0.03142937,-0.08779985,3
2014-02-24 18:43:01.183,2531,253.1,43.61201,3.930297,41.18675,15.07953,80.29414,9,5,1393263778,-1.05751,0.00100708,-0.140152,-12.35286,20.68498,-6.391716,354.0782,353.3672,25,0.1681613,-0.0424444,0.05833814,2.881338,-1.446184,0.02337101,0.140097,0.005713616,0.03778739,-0.07586565,0.05216222,-0.06499844,3
2014-02-24 18:43:01.538,2532,253.2,43.61203,3.930475,40.32805,15.06994,79.95671,9,5,1393263779,-1.02771,0.0006866455,-0.09397888,-12.40764,20.84808,-6.676311,352.8642,352.1532,25,0.1770424,-0.08565738,0.03186392,2.887035,-1.446916,0.0205228,0.1326703,-0.023732,0.04739544,-0.05126832,0.02313062,-0.02915707,3
2014-02-24 18:43:01.648,2533,253.3,43.61203,3.930475,40.32805,15.06994,79.95671,9,5,1393263779,-1.021866,0.02023315,-0.1320953,-12.90071,21.66356,-6.619392,353.1189,352.4079,25,0.1500593,0.03744191,0.002248507,2.889885,-1.448222,0.02015179,0.1624157,-0.09503226,0.03195363,-0.0554033,0.03777433,-0.03744063,3
2014-02-24 18:43:01.777,2534,253.4,43.61203,3.930475,40.32805,15.06994,79.95671,9,5,1393263779,-1.000275,-0.021698,-0.07008362,-12.24329,21.22863,-6.277878,351.9459,351.2349,25,0.1646212,-0.09129902,0.04705007,2.892736,-1.448097,0.01988658,0.1354332,0.02806945,0.002339521,-0.03542429,0.02057192,0.02838828,3
2014-02-24 18:43:01.885,2535,253.5,43.61203,3.930475,40.32805,15.06994,79.95671,9,5,1393263779,-1.000275,-0.021698,-0.07008362,-12.40764,22.15284,-6.790157,352.8324,352.1214,25,0.1710335,-0.0201857,0.004185956,2.898546,-1.451581,0.01692889,0.1564013,-0.02956371,0.004283286,-0.03708622,0.06949461,0.0206344,3
2014-02-24 18:43:01.980,2536,253.6,43.61203,3.930475,40.32805,15.06994,79.95671,9,5,1393263779,-0.986084,0.02082825,-0.07803345,-12.29807,21.60919,-5.879433,354.5189,353.8079,25,0.1598501,-0.0326176,0.01944986,2.898546,-1.451581,0.01692889,0.1564013,-0.02956371,0.004283286,-0.03708622,0.06949461,0.0206344,3
2014-02-24 18:43:02.052,2537,253.7,43.61203,3.930475,40.32805,15.06994,79.95671,9,5,1393263779,-0.986084,0.02082825,-0.07803345,-12.02415,20.90244,-6.277874,353.2383,352.5273,25,0.1782251,-0.0606961,0.03397768,2.904426,-1.45327,0.01657879,0.163593,-0.07007403,0.034075,-0.01237535,0.004813502,0.02460395,3
2014-02-24 18:43:02.179,2538,253.8,43.61203,3.930475,40.32805,15.06994,79.95671,9,5,1393263779,-0.9963074,0.02606201,-0.07333374,-12.13372,21.33737,-6.505554,354.3325,353.6215,25,0.1806393,-0.04478265,0.03736495,2.90754,-1.456276,0.01475558,0.1660032,-0.05416705,0.03746412,-0.0009822187,0.03495768,0.06245458,3
2014-02-24 18:43:02.297,2539,253.9,43.61205,3.93066,39.66122,15.19,79.54857,9,5,1393263780,-0.9893188,0.02401733,-0.05859375,-12.24329,22.64213,-7.302441,351.2897,350.5787,25,0.1646827,-0.0290961,0.03001995,2.910499,-1.456777,0.01459242,0.1500466,-0.03848048,0.03011912,-0.002906356,0.04065392,0.04042695,3
2014-02-24 18:43:02.510,2540,254,43.61205,3.93066,39.66122,15.19,79.54857,9,5,1393263780,-0.9593048,0.07028198,-0.04785156,-12.40764,21.39173,-6.220959,351.3645,350.6535,25,0.1720093,-0.03011609,0.03713911,2.913503,-1.45997,0.01263737,0.1573687,-0.03950927,0.03723928,0.004466783,0.03665437,0.05199751,3
2014-02-24 18:43:02.664,2541,254.1,43.61205,3.93066,39.66122,15.19,79.54857,9,5,1393263780,-1.008301,0.06433105,-0.05618286,-12.62678,22.04411,-5.879433,354.7501,354.0391,25,0.1647543,-0.03369432,0.02185363,2.916387,-1.460917,0.01235169,0.1501138,-0.04308746,0.0219538,0.0345887,0.08263335,0.0617985,3
2014-02-24 18:43:02.808,2542,254.2,43.61205,3.93066,39.66122,15.19,79.54857,9,5,1393263780,-1.028046,0.04785156,-0.05140686,-12.68157,20.46752,-6.619396,352.5401,351.8291,25,0.1720341,-0.01882003,0.03233663,2.919214,-1.461405,0.01210123,0.1573936,-0.02821315,0.0324368,-0.01172636,0.04455638,0.06688358,3
2014-02-24 18:43:02.999,2543,254.3,43.61205,3.93066,39.66122,15.19,79.54857,9,5,1393263780,-0.9810181,0.05577087,-0.05482483,-13.77727,22.09848,-6.277878,354.3546,353.6436,25,0.1476744,-0.04529132,0.005379319,2.924481,-1.464985,0.008891051,0.1330273,-0.05469421,0.005485298,0.004637109,0.08794672,0.07391689,3
2014-02-24 18:43:03.077,2544,254.4,43.61205,3.93066,39.66122,15.19,79.54857,9,5,1393263780,-0.9810181,0.05577087,-0.05482483,-13.44856,21.66356,-6.505554,353.5855,352.8745,25,0.1329477,-0.0126138,-0.004465588,2.926899,-1.468149,0.006158644,0.1280631,0.02566469,-0.002381199,-0.01480391,0.0707338,0.07455643,3
2014-02-24 18:43:03.209,2545,254.5,43.61208,3.930852,39.41596,15.41164,79.08475,9,5,1393263781,-1.016449,0.02561951,-0.05891418,-13.44856,21.22864,-7.530117,351.2913,350.5803,25,0.1329826,0.006596916,-0.01169128,2.929227,-1.468468,0.006462838,0.1182933,-0.02202981,-0.004355667,0.01373015,0.06223367,0.04732323,3
2014-02-24 18:43:03.333,2546,254.6,43.61208,3.930852,39.41596,15.41164,79.08475,9,5,1393263781,-1.002563,0.0332489,-0.0617218,-13.06507,21.82665,-7.245518,351.6865,350.9755,25,0.1329559,0.01341541,-0.009411878,2.931411,-1.471022,0.004661202,0.1183231,-0.00282885,-0.01157833,-0.03006961,0.05248223,0.05409101,3
2014-02-24 18:43:03.545,2547,254.7,43.61208,3.930852,39.41596,15.41164,79.08475,9,5,1393263781,-0.9777069,0.04270935,-0.05566406,-12.02415,21.4461,-7.416275,350.9471,350.2361,25,0.1206774,0.01555845,-0.01307026,2.933477,-1.470933,0.005109276,0.1182965,0.003989658,-0.00929893,0.001535531,0.03422302,0.04395621,3
2014-02-24 18:43:03.643,2548,254.8,43.61208,3.930852,39.41596,15.41164,79.08475,9,5,1393263781,-0.9777069,0.04270935,-0.05566406,-11.96936,21.283,-7.359356,351.2916,350.5806,25,0.1292946,-0.01267958,-0.009192433,2.937591,-1.472588,0.004366258,0.1146319,-0.02211184,-0.009076928,-0.03084429,0.01410135,0.01963476,3
2014-02-24 18:43:03.743,2549,254.9,43.61208,3.930852,39.41596,15.41164,79.08475,9,5,1393263781,-1.02626,0.01681519,-0.06677246,-12.1885,20.84808,-7.017838,351.9136,351.2026,25,0.1156648,0.06994793,-0.01012987,2.937591,-1.472588,0.004366258,0.1146319,-0.02211184,-0.009076928,-0.03084429,0.01410135,0.01963476,3
2014-02-24 18:43:03.839,2550,255,43.61208,3.930852,39.41596,15.41164,79.08475,9,5,1393263781,-1.02626,0.01681519,-0.06677246,-13.17464,20.95681,-7.017838,353.3956,352.6846,25,0.1342465,-0.03078374,-0.01014132,2.941612,-1.472723,0.004798659,0.1195828,-0.04021797,-0.01002504,-0.02566027,0.01134466,0.008849195,3
2014-02-24 18:43:03.931,2551,255.1,43.61208,3.930852,39.41596,15.41164,79.08475,9,5,1393263781,-1.003342,-0.01670837,-0.07893372,-12.572,21.4461,-7.074757,353.1262,352.4152,25,0.1267904,0.04960617,-0.0133435,2.943689,-1.472665,0.005122842,0.1121269,0.04017199,-0.01322723,-0.03108444,0.02193801,0.03120007,3
2014-02-24 18:43:04.043,2552,255.2,43.61208,3.930852,39.41596,15.41164,79.08475,9,5,1393263781,-0.9859924,0.01780701,-0.082901,-12.24328,21.01118,-8.213158,350.294,349.583,25,0.1316744,0.02477619,-0.004842692,2.945888,-1.473196,0.006102236,0.1170105,0.01533953,-0.004729276,-0.008119369,-0.01060618,0.01851024,3
2014-02-24 18:43:04.146,2553,255.3,43.61208,3.930852,39.41596,15.41164,79.08475,9,5,1393263781,-1.037842,0.002960205,-0.08728027,-12.90071,21.66356,-8.099319,350.7827,350.0717,25,0.1466464,-0.01493288,-0.02425421,2.948112,-1.473184,0.006646878,0.1319826,-0.0243695,-0.02414079,-0.02261982,0.01410838,0.005490608,3
2014-02-24 18:43:04.266,2554,255.4,43.61211,3.931043,39.5685,15.34501,78.47456,9,5,1393263782,-1.000641,0.002075195,-0.09463501,-12.40764,21.39173,-7.81472,351.2478,350.5368,25,0.1291985,0.04628095,-0.00624964,2.950293,-1.473046,0.007106285,0.1145347,0.03684435,-0.006136225,-0.007255537,-0.005573829,0.02644035,3
2014-02-24 18:43:04.453,2555,255.5,43.61211,3.931043,39.5685,15.34501,78.47456,9,5,1393263782,-1.000641,0.002075195,-0.09463501,-11.96936,21.71792,-7.017838,352.7045,351.9935,25,0.1392311,0.005418467,-0.02335086,2.952588,-1.473621,0.007344272,0.1245177,-0.002840603,-0.0173833,0.01547322,0.01894088,0.00546737,3
2014-02-24 18:43:04.587,2556,255.6,43.61211,3.931043,39.5685,15.34501,78.47456,9,5,1393263782,-0.9853058,-0.02191162,-0.05430603,-12.29807,21.39174,-6.676315,351.7008,350.9898,25,0.1377925,-0.003444266,0.003703126,2.954852,-1.473395,0.007778442,0.1245665,-0.004020365,-0.02323693,-0.00541079,0.009853559,0.002609966,3
2014-02-24 18:43:04.801,2557,255.7,43.61211,3.931043,39.5685,15.34501,78.47456,9,5,1393263782,-1.023651,-0.002380371,-0.0909729,-11.80501,22.5334,-6.391716,354.5841,353.8731,25,0.1389989,0.001117462,0.006016347,2.959442,-1.475134,0.009274646,0.1196441,0.02876531,-0.0283016,0.00328909,0.02923301,0.01741788,3
2014-02-24 18:43:04.920,2558,255.8,43.61211,3.931043,39.5685,15.34501,78.47456,9,5,1393263782,-0.9892273,-0.02096558,-0.07093811,-11.91458,22.09848,-7.302441,353.5696,352.8586,25,0.1366143,-0.01595686,-0.0008785768,2.961691,-1.475359,0.009229426,0.1243329,-0.008328144,0.006126209,-0.02824422,0.006848924,0.00431565,3
2014-02-24 18:43:05.048,2559,255.9,43.61211,3.931043,39.5685,15.34501,78.47456,9,5,1393263782,-0.995224,-0.02380371,-0.0670929,-11.36672,22.09848,-7.07476,354.3147,353.6037,25,0.1342366,0.01903601,-0.01649322,2.963902,-1.475786,0.009691832,0.1219484,-0.02540244,-0.0007687155,-0.0008641698,0.03962942,0.009810044,3
2014-02-24 18:43:05.149,2560,256,43.61211,3.931043,39.5685,15.34501,78.47456,9,5,1393263782,-0.9952698,0.02018738,-0.05766296,-10.65452,22.91396,-6.676315,354.1607,353.4497,25,0.1290384,-0.004505003,0.02122566,2.966155,-1.475944,0.009929437,0.1195708,0.009590474,-0.01638336,-0.02801221,0.03469429,0.03473853,3
2014-02-24 18:43:05.250,2561,256.1,43.61211,3.931043,39.5685,15.34501,78.47456,9,5,1393263782,-1.019989,0.007675171,-0.06954956,-11.0928,22.91396,-7.131676,353.2515,352.5405,25,0.1157615,-0.005994243,-0.01056103,2.968232,-1.477031,0.01064578,0.1143722,-0.01395414,0.02133186,-0.0278867,-0.001698779,0.00467962,3
2014-02-24 18:43:05.378,2562,256.2,43.61214,3.931231,39.29091,15.519,77.79601,9,5,1393263783,-0.9902649,-0.0160675,-0.08563232,-11.85979,21.39173,-6.562473,355.1071,354.3961,25,0.121768,0.03834632,0.0007949536,2.970366,-1.477829,0.01087466,0.1010953,-0.01544336,-0.01045484,0.0003529516,0.03106182,0.03516554,3
2014-02-24 18:43:05.562,2563,256.3,43.61214,3.931231,39.29091,15.519,77.79601,9,5,1393263783,-0.9974823,0.0282135,-0.05480957,-13.01028,21.88102,-6.391716,356.2192,355.5082,25,0.1229262,-0.02270451,0.01899873,2.972296,-1.478036,0.01031109,0.1071004,0.028893,0.0009023947,-0.02434108,0.01798608,0.02307269,3
2014-02-24 18:43:05.661,2564,256.4,43.61214,3.931231,39.29091,15.519,77.79601,9,5,1393263783,-0.9974823,0.0282135,-0.05480957,-11.96936,22.26158,-6.790154,356.5475,355.8365,25,0.1182001,-0.01161378,-0.006963367,2.976312,-1.479247,0.01033587,0.1035327,-0.02106705,-0.006855926,-0.02726643,0.01904846,0.01889174,3
2014-02-24 18:43:05.758,2565,256.5,43.61214,3.931231,39.29091,15.519,77.79601,9,5,1393263783,-1.031357,0.02093506,-0.06686401,-11.85979,22.15285,-6.562473,355.2246,354.5136,25,0.1180079,0.02366778,0.01145985,2.976312,-1.479247,0.01033587,0.1035327,-0.02106705,-0.006855926,-0.02726643,0.01904846,0.01889174,3
2014-02-24 18:43:05.851,2566,256.6,43.61214,3.931231,39.29091,15.519,77.79601,9,5,1393263783,-1.031357,0.02093506,-0.06686401,-13.17464,21.39173,-6.562473,355.4329,354.7219,25,0.1217238,-0.005760684,0.01295601,2.980245,-1.48103,0.008888586,0.1070541,-0.01522041,0.0130671,0.0004662073,-0.007835164,0.03420728,3
2014-02-24 18:43:05.948,2567,256.7,43.61214,3.931231,39.29091,15.519,77.79601,9,5,1393263783,-0.9850464,-0.02998352,-0.06497192,-13.22942,21.66356,-6.164036,356.1743,355.4633,25,0.1157343,-0.007099721,-0.007031011,2.982214,-1.482323,0.007700309,0.1010631,-0.01656394,-0.006916974,0.002345861,0.04874637,0.0276408,3
2014-02-24 18:43:06.073,2568,256.8,43.61214,3.931231,39.29091,15.519,77.79601,9,5,1393263783,-0.9871063,0.01986694,-0.07609558,-11.36672,21.33736,-6.050194,355.3436,354.6326,25,0.1216686,0.00900974,0.01750363,2.984047,-1.481873,0.007655381,0.1069975,-0.0004544524,0.01761766,0.01097333,-0.02232821,0.02383187,3
2014-02-24 18:43:06.179,2569,256.9,43.61214,3.931231,39.29091,15.519,77.79601,9,5,1393263783,-0.9835968,-0.01094055,-0.04850769,-11.80501,22.31594,-5.708672,355.1346,354.4236,25,0.1228567,-0.02829689,0.0284375,2.986081,-1.48352,0.006596251,0.1081845,-0.03776347,0.02855516,0.009065812,0.02646315,0.01106844,3
2014-02-24 18:43:06.304,2570,257,43.61214,3.931231,39.29091,15.519,77.79601,9,5,1393263783,-1.028107,0.04501343,-0.03385925,-13.11985,21.98975,-6.164036,354.6165,353.9055,25,0.1207291,-0.03769838,-0.01137702,2.988091,-1.483855,0.006702511,0.106057,-0.04716492,-0.01125936,0.01260377,-0.00423809,0.03832253,3
2014-02-24 18:43:06.542,2571,257.1,43.61217,3.931425,39.50936,15.82849,78.14326,9,5,1393263784,-1.015823,0.01231384,-0.1056213,-11.69543,21.33736,-5.708672,353.8174,353.1064,25,0.1242234,-0.01483594,0.009549563,2.990145,-1.484489,0.006632607,0.1095513,-0.02430246,0.009667221,-0.0517482,-0.001744517,0.0544597,3
2014-02-24 18:43:06.649,2572,257.2,43.61217,3.931425,39.50936,15.82849,78.14326,9,5,1393263784,-1.015823,0.01231384,-0.1056213,-11.20237,21.50046,-5.53791,353.7717,353.0607,25,0.1331426,-0.1407265,-0.009078982,2.992225,-1.48579,0.005074243,0.1118699,0.1048976,0.0072602,0.02854185,0.002861697,0.05113499,3
2014-02-24 18:43:06.749,2573,257.3,43.61217,3.931425,39.50936,15.82849,78.14326,9,5,1393263784,-1.014496,0.01199341,-0.008102417,-11.58587,21.33736,-5.822514,353.2607,352.5497,25,0.1331426,-0.1407265,-0.009078982,2.994308,-1.486335,0.005365996,0.1184677,-0.1502023,-0.008956587,-0.007225949,0.02115882,-0.05335067,3
2014-02-24 18:43:06.896,2574,257.4,43.61217,3.931425,39.50936,15.82849,78.14326,9,5,1393263784,-1.014496,0.01199341,-0.008102417,-11.14759,22.42467,-6.39172,351.7832,351.0722,25,0.1106413,0.2160441,-0.01981578,2.996824,-1.490521,0.006701921,0.146556,-0.114685,0.01207386,-0.01309993,-0.04160745,0.026782,3
2014-02-24 18:43:06.971,2575,257.5,43.61217,3.931425,39.50936,15.82849,78.14326,9,5,1393263784,-0.9798584,-0.01567078,-0.1371918,-12.07893,21.82665,-6.790154,351.5325,350.8215,25,0.1290256,-0.01015304,0.02362703,2.998845,-1.488663,0.00701984,0.0959664,0.2065652,-0.01970165,-0.01789148,0.01901319,0.07393695,3
2014-02-24 18:43:07.082,2576,257.6,43.61217,3.931425,39.50936,15.82849,78.14326,9,5,1393263784,-0.9959564,-0.00352478,-0.0272522,-12.51721,21.17427,-4.741028,355.4179,354.7069,25,0.1355701,-0.2187861,0.006956443,3.000757,-1.485075,0.007608894,0.1143444,-0.01965597,0.02372124,0.01644094,-0.008061956,-0.05157797,3
2014-02-24 18:43:07.195,2577,257.7,43.61217,3.931425,39.50936,15.82849,78.14326,9,5,1393263784,-1.033844,0.04780579,0.05773926,-11.91458,21.22864,-5.59483,353.4073,352.6963,25,0.1317234,0.03152064,-0.01194667,3.003007,-1.488055,0.007488675,0.1208888,-0.2282891,0.007050655,-0.04544127,0.02824056,-0.04090546,3
2014-02-24 18:43:07.351,2578,257.8,43.61217,3.931425,39.50936,15.82849,78.14326,9,5,1393263784,-1.044357,0.02600098,-0.0904541,-12.02415,21.66355,-6.619396,351.8462,351.1352,25,0.1203941,0.1460214,0.002076999,3.005309,-1.489524,0.007314772,0.1170422,0.02201777,-0.01185246,-0.03576761,-0.01069066,0.1462287,3
2014-02-24 18:43:07.553,2579,257.9,43.61219,3.931617,39.27001,15.89259,78.94793,9,5,1393263785,-1.02951,0.03074646,-0.07666016,-11.91457,22.09848,-6.164032,353.0435,352.3325,25,0.1144158,-0.004759069,0.003491138,3.007188,-1.487744,0.007843752,0.105713,0.1365186,0.00217121,-0.001905873,0.009720503,0.1043778,3
2014-02-24 18:43:07.652,2580,258,43.61219,3.931617,39.27001,15.89259,78.94793,9,5,1393263785,-1.037704,0.007720947,0.01896667,-11.25715,22.31594,-5.139465,354.4456,353.7346,25,0.1271561,-0.1443321,-0.0290439,3.009157,-1.487373,0.008330135,0.09973474,-0.01426186,0.003585348,-0.02662934,-0.027757,0.02283782,3
2014-02-24 18:43:07.743,2581,258.1,43.61219,3.931617,39.27001,15.89259,78.94793,9,5,1393263785,-0.9744263,-0.05815125,-0.06367493,-10.98323,22.15284,-4.854874,355.5432,354.8322,25,0.1156283,0.1096051,-0.01169048,3.011138,-1.488758,0.008547336,0.1124751,-0.1538349,-0.02894969,-0.03291016,0.03929369,0.0052832,3
2014-02-24 18:43:07.863,2582,258.2,43.61219,3.931617,39.27001,15.89259,78.94793,9,5,1393263785,-0.996582,-0.02046204,-0.02711487,-12.1885,21.06554,-5.08255,355.3547,354.6437,25,0.1190505,0.03857775,0.03244023,3.013079,-1.488579,0.008500517,0.1009474,0.1001023,-0.01159627,-0.04111839,0.01622136,0.1010881,3
2014-02-24 18:43:07.966,2583,258.3,43.61219,3.931617,39.27001,15.89259,78.94793,9,5,1393263785,-1.019409,-0.03778076,-0.008758545,-12.51721,21.283,-5.993271,353.7691,353.0581,25,0.1231842,-0.1395582,0.004891162,3.015021,-1.487804,0.009036665,0.1043696,0.02907507,0.03253444,0.02209117,-0.0491147,0.01921861,3
2014-02-24 18:43:08.052,2584,258.4,43.61219,3.931617,39.27001,15.89259,78.94793,9,5,1393263785,-1.019409,-0.03778076,-0.008758545,-12.62678,21.71792,-4.968708,356.0934,355.3824,25,0.120704,0.0664749,-0.02412478,3.018937,-1.490137,0.009219181,0.1060233,0.05697228,-0.02403057,0.0168328,0.03164947,0.1098652,3
2014-02-24 18:43:08.167,2585,258.5,43.61219,3.931617,39.27001,15.89259,78.94793,9,5,1393263785,-1.011307,0.01560974,-0.04804993,-12.35286,22.5334,-6.050194,353.9278,353.2168,25,0.1083286,0.1038071,-0.02108877,3.018937,-1.490137,0.009219181,0.1060233,0.05697228,-0.02403057,0.0168328,0.03164947,0.1098652,3
2014-02-24 18:43:08.314,2586,258.6,43.61219,3.931617,39.27001,15.89259,78.94793,9,5,1393263785,-1.011307,0.01560974,-0.04804993,-11.58587,21.66356,-7.188599,350.2368,349.5258,25,0.1252767,-0.05880366,0.03814312,3.022716,-1.488863,0.009485343,0.110596,-0.06830621,0.03823733,-0.03945604,0.01360507,0.02091005,3
2014-02-24 18:43:08.545,2587,258.7,43.61222,3.931815,38.84631,16.16048,79.33964,9,5,1393263786,-1.033112,0.04116821,-0.02508545,-10.59974,21.22864,-5.59483,353.4362,352.7253,25,0.1192532,-0.03860012,0.0191183,3.024705,-1.49016,0.009662238,0.1045725,-0.04810264,0.01921251,-0.01460263,0.02527183,0.03249518,3
2014-02-24 18:43:08.675,2588,258.8,43.61222,3.931815,38.84631,16.16048,79.33964,9,5,1393263786,-1.050034,-0.005432129,-0.04345703,-9.230103,20.84808,-5.310234,353.4135,352.7025,25,0.131937,0.01093494,-0.03520592,3.026707,-1.489976,0.009952056,0.1172564,0.00143246,-0.03511171,-0.03642514,0.05112011,0.05564318,3
2014-02-24 18:43:08.779,2589,258.9,43.61222,3.931815,38.84631,16.16048,79.33964,9,5,1393263786,-1.024689,0.03863525,-0.07374573,-9.832739,20.68498,-4.684109,354.7735,354.0625,25,0.1256751,0.007598531,-0.02115615,3.028769,-1.489719,0.01029113,0.1109946,-0.001903904,-0.02106194,-0.05337133,0.004858822,0.0375274,3
2014-02-24 18:43:08.855,2590,259,43.61222,3.931815,38.84631,16.16048,79.33964,9,5,1393263786,-1.025177,-0.0027771,-0.01589966,-10.59973,21.1199,-4.684113,355.8648,355.1538,25,0.1253324,0.02491387,0.01855691,3.030843,-1.489837,0.01053978,0.1106519,0.01541145,0.01865111,0.01179067,-0.0342297,0.0394085,3
2014-02-24 18:43:08.979,2591,259.1,43.61222,3.931815,38.84631,16.16048,79.33964,9,5,1393263786,-1.000778,-0.04853821,-0.0572052,-9.832739,21.55482,-5.253311,354.5467,353.8357,25,0.1304302,-0.03748266,0.006310626,3.033066,-1.493163,0.01307156,0.1157495,-0.04699268,0.006394893,0.01504559,-0.0376948,0.04788544,3
2014-02-24 18:43:09.105,2592,259.2,43.61222,3.931815,38.84631,16.16048,79.33964,9,5,1393263786,-1.000778,-0.04853821,-0.0572052,-9.394461,22.31594,-6.050194,351.9212,351.2102,25,0.1306784,-0.07168671,-0.01916118,3.035113,-1.492808,0.01354112,0.114756,0.01955789,-0.03297648,0.007550218,0.03366705,0.03104222,3
2014-02-24 18:43:09.296,2593,259.3,43.61224,3.932017,38.79727,16.31953,79.78072,9,5,1393263787,-0.9726715,-0.016922,-0.0112915,-9.777956,21.17427,-4.627186,354.6726,353.9616,25,0.1229419,0.1040705,-0.002181129,3.039413,-1.493866,0.01207836,0.1193258,-0.02194584,0.01674995,0.0195831,-0.0138161,0.04997839,3
2014-02-24 18:43:09.495,2594,259.4,43.61224,3.932017,38.79727,16.31953,79.78072,9,5,1393263787,-0.9539185,-0.0316925,-0.06556702,-12.35286,21.66356,-4.114906,357.5727,356.8617,25,0.1294544,-0.05245762,-0.02287975,3.041473,-1.493282,0.01252735,0.108261,0.09456164,-0.002089517,0.02424752,-0.00439497,0.06613922,3
2014-02-24 18:43:09.614,2595,259.5,43.61224,3.932017,38.79727,16.31953,79.78072,9,5,1393263787,-1.00119,0.05728149,-0.04629517,-12.24329,21.33736,-5.253307,355.2057,354.4947,25,0.1343485,-0.02861939,-0.02306537,3.043515,-1.492308,0.01077517,0.1147727,-0.06196602,-0.02277888,0.04294502,-0.02091755,0.01283643,3
2014-02-24 18:43:09.815,2596,259.6,43.61224,3.932017,38.79727,16.31953,79.78072,9,5,1393263787,-1.050476,0.01260376,-0.03579712,-12.02415,21.33736,-5.59483,354.0519,353.3409,25,0.1229792,-0.02728435,0.01317839,3.047703,-1.495697,0.01244469,0.1070407,0.05943665,0.001760844,-0.002102351,-0.02982248,0.06360888,3
2014-02-24 18:43:09.984,2597,259.7,43.61224,3.932017,38.79727,16.31953,79.78072,9,5,1393263787,-1.038727,0.02629089,-0.03382874,-11.96936,21.60919,-5.651749,353.8927,353.1817,25,0.1197802,-0.009680857,-0.05037183,3.051576,-1.496555,0.01306157,0.1023539,0.003698081,-0.01885575,-0.05331574,0.02566496,0.03836943,3
2014-02-24 18:43:10.100,2598,259.8,43.61224,3.932017,38.79727,16.31953,79.78072,9,5,1393263787,-1.00502,-0.04234314,-0.04170227,-11.69544,21.66356,-5.59483,353.817,353.106,25,0.1167684,0.006686132,0.01513315,3.05346,-1.497531,0.01062271,0.1050958,-0.01920896,-0.05027104,-0.04447174,0.05351497,-0.01735032,3
2014-02-24 18:43:10.243,2599,259.9,43.61224,3.932017,38.79727,16.31953,79.78072,9,5,1393263787,-1.000916,-0.03181458,-0.08952332,-12.24329,20.68498,-4.001064,357.2818,356.5708,25,0.1093843,0.0824781,0.003764644,3.055351,-1.498355,0.01061667,0.1020841,-0.002841925,0.01523393,-0.04140573,0.03690736,0.038545,3
2014-02-24 18:43:10.398,2600,260,43.61227,3.932224,38.83176,16.81856,80.42963,9,5,1393263788,-0.9814911,-0.01985168,-0.03379822,-12.40764,21.93538,-3.716465,357.9115,357.2005,25,0.1083725,-0.02529018,-0.006924219,3.057169,-1.499173,0.009744928,0.09469882,0.07294405,0.003870415,-0.00763138,-0.03259837,0.02985677,3
2014-02-24 18:43:10.560,2601,260.1,43.61227,3.932224,38.83176,16.81856,80.42963,9,5,1393263788,-0.9814911,-0.01985168,-0.03379822,-12.13372,21.88102,-5.936352,356.4065,355.6955,25,0.1319551,-0.07059001,-0.02502519,3.060924,-1.500362,0.008795264,0.1172691,-0.08012608,-0.02491282,-0.03004491,0.03858031,0.002517589,3
2014-02-24 18:43:10.662,2602,260.2,43.61227,3.932224,38.83176,16.81856,80.42963,9,5,1393263788,-1.003616,-0.04962158,-0.07577515,-10.98323,22.04411,-4.85487,354.9095,354.1985,25,0.1096125,0.08225519,-0.02438523,3.062703,-1.499484,0.008898832,0.09492662,0.07271916,-0.02427286,-0.001360451,0.05789469,-0.007135126,3
2014-02-24 18:43:10.774,2603,260.3,43.61227,3.932224,38.83176,16.81856,80.42963,9,5,1393263788,-0.9791412,-0.02709961,-0.06100464,-11.31194,22.47903,-4.399509,355.9001,355.1891,25,0.1204103,0.02487579,0.01850977,3.064654,-1.499025,0.009202129,0.1057244,0.01533978,0.01862214,-0.006233027,-0.04041958,-0.00406836,3
2014-02-24 18:43:10.880,2604,260.4,43.61227,3.932224,38.83176,16.81856,80.42963,9,5,1393263788,-0.9951935,0.02496338,-0.08206177,-11.14759,22.31594,-3.773388,356.7427,356.0317,25,0.1216902,0.006724482,0.01518002,3.066629,-1.498572,0.007553796,0.1070046,-0.002808158,0.01530223,0.01822323,-0.01954588,0.0111553,3
2014-02-24 18:43:10.993,2605,260.5,43.61227,3.932224,38.83176,16.81856,80.42963,9,5,1393263788,-1.034271,0.03059387,-0.1128082,-10.98323,22.15284,-4.057983,356.5753,355.8643,25,0.1184515,0.01757393,-0.04243907,3.06857,-1.49798,0.008177011,0.103766,0.008041339,-0.04231686,0.002123249,0.0331403,-0.009312347,3
2014-02-24 18:43:11.108,2606,260.6,43.61227,3.932224,38.83176,16.81856,80.42963,9,5,1393263788,-0.9822998,0.02775574,-0.07025146,-11.91458,22.64212,-3.659546,357.9741,357.2631,25,0.1258639,-0.04918832,-0.03585041,3.07055,-1.497627,0.01000169,0.1111792,-0.05871855,-0.03573433,0.0006161167,-0.03580536,-0.007496602,3
2014-02-24 18:43:11.311,2607,260.7,43.61229,3.932439,39.3517,16.71715,81.81824,9,5,1393263789,-1.032059,0.004043579,-0.05795288,-11.4763,22.31594,-4.456432,354.4798,353.7688,25,0.1277486,0.06346633,0.01820404,3.074544,-1.498843,0.01225821,0.113064,0.05393337,0.01831265,-0.01053602,-0.03606668,0.0223867,3
2014-02-24 18:43:11.540,2608,260.8,43.61229,3.932439,39.3517,16.71715,81.81824,9,5,1393263789,-1.032059,0.004043579,-0.05795288,-11.0928,21.93538,-3.944145,355.224,354.513,25,0.1284083,-0.006232862,-0.0526688,3.07657,-1.499058,0.01292748,0.1099047,-0.07000878,-0.02860533,0.03462179,-0.02560133,-0.001754548,3
2014-02-24 18:43:11.636,2609,260.9,43.61229,3.932439,39.3517,16.71715,81.81824,9,5,1393263789,-1.015167,-0.02153015,-0.09367371,-11.14758,22.42467,-2.748821,358.0626,357.3516,25,0.1284083,-0.006232862,-0.0526688,3.078621,-1.498991,0.01310784,0.1137237,-0.01576575,-0.05256019,-0.03472129,0.01715105,0.01378453,3
2014-02-24 18:43:11.734,2610,261,43.61229,3.932439,39.3517,16.71715,81.81824,9,5,1393263789,-1.015167,-0.02153015,-0.09367371,-11.53108,22.26157,-4.057983,358.0368,357.3258,25,0.1106424,0.09944137,-0.002254366,3.08055,-1.498199,0.01137294,0.1044896,0.01194481,0.01982173,0.01803819,-0.0595349,0.02353254,3
2014-02-24 18:43:11.900,2611,261.1,43.61229,3.932439,39.3517,16.71715,81.81824,9,5,1393263789,-0.9602509,0.02438354,-0.05337524,-11.85979,22.47903,-3.716461,356.5345,355.8235,25,0.1282144,0.005276788,-0.03049399,3.084367,-1.497104,0.0116846,0.1110554,-0.08236419,-0.0167297,0.008799296,0.01235572,-0.0394013,3
2014-02-24 18:43:12.116,2612,261.2,43.61229,3.932439,39.3517,16.71715,81.81824,9,5,1393263789,-1.008499,0.03427124,-0.07644653,-11.4763,22.64212,-3.773388,355.1616,354.4506,25,0.1056218,0.04516109,0.01816995,3.088323,-1.497018,0.01375763,0.1155976,-0.02421836,0.02145142,-0.01232096,-0.04271558,-0.003047609,3
2014-02-24 18:43:12.249,2613,261.3,43.6123,3.932659,37.0471,16.96995,83.19765,9,5,1393263790,-0.9792786,0.03935242,-0.1083221,-10.32581,22.15284,-3.033421,356.4939,355.7829,25,0.1094538,-0.02739913,0.0118761,3.090212,-1.497695,0.01379742,0.09093888,0.03563809,0.01828412,-0.0177345,0.008670026,0.04165703,3
2014-02-24 18:43:12.409,2614,261.4,43.6123,3.932659,37.0471,16.96995,83.19765,9,5,1393263790,-1.086365,0.1107178,-0.09448242,-11.64065,22.47903,-2.691902,358.0056,357.2946,25,0.1210982,-0.01994574,-0.05964416,3.092098,-1.497863,0.014132,0.09477094,-0.03692211,0.01199027,-0.01125722,0.04840277,-0.003584757,3
2014-02-24 18:43:12.571,2615,261.5,43.6123,3.932659,37.0471,16.96995,83.19765,9,5,1393263790,-1.03186,-0.01077271,-0.03833008,-11.0928,22.6965,-2.1227,358.8391,358.1281,25,0.1106264,0.01455284,0.01265135,3.093946,-1.498269,0.01348741,0.1064147,-0.02947199,-0.05952698,0.01800179,0.05283942,-0.03586536,3
2014-02-24 18:43:12.675,2616,261.6,43.6123,3.932659,37.0471,16.96995,83.19765,9,5,1393263790,-1.003616,-0.01448059,-0.04676819,-11.69544,21.98975,-2.407299,358.2985,357.5875,25,0.1091837,-0.02373915,0.04468491,3.095808,-1.498552,0.0131443,0.09594297,0.005026643,0.01276852,-0.08905939,0.1238617,-0.02230715,3
2014-02-24 18:43:12.784,2617,261.7,43.6123,3.932659,37.0471,16.96995,83.19765,9,5,1393263790,-1.003616,-0.01448059,-0.04676819,-12.07893,22.15284,-2.919582,357.4173,356.7063,25,0.1059456,0.02786412,-0.01919713,3.099321,-1.49967,0.01325545,0.09126218,0.01833822,-0.0190779,-0.03227915,0.0871076,0.02334618,3
2014-02-24 18:43:12.871,2618,261.8,43.6123,3.932659,37.0471,16.96995,83.19765,9,5,1393263790,-0.9801941,0.01689148,-0.0506134,-12.29807,22.6965,-3.261105,358.2106,357.4996,25,0.1195916,-0.06043964,-0.01937769,3.101091,-1.499137,0.01108207,0.1049078,-0.06996365,-0.01924816,-0.01724562,0.05536285,-0.02156105,3
2014-02-24 18:43:12.995,2619,261.9,43.6123,3.932659,37.0471,16.96995,83.19765,9,5,1393263790,-1.010162,-0.02848816,-0.07112122,-12.46243,21.88102,-3.659546,356.2473,355.5363,25,0.1035474,0.03118002,-0.02746438,3.102792,-1.499091,0.01125603,0.08886361,0.02165604,-0.02733485,0.01717302,0.02814727,0.02102563,3
2014-02-24 18:43:13.113,2620,262,43.6123,3.932659,37.0471,16.96995,83.19765,9,5,1393263790,-0.9578705,-0.04043579,-0.04605103,-13.06506,22.04411,-2.805744,358.3859,357.6749,25,0.1043155,0.02032045,0.03130413,3.104553,-1.499083,0.01129678,0.08963174,0.01079651,0.03143366,-0.01279633,-0.01719162,0.0005265347,3
2014-02-24 18:43:13.244,2621,262.1,43.6123,3.932659,37.0471,16.96995,83.19765,9,5,1393263790,-0.988739,0.04196167,-0.05578613,-13.06506,21.71792,-2.80574,359.3014,358.5904,25,0.1094378,-0.05455219,0.0180067,3.106302,-1.499235,0.008640774,0.09474249,-0.06410172,0.01812798,0.03953287,-0.03179513,0.02544641,3
2014-02-24 18:43:13.413,2622,262.2,43.61232,3.932873,37.06705,17.04242,84.72119,9,5,1393263791,-1.014648,0.04136658,-0.08045959,-12.35286,21.98975,-2.634983,358.9498,358.2388,25,0.1148147,-0.01307293,-0.04452113,3.108067,-1.499461,0.008898114,0.1001195,-0.02262242,-0.04439985,0.008678209,0.05085967,0.01548594,3
2014-02-24 18:43:13.595,2623,262.3,43.61232,3.932873,37.06705,17.04242,84.72119,9,5,1393263791,-0.9677734,0.007461548,-0.07481384,-14.10599,21.55483,-2.407303,0.3470497,359.636,25,0.1096804,-0.001583249,-0.02004721,3.109796,-1.500572,0.01025767,0.09498506,-0.01113657,-0.0199324,-0.001525359,-0.03222298,0.02949805,3
2014-02-24 18:43:13.699,2624,262.4,43.61232,3.932873,37.06705,17.04242,84.72119,9,5,1393263791,-1.028961,0.05947876,-0.1031952,-14.10598,21.98975,-2.862663,0.06805801,359.3571,25,0.1031852,0.0405903,0.01584474,3.111559,-1.500658,0.01035519,0.08848993,0.03103702,0.01595956,0.009252331,0.0332737,0.004693564,3
2014-02-24 18:43:13.797,2625,262.5,43.61232,3.932873,37.06705,17.04242,84.72119,9,5,1393263791,-1.028961,0.05947876,-0.1031952,-13.33899,22.09848,-3.318027,359.6558,358.9448,25,0.1109159,-0.06384157,-0.0112159,3.113312,-1.50144,0.01142265,0.0883835,0.01642266,0.03134815,-0.0327122,-0.02049898,0.01161816,3
2014-02-24 18:43:13.894,2626,262.6,43.61232,3.932873,37.06705,17.04242,84.72119,9,5,1393263791,-1.046875,0.03926086,-0.05743408,-13.11985,21.33736,-3.204185,359.2417,358.5307,25,0.1197392,-0.07303586,-0.03567677,3.11506,-1.501888,0.01178812,0.09622069,-0.07339642,-0.01110477,-0.03140373,0.07126661,-0.03434622,3
2014-02-24 18:43:13.988,2627,262.7,43.61232,3.932873,37.06705,17.04242,84.72119,9,5,1393263791,-1.000275,0.007598877,-0.01957703,-13.17464,21.71792,-3.261101,357.9218,357.2108,25,0.09971354,0.1388362,-0.02620577,3.116898,-1.502688,0.01179312,0.1050441,-0.08259068,-0.03556564,-0.04926287,0.05105371,0.01061718,3
2014-02-24 18:43:14.134,2628,262.8,43.61232,3.932873,37.06705,17.04242,84.72119,9,5,1393263791,-1.041061,0.04324341,-0.04277039,-12.29807,21.82665,-2.80574,359.1595,358.4485,25,0.1079811,-0.06452972,0.04741758,3.118493,-1.502917,0.01210049,0.08501774,0.1292755,-0.02609564,-0.002650622,0.01969907,0.0482453,3
2014-02-24 18:43:14.252,2629,262.9,43.61232,3.932873,37.06705,17.04242,84.72119,9,5,1393263791,-1.012314,-0.06144714,-0.08650208,-13.72249,22.26157,-2.464226,0.9836769,0.2726746,25,0.0886814,0.1353128,-0.0309699,3.120225,-1.50442,0.01217752,0.09328529,-0.07409038,0.04752771,-0.01925912,-0.02706839,6.915331e-05,3
2014-02-24 18:43:14.403,2630,263,43.61232,3.932873,37.06705,17.04242,84.72119,9,5,1393263791,-0.9898376,-0.04672241,-0.04832458,-13.11985,22.96832,-2.748821,0.2500038,359.539,25,0.11834,-0.1328803,-0.005778527,3.121916,-1.506511,0.01151911,0.07398432,0.1257425,-0.0308579,0.05762164,0.02386321,0.05894168,3
2014-02-24 18:43:14.552,2631,263.1,43.61232,3.933084,38.17638,17.18644,86.15865,9,5,1393263792,-0.990387,-0.03637695,-0.0006408691,-13.11985,22.5334,-3.090343,359.7126,359.0016,25,0.1095001,-0.02631203,0.006000368,3.123542,-1.505863,0.01139446,0.1036429,-0.1424505,-0.005666532,-0.01810237,0.0491292,-0.1072664,3
2014-02-24 18:43:14.655,2632,263.2,43.61232,3.933084,38.17638,17.18644,86.15865,9,5,1393263792,-0.9786682,-0.05099487,-0.05302429,-13.22942,22.20721,-3.204185,359.4401,358.7291,25,0.08585579,0.1469705,0.01229422,3.125397,-1.507779,0.01111241,0.09480315,-0.03588225,0.006112363,0.008115814,-0.03561023,0.01464692,3
2014-02-24 18:43:14.784,2633,263.3,43.61232,3.933084,38.17638,17.18644,86.15865,9,5,1393263792,-0.9611053,-0.02940369,-0.0471344,-13.28421,21.50046,-2.919582,359.9562,359.2452,25,0.1068577,-0.06690793,0.03452575,3.126925,-1.5085,0.00949063,0.07115777,0.1373932,0.01241162,0.007628303,-0.02688647,0.06161233,3
2014-02-24 18:43:14.895,2634,263.4,43.61232,3.933084,38.17638,17.18644,86.15865,9,5,1393263792,-1.032379,0.03749084,-0.1206207,-13.44856,21.98974,-2.634979,0.9355544,0.224552,25,0.1098506,-0.08325707,-0.02863351,3.128596,-1.509043,0.009488625,0.09215979,-0.07648519,0.03464315,0.01938071,-0.04150639,0.008687257,3
2014-02-24 18:43:14.986,2635,263.5,43.61232,3.933084,38.17638,17.18644,86.15865,9,5,1393263792,-1.032379,0.03749084,-0.1206207,-14.32512,21.01117,-2.748821,1.976087,1.265085,25,0.09974258,0.1218268,-0.02721271,3.131757,-1.508394,0.006908099,0.08504452,0.1122493,-0.02708627,-0.0235309,0.02201425,0.04928392,3
2014-02-24 18:43:15.179,2636,263.6,43.61232,3.933084,38.17638,17.18644,86.15865,9,5,1393263792,-1.034149,0.04222107,-0.02314758,-13.99641,22.42467,-3.545704,0.4786415,359.7676,25,0.100758,0.003180613,0.01735982,3.135052,-1.508638,0.008877001,0.08606121,-0.006390425,0.01747925,-0.03383087,0.05468377,-0.01079082,3
2014-02-24 18:43:15.277,2637,263.7,43.61232,3.933084,38.17638,17.18644,86.15865,9,5,1393263792,-1.02861,0.04156494,-0.09623718,-15.20168,22.20721,-3.773384,0.7791481,0.06814575,25,0.09240477,0.0005962818,-0.01436855,3.136529,-1.50823,0.008956131,0.07770801,-0.008974712,-0.01424912,-0.03614582,0.05117708,0.0393753,3
2014-02-24 18:43:15.463,2638,263.8,43.61232,3.933084,38.17638,17.18644,86.15865,9,5,1393263792,-1.037354,0.01223755,-0.0453949,-15.03733,21.93538,-4.171825,359.8067,359.0957,25,0.1023298,-0.01299223,-0.02235271,3.138057,-1.508353,0.01034253,0.08763334,-0.02256352,-0.02223991,-0.03061257,0.05190729,-0.03383755,3
2014-02-24 18:43:15.589,2639,263.9,43.61233,3.933298,37.88985,17.06119,87.90982,9.153592,10,1393263793,-0.9946899,-0.05848694,-0.03269958,-12.68157,21.1199,-2.521141,2.927648,2.216646,25,0.1042766,0.02941488,0.03473428,3.139697,-1.508858,0.01008171,0.08958018,0.01984363,0.03484708,-0.03932182,0.02231908,0.01650096,3
2014-02-24 18:43:15.785,2640,264,43.61233,3.933298,37.88985,17.06119,87.90982,9.153592,10,1393263793,-1.015427,-0.02810669,-0.03704834,-13.61292,20.73935,-3.716461,1.208417,0.497415,25,0.1022784,-0.04237515,-0.01150832,-3.140263,-1.509184,0.008372967,0.08758175,-0.05194655,-0.0113871,-0.03388436,0.0581623,-0.01136529,3
2014-02-24 18:43:15.824,2641,264.1,43.61233,3.933298,37.88985,17.06119,87.90982,9.153592,10,1393263793,-1.015427,-0.02810669,-0.03704834,-13.72248,21.82665,-3.944145,1.590369,0.8793668,25,0.1019692,0.02811393,0.015955,-3.138621,-1.509166,0.007059309,0.09375887,-0.03267786,-0.01737627,0.01991194,0.02875725,-0.005640976,3
2014-02-24 18:43:15.984,2642,264.2,43.61233,3.933298,37.88985,17.06119,87.90982,9.153592,10,1393263793,-0.9892273,0.02877808,-0.08789062,-13.94163,20.95681,-4.285667,0.7567787,0.04577637,25,0.1072905,-0.04695366,-0.02197348,-3.135425,-1.509825,0.006889401,0.07592298,0.01872628,0.04999079,0.04171252,-0.008644101,0.01472812,3
2014-02-24 18:43:16.179,2643,264.3,43.61233,3.933298,37.88985,17.06119,87.90982,9.153592,10,1393263793,-1.03717,0.06082153,-0.08184814,-13.44857,21.77229,-3.204185,3.355371,2.644368,25,0.09555768,0.05548829,0.04378104,-3.13226,-1.510981,0.006044596,0.08282443,-0.03856325,-0.03384378,0.02626956,-0.03408606,0.01355928,3
2014-02-24 18:43:16.288,2644,264.4,43.61233,3.933298,37.88985,17.06119,87.90982,9.153592,10,1393263793,-1.024857,0.03977966,-0.05422974,-13.83206,21.82665,-3.147263,3.455937,2.744935,25,0.09578725,-0.003602192,0.02441693,-3.130742,-1.511798,0.004725677,0.08085986,0.04591016,0.04391531,0.06593695,0.02965852,0.0283237,3
2014-02-24 18:43:16.545,2645,264.5,43.61233,3.933298,37.88985,17.06119,87.90982,9.153592,10,1393263793,-1.031433,-0.02781677,-0.04600525,-13.01028,20.90244,-1.724258,4.498236,3.787233,25,0.1023349,-0.02544943,-0.02105788,-3.129226,-1.512409,0.004954973,0.08108949,-0.01318028,0.0245512,0.01110108,-0.02975879,0.02461605,3
2014-02-24 18:43:16.653,2646,264.6,43.61233,3.933522,35.966,17.04464,88.90683,9.361335,10,1393263794,-0.9713287,-0.02510071,-0.03752136,-13.50334,21.06554,-3.033424,3.90097,3.189968,25,0.1109739,-0.0152197,-0.02576715,-3.12771,-1.511874,0.004667782,0.08763736,-0.03502592,-0.0209213,0.02144704,0.01136637,-0.01015798,3
2014-02-24 18:43:16.737,2647,264.7,43.61233,3.933522,35.966,17.04464,88.90683,9.361335,10,1393263794,-0.984726,0.001876831,-0.07203674,-14.48948,21.283,-2.236546,6.140922,5.429919,25,0.0882308,0.05650882,0.03666187,-3.126145,-1.511991,0.004598274,0.09627642,-0.02479617,-0.02563056,-0.0331722,-0.02321851,0.01276569,3
2014-02-24 18:43:16.861,2648,264.8,43.61233,3.933522,35.966,17.04464,88.90683,9.361335,10,1393263794,-0.9633636,-0.01739502,-0.04920959,-13.99641,21.55483,-3.204185,4.154346,3.443344,25,0.08967636,-0.04784023,0.02596289,-3.124648,-1.512072,0.004508911,0.07353336,0.04693239,0.03679846,0.02693732,-0.02059181,0.02116901,3
2014-02-24 18:43:16.931,2649,264.9,43.61233,3.933522,35.966,17.04464,88.90683,9.361335,10,1393263794,-1.015152,0.02331543,-0.09594727,-13.44856,21.33736,-3.545708,2.892792,2.18179,25,0.1000305,0.003812049,-0.04482766,-3.123145,-1.512714,0.003829265,0.07497891,-0.05741639,0.02610299,0.0135804,0.005706087,-0.01398711,3
2014-02-24 18:43:17.252,2650,265,43.61233,3.933522,35.966,17.04464,88.90683,9.361335,10,1393263794,-1.051178,0.05619812,-0.07513428,-14.10598,21.4461,-3.090343,5.368532,4.65753,25,0.09971727,0.01996652,-0.008621984,-3.121664,-1.512516,0.004058369,0.08533307,-0.005764076,-0.04468756,0.0349303,-0.01333666,0.009037518,3
2014-02-24 18:43:17.460,2651,265.1,43.61233,3.933522,35.966,17.04464,88.90683,9.361335,10,1393263794,-1.051178,0.05619812,-0.07513428,-13.83206,22.15284,-2.35038,6.867329,6.156326,25,0.08943508,0.04635578,0.04146488,-3.118656,-1.512273,0.004082296,0.07473798,0.03678096,0.04160457,0.007358646,-0.04251806,0.02284515,3
2014-02-24 18:43:17.569,2652,265.2,43.61233,3.933522,35.966,17.04464,88.90683,9.361335,10,1393263794,-1.003189,-0.04124451,-0.02316284,-13.94163,21.39173,-1.89502,7.445765,6.734763,25,0.1072538,-0.05597379,-0.01602025,-3.117104,-1.511809,0.004264045,0.09255713,-0.06554515,-0.01587919,0.01965977,0.003943597,-0.02079003,3
2014-02-24 18:43:17.702,2653,265.3,43.61233,3.933522,35.966,17.04464,88.90683,9.361335,10,1393263794,-1.038376,0.02204895,-0.06987,-13.50335,22.04411,-2.57806,5.485378,4.774376,25,0.1022886,0.03119813,-0.02395726,-3.115473,-1.511228,0.004117591,0.08759197,0.0216268,-0.02381621,-0.004971201,-0.03712693,0.03636949,3
2014-02-24 18:43:17.811,2654,265.4,43.61233,3.93375,34.18876,17.44912,89.76331,9.576383,10,1393263795,-1.001465,-0.02734375,-0.02616882,-13.6677,22.96832,-2.748821,5.044244,4.333241,25,0.09959264,-0.003685016,0.01037701,-3.113847,-1.511509,0.004099475,0.08489611,-0.01325631,0.01051806,-0.04014124,0.02614841,-0.01061757,3
2014-02-24 18:43:18.005,2655,265.5,43.61233,3.93375,34.18876,17.44912,89.76331,9.576383,10,1393263795,-1.030533,0.03858948,-0.09819031,-13.22941,22.64213,-3.773388,3.429719,2.718717,25,0.1097297,-0.05257346,-0.01837581,-3.110429,-1.511584,0.003957753,0.09503316,-0.06214422,-0.01823145,-0.05321299,0.0311489,-0.02747745,3
2014-02-24 18:43:18.130,2656,265.6,43.61233,3.93375,34.18876,17.44912,89.76331,9.576383,10,1393263795,-1.038986,0.01480103,-0.1078644,-13.55813,22.5334,-3.431866,4.544991,3.833988,25,0.09977426,-0.03782408,-0.006884538,-3.105489,-1.511861,0.004160312,0.0887444,0.006995528,-0.01192857,0.006815363,0.04099502,-0.02613662,3
2014-02-24 18:43:18.241,2657,265.7,43.61233,3.93375,34.18876,17.44912,89.76331,9.576383,10,1393263795,-1.006058,0.003585815,-0.04107666,-12.84593,22.3703,-3.374943,3.829098,3.118096,25,0.09977426,-0.03782408,-0.006884538,-3.10396,-1.511337,0.004463513,0.08507804,-0.04739448,-0.006741327,-0.04076336,0.01926452,-0.04844026,3
2014-02-24 18:43:18.415,2658,265.8,43.61233,3.93375,34.18876,17.44912,89.76331,9.576383,10,1393263795,-0.9558105,0.01217651,-0.0766449,-12.68157,21.66356,-1.15506,8.331184,7.620182,25,0.09209238,0.06542801,0.01432275,-3.1024,-1.511601,0.004387013,0.07739622,0.05585766,0.01446596,-0.007818853,0.007972814,0.01808312,3
2014-02-24 18:43:18.579,2659,265.9,43.61233,3.93375,34.18876,17.44912,89.76331,9.576383,10,1393263795,-1.036255,0.03060913,-0.1167145,-13.50335,20.63061,-1.439655,8.189356,7.478354,25,0.093445,0.008715461,0.007850733,-3.100865,-1.510292,0.003194461,0.07874895,-0.0008512315,0.008001043,0.04235453,0.01537097,-0.0161777,3
2014-02-24 18:43:18.681,2660,266,43.61233,3.93375,34.18876,17.44912,89.76331,9.576383,10,1393263795,-1.020401,0.03244019,-0.09022522,-13.17463,21.283,-1.89502,6.706208,5.995205,25,0.09612307,-0.02317509,-0.01410091,-3.099446,-1.509838,0.003169636,0.08142706,-0.03274176,-0.01395059,-0.00755393,0.002467726,-0.01717413,3
2014-02-24 18:43:18.777,2661,266.1,43.61233,3.93375,34.18876,17.44912,89.76331,9.576383,10,1393263795,-1.025696,-0.0003509521,-0.09101868,-13.50334,22.04411,-2.464222,4.908284,4.197281,25,0.08457454,0.05078568,0.03316328,-3.098003,-1.510791,0.001967442,0.069878,0.04121655,0.03331732,-0.02227901,0.02476407,0.01175154,3
2014-02-24 18:43:18.876,2662,266.2,43.61233,3.93375,34.18876,17.44912,89.76331,9.576383,10,1393263795,-1.025696,-0.0003509521,-0.09101868,-13.2842,22.04411,-2.1227,5.678534,4.967532,25,0.08499692,-0.002833337,-0.01088727,-3.096629,-1.510385,0.002135828,0.07017129,0.009232559,0.001958327,0.01840665,0.009810997,-0.02138182,3
2014-02-24 18:43:18.952,2663,266.3,43.61233,3.933954,34.45757,17.09156,90.05418,9.699424,10,1393263796,-0.9948425,0.01679993,-0.1083374,-13.17463,21.50046,-2.578064,4.832496,4.121494,25,0.08499692,-0.002833337,-0.01088727,-3.095322,-1.510083,0.002059616,0.07030048,-0.01240241,-0.01073323,-0.02754043,0.001708663,-0.03034236,3
2014-02-24 18:43:19.068,2664,266.4,43.61233,3.933954,34.45757,17.09156,90.05418,9.699424,10,1393263796,-0.9948425,0.01679993,-0.1083374,-14.16077,22.3703,-3.147263,3.756975,3.045973,25,0.08491542,-0.006149772,-0.0002974751,-3.09404,-1.508345,0.0008276108,0.06887805,0.03985686,0.005173208,0.0130038,0.01864988,-0.01461531,3
2014-02-24 18:43:19.167,2665,266.5,43.61233,3.933954,34.45757,17.09156,90.05418,9.699424,10,1393263796,-1.027328,0.02859497,-0.09320068,-13.77727,22.42467,-2.293457,4.766939,4.055937,25,0.08484592,0.02108718,0.004128166,-3.092796,-1.508017,0.0009642259,0.07021955,-0.01571288,-0.0001368694,0.003187007,0.01776415,-0.04559893,3
2014-02-24 18:43:19.263,2666,266.6,43.61233,3.933954,34.45757,17.09156,90.05418,9.699424,10,1393263796,-1.00647,-0.009674072,-0.08000183,-14.21556,21.77229,-2.293457,6.132014,5.421012,25,0.07993771,0.03462109,0.0004295679,-3.091516,-1.507146,0.001007616,0.07013636,0.01150067,0.004266054,-0.02964392,-0.004241407,-0.02348981,3
2014-02-24 18:43:19.406,2667,266.7,43.61233,3.933954,34.45757,17.09156,90.05418,9.699424,10,1393263796,-0.9788818,0.01950073,-0.1013489,-12.07893,21.39173,-0.7566147,7.664627,6.953624,25,0.07993878,0.008582303,0.004202735,-3.090253,-1.507119,0.001116457,0.06522821,0.02503463,0.0005674559,0.01710718,0.00989026,-0.009379013,3
2014-02-24 18:43:19.577,2668,266.8,43.61233,3.933954,34.45757,17.09156,90.05418,9.699424,10,1393263796,-1.050781,0.04797363,-0.1053162,-13.06506,22.04411,-3.147263,3.74999,3.038987,25,0.08462248,0.03375796,0.02981089,-3.089,-1.504695,0.0001662967,0.06522987,-0.0009977747,0.004345044,-0.03422734,0.02076566,-0.04762524,3
2014-02-24 18:43:19.654,2669,266.9,43.61233,3.933954,34.45757,17.09156,90.05418,9.699424,10,1393263796,-0.9994659,-0.004959106,-0.09654236,-13.01028,22.20721,-2.748821,4.303795,3.592793,25,0.08253722,0.01299516,-0.01341141,-3.087722,-1.504786,1.51646e-05,0.06991362,0.02417792,0.0299532,-0.01581921,-0.003494357,-0.01416202,3
2014-02-24 18:43:19.754,2670,267,43.61233,3.933954,34.45757,17.09156,90.05418,9.699424,10,1393263796,-1.004013,0.01324463,-0.0791626,-13.50334,22.80523,-3.374947,3.312251,2.601248,25,0.08108234,0.009808955,0.01475977,-3.086449,-1.504468,0.0001361562,0.06782841,0.003415146,-0.0132691,-0.05298019,0.04810979,-0.03903628,3
2014-02-24 18:43:19.882,2671,267.1,43.61233,3.933954,34.45757,17.09156,90.05418,9.699424,10,1393263796,-0.9898682,0.02354431,-0.1239471,-13.22942,23.40324,-3.204185,3.022864,2.311862,25,0.08357159,0.02678128,0.008752746,-3.085181,-1.50281,-0.0007900898,0.06637383,0.0002336127,0.01490634,-0.001776449,-0.005749196,-0.0286082,3
2014-02-24 18:43:19.977,2672,267.2,43.61233,3.93416,39.70234,17.18077,90.81485,9.788222,10,1393263797,-1.020996,0.009643555,-0.07737732,-12.95549,22.80523,-2.919582,3.520139,2.809137,25,0.09481785,0.0006620619,-0.00848057,-3.083868,-1.50307,-0.0006432561,0.06886315,0.01720598,0.008899315,-0.006305788,0.01260137,-0.01148851,3
2014-02-24 18:43:20.076,2673,267.3,43.61233,3.93416,39.70234,17.18077,90.81485,9.788222,10,1393263797,-0.978653,0.004623413,-0.08758545,-12.79114,22.09848,-3.09034,2.803449,2.092447,25,0.09227055,-0.01512169,0.00455294,-3.082502,-1.500983,-0.001057406,0.08010989,-0.008907664,-0.008330458,-0.03141294,0.0164902,-0.04093089,3
2014-02-24 18:43:20.169,2674,267.4,43.61233,3.93416,39.70234,17.18077,90.81485,9.788222,10,1393263797,-0.978653,0.004623413,-0.08758545,-12.40765,22.47903,-2.80574,3.570307,2.859304,25,0.09732682,0.0164823,-0.01682292,-3.079576,-1.501235,-0.001793566,0.08261851,0.006913329,-0.01666835,-0.001763891,0.02730495,-0.006788809,3
2014-02-24 18:43:20.268,2675,267.5,43.61233,3.93416,39.70234,17.18077,90.81485,9.788222,10,1393263797,-1.011642,-0.001617432,-0.08694458,-13.50335,21.93538,-2.236542,5.611986,4.900983,25,0.0897416,0.01096264,0.00896633,-3.078111,-1.501017,-0.001723461,0.07503335,0.001393696,0.009120901,-0.001962042,-0.002715281,-0.02880348,3
2014-02-24 18:43:20.482,2676,267.6,43.61233,3.93416,39.70234,17.18077,90.81485,9.788222,10,1393263797,-1.024673,0.04057312,-0.08155823,-14.70862,22.15284,-2.57806,5.569004,4.858001,25,0.08994773,0.005101019,-0.01560959,-3.076665,-1.501556,-0.001410466,0.07278994,-0.03053492,-0.01287761,-0.0140396,-0.003027897,-0.01775967,3
2014-02-24 18:43:20.585,2677,267.7,43.61233,3.93416,39.70234,17.18077,90.81485,9.788222,10,1393263797,-0.9841766,-0.02110291,-0.07574463,-14.54426,21.98975,-3.545708,3.09441,2.383408,25,0.08730508,0.006391587,0.006641391,-3.07527,-1.501451,-0.0008643267,0.0752399,-0.004467526,-0.01545708,-0.02707728,0.03970879,-0.01226823,3
2014-02-24 18:43:20.714,2678,267.8,43.61233,3.93416,39.70234,17.18077,90.81485,9.788222,10,1393263797,-0.9973907,0.03590393,-0.0919342,-14.54426,21.1199,-3.090343,4.265602,3.5546,25,0.08625925,-0.02209971,-0.01186012,-3.073874,-1.501727,-0.0005904934,0.07259731,-0.003176914,0.006793896,0.01343887,-0.0216934,-0.006730521,3
2014-02-24 18:43:20.884,2679,267.9,43.61233,3.93416,39.70234,17.18077,90.81485,9.788222,10,1393263797,-1.016357,0.02163696,-0.06083679,-13.88684,21.55482,-4.001068,2.669158,1.958155,25,0.0874172,-0.03333958,-0.001181378,-3.071298,-1.501502,-0.001590968,0.06520867,0.01828228,0.004171884,0.01194213,-0.006580591,0.008950938,3
2014-02-24 18:43:21.083,2680,268,43.61233,3.934363,39.61224,16.9836,90.455,9.78877,10,1393263798,-0.9993134,-0.02069092,-0.06617737,-13.22942,21.55482,-3.204185,4.584354,3.873352,25,0.06904325,0.01058633,-0.01821016,-3.067694,-1.501808,-0.002268545,0.06032656,-0.03273379,0.006973817,0.01605129,-0.006434192,-0.004003501,3
2014-02-24 18:43:21.208,2681,268.1,43.61233,3.934363,39.61224,16.9836,90.455,9.78877,10,1393263798,-1.015808,-0.007202148,-0.04598999,-13.72249,21.06554,-3.830311,4.573082,3.86208,25,0.07606255,-0.003718039,0.02892086,-3.066688,-1.502351,-0.002297219,0.05433493,0.001020516,-0.01804827,-0.04038426,0.04767532,0.001253054,3
2014-02-24 18:43:21.499,2682,268.2,43.61233,3.934363,39.61224,16.9836,90.455,9.78877,10,1393263798,-1.032669,0.03096008,-0.0572052,-15.25647,21.71792,-3.602619,4.11662,3.405617,25,0.06754363,0.03008493,0.01208569,-3.064431,-1.503087,-0.003814771,0.06172401,-0.04647466,-0.01164173,-0.04618291,0.04122918,-0.009278095,3
2014-02-24 18:43:21.678,2683,268.3,43.61233,3.934363,39.61224,16.9836,90.455,9.78877,10,1393263798,-0.9894867,-0.009979248,-0.0700531,-13.77728,20.35879,-4.911785,3.891719,3.180717,25,0.0616892,0.002577407,-0.02054895,-3.061435,-1.503474,-0.003438506,0.04698059,-0.006987503,-0.02038191,-0.03494027,0.02752158,0.01006601,3
2014-02-24 18:43:21.783,2684,268.4,43.61233,3.934363,39.61224,16.9836,90.455,9.78877,10,1393263798,-1.039261,0.0687561,-0.09461975,-13.77727,21.11991,-3.65955,2.512053,1.801051,25,0.07612513,0.02452239,0.0169148,-3.060391,-1.503497,-0.003207481,0.06141659,0.01495752,0.01708184,0.008244445,-0.01318672,-0.002805158,3
2014-02-24 18:43:21.870,2685,268.5,43.61233,3.934557,35.84444,16.75962,89.92718,9.591547,10,1393263799,-1.049362,0.0632019,-0.06738281,-13.06506,20.52188,-4.968708,0.3163185,359.6053,25,0.07786151,-0.01105611,-0.04020335,-3.059432,-1.503378,-0.003448468,0.06315251,-0.02062183,-0.04003316,-0.04153852,0.06530764,-0.0272533,3
2014-02-24 18:43:21.996,2686,268.6,43.61233,3.934557,35.84444,16.75962,89.92718,9.591547,10,1393263799,-0.9756775,0.007492065,-0.09439087,-13.83206,21.71792,-5.993271,1.90119,1.190188,25,0.08010016,-0.02440467,-0.01072402,-3.057297,-1.502712,-0.002745483,0.06539184,-0.03396604,-0.01055322,0.03016534,-0.0003956257,-0.02426871,3
2014-02-24 18:43:22.097,2687,268.7,43.61233,3.934557,35.84444,16.75962,89.92718,9.591547,10,1393263799,-0.9756775,0.007492065,-0.09439087,-13.33899,21.33736,-6.505554,358.2349,357.5239,25,0.0784791,0.009929064,0.03233024,-3.056139,-1.502157,-0.002719922,0.06435674,0.03602134,-0.0452662,-0.04456423,0.055294,-0.002566947,3
2014-02-24 18:43:22.180,2688,268.8,43.61233,3.934557,35.84444,16.75962,89.92718,9.591547,10,1393263799,-1.035248,0.01600647,-0.06881714,-12.73635,20.95681,-6.334793,357.0091,356.2981,25,0.0784791,0.009929064,0.03233024,-3.054916,-1.502102,-0.0006128582,0.06377199,0.0003690704,0.03249414,0.02692292,-0.04194892,-0.002908397,3
2014-02-24 18:43:22.295,2689,268.9,43.61233,3.934557,35.84444,16.75962,89.92718,9.591547,10,1393263799,-1.035248,0.01600647,-0.06881714,-12.62679,21.82665,-6.562473,357.491,356.78,25,0.08107728,0.01434219,0.01471556,-3.053811,-1.50188,-0.0002864412,0.06423783,-8.577105e-05,-0.02497901,-0.03933059,0.04860272,-0.007051136,3
2014-02-24 18:43:22.502,2690,269,43.61233,3.934557,35.84444,16.75962,89.92718,9.591547,10,1393263799,-0.9886169,-0.04110718,-0.09516907,-12.90071,22.31594,-6.505554,357.6956,356.9846,25,0.076221,0.01537203,0.00644698,-3.052621,-1.501955,-0.0004831738,0.06637027,0.004782257,0.01487946,-0.03761654,0.0155233,-3.023161e-05,3
2014-02-24 18:43:22.687,2691,269.1,43.61233,3.934557,35.84444,16.75962,89.92718,9.591547,10,1393263799,-1.027191,0.01483154,-0.06774902,-12.95549,22.15284,-5.196392,358.783,358.072,25,0.06370361,0.0437861,0.02833843,-3.050403,-1.501659,-0.002186419,0.05434618,-0.02502141,-0.01543744,-0.02154122,0.01439989,-0.007348882,3
2014-02-24 18:43:22.895,2692,269.2,43.61234,3.934752,34.21005,16.76076,88.31158,9.239552,10,1393263800,-0.9873047,-0.0199585,-0.06311035,-13.94163,21.283,-5.08255,359.9388,359.2278,25,0.06279654,-0.006349775,-0.004027498,-3.048617,-1.501891,-0.0008762446,0.04817156,-0.02165235,-0.01318806,-0.001564683,-0.02072793,-0.01781938,3
2014-02-24 18:43:22.970,2693,269.3,43.61234,3.934752,34.21005,16.76076,88.31158,9.239552,10,1393263800,-0.999527,0.03317261,-0.06463623,-13.39378,21.283,-6.448635,357.1292,356.4182,25,0.05521851,-0.001688444,0.01931617,-3.047724,-1.502174,-0.001092791,0.04808903,-0.01591162,-0.003860075,-0.03879221,0.02191746,0.001643903,3
2014-02-24 18:43:23.065,2694,269.4,43.61234,3.934752,34.21005,16.76076,88.31158,9.239552,10,1393263800,-1.028152,0.008926392,-0.05795288,-14.10599,21.1199,-5.82251,358.5263,357.8153,25,0.056675,0.008289088,-0.01009471,-3.046882,-1.50252,-0.002544544,0.04051024,-0.01125082,0.01948988,0.01036216,-0.02250304,0.005112723,3
2014-02-24 18:43:23.179,2695,269.5,43.61234,3.934752,34.21005,16.76076,88.31158,9.239552,10,1393263800,-0.9930115,-0.0348053,-0.0640564,-12.68157,21.98975,-7.757797,357.5551,356.8441,25,0.04533739,0.03110173,0.01890125,-3.045187,-1.502865,-0.002212813,0.04673262,-0.03843871,0.01512048,0.002207687,-0.01306181,-0.004187947,3
2014-02-24 18:43:23.301,2696,269.6,43.61234,3.934752,34.21005,16.76076,88.31158,9.239552,10,1393263800,-0.9930115,-0.0348053,-0.0640564,-13.22942,21.88102,-7.530121,357.4218,356.7108,25,0.04943226,0.002435461,-0.02653068,-3.043916,-1.502491,-0.002839882,0.03472422,-0.007125369,-0.02635551,0.01447926,0.01992624,-0.00392213,3
2014-02-24 18:43:23.539,2697,269.7,43.61234,3.934752,34.21005,16.76076,88.31158,9.239552,10,1393263800,-0.9840546,0.01098633,-0.05256653,-12.95549,20.19569,-6.448639,354.3496,353.6386,25,0.04539012,-0.006307431,0.01809378,-3.043172,-1.502742,-0.002972492,0.03068213,-0.01586822,0.01826895,-0.01876817,0.02263176,0.007133988,3
2014-02-24 18:43:23.646,2698,269.8,43.61234,3.934752,34.21005,16.76076,88.31158,9.239552,10,1393263800,-1.013458,0.02944946,-0.07061768,-12.95549,20.30442,-5.993275,354.5925,353.8815,25,0.0576886,0.01530279,0.01565459,-3.042467,-1.502973,-0.003036267,0.04298065,0.005742022,0.01582976,0.01364173,0.007950066,0.01520435,3
2014-02-24 18:43:23.743,2699,269.9,43.61234,3.934752,34.21005,16.76076,88.31158,9.239552,10,1393263800,-1.031677,-0.01196289,-0.0617218,-13.17463,21.06554,-7.017838,354.7452,354.0342,25,0.06283276,-0.01317759,-0.007480021,-3.041613,-1.503623,-0.002101021,0.04812519,-0.02274022,-0.007309533,-0.01571576,0.02734844,-0.00349454,3
2014-02-24 18:43:23.845,2700,270,43.61234,3.934752,34.21005,16.76076,88.31158,9.239552,10,1393263800,-1.032227,0.01005554,-0.05409241,-13.22942,20.46752,-6.733234,354.9104,354.1994,25,0.0663721,-0.02092419,0.01257252,-3.040715,-1.50392,-0.002302611,0.05166459,-0.03048678,0.012743,-0.0339153,-0.0142655,0.005104853,3
2014-02-24 18:43:23.944,2701,270.1,43.61234,3.934752,34.21005,16.76076,88.31158,9.239552,10,1393263800,-1.004944,0.00440979,-0.06059265,-14.16077,20.1957,-7.81472,356.2548,355.5438,25,0.06380561,0.01312113,0.02042698,-3.039784,-1.504467,-0.003666748,0.04909738,0.003557523,0.02060326,-0.01992115,0.03487696,0.002376502,3
2014-02-24 18:43:24.047,2702,270.2,43.61235,3.934965,35.79065,16.87071,85.51479,9,5,1393263801,-1.003479,0.03320312,-0.07345581,-12.95549,20.52188,-8.156242,354.4495,353.7385,25,0.06406048,0.006079997,-0.01000203,-3.03877,-1.50441,-0.003623678,0.04935231,-0.003483564,-0.009825751,-0.01815478,0.04390746,0.007270792,3
2014-02-24 18:43:24.121,2703,270.3,43.61235,3.934965,35.79065,16.87071,85.51479,9,5,1393263801,-0.9992218,0.02603149,-0.08604431,-12.62678,20.63062,-9.066967,352.4706,351.7596,25,0.0762764,0.008525844,0.0006490123,-3.037712,-1.503776,-0.0042989,0.06156815,-0.001036027,0.0008284575,-0.02149556,0.01726178,-0.01242215,3
2014-02-24 18:43:24.249,2704,270.4,43.61235,3.934965,35.79065,16.87071,85.51479,9,5,1393263801,-0.9992218,0.02603149,-0.08604431,-13.55813,19.27148,-8.440842,353.0715,352.3605,25,0.0614575,0.01412407,0.006317551,-3.036716,-1.503724,-0.004229085,0.05422055,0.0181172,-0.006467539,-0.02668675,0.02148199,-0.001734609,3
2014-02-24 18:43:24.359,2705,270.5,43.61235,3.934965,35.79065,16.87071,85.51479,9,5,1393263801,-1.006668,0.04417419,-0.08332825,-14.16077,18.45601,-8.725445,353.9727,353.2617,25,0.0614575,0.01412407,0.006317551,-3.035709,-1.503983,-0.004167124,0.04674935,0.004562266,0.006496995,-0.001461649,0.02186438,-0.0192812,3
2014-02-24 18:43:24.546,2706,270.6,43.61235,3.934965,35.79065,16.87071,85.51479,9,5,1393263801,-1.006668,0.04417419,-0.08332825,-14.81819,17.91235,-7.58704,354.1697,353.4587,25,0.05775251,0.01750443,0.00742223,-3.034918,-1.503395,-0.005406538,0.04315233,0.004439725,-0.005261123,-0.02265565,0.02410399,-0.01796299,3
2014-02-24 18:43:24.642,2707,270.7,43.61235,3.934965,35.79065,16.87071,85.51479,9,5,1393263801,-1.000381,0.03788757,-0.100769,-14.37991,18.34728,-7.81472,355.6971,354.9861,25,0.06019676,0.04018124,0.006050969,-3.034064,-1.503691,-0.005457619,0.04304374,0.007941827,0.007607537,-0.008933643,0.0387166,-0.01627464,3
2014-02-24 18:43:24.754,2708,270.8,43.61235,3.934965,35.79065,16.87071,85.51479,9,5,1393263801,-0.9662476,0.04592896,-0.1257782,-14.16077,19.65204,-8.383923,354.3835,353.6725,25,0.05041577,0.01061003,0.002726544,-3.033203,-1.502109,-0.007200849,0.04546913,0.03059395,0.006218378,0.02201492,0.04414504,-0.02900979,3
2014-02-24 18:43:24.854,2709,270.9,43.61235,3.934965,35.79065,16.87071,85.51479,9,5,1393263801,-1.002258,0.04852295,-0.1544952,-12.62679,19.21712,-9.863846,349.7115,349.0005,25,0.03927603,0.05134255,0.004567854,-3.03246,-1.501525,-0.00724252,0.0356882,0.001022784,0.002893953,-0.002928026,0.04443906,-0.05897463,3
2014-02-24 18:43:24.935,2710,271,43.61235,3.934965,35.79065,16.87071,85.51479,9,5,1393263801,-1.016724,0.07951355,-0.1929474,-12.79114,19.70641,-9.237724,350.6507,349.9397,25,0.02794988,0.05603078,0.03491431,-3.031969,-1.498598,-0.009339646,0.02454867,0.04176422,0.004744788,-0.02340063,0.05175668,-0.06121395,3
2014-02-24 18:43:25.055,2711,271.1,43.61237,3.935173,38.24542,16.68099,82.4372,9,5,1393263802,-1.030884,0.07502747,-0.1657562,-13.17464,19.54331,-9.522324,350.3663,349.6553,25,0.03695482,0.01269715,-0.006808105,-3.031505,-1.498511,-0.009505475,0.01322254,0.04645247,0.03509124,-0.004914772,0.03901762,-0.08227658,3
2014-02-24 18:43:25.136,2712,271.2,43.61237,3.935173,38.24542,16.68099,82.4372,9,5,1393263802,-0.9990845,0.0453949,-0.1671295,-13.44856,19.81514,-9.806927,350.3353,349.6243,25,0.03058374,0.06267377,0.01258583,-3.031141,-1.497261,-0.009550964,0.02222755,0.003118885,-0.006631171,-0.0194716,0.06996273,-0.119482,3
2014-02-24 18:43:25.267,2713,271.3,43.61237,3.935173,38.24542,16.68099,82.4372,9,5,1393263802,-0.9990845,0.0453949,-0.1671295,-13.17463,19.54331,-8.953125,351.5682,350.8572,25,0.01819019,0.01625087,0.03051636,-3.030706,-1.49308,-0.01153987,0.003464218,0.006687183,0.03070124,0.00846609,0.05743011,-0.1051516,3
2014-02-24 18:43:25.399,2714,271.4,43.61237,3.935173,38.24542,16.68099,82.4372,9,5,1393263802,-0.966095,0.06724548,-0.2146759,-13.11985,21.01118,-8.327,353.3168,352.6058,25,0.01584128,0.05121632,0.01138288,-3.030706,-1.49308,-0.01153987,0.003464218,0.006687183,0.03070124,0.00846609,0.05743011,-0.1051516,3
2014-02-24 18:43:25.536,2715,271.5,43.61237,3.935173,38.24542,16.68099,82.4372,9,5,1393263802,-0.966095,0.06724548,-0.2146759,-12.02415,20.25006,-8.668522,349.863,349.152,25,0.009773801,0.0601427,-0.0004932174,-3.0307,-1.487464,-0.01487142,-0.004952115,0.05059295,-0.0002942874,-0.02469846,0.05238987,-0.1594189,3
2014-02-24 18:43:25.636,2716,271.6,43.61237,3.935173,38.24542,16.68099,82.4372,9,5,1393263802,-1.016556,0.08616638,-0.2368774,-11.80501,20.68498,-8.896206,349.7762,349.0652,25,0.009508284,0.05134495,0.03360989,-3.030628,-1.483233,-0.01821326,-0.005217172,0.0418121,0.03382319,-0.008970794,0.07497317,-0.109371,3
2014-02-24 18:43:25.769,2717,271.7,43.61237,3.935173,38.24542,16.68099,82.4372,9,5,1393263802,-1.027359,0.05885315,-0.1860809,-11.69543,20.68498,-9.920769,348.7582,348.0472,25,0.01209768,0.005956959,0.02469283,-3.03069,-1.481971,-0.01887851,-0.002627684,-0.003575821,0.02490613,-0.03602596,0.03471148,-0.148124,3
2014-02-24 18:43:25.850,2718,271.8,43.61237,3.935173,38.24542,16.68099,82.4372,9,5,1393263802,-1.044418,0.04653931,-0.1481476,-11.42151,19.8695,-9.180805,348.3517,347.6407,25,0.01958409,-0.05974669,0.02188666,-3.030529,-1.477767,-0.02111481,0.004861081,-0.06925733,0.02211136,-0.03190506,0.03773991,-0.09320647,3
2014-02-24 18:43:25.956,2719,271.9,43.61237,3.935173,38.24542,16.68099,82.4372,9,5,1393263802,-1.043549,0.03201294,-0.08267212,-12.572,19.92387,-8.782364,348.3738,347.6628,25,0.01472941,0.03071424,-0.0001584581,-3.030495,-1.477755,-0.02130876,6.432224e-06,0.02120361,6.624214e-05,-0.05373035,0.01239952,-0.05034816,3
2014-02-24 18:43:26.083,2720,272,43.61239,3.935377,39.60851,16.84075,79.33295,9,5,1393263803,-1.090668,0.01741028,-0.04508972,-12.95549,20.30443,-9.977688,347.9433,347.2323,25,0.02834935,-0.0847338,0.006964166,-3.030391,-1.47674,-0.02138524,0.01362781,-0.09423734,0.007190288,-0.08773181,0.004052789,-0.05649416,3
2014-02-24 18:43:26.181,2721,272.1,43.61239,3.935377,39.60851,16.84075,79.33295,9,5,1393263803,-1.070267,-0.01454163,0.01290894,-12.07893,20.19569,-9.863846,347.9969,347.2859,25,0.006266152,-0.01704503,-0.01150486,-3.030313,-1.478275,-0.02126177,-0.008455322,-0.02654852,-0.01127874,-0.05755693,0.01633749,0.06023372,3
2014-02-24 18:43:26.266,2722,272.2,43.61239,3.935377,39.60851,16.84075,79.33295,9,5,1393263803,-1.070267,-0.01454163,0.01290894,-11.31194,19.8695,-10.20537,347.899,347.188,25,0.02741245,-0.05106798,-0.03443174,-3.030187,-1.479078,-0.02069437,0.009007599,-0.09230568,-0.03041195,-0.09508412,-0.00328261,0.04648038,3
2014-02-24 18:43:26.524,2723,272.3,43.61239,3.935377,39.60851,16.84075,79.33295,9,5,1393263803,-0.993042,-0.0317688,0.07733154,-10.98323,19.54331,-9.066963,346.909,346.198,25,0.02860368,-0.01705861,-0.03475239,-3.029905,-1.482144,-0.01986813,0.01127434,-0.07171936,-0.009475245,-0.02846144,-0.04299915,0.1605406,3
2014-02-24 18:43:26.631,2724,272.4,43.61239,3.935377,39.60851,16.84075,79.33295,9,5,1393263803,-0.9842834,-0.01217651,0.05290222,-11.58586,20.46752,-10.60381,346.8305,346.1195,25,0.03483734,-0.02161848,-0.0440327,-3.029664,-1.48285,-0.01919287,0.01388243,-0.02656196,-0.03452627,0.002909732,-0.05096049,0.1651486,3
2014-02-24 18:43:26.733,2725,272.5,43.61239,3.935377,39.60851,16.84075,79.33295,9,5,1393263803,-1.024063,-0.02632141,0.04473877,-12.07893,19.8695,-10.31921,344.8665,344.1555,25,0.01842268,0.02055215,0.001148888,-3.029484,-1.483007,-0.01870334,0.02011613,-0.0311218,-0.04380659,-0.05650017,-0.03725694,0.1515189,3
2014-02-24 18:43:26.834,2726,272.6,43.61239,3.935377,39.60851,16.84075,79.33295,9,5,1393263803,-0.947998,-0.02287292,0.06704712,-12.02415,20.90244,-9.806931,345.6936,344.9826,25,0.02115136,-0.03063274,-0.0241333,-3.029338,-1.483397,-0.018427,0.003701525,0.01104886,0.001375003,0.03406939,-0.04891302,0.1630028,3
2014-02-24 18:43:27.012,2727,272.7,43.61243,3.935573,37.4961,16.95896,76.23729,9,5,1393263804,-0.9340973,0.01208496,-0.02177429,-11.69544,21.55482,-10.48997,345.2229,344.5119,25,0.01587537,0.02967374,0.01042015,-3.02917,-1.483292,-0.01792466,-0.003563203,0.03238564,-0.01649934,0.04801586,-0.04079662,0.1544258,3
2014-02-24 18:43:27.183,2728,272.8,43.61243,3.935573,37.4961,16.95896,76.23729,9,5,1393263804,-0.9956665,0.001052856,-0.08189392,-11.03801,20.68498,-10.26229,342.6526,341.9417,25,0.01231313,0.02499137,-0.004818191,-3.029197,-1.482868,-0.01772467,-0.006079501,0.03128903,-0.00947392,0.06188305,-0.005638783,0.06602675,3
2014-02-24 18:43:27.477,2729,272.9,43.61243,3.935573,37.4961,16.95896,76.23729,9,5,1393263804,-0.9904938,0.001739502,-0.1091614,-10.27102,21.44609,-10.0346,343.2391,342.5281,25,0.002452239,-0.001105478,0.001206945,-3.029577,-1.482565,-0.01756488,-0.008715059,0.0427572,0.01032941,0.0551911,-0.007661024,0.02140713,3
2014-02-24 18:43:27.571,2730,273,43.61243,3.935573,37.4961,16.95896,76.23729,9,5,1393263804,-0.9904938,0.001739502,-0.1091614,-10.54495,20.19569,-10.43305,341.83,341.119,25,-0.003689543,0.03959109,-0.006287723,-3.030048,-1.481918,-0.01770989,-0.01841047,0.03008461,-0.006063411,0.001206802,-0.0127346,-0.001951023,3
2014-02-24 18:43:27.672,2731,273.1,43.61243,3.935573,37.4961,16.95896,76.23729,9,5,1393263804,-0.9827728,0.01261902,-0.09939575,-11.20237,20.19569,-9.522327,343.8146,343.1036,25,0.01354324,0.02500096,-0.004806473,-3.030168,-1.481711,-0.01772242,-0.001177616,0.01549453,-0.004582162,0.005384335,-0.01598199,-0.02020779,3
2014-02-24 18:43:27.769,2732,273.2,43.61243,3.935573,37.4961,16.95896,76.23729,9,5,1393263804,-1.039398,-0.0111084,-0.1076813,-11.53108,20.95681,-9.977688,343.8956,343.1846,25,0.006242449,-0.004569452,-0.01045344,-3.030229,-1.481914,-0.01765771,-0.008478337,-0.01407584,-0.01022913,0.0131245,-0.005037772,-0.01064467,3
2014-02-24 18:43:27.871,2733,273.3,43.61248,3.935781,36.51833,16.98473,73.82134,9,10,1393263805,-1.050812,-0.002685547,-0.08056641,-11.03802,20.79371,-10.26229,343.0245,342.3135,25,0.0222089,0.012564,-0.009294433,-3.030158,-1.481591,-0.01768137,0.007488167,0.003057646,-0.009070123,-0.04353001,-0.02878885,-0.01860845,3
2014-02-24 18:43:27.970,2734,273.4,43.61248,3.935781,36.51833,16.98473,73.82134,9,10,1393263805,-1.043762,-0.01554871,-0.0433197,-11.20237,20.41315,-10.88841,341.4384,340.7274,25,0.02591922,-0.03723632,-0.004080229,-3.03018,-1.481804,-0.01761358,0.00126946,0.003074716,-0.000918187,0.00130519,-0.022526,0.0118955,3
2014-02-24 18:43:28.078,2735,273.5,43.61248,3.935781,36.51833,16.98473,73.82134,9,10,1393263805,-1.027023,-0.002883911,-0.03543091,-11.36673,19.92387,-11.05917,340.5849,339.8739,25,0.02955683,0.00133451,-0.00324879,-3.029998,-1.482387,-0.01750584,0.01119858,-0.04674261,-0.003855921,-0.0168298,-0.02385261,0.03354745,3
2014-02-24 18:43:28.180,2736,273.6,43.61248,3.935781,36.51833,16.98473,73.82134,9,10,1393263805,-1.02594,-0.01473999,-0.01193237,-12.40765,20.63062,-10.31921,343.3963,342.6853,25,0.0381093,-0.01212377,0.006349242,-3.029785,-1.484404,-0.01629996,0.01483628,-0.008180462,-0.003030563,-0.04275647,-0.02403545,0.03709406,3
2014-02-24 18:43:28.315,2737,273.7,43.61248,3.935781,36.51833,16.98473,73.82134,9,10,1393263805,-1.050903,-0.02308655,-0.004364014,-12.79114,20.35879,-10.26229,343.5746,342.8636,25,0.02713628,-0.008912269,-0.006691459,-3.029494,-1.484936,-0.01632626,0.02338881,-0.02163871,0.006567469,-0.05066098,-0.03468186,0.05897932,3
2014-02-24 18:43:28.539,2738,273.8,43.61248,3.935781,36.51833,16.98473,73.82134,9,10,1393263805,-1.014389,0.007980347,-0.01098633,-11.69543,20.14133,-10.48996,342.6316,341.9206,25,0.02956988,-0.002074869,-0.004388357,-3.029163,-1.485488,-0.0163553,0.01241583,-0.01842718,-0.006473233,-0.02970973,-0.03109456,0.07326094,3
2014-02-24 18:43:28.646,2739,273.9,43.61248,3.935781,36.51833,16.98473,73.82134,9,10,1393263805,-1.004425,0.003921509,0.0105896,-11.03801,19.70641,-11.62838,340.1127,339.4017,25,0.0294511,0.03539927,0.004629373,-3.028957,-1.489787,-0.01580035,0.01484758,-0.01160897,-0.004174569,-0.05430716,-0.03888623,0.07654619,3
2014-02-24 18:43:28.745,2740,274,43.61248,3.935781,36.51833,16.98473,73.82134,9,10,1393263805,-0.9836731,0.02522278,-0.01077271,-11.58586,19.81514,-11.17301,341.1385,340.4276,25,0.02454609,-0.01220127,0.00973918,-3.02876,-1.489795,-0.01580772,0.01472886,0.0258652,0.004843161,-0.01779242,-0.007826718,0.06991678,3
2014-02-24 18:43:28.822,2741,274.1,43.61248,3.935781,36.51833,16.98473,73.82134,9,10,1393263805,-0.9836731,0.02522278,-0.01077271,-11.31194,20.41316,-10.66073,342.8263,342.1153,25,0.02211729,0.02623826,-4.394216e-05,-3.028557,-1.493146,-0.01585367,0.007393454,0.01668879,0.0001675119,-0.02382945,0.002289698,0.07226746,3
2014-02-24 18:43:28.933,2742,274.2,43.61248,3.935781,36.51833,16.98473,73.82134,9,10,1393263805,-0.9913177,0.01040649,-0.01756287,-11.25716,19.70641,-10.60381,342.8537,342.1427,25,0.007277354,0.02506434,0.009209744,-3.028683,-1.49609,-0.01564534,-0.007447767,0.01550107,0.009418437,-0.006283433,-0.006916671,0.06374789,3
2014-02-24 18:43:29.031,2743,274.3,43.61254,3.935993,34.40347,17.2649,71.82593,9,5,1393263806,-1.000443,0.02046204,-0.03627014,-12.18851,19.10839,-9.750004,343.7922,343.0812,25,0.006048305,0.02392131,0.009208945,-3.028725,-1.495944,-0.0157828,-0.008676789,0.01435806,0.009417638,0.005757959,-0.005375648,0.05720983,3
2014-02-24 18:43:29.215,2744,274.4,43.61254,3.935993,34.40347,17.2649,71.82593,9,5,1393263806,-0.975174,0.01678467,-0.04959106,-11.80501,18.94529,-10.60381,341.6689,340.9579,25,0.007205981,0.03758679,0.01612544,-3.02913,-1.496957,-0.01701736,-0.007520244,0.02801623,0.01633772,-0.0264899,-0.03407587,0.02385028,3
2014-02-24 18:43:29.527,2745,274.5,43.61254,3.935993,34.40347,17.2649,71.82593,9,5,1393263806,-1.004089,0.01234436,-0.06454468,-11.69544,19.38021,-10.94533,340.9619,340.2509,25,0.01470837,0.01601785,0.004676777,-3.029304,-1.498116,-0.01643983,-0.003676959,0.002984962,0.001364096,-0.002683239,-0.01703418,0.02772996,3
2014-02-24 18:43:29.686,2746,274.6,43.61254,3.935993,34.40347,17.2649,71.82593,9,5,1393263806,-1.010452,-0.01841736,-0.06143188,-12.62678,18.34727,-10.31921,341.4643,340.7533,25,0.01104333,0.001246892,0.003612844,-3.029366,-1.497848,-0.01645062,0.003713942,0.00416667,0.0002508934,-0.0150931,-0.04374786,0.01829332,3
2014-02-24 18:43:29.871,2747,274.7,43.61261,3.936198,34.38824,17.19809,70.4555,9,5,1393263807,-1.017746,-0.0140686,-0.03620911,-12.73635,19.21712,-10.31921,343.5658,342.8548,25,0.03079014,0.00700145,-0.004465322,-3.028925,-1.499001,-0.01489358,0.01606422,-0.00257727,-0.004262385,-0.007920581,-0.002380818,0.02863513,3
2014-02-24 18:43:29.978,2748,274.8,43.61261,3.936198,34.38824,17.19809,70.4555,9,5,1393263807,-1.001144,0.004562378,-0.02932739,-12.40764,18.99966,-11.00225,341.5882,340.8772,25,0.01473207,0.003542004,0.003625894,-3.028736,-1.500619,-0.01433398,0.008659323,-0.003804659,-0.004352415,-0.03338663,0.01870179,0.03046988,3
2014-02-24 18:43:30.088,2749,274.9,43.61261,3.936198,34.38824,17.19809,70.4555,9,5,1393263807,-1.021759,0.02992249,-0.03170776,-12.13372,18.83656,-10.94533,341.2173,340.5063,25,0.01732386,-0.01128328,-0.01028167,-3.028673,-1.500855,-0.01404112,-1.721498e-05,-0.006073379,0.003797922,-0.003687632,-0.009478281,0.0405499,3
2014-02-24 18:43:30.172,2750,275,43.61261,3.936198,34.38824,17.19809,70.4555,9,5,1393263807,-1.015106,-0.003036499,-0.01966858,-11.20237,18.89093,-10.54689,341.4506,340.7396,25,0.009805493,0.01596112,0.002284193,-3.028654,-1.503209,-0.01277328,0.002574226,-0.02090865,-0.01011595,-0.02412355,0.01714956,0.03582217,3
2014-02-24 18:43:30.296,2751,275.1,43.61261,3.936198,34.38824,17.19809,70.4555,9,5,1393263807,-1.002792,-0.01330566,-0.02336121,-11.25715,18.9453,-10.14845,342.2649,341.5539,25,0.009786052,0.008055796,0.00588026,-3.028667,-1.505273,-0.01221643,-0.004944515,0.006326793,0.002446286,-0.01732656,-0.01525263,0.04580321,3
2014-02-24 18:43:30.471,2752,275.2,43.61261,3.936198,34.38824,17.19809,70.4555,9,5,1393263807,-0.9868927,-0.004760742,-0.03005981,-10.98323,18.99966,-9.522327,342.3965,341.6855,25,0.01244176,0.01241326,-0.01877156,-3.028761,-1.506806,-0.01148143,-0.004964232,-0.001585141,0.006039136,-0.02617555,-0.01439561,0.03440118,3
2014-02-24 18:43:30.598,2753,275.3,43.61261,3.936198,34.38824,17.19809,70.4555,9,5,1393263807,-1.029449,0.01416016,-0.03167725,-9.230101,20.1957,-8.497761,344.0743,343.3633,25,0.003416037,0.02406938,0.03029825,-3.0288,-1.507905,-0.01215818,-0.002308805,0.002766758,-0.01861004,-0.0287842,0.01585726,0.02817769,3
2014-02-24 18:43:30.733,2754,275.4,43.61261,3.936198,34.38824,17.19809,70.4555,9,5,1393263807,-0.9863281,-0.02581787,-0.04258728,-11.91458,20.46752,-9.693089,343.0779,342.3669,25,0.01235068,0.01702985,-0.008259527,-3.02892,-1.510638,-0.0107213,-0.01133509,0.01441086,0.0304515,0.006388701,-0.02428616,0.03787076,3
2014-02-24 18:43:30.835,2755,275.5,43.61261,3.936198,34.38824,17.19809,70.4555,9,5,1393263807,-0.9871216,-0.03283691,-0.04936218,-11.85979,20.73935,-10.20537,342.5541,341.8431,25,0.002468218,0.01812388,-0.003672766,-3.029048,-1.511443,-0.01069257,-0.002400621,0.007366367,-0.008105985,-0.03126742,0.003467789,0.02763787,3
2014-02-24 18:43:31.022,2756,275.6,43.61267,3.936397,34.86971,17.28388,69.38042,9,5,1393263808,-1.038559,0.02127075,-0.04257202,-10.59974,22.09847,-10.94533,340.2606,339.5496,25,0.01611878,0.007926899,-0.01634648,-3.029316,-1.513396,-0.00784757,-0.00260495,0.003029138,0.01772789,0.01120072,-0.0406844,0.008005054,3
2014-02-24 18:43:31.151,2757,275.7,43.61267,3.936397,34.86971,17.28388,69.38042,9,5,1393263808,-1.038559,0.02127075,-0.04257202,-9.997097,20.08696,-8.270081,343.9533,343.2423,25,0.01715049,0.02397964,0.005795571,-3.029334,-1.513746,-0.006951028,0.00239844,0.01430587,0.005928581,0.006924403,-0.0267111,0.007503035,3
2014-02-24 18:43:31.248,2758,275.8,43.61267,3.936397,34.86971,17.28388,69.38042,9,5,1393263808,-0.9997864,-0.0007171631,-0.06144714,-9.558815,19.21712,-8.953121,341.4977,340.7867,25,0.02330319,0.01497016,0.007115967,-3.029334,-1.513746,-0.006951028,0.00239844,0.01430587,0.005928581,0.006924403,-0.0267111,0.007503035,3
2014-02-24 18:43:31.320,2759,275.9,43.61267,3.936397,34.86971,17.28388,69.38042,9,5,1393263808,-0.9997864,-0.0007171631,-0.06144714,-10.43538,19.32585,-11.00225,337.4435,336.7325,25,0.02229013,0.00795646,-0.01863361,-3.029215,-1.513629,-0.006274387,0.007538108,-0.00171827,-0.01850345,-0.03822859,0.02175605,-0.004937396,3
2014-02-24 18:43:31.547,2760,276,43.61267,3.936397,34.86971,17.28388,69.38042,9,5,1393263808,-1.002029,0.005432129,-0.04981995,-11.69544,19.70641,-11.05917,338.4328,337.7218,25,0.02437218,0.01513741,0.0270673,-3.029019,-1.513772,-0.00629166,0.009620194,0.005462696,0.02719746,-0.001431572,-0.007008782,-0.004455046,3
2014-02-24 18:43:31.636,2761,276.1,43.61267,3.936397,34.86971,17.28388,69.38042,9,5,1393263808,-1.034988,0.04109192,-0.04267883,-12.95549,19.76077,-10.66073,340.4973,339.7863,25,0.02958985,-0.01115066,-0.005472796,-3.028842,-1.514179,-0.007207859,0.01483813,-0.02082721,-0.005337621,-0.003657667,-0.001775668,0.006765324,3
2014-02-24 18:43:31.753,2762,276.2,43.61267,3.936397,34.86971,17.28388,69.38042,9,5,1393263808,-0.9894562,0.02610779,-0.04592896,-12.29807,19.8695,-12.02681,337.8835,337.1725,25,0.02317776,0.000376571,0.02485368,-3.028594,-1.514813,-0.007510761,0.008426171,-0.009301611,0.02498997,0.001182284,0.006817312,0.01002349,3
2014-02-24 18:43:31.883,2763,276.3,43.61274,3.936597,35.69135,17.63123,68.35543,9,5,1393263809,-1.004379,0.01655579,-0.03530884,-12.1885,19.65204,-11.34378,339.956,339.245,25,0.01991112,0.01917769,-0.03049692,-3.028533,-1.514637,-0.00746044,0.005159605,0.009499551,-0.03036064,-0.04664825,0.03192256,0.02115503,3
2014-02-24 18:43:31.966,2764,276.4,43.61274,3.936597,35.69135,17.63123,68.35543,9,5,1393263809,-1.004379,0.01655579,-0.03530884,-12.07893,19.32585,-10.88841,340.9719,340.2609,25,0.02078304,-0.007631821,0.01787034,-3.028457,-1.515256,-0.00912555,0.003521528,0.0008289608,0.02133182,0.004352147,0.04205256,0.01521066,3
2014-02-24 18:43:32.071,2765,276.5,43.61274,3.936597,35.69135,17.63123,68.35543,9,5,1393263809,-0.9854279,-0.02667236,-0.02305603,-11.53108,19.21712,-10.09153,342.121,341.41,25,0.02078304,-0.007631821,0.01787034,-3.028408,-1.51545,-0.009063141,0.00603188,-0.01731272,0.01801379,0.02494755,-0.03103567,0.03137474,3
2014-02-24 18:43:32.164,2766,276.6,43.61274,3.936597,35.69135,17.63123,68.35543,9,5,1393263809,-0.9854279,-0.02667236,-0.02305603,-11.20237,19.10839,-10.20537,340.838,340.127,25,0.01201112,0.01509746,0.03398779,-3.028388,-1.515421,-0.009245907,0.0001308886,0.003903111,-0.01626988,-0.03941731,0.02003584,0.02444592,3
2014-02-24 18:43:32.280,2767,276.7,43.61274,3.936597,35.69135,17.63123,68.35543,9,5,1393263809,-0.9984283,0.02426147,-0.05088806,-11.75022,19.76077,-10.66073,340.9437,340.2327,25,0.01606259,-0.008998555,-0.00679692,-3.028402,-1.516105,-0.009992751,-0.002739873,0.005414019,0.03413422,0.01302711,-0.03666495,0.03160501,3
2014-02-24 18:43:32.483,2768,276.8,43.61274,3.936597,35.69135,17.63123,68.35543,9,5,1393263809,-0.9942017,0.0151825,-0.05271912,-12.73635,18.78219,-9.977688,343.5399,342.8289,25,0.01224681,0.03298032,0.002141714,-3.028378,-1.515988,-0.009901169,0.001311648,-0.01868196,-0.006650499,2.112807e-05,0.01436047,0.003889857,3
2014-02-24 18:43:32.589,2769,276.9,43.61274,3.936597,35.69135,17.63123,68.35543,9,5,1393263809,-1.042709,0.02635193,-0.03872681,-11.75022,19.32586,-10.88841,341.4044,340.6935,25,0.01823147,-0.00303414,0.02835867,-3.028353,-1.516634,-0.01067979,-0.002504105,0.02329289,0.002290318,0.02304328,0.01220859,0.024012,3
2014-02-24 18:43:32.799,2770,277,43.61274,3.936597,35.69135,17.63123,68.35543,9,5,1393263809,-1.020599,0.03068542,-0.05802917,-10.87366,19.65204,-11.34377,339.5606,338.8496,25,0.01572783,0.03434626,0.02796985,-3.028369,-1.516797,-0.01094679,0.000977122,0.02465813,0.02812013,0.0358361,-0.06320792,0.01379314,3
2014-02-24 18:43:32.913,2771,277.1,43.61274,3.936597,35.69135,17.63123,68.35543,9,5,1393263809,-1.028732,0.03388977,-0.05422974,-11.4763,19.16275,-10.48997,341.165,340.454,25,0.02217614,-0.01683704,-0.0007960189,-3.028223,-1.517038,-0.01074953,0.007425489,-0.02652513,-0.0006457357,-0.0221017,0.01993611,-0.004299556,3
2014-02-24 18:43:33.042,2772,277.2,43.61274,3.936597,35.69135,17.63123,68.35543,9,5,1393263809,-1.016129,-6.103516e-05,-0.02262878,-11.0928,19.10839,-10.09153,341.9238,341.2128,25,0.009974337,0.02598473,-0.02010074,-3.028143,-1.517541,-0.009003892,-0.004776692,0.01629372,-0.0199604,-0.0301905,0.024886,-0.001001823,3
2014-02-24 18:43:33.153,2773,277.3,43.6128,3.936798,36.36884,17.53474,67.85477,9,5,1393263810,-0.959259,-0.02146912,-0.04815674,-11.53108,20.41316,-10.88841,341.898,341.187,25,0.02189864,0.001546498,0.03069559,-3.028024,-1.51786,-0.008967053,0.007147638,-0.008144498,0.03083593,0.03052623,-0.0431924,0.006690382,3
2014-02-24 18:43:33.268,2774,277.4,43.6128,3.936798,36.36884,17.53474,67.85477,9,5,1393263810,-1.032211,0.05395508,-0.05053711,-12.46243,19.05402,-10.03461,343.0324,342.3214,25,0.0124833,0.001052215,-0.0221796,-3.028019,-1.517767,-0.009764599,-0.002267461,-0.008639605,-0.02203446,-0.0403022,0.02736019,0.001549181,3
2014-02-24 18:43:33.416,2775,277.5,43.6128,3.936798,36.36884,17.53474,67.85477,9,5,1393263810,-1.012207,0.05064392,-0.03175354,-11.96936,19.43458,-10.54689,341.9107,341.1997,25,0.02322916,0.02975923,0.01400929,-3.027894,-1.517861,-0.01012449,0.008478462,0.02006745,0.01415444,-0.03143543,-0.0179063,0.02333595,3
2014-02-24 18:43:33.581,2776,277.6,43.6128,3.936798,36.36884,17.53474,67.85477,9,5,1393263810,-1.012207,0.05064392,-0.03175354,-12.07893,19.97823,-11.34377,341.7279,341.0169,25,0.01744557,0.006710633,-0.02805267,-3.027853,-1.517926,-0.008804748,-0.001339422,-0.01852318,0.01677752,0.03928971,-0.02929719,0.002733483,3
2014-02-24 18:43:33.701,2777,277.7,43.6128,3.936798,36.36884,17.53474,67.85477,9,5,1393263810,-0.9917297,-0.01455688,-0.02029419,-10.98323,19.97823,-10.77457,342.0835,341.3725,25,0.01321247,0.04004063,0.03375583,-3.02785,-1.517823,-0.009003881,0.002694776,-0.002980949,-0.02791325,-0.01365024,0.04164016,0.02119241,3
2014-02-24 18:43:33.780,2778,277.8,43.6128,3.936798,36.36884,17.53474,67.85477,9,5,1393263810,-0.9757385,-0.000213623,-0.05825806,-11.4763,19.59768,-10.94533,341.6813,340.9703,25,0.01986532,-0.03171958,-0.01709643,-3.027782,-1.517916,-0.008999816,-0.00153825,0.03034909,0.03389526,0.006831999,-0.02355658,0.03255906,3
2014-02-24 18:43:33.886,2779,277.9,43.6128,3.936798,36.36884,17.53474,67.85477,9,5,1393263810,-1.062103,0.04071045,-0.04200745,-12.07893,20.41315,-10.31921,343.0434,342.3324,25,0.01335815,0.0455587,0.01493341,-3.027791,-1.517972,-0.01000204,0.005114826,-0.04141234,-0.01695072,0.02281664,-0.0102155,-0.005460808,3
2014-02-24 18:43:34.089,2780,278,43.61287,3.937001,36.88519,17.63622,67.00249,9,5,1393263811,-0.9657593,-0.05014038,-0.03242493,-11.85979,20.84808,-9.977688,342.7683,342.0573,25,0.01612784,0.02489922,-0.02003097,-3.027619,-1.518002,-0.01006444,0.01349562,-0.03772189,0.01124715,0.005620951,-0.003914979,-0.005735148,3
2014-02-24 18:43:34.172,2781,278.1,43.61287,3.937001,36.88519,17.63622,67.00249,9,5,1393263811,-1.024887,0.04277039,-0.0572052,-11.4763,20.25006,-9.806927,342.7981,342.0871,25,0.004632303,0.003716175,0.03520113,-3.027657,-1.517636,-0.01026286,0.001377512,0.01520769,-0.01988601,-0.061356,0.01755409,0.02491886,3
2014-02-24 18:43:34.299,2782,278.2,43.61287,3.937001,36.88519,17.63622,67.00249,9,5,1393263811,-1.020416,0.01300049,-0.0247345,-11.31194,20.30442,-9.977688,342.7873,342.0763,25,0.01386894,-0.01041056,-0.03965101,-3.027652,-1.51812,-0.01035818,-0.01014513,-0.005998429,0.03532089,0.03280007,-0.06049838,0.02022419,3
2014-02-24 18:43:34.515,2783,278.3,43.61287,3.937001,36.88519,17.63622,67.00249,9,5,1393263811,-0.9669952,-0.0342865,-0.0500946,-11.14758,20.79372,-10.94533,342.6129,341.9019,25,0.009591108,0.04560424,0.02428164,-3.027738,-1.519011,-0.01061071,-0.0009084557,-0.02013111,-0.03952835,-0.02628387,0.03215987,-0.005445838,3
2014-02-24 18:43:34.634,2784,278.4,43.61287,3.937001,36.88519,17.63622,67.00249,9,5,1393263811,-0.9659271,-0.03045654,-0.07255554,-11.36672,20.14133,-10.48997,342.4315,341.7205,25,0.02814801,-0.03359444,0.0240598,-3.02772,-1.519076,-0.01102921,-0.005186222,0.03588374,0.02440429,-0.02181422,0.001971505,0.0269601,3
2014-02-24 18:43:34.736,2785,278.5,43.61287,3.937001,36.88519,17.63622,67.00249,9,5,1393263811,-0.9659271,-0.03045654,-0.07255554,-11.53108,19.65204,-9.863846,342.4108,341.6998,25,0.01384231,0.06206657,-0.04739708,-3.027477,-1.518882,-0.0120863,-0.0009347485,0.0523456,-0.04726829,-0.001420186,-0.01648054,0.03044862,3
2014-02-24 18:43:34.830,2786,278.6,43.61287,3.937001,36.88519,17.63622,67.00249,9,5,1393263811,-0.9818573,-0.04684448,-0.04141235,-11.31194,19.65204,-9.636166,342.6019,341.8909,25,0.02685398,-0.0278817,0.03103035,-3.027477,-1.518882,-0.0120863,-0.0009347485,0.0523456,-0.04726829,-0.001420186,-0.01648054,0.03044862,3
2014-02-24 18:43:34.982,2787,278.7,43.61287,3.937001,36.88519,17.63622,67.00249,9,5,1393263811,-0.981308,0.0199585,-0.04481506,-12.02415,19.92386,-9.693085,343.4455,342.7345,25,0.0170714,0.01839658,0.01640747,-3.027106,-1.519795,-0.01018856,0.00229414,0.008672436,0.01652706,0.01679059,-0.05703286,0.009563978,3
2014-02-24 18:43:35.087,2788,278.8,43.61287,3.937001,36.88519,17.63622,67.00249,9,5,1393263811,-1.062973,0.03179932,-0.03317261,-11.53108,20.08696,-10.77457,343.3542,342.6432,25,0.02087359,-0.01224841,0.007358314,-3.02702,-1.520449,-0.01099555,0.006070585,-0.02198679,0.007469519,0.01736448,0.008963172,0.005507948,3
2014-02-24 18:43:35.282,2789,278.9,43.61294,3.937201,36.81274,17.75452,66.26491,9,5,1393263812,-0.986145,-0.0112915,0.03140259,-11.31194,18.99966,-11.45761,341.8611,341.1501,25,0.0219796,0.02184405,0.01759391,-3.026962,-1.52118,-0.009624856,0.007176374,0.01210285,0.01769721,0.03053769,-0.0417292,0.01895373,3
2014-02-24 18:43:35.527,2790,279,43.61294,3.937201,36.81274,17.75452,66.26491,9,5,1393263812,-1.012787,0.0473175,-0.07951355,-12.51722,19.54331,-11.22993,341.19,340.479,25,0.01020017,0.003123355,-0.04451074,-3.027035,-1.520968,-0.009284138,-0.004602984,-0.006617798,-0.04440743,0.04852045,0.1163416,-0.04516483,3
2014-02-24 18:43:35.647,2791,279.1,43.61294,3.937201,36.81274,17.75452,66.26491,9,5,1393263812,-1.012787,0.0473175,-0.07951355,-11.96936,20.08696,-11.11609,341.7909,341.0799,25,0.01962057,-0.008839831,0.009659019,-3.026927,-1.522245,-0.007442136,-0.001531633,0.0200479,0.02808292,-0.06835998,-0.06220586,0.02961014,3
2014-02-24 18:43:35.719,2792,279.2,43.61294,3.937201,36.81274,17.75452,66.26491,9,5,1393263812,-0.9906921,-0.01560974,-0.02418518,-11.20237,20.30442,-12.2545,338.9853,338.2743,25,0.01962057,-0.008839831,0.009659019,-3.026899,-1.522384,-0.007166228,0.004817131,-0.01858601,0.009751313,0.02581075,-0.04133059,-0.005684712,3
2014-02-24 18:43:35.820,2793,279.3,43.61294,3.937201,36.81274,17.75452,66.26491,9,5,1393263812,-0.9906921,-0.01560974,-0.02418518,-11.805,19.59768,-11.62838,339.9395,339.2285,25,0.00958738,0.02409868,0.02801086,-3.026949,-1.522277,-0.007382871,-0.00858412,0.01400818,-0.01181124,-0.02288678,-0.03123229,0.02890638,3
2014-02-24 18:43:36.015,2794,279.4,43.61301,3.937401,37.55513,17.58142,65.79619,9,5,1393263813,-1.048294,0.002655029,-0.02497864,-11.42151,19.54332,-10.31921,342.4756,341.7646,25,0.01944853,0.03321414,0.02449735,-3.027122,-1.522095,-0.006947831,-0.004804521,-0.01321903,-0.0185501,0.01795525,-0.003087301,-0.01357494,3
2014-02-24 18:43:36.214,2795,279.5,43.61301,3.937401,37.55513,17.58142,65.79619,9,5,1393263813,-1.014984,0.04660034,-0.05027771,-12.40764,19.10839,-10.66072,341.9251,341.2141,25,0.01605167,0.04987861,-0.0144101,-3.027069,-1.522716,-0.005819947,0.002498486,-0.03803146,-0.008872773,-0.004407428,0.01448953,-0.01846707,3
2014-02-24 18:43:36.528,2796,279.6,43.61301,3.937401,37.55513,17.58142,65.79619,9,5,1393263813,-0.987915,-0.00177002,-0.03303528,-11.91458,18.94529,-12.19758,338.7448,338.0338,25,0.01495738,0.03049133,-0.0283086,-3.026873,-1.52408,-0.006303911,0.007055432,-0.03424587,0.03571343,-0.01609498,0.04029647,-0.003579461,3
2014-02-24 18:43:36.643,2797,279.7,43.61301,3.937401,37.55513,17.58142,65.79619,9,5,1393263813,-0.9897766,-0.002868652,-0.05351257,-11.20237,18.7822,-10.09153,342.6502,341.9392,25,0.02066826,0.009460879,0.02943352,-3.026897,-1.523769,-0.006331294,0.0001222269,0.02072848,-0.02823705,-0.04439951,0.0449688,0.008083655,3
2014-02-24 18:43:36.748,2798,279.8,43.61301,3.937401,37.55513,17.58142,65.79619,9,5,1393263813,-1.053223,0.0426178,-0.02728271,-12.18851,18.99966,-10.43305,344.0846,343.3736,25,0.0309217,-0.02482466,-0.01588469,-3.026689,-1.523853,-0.005547777,0.005832958,-0.0003007885,0.02950027,0.01096795,-0.007317768,0.01389014,3
2014-02-24 18:43:36.848,2799,279.9,43.61301,3.937401,37.55513,17.58142,65.79619,9,5,1393263813,-1.037018,0.0372467,-0.02900696,-12.51722,18.02108,-9.066963,344.6452,343.9342,25,0.007325025,0.05784759,-0.001667405,-3.026641,-1.52378,-0.00533971,0.01608645,-0.03458629,-0.01581794,0.009104097,-0.008208336,-0.006514522,3
2014-02-24 18:43:36.922,2800,280,43.61301,3.937401,37.55513,17.58142,65.79619,9,5,1393263813,-1.037018,0.0372467,-0.02900696,-12.95549,18.56474,-9.180805,344.6572,343.9462,25,0.02205816,-0.01332593,0.0132455,-3.026616,-1.52457,-0.004773129,0.007190533,-0.02309648,0.01329566,-0.002040912,-0.0004090971,-0.009439832,3
2014-02-24 18:43:37.044,2801,280.1,43.61307,3.937595,38.43445,17.56308,65.3463,9,5,1393263814,-1.029007,0.04295349,-0.0435791,-12.9555,19.21712,-9.636166,344.2589,343.5479,25,0.01365216,0.02942287,-0.01892602,-3.026616,-1.52457,-0.004773129,0.007190533,-0.02309648,0.01329566,-0.002040912,-0.0004090971,-0.009439832,3
2014-02-24 18:43:37.132,2802,280.2,43.61307,3.937595,38.43445,17.56308,65.3463,9,5,1393263814,-1.029007,0.04295349,-0.0435791,-12.68157,18.72783,-10.60381,342.8791,342.1681,25,0.01329051,-0.00305358,0.03065778,-3.026574,-1.524626,-0.005454197,-0.001576971,-0.01282364,0.03070975,0.03361796,-0.02870856,0.006740022,3
2014-02-24 18:43:37.300,2803,280.3,43.61307,3.937595,38.43445,17.56308,65.3463,9,5,1393263814,-0.9816742,-0.005050659,-0.05535889,-11.4763,18.94529,-11.17301,340.7631,340.0521,25,0.008496815,0.02621643,0.01038313,-3.026544,-1.524247,-0.004572892,-0.00637069,0.01644766,0.01043107,-0.005091493,-0.008921631,0.0201653,3
2014-02-24 18:43:37.716,2804,280.4,43.61307,3.937595,38.43445,17.56308,65.3463,9,5,1393263814,-0.9987946,-0.0007171631,-0.05949402,-11.75022,19.32585,-10.88841,342.9506,342.2396,25,0.01849059,-0.03838094,0.001724663,-3.026618,-1.524339,-0.004337844,0.003623144,-0.04814967,0.001772603,0.01723748,-0.00938849,-0.008919072,3
2014-02-24 18:43:37.835,2805,280.5,43.61307,3.937595,38.43445,17.56308,65.3463,9,5,1393263814,-1.027512,0.01516724,-0.02288818,-12.1885,18.7822,-10.66073,342.9361,342.2251,25,0.01356534,0.06346925,-0.01339357,-3.026553,-1.525024,-0.003568918,-0.001302059,0.05369652,-0.01334956,0.006285749,-0.02111652,0.02352392,3
2014-02-24 18:43:37.941,2806,280.6,43.61307,3.937595,38.43445,17.56308,65.3463,9,5,1393263814,-0.9742889,-0.01921082,-0.05906677,-12.46243,19.38021,-10.94533,343.3918,342.6808,25,0.02087705,-0.03149667,0.009892312,-3.026491,-1.525278,-0.003445072,0.00597165,-0.04127212,0.009918951,0.01649064,-0.0213894,-2.997471e-05,3
2014-02-24 18:43:38.053,2807,280.7,43.61307,3.937595,38.43445,17.56308,65.3463,9,5,1393263814,-0.9742889,-0.01921082,-0.05906677,-12.02415,18.83656,-10.60381,342.9679,342.2569,25,0.02201955,0.003692473,0.0154253,-3.026515,-1.524492,-0.003827047,-0.002502727,0.03663937,-0.0190755,-0.02028999,0.008914052,-0.009635937,3
2014-02-24 18:43:38.135,2808,280.8,43.61307,3.937595,38.43445,17.56308,65.3463,9,5,1393263814,-0.9873657,-0.03062439,-0.02108765,-13.33899,19.05403,-11.28685,342.3618,341.6508,25,0.02201955,0.003692473,0.0154253,-3.026387,-1.524861,-0.003761842,0.007114242,-0.006081441,0.01545345,0.02464914,-0.02297265,-0.01314773,3
2014-02-24 18:43:38.300,2809,280.9,43.61314,3.937787,39.14957,17.56763,64.47235,9,5,1393263815,-0.9873657,-0.03062439,-0.02108765,-12.24329,18.94529,-10.94533,342.7148,342.0038,25,0.02069196,0.04679573,0.02085761,-3.026362,-1.524688,-0.003613057,0.007422972,-0.02675951,-0.01953463,-0.02998473,0.03436608,0.004496261,3
2014-02-24 18:43:38.526,2810,281,43.61314,3.937787,39.14957,17.56763,64.47235,9,5,1393263815,-0.9698334,-0.037323,-0.06472778,-11.75022,18.56474,-11.11609,341.6409,340.9299,25,0.03080851,-0.008865131,-0.004310326,-3.026188,-1.524652,-0.003331197,0.005786676,0.03702374,0.02088337,0.01156429,-0.03395558,0.02503977,3
2014-02-24 18:43:38.688,2811,281.1,43.61314,3.937787,39.14957,17.56763,64.47235,9,5,1393263815,-0.9927216,0.04103088,-0.05776978,-10.92844,18.51037,-11.17301,340.3376,339.6266,25,0.01974601,0.005754026,-0.008078433,-3.026172,-1.524244,-0.002929011,0.01590328,-0.01863709,-0.004284569,0.02907898,-0.040252,-0.01819247,3
2014-02-24 18:43:38.769,2812,281.2,43.61314,3.937787,39.14957,17.56763,64.47235,9,5,1393263815,-1.044159,-0.003448486,-0.02684021,-11.58587,18.51037,-9.920769,342.9172,342.2062,25,0.01709749,-0.004269846,0.01662904,-3.026069,-1.52493,-0.003039698,0.00484089,-0.004020532,-0.008053421,-0.05726969,-0.004275655,0.01301363,3
2014-02-24 18:43:38.872,2813,281.3,43.61314,3.937787,39.14957,17.56763,64.47235,9,5,1393263815,-0.9636383,-0.001495361,-0.05810547,-12.29807,18.89093,-10.31921,342.4107,341.6997,25,0.01242871,0.02374661,-0.01888235,-3.025984,-1.525273,-0.002910188,0.002192446,-0.01404436,0.01665406,0.04064678,-0.02827029,0.01398269,3
2014-02-24 18:43:38.971,2814,281.4,43.61314,3.937787,39.14957,17.56763,64.47235,9,5,1393263815,-1.018341,0.01773071,-0.05400085,-12.35286,19.05402,-11.17301,340.5583,339.8473,25,0.01575899,0.007146593,0.02823563,-3.026001,-1.524663,-0.004845785,-0.002512658,0.01397158,-0.01886454,-0.02425376,0.04888043,-0.005275626,3
2014-02-24 18:43:39.082,2815,281.5,43.61314,3.937787,39.14957,17.56763,64.47235,9,5,1393263815,-1.017197,-0.005844116,0.001754761,-12.18851,18.67346,-11.45761,339.8846,339.1736,25,0.01980566,-0.0293973,-0.01008086,-3.025966,-1.524916,-0.00493566,0.0008176666,-0.002628405,0.02825343,0.03529721,-0.006431001,-0.01224191,3
2014-02-24 18:43:39.199,2816,281.6,43.61314,3.937787,39.14957,17.56763,64.47235,9,5,1393263815,-1.002655,-0.0007781982,-0.08001709,-11.91458,18.72783,-11.51453,339.8159,339.1049,25,0.007199856,0.08400676,0.009806825,-3.026,-1.524944,-0.004900112,0.004864395,-0.03917227,-0.01006306,-0.0194041,0.01283062,-0.00816485,3
2014-02-24 18:43:39.380,2817,281.7,43.61321,3.93798,38.8744,17.42763,64.12129,9,5,1393263816,-1.009537,0.01679993,-0.01782227,-12.07893,18.7822,-11.1161,340.8667,340.1557,25,0.0173433,-0.06111289,-0.005102617,-3.025959,-1.52606,-0.004547133,-0.007741299,0.07422687,0.009822564,-0.01820748,-0.01039123,0.04647552,3
2014-02-24 18:43:39.565,2818,281.8,43.61321,3.93798,38.8744,17.42763,64.12129,9,5,1393263816,-1.009537,0.01679993,-0.01782227,-10.16145,19.05403,-10.26229,341.5921,340.8811,25,-6.338323e-05,0.0713807,-0.003043727,-3.026118,-1.527385,-0.004352113,-0.01500434,0.06159488,-0.003028542,0.02292841,-0.003192432,0.03485253,3
2014-02-24 18:43:39.662,2819,281.9,43.61321,3.93798,38.8744,17.42763,64.12129,9,5,1393263816,-0.9897614,0.02738953,-0.006942749,-12.35286,18.29291,-9.465408,341.6587,340.9477,25,0.02704254,-0.03485785,0.008811069,-3.026049,-1.526963,-0.004330359,0.01210165,-0.04464363,0.008826253,-0.02689459,-0.0005309075,-0.02968235,3
2014-02-24 18:43:39.761,2820,282,43.61321,3.93798,38.8744,17.42763,64.12129,9,5,1393263816,-1.006424,-0.01849365,-0.05944824,-11.91458,19.27148,-9.693089,341.7202,341.0092,25,0.01478773,0.06235446,-0.01219781,-3.026006,-1.527152,-0.004479493,-0.0001531271,0.05256869,-0.01218263,0.009276346,0.02291005,0.03668763,3
2014-02-24 18:43:39.864,2821,282.1,43.61321,3.93798,38.8744,17.42763,64.12129,9,5,1393263816,-1.011978,0.03967285,-0.02970886,-11.85979,19.8695,-10.66073,341.7601,341.0491,25,0.01715289,-0.03602139,0.01459306,-3.025994,-1.527212,-0.005009007,0.002212178,-0.04580707,0.01461083,-0.007386119,-0.02350264,-0.01587852,3
2014-02-24 18:43:39.967,2822,282.2,43.61321,3.93798,38.8744,17.42763,64.12129,9,5,1393263816,-0.9857025,-0.006881714,-0.04563904,-10.7093,20.14133,-11.62838,339.5211,338.8101,25,0.009902698,0.06341253,-0.01694756,-3.02602,-1.526833,-0.00502382,-0.005037957,0.05362688,-0.01692979,-0.01295698,0.03464905,0.01423953,3
2014-02-24 18:43:40.092,2823,282.3,43.61321,3.93798,38.8744,17.42763,64.12129,9,5,1393263816,-1.012329,0.01470947,-0.04025269,-11.36673,19.81514,-11.40069,339.1183,338.4073,25,0.01964907,-0.03377288,0.009902698,-3.025928,-1.526365,-0.004988502,0.00470843,-0.04355444,0.009920503,0.01329813,-0.0118702,-0.001222458,3
2014-02-24 18:43:40.194,2824,282.4,43.61321,3.93798,38.8744,17.42763,64.12129,9,5,1393263816,-0.9742432,0.008056641,-0.01248169,-12.07893,18.89093,-10.20537,341.2836,340.5726,25,0.01230247,0.05896345,-0.008669388,-3.025884,-1.525853,-0.004895762,-0.002638123,0.04918191,-0.008651583,0.003616938,0.005617564,0.03120958,3
2014-02-24 18:43:40.288,2825,282.5,43.61321,3.93798,38.8744,17.42763,64.12129,9,5,1393263816,-1.006729,-0.006500244,-0.05563354,-10.49016,19.38022,-9.920773,341.6566,340.9456,25,0.01723891,-0.02818131,0.002786465,-3.025869,-1.526632,-0.005401816,0.002298424,-0.03796439,0.002806332,-0.04653714,0.01205426,0.006414162,3
2014-02-24 18:43:40.540,2826,282.6,43.61329,3.93817,38.77674,17.46753,63.47196,9,5,1393263817,-1.019531,0.01502991,-0.01693726,-9.887526,19.54332,-10.66073,340.4362,339.7252,25,0.01355789,0.04536375,-0.009697635,-3.025902,-1.52617,-0.005257272,-0.001443647,0.03557986,-0.009703465,0.01936109,-0.01429045,-0.002889684,3
2014-02-24 18:43:40.650,2827,282.7,43.61329,3.93817,38.77674,17.46753,63.47196,9,5,1393263817,-1.019531,0.01502991,-0.01693726,-9.010962,18.67347,-11.11609,336.5387,335.8277,25,0.009816678,0.05557192,-0.0051407,-3.025829,-1.52667,-0.00533145,0.004623594,-0.03900488,0.01219864,-0.007716714,-0.01183167,-0.01152258,3
2014-02-24 18:43:40.740,2828,282.8,43.61329,3.93817,38.77674,17.46753,63.47196,9,5,1393263817,-1.015747,-0.004364014,-0.06648254,-8.901392,18.56474,-10.20537,337.3963,336.6853,25,0.01229901,-0.01235254,0.002584598,-3.025844,-1.527215,-0.005983219,-0.005184663,0.04578352,-0.005143209,-0.02049864,0.009046724,0.02662928,3
2014-02-24 18:43:40.820,2829,282.9,43.61329,3.93817,38.77674,17.46753,63.47196,9,5,1393263817,-1.015259,0.005889893,-0.02656555,-8.901392,18.7822,-10.20537,337.0315,336.3205,25,0.02459722,-0.02357164,0.005158277,-3.025931,-1.527038,-0.005930661,-0.002702261,-0.0221409,0.002582089,-0.01672188,-0.01029464,-0.02273909,3
2014-02-24 18:43:40.933,2830,283,43.61329,3.93817,38.77674,17.46753,63.47196,9,5,1393263817,-1.016251,0.002990723,-0.01681519,-8.682251,18.56474,-10.66073,337.0255,336.3145,25,0.01968982,0.02165789,-0.003542004,-3.025831,-1.527678,-0.005916962,0.009595972,-0.03336046,0.005155452,0.02007968,-0.001934383,0.003324379,3
2014-02-24 18:43:41.111,2831,283.1,43.61329,3.93817,38.77674,17.46753,63.47196,9,5,1393263817,-1.01593,-0.003189087,-0.04309082,-9.284893,18.29291,-9.920769,337.1235,336.4125,25,0.01722266,-0.02250531,0.003903928,-3.025817,-1.526882,-0.005819912,-0.001545765,0.05039231,0.0007112942,-0.005985882,-0.002310358,-0.003021288,3
2014-02-24 18:43:41.295,2832,283.2,43.61329,3.93817,38.77674,17.46753,63.47196,9,5,1393263817,-1.004242,0.002731323,-0.01376343,-9.284887,19.16276,-9.806931,338.7572,338.0462,25,0.01226705,-0.001000816,0.004819523,-3.025781,-1.52742,-0.00595676,0.002152664,-0.005056241,0.008326603,-0.0168885,-0.009145811,0.000270981,3
2014-02-24 18:43:41.502,2833,283.3,43.61336,3.938363,38.71485,17.355,63.87727,9,5,1393263818,-1.0121,0.007629395,-0.05091858,-9.613602,20.35879,-10.03461,340.1502,339.4392,25,0.01468014,0.02396978,0.006945258,-3.025748,-1.528085,-0.005776492,-0.002733926,-0.01079173,0.00481535,0.006975414,-0.002389009,0.01837466,3
2014-02-24 18:43:41.601,2834,283.4,43.61336,3.938363,38.71485,17.355,63.87727,9,5,1393263818,-0.9965973,-0.004867554,-0.07600403,-8.846609,19.92387,-10.71765,338.3513,337.6403,25,0.01966611,0.03413374,-0.002490855,-3.025679,-1.528227,-0.005902118,-0.0003207657,0.01417891,0.006941085,-0.00516529,-0.00317076,0.02879249,3
2014-02-24 18:43:41.750,2835,283.5,43.61336,3.938363,38.71485,17.355,63.87727,9,5,1393263818,-0.9965973,-0.004867554,-0.07600403,-9.120535,18.7822,-10.77457,337.9576,337.2466,25,0.01965759,0.02508591,-5.61927e-05,-3.025666,-1.5267,-0.006182279,0.00465681,0.0152974,-5.877447e-05,-0.002074544,0.005155041,-0.01454323,3
2014-02-24 18:43:41.845,2836,283.6,43.61336,3.938363,38.71485,17.355,63.87727,9,5,1393263818,-0.9941864,0.01031494,-0.03805542,-9.394457,18.94529,-10.60381,338.6712,337.9602,25,0.01606019,-0.03163702,-0.00305651,-3.025666,-1.5267,-0.006182279,0.00465681,0.0152974,-5.877447e-05,-0.002074544,0.005155041,-0.01454323,3
2014-02-24 18:43:42.004,2837,283.7,43.61336,3.938363,38.71485,17.355,63.87727,9,5,1393263818,-1.016632,0.02481079,-0.03257751,-9.339674,18.45601,-10.43305,338.2917,337.5807,25,0.01482635,-0.01239861,-0.005602226,-3.025496,-1.526988,-0.005498364,-0.0002338022,-0.02218529,-0.005633309,0.004839058,0.004816605,0.00573842,3
2014-02-24 18:43:42.188,2838,283.8,43.61336,3.938363,38.71485,17.355,63.87727,9,5,1393263818,-0.9916077,-0.007858276,-0.06033325,-9.558815,18.34728,-11.00226,337.4251,336.7141,25,0.014584,0.03311987,0.01741308,-3.025476,-1.527314,-0.005430301,-0.0004759881,0.0233294,0.0173807,-0.01501328,-0.0007305674,-0.005512675,3
2014-02-24 18:43:42.347,2839,283.9,43.61336,3.938363,38.71485,17.355,63.87727,9,5,1393263818,-1.007248,0.007705688,-0.02453613,-10.38059,18.94529,-10.71765,339.5483,338.8373,25,0.0209913,0.001221326,-0.009195362,-3.02533,-1.526553,-0.005693467,0.005931405,-0.008564928,-0.009226887,-0.01413258,0.001005172,9.960022e-05,3
2014-02-24 18:43:42.549,2840,284,43.61343,3.938546,38.37299,17.213,64.23174,9,5,1393263819,-1.007248,0.007705688,-0.02453613,-11.20237,19.21712,-11.6853,338.8954,338.1844,25,0.01479572,0.02272502,-0.00711863,-3.025285,-1.527834,-0.005456895,0.004509646,-0.007259825,0.01420688,-0.0121223,-0.002664509,0.01644389,3
2014-02-24 18:43:42.648,2841,284.1,43.61343,3.938546,38.37299,17.213,64.23174,9,5,1393263819,-1.000031,0.005401611,-0.046875,-12.35286,19.38021,-11.05917,339.8282,339.1172,25,0.01479572,0.02272502,-0.00711863,-3.025301,-1.528242,-0.005320099,-0.0002640175,0.01293223,-0.007151407,-0.008167385,0.002385614,0.01800529,3
2014-02-24 18:43:42.721,2842,284.2,43.61343,3.938546,38.37299,17.213,64.23174,9,5,1393263819,-1.000031,0.005401611,-0.046875,-13.06506,18.99966,-10.77457,339.998,339.287,25,0.01719576,0.009218532,0.00242108,-3.025319,-1.528011,-0.005488319,-0.001574213,-0.0005838079,0.004699702,-0.008040813,0.003026113,-0.007139464,3
2014-02-24 18:43:42.885,2843,284.3,43.61343,3.938546,38.37299,17.213,64.23174,9,5,1393263819,-1.007004,0.002563477,-0.04498291,-14.21555,18.29291,-10.37613,341.4839,340.7729,25,0.02328482,0.03083701,0.00696097,-3.025283,-1.527956,-0.005538846,0.002158559,-0.01983897,0.002576968,-0.008974227,-0.0009764394,-0.007069356,3
2014-02-24 18:43:42.982,2844,284.4,43.61343,3.938546,38.37299,17.213,64.23174,9,5,1393263819,-0.9833069,0.05805969,-0.02075195,-14.10598,19.38021,-10.94533,341.0901,340.3791,25,0.002421346,0.001189101,0.004703675,-3.025218,-1.528242,-0.005399388,0.008225319,0.021044,0.006927384,-0.003040826,-0.001828805,0.01225198,3
2014-02-24 18:43:43.110,2845,284.5,43.61343,3.938546,38.37299,17.213,64.23174,9,5,1393263819,-1.013184,0.002853394,-0.02555847,-13.33899,20.14132,-10.94533,341.0152,340.3042,25,0.01847941,0.01257225,-0.004637895,-3.025269,-1.528071,-0.005282372,-0.01263809,-0.008603199,0.004669581,-0.008952654,-0.001696532,-0.004239466,3
2014-02-24 18:43:43.344,2846,284.6,43.61343,3.938546,38.37299,17.213,64.23174,9,5,1393263819,-1.054596,0.0254364,-0.06227112,-12.51721,19.76077,-11.11609,339.0249,338.3139,25,0.02240544,-0.05102297,-0.02392211,-3.025276,-1.529287,-0.00535896,0.0009321389,0.0344783,-0.006177392,-0.01405933,-0.002505541,0.01593845,3
2014-02-24 18:43:43.592,2847,284.7,43.61349,3.938749,38.4441,16.91134,64.56569,9,5,1393263820,-0.9686432,-0.0609436,-0.01870728,-13.55813,20.25006,-10.83149,339.4476,338.7366,25,-0.005277054,0.07728787,0.03204129,-3.025209,-1.529494,-0.005791488,0.007346195,-0.0608208,-0.02395361,-0.02864056,0.03203508,-0.01980648,3
2014-02-24 18:43:43.738,2848,284.8,43.61349,3.938749,38.4441,16.91134,64.56569,9,5,1393263820,-1.02803,0.01272583,-0.08528137,-12.29807,19.10839,-9.863846,339.6559,338.9449,25,0.02226562,-0.0531503,-0.006306366,-3.025302,-1.52901,-0.005959432,-0.02033624,0.06749006,0.03200979,-0.05548663,0.019477,-0.02049726,3
2014-02-24 18:43:43.874,2849,284.9,43.61349,3.938749,38.4441,16.91134,64.56569,9,5,1393263820,-1.02803,0.01272583,-0.08528137,-12.51722,19.21712,-9.750004,339.9368,339.2258,25,0.009862484,0.07364013,-0.01352833,-3.025235,-1.528041,-0.006432554,-0.005196581,0.06384552,-0.01355757,-0.01631541,0.05129149,0.01384146,3
2014-02-24 18:43:43.966,2850,285,43.61349,3.938749,38.4441,16.91134,64.56569,9,5,1393263820,-1.038605,0.01057434,-0.0025177,-14.32512,18.29291,-9.693089,341.0326,340.3216,25,0.01820723,-0.05621693,0.03943582,-3.025115,-1.528917,-0.005518896,0.003148229,-0.06601113,0.03940183,0.02600923,-0.03861518,-0.001499345,3
2014-02-24 18:43:44.049,2851,285.1,43.61349,3.938749,38.4441,16.91134,64.56569,9,5,1393263820,-1.051712,0.02455139,-0.03881836,-14.10598,18.72783,-10.48997,338.3375,337.6265,25,0.01001642,0.05537697,-0.02977228,-3.02523,-1.528134,-0.005384101,-0.005042561,0.04558279,-0.02980626,-0.0395291,0.005190266,0.04013065,3
2014-02-24 18:43:44.155,2852,285.2,43.61349,3.938749,38.4441,16.91134,64.56569,9,5,1393263820,-0.970459,-0.019104,-0.03366089,-14.16077,19.32585,-10.88841,340.4615,339.7505,25,0.01351581,-0.00893384,0.003735882,-3.025245,-1.528518,-0.005776587,-0.001543098,-0.01872797,0.003701895,-0.05262231,0.01877484,0.003446986,3
2014-02-24 18:43:44.286,2853,285.3,43.61349,3.938749,38.4441,16.91134,64.56569,9,5,1393263820,-0.9922333,0.01132202,-0.03121948,-14.27034,18.89093,-12.25449,338.2782,337.5672,25,0.01329956,0.03882383,0.02321051,-3.025247,-1.528514,-0.006190689,-0.001759273,0.02902876,0.02317942,0.02862812,-0.02529465,0.008607742,3
2014-02-24 18:43:44.471,2854,285.4,43.61349,3.938749,38.4441,16.91134,64.56569,9,5,1393263820,-1.023331,0.01780701,-0.05795288,-14.32512,18.9453,-12.42525,339.4003,338.6893,25,0.02231622,-0.0147097,-0.01841203,-3.02526,-1.528679,-0.006154788,0.007257448,-0.02450473,-0.01844312,0.006861004,0.005167272,0.01088442,3
2014-02-24 18:43:44.687,2855,285.5,43.61356,3.938921,40.55451,16.74315,64.013,9,10,1393263821,-1.011261,0.01556396,-0.05487061,-14.59905,18.45601,-12.93754,339.3638,338.6528,25,0.01345802,0.0001792307,0.009512013,-3.025211,-1.529422,-0.005857731,-0.001600644,-0.009617344,0.009478939,-0.0007203647,-0.01331925,0.01017322,3
2014-02-24 18:43:44.897,2856,285.6,43.61356,3.938921,40.55451,16.74315,64.013,9,10,1393263821,-1.001801,-0.008468628,-0.03799438,-15.5304,17.5318,-12.5391,339.6338,338.9228,25,0.01477522,-0.001028246,-0.001021322,-3.025173,-1.52937,-0.005155799,0.0009715428,-0.01536858,-0.003347048,-0.01213222,0.01040819,-0.01345663,3
2014-02-24 18:43:44.993,2857,285.7,43.61356,3.938921,40.55451,16.74315,64.013,9,10,1393263821,-1.014114,0.004776001,-0.04019165,-14.92776,17.91235,-13.16522,338.3385,337.6275,25,0.01346867,0.03186579,0.003337207,-3.025122,-1.529692,-0.00510841,-0.0002832828,-0.01082625,-0.001056995,-0.002658219,-0.01357702,0.003097378,3
2014-02-24 18:43:45.071,2858,285.8,43.61356,3.938921,40.55451,16.74315,64.013,9,10,1393263821,-0.9997711,-0.01046753,-0.03407288,-13.77727,18.18418,-13.1083,337.6318,336.9208,25,0.02210797,-0.02356285,0.008653675,-3.025084,-1.529754,-0.005166858,-0.001589745,0.02206622,0.003301729,-0.01496985,-0.0003908339,0.0008389878,3
2014-02-24 18:43:45.167,2859,285.9,43.61356,3.938921,40.55451,16.74315,64.013,9,10,1393263821,-0.9979401,0.001373291,-0.0458374,-13.55813,17.42307,-11.05917,341.2693,340.5583,25,0.01853587,0.02949797,-0.01418746,-3.024936,-1.530094,-0.00468291,0.003477552,0.01969795,-0.01422424,-0.0127868,-0.008924836,0.003504718,3
2014-02-24 18:43:45.280,2860,286,43.61356,3.938921,40.55451,16.74315,64.013,9,10,1393263821,-1.012268,0.01464844,-0.04806519,-14.37991,17.47743,-11.00225,342.7228,342.0118,25,0.01720668,0.00807577,0.001258876,-3.024936,-1.530094,-0.00468291,0.003477552,0.01969795,-0.01422424,-0.0127868,-0.008924836,0.003504718,3
2014-02-24 18:43:45.363,2861,286.1,43.61356,3.938921,40.55451,16.74315,64.013,9,10,1393263821,-1.012268,0.01464844,-0.04806519,-14.81819,17.91235,-11.6853,342.0229,341.3119,25,0.0184573,0.006933806,-0.001063667,-3.024848,-1.529659,-0.004431692,0.003399068,-0.002864147,-0.001101774,0.003325067,-0.009085608,-0.002712952,3
2014-02-24 18:43:45.544,2862,286.2,43.61362,3.939106,42.48286,16.79358,63.15651,9,10,1393263822,-1.019897,-0.004135132,-0.04702759,-13.6677,17.96671,-11.9699,340.9796,340.2686,25,0.01842881,0.006961503,0.002454902,-3.024811,-1.529485,-0.004605054,0.003370618,-0.002835,0.002417482,-0.01313184,0.0100434,-0.006766256,3
2014-02-24 18:43:45.650,2863,286.3,43.61362,3.939106,42.48286,16.79358,63.15651,9,10,1393263822,-1.011215,0.009658813,-0.04312134,-14.0512,17.69489,-13.62058,337.9094,337.1984,25,0.01476483,0.008038219,-0.001110006,-3.024766,-1.529412,-0.00439028,-0.0002932767,-0.001758146,-0.001149089,-0.02076331,-0.008525398,-0.005655245,3
2014-02-24 18:43:45.732,2864,286.4,43.61362,3.939106,42.48286,16.79358,63.15651,9,10,1393263822,-1.008041,0.003601074,-0.04499817,-13.06507,16.60759,-13.3929,337.1197,336.4087,25,0.0196757,0.009219331,9.880328e-05,-3.024656,-1.529405,-0.004544361,0.004617634,-0.000576534,6.038541e-05,-0.01208202,0.005114468,-0.001742297,3
2014-02-24 18:43:45.849,2865,286.5,43.61362,3.939106,42.48286,16.79358,63.15651,9,10,1393263822,-1.004013,0.001556396,-0.04005432,-12.79114,17.09688,-13.22214,337.1789,336.4679,25,0.02576662,0.004799016,0.008411861,-3.024566,-1.529308,-0.004426166,0.01070859,-0.004996521,0.008373197,-0.004883356,-0.001908452,-0.002515292,3
2014-02-24 18:43:45.951,2866,286.6,43.61362,3.939106,42.48286,16.79358,63.15651,9,10,1393263822,-1.005188,0.007598877,-0.03330994,-12.62679,17.25997,-13.27906,337.7498,337.0388,25,0.01844532,0.009209744,8.708537e-05,-3.024508,-1.529233,-0.004593813,0.003387333,-0.0005851068,4.918108e-05,-0.008076302,0.006972365,-0.002532198,3
2014-02-24 18:43:46.048,2867,286.7,43.61362,3.939106,42.48286,16.79358,63.15651,9,10,1393263822,-1.005188,0.007598877,-0.03330994,-13.17464,16.39013,-13.73442,335.6104,334.8994,25,0.01474459,0.03409539,-0.002537726,-3.024514,-1.529079,-0.004551005,-0.004122174,-0.01410244,0.01770456,-0.01684106,-0.003818567,-0.009214261,3
2014-02-24 18:43:46.117,2868,286.8,43.61362,3.939106,42.48286,16.79358,63.15651,9,10,1393263822,-0.9983215,0.01538086,-0.03912354,-13.17464,16.39013,-14.53131,335.558,334.847,25,0.01474459,0.03409539,-0.002537726,-3.024514,-1.52925,-0.004645401,-0.0003132748,0.0243004,-0.00257611,-0.006061682,0.002953493,0.008223729,3
2014-02-24 18:43:46.248,2869,286.9,43.61362,3.939106,42.48286,16.79358,63.15651,9,10,1393263822,-1.002243,0.01246643,-0.04110718,-13.39378,16.71632,-12.48218,335.7072,334.9962,25,0.0135483,0.01254349,-0.003511911,-3.024491,-1.529784,-0.004640642,0.002094033,-0.01185659,0.009530443,-0.02358723,-0.01962476,0.002807378,3
2014-02-24 18:43:46.381,2870,287,43.6137,3.939287,41.13446,16.31073,61.01309,9.07684,10,1393263823,-1.002243,0.01246643,-0.04110718,-13.88684,16.98815,-13.44982,335.7992,335.0882,25,0.01469293,0.00471273,0.008306399,-3.024456,-1.529969,-0.005011967,-0.0003647803,-0.005085023,0.008269248,-0.01683706,-0.005225569,-0.002291044,3
2014-02-24 18:43:46.547,2871,287.1,43.6137,3.939287,41.13446,16.31073,61.01309,9.07684,10,1393263823,-1.012207,0.009689331,-0.0431366,-14.98254,15.79211,-13.6775,336.3026,335.5916,25,0.01602291,0.01707699,-0.005878395,-3.024456,-1.529969,-0.005011967,-0.0003647803,-0.005085023,0.008269248,-0.01683706,-0.005225569,-0.002291044,3
2014-02-24 18:43:46.644,2872,287.2,43.6137,3.939287,41.13446,16.31073,61.01309,9.07684,10,1393263823,-1.012207,0.009689331,-0.0431366,-12.07893,15.62902,-13.50674,334.4421,333.7311,25,0.01844798,0.006943127,0.0001091896,-3.024323,-1.529973,-0.005386544,0.003390396,-0.002855,7.380339e-05,-0.01282582,-0.006652997,0.0006811336,3
2014-02-24 18:43:46.739,2873,287.3,43.6137,3.939287,41.13446,16.31073,61.01309,9.07684,10,1393263823,-1.006165,0.01052856,-0.04600525,-12.13371,16.33576,-14.01902,334.0632,333.3522,25,0.01965786,0.008104266,0.002455435,-3.024294,-1.529906,-0.005689289,0.004600306,-0.001693499,0.00242167,0.0008569385,0.009676342,-0.001175379,3
2014-02-24 18:43:46.840,2874,287.4,43.6137,3.939287,41.13446,16.31073,61.01309,9.07684,10,1393263823,-1.014114,0.007705688,-0.04801941,-12.24329,16.44449,-13.56366,335.014,334.303,25,0.0184605,0.01259089,-0.002292183,-3.024228,-1.529793,-0.005863024,0.003402983,0.002793703,-0.002325408,-0.007022246,0.004665574,-0.005014031,3
2014-02-24 18:43:46.928,2875,287.5,43.6137,3.939287,41.13446,16.31073,61.01309,9.07684,10,1393263823,-1.008179,0.007629395,-0.03918457,-12.572,17.20561,-13.79134,335.7993,335.0883,25,0.00851093,0.005825931,0.01175573,-3.024297,-1.529572,-0.005983779,-0.00654651,-0.003970204,0.01172244,-0.01498189,0.001721945,-0.006807088,3
2014-02-24 18:43:47.115,2876,287.6,43.61378,3.939467,42.82751,16.28335,58.13382,9.018369,10,1393263824,-1.01326,0.01074219,-0.0382843,-13.33899,17.96672,-14.36055,337.1017,336.3907,25,0.01975613,0.01366894,-0.01050164,-3.02423,-1.529588,-0.005970134,0.004698762,0.003873168,-0.01053386,-0.004040578,0.002559565,0.003048977,3
2014-02-24 18:43:47.296,2877,287.7,43.61378,3.939467,42.82751,16.28335,58.13382,9.018369,10,1393263824,-1.007935,-0.004318237,-0.03518677,-11.91458,18.18418,-13.44982,336.5685,335.8575,25,0.01971485,0.0001249023,-0.003331348,-3.024043,-1.530218,-0.005562116,0.004595792,-0.009673268,-0.003389464,-0.004638085,-0.01593806,0.007409288,3
2014-02-24 18:43:47.499,2878,287.8,43.61378,3.939467,42.82751,16.28335,58.13382,9.018369,10,1393263824,-1.007935,-0.004318237,-0.03518677,-12.29807,17.69489,-13.62058,335.2799,334.5689,25,0.01476084,0.003514307,0.0001073254,-3.024048,-1.530423,-0.005719215,-0.0003510114,0.003896881,-0.00239598,0.006004695,0.003603936,0.005251444,3
2014-02-24 18:43:47.698,2879,287.9,43.61378,3.939467,42.82751,16.28335,58.13382,9.018369,10,1393263824,-1.011139,0.005706787,-0.04016113,-11.91458,17.74926,-14.2467,333.7003,332.9893,25,0.01587217,0.01609242,0.01289902,-3.024026,-1.53105,-0.005354724,-0.01021307,0.003836458,-0.0001453088,-0.006022626,0.001267616,0.01130851,3
2014-02-24 18:43:47.786,2880,288,43.61378,3.939467,42.82751,16.28335,58.13382,9.018369,10,1393263824,-1.003983,-0.0004425049,-0.03808594,-12.13371,17.5318,-12.99446,336.3479,335.6369,25,0.01468387,0.01264575,0.008228902,-3.023996,-1.531109,-0.005479904,0.0007533464,0.006290154,0.01283977,-0.01194135,0.0002269101,-0.0004850429,3
2014-02-24 18:43:47.884,2881,288.1,43.61378,3.939467,42.82751,16.28335,58.13382,9.018369,10,1393263824,-1.007019,0.0006408691,-0.03521729,-11.805,17.09688,-13.44982,334.5688,333.8578,25,0.01476084,0.003514307,0.0001073254,-3.023981,-1.531401,-0.00565967,-0.0004349138,0.002842454,0.008169646,-0.0009444719,-0.0001206993,0.01005673,3
2014-02-24 18:43:47.999,2882,288.2,43.61378,3.939467,42.82751,16.28335,58.13382,9.018369,10,1393263824,-1.011093,0.005645752,-0.04699707,-12.51721,17.58616,-13.3929,335.395,334.684,25,0.01354697,0.0216009,-0.00477345,-3.024019,-1.53143,-0.005576989,-0.0003578694,-0.006288946,4.701819e-05,-0.008816409,-0.003944269,-0.001736557,3
2014-02-24 18:43:48.099,2883,288.3,43.61386,3.939639,42.82751,16.28335,58.13382,9.018369,10,1393263825,-1.011169,0.008621216,-0.04702759,-10.76409,18.02108,-13.27906,334.9835,334.2725,25,0.01600453,0.0001147822,-0.001020523,-3.024028,-1.531558,-0.005504293,-0.001607987,0.01179606,-0.004850307,-0.005011532,0.003071174,0.004956054,3
2014-02-24 18:43:48.196,2884,288.4,43.61386,3.939639,42.82751,16.28335,58.13382,9.018369,10,1393263825,-1.012115,0.006668091,-0.04605103,-10.49016,17.64053,-13.6775,333.2589,332.5479,25,0.01103268,0.01031336,0.003524161,-3.023989,-1.531344,-0.005492145,0.0008496188,-0.009689331,-0.001097374,-0.01188633,0.0001536344,-0.007556004,3
2014-02-24 18:43:48.318,2885,288.5,43.61386,3.939639,42.82751,16.28335,58.13382,9.018369,10,1393263825,-1.010117,0.007614136,-0.04699707,-9.942308,16.4445,-13.1083,331.7278,331.0168,25,0.01975,0.002354234,-0.00804541,-3.023983,-1.531157,-0.005503673,-0.004122182,0.000510368,0.003447236,-0.01197009,0.003117571,-0.007399492,3
2014-02-24 18:43:48.519,2886,288.6,43.61386,3.939639,42.82751,16.28335,58.13382,9.018369,10,1393263825,-1.011337,0.01564026,-0.04415894,-11.25715,16.33576,-12.08374,334.5928,333.8818,25,0.01350622,0.01598056,0.001146225,-3.0239,-1.53084,-0.005381296,0.004595212,-0.007447194,-0.008122409,-0.01292809,0.001286821,-0.006105993,3
2014-02-24 18:43:48.647,2887,288.7,43.61386,3.939639,42.82751,16.28335,58.13382,9.018369,10,1393263825,-1.011337,0.01564026,-0.04415894,-10.32581,16.39013,-14.41746,328.5698,327.8588,25,0.01720242,0.003551858,0.002476474,-3.023825,-1.530494,-0.00564636,0.002047706,-0.006247616,0.002400491,-0.01401156,0.005004305,-0.008735387,3
2014-02-24 18:43:48.745,2888,288.8,43.61386,3.939639,42.82751,16.28335,58.13382,9.018369,10,1393263825,-1.006226,0.01156616,-0.04211426,-10.49017,17.31433,-12.99446,332.1678,331.4568,25,0.006084524,0.0170935,0.005756689,-3.023825,-1.530494,-0.00564636,0.002047706,-0.006247616,0.002400491,-0.01401156,0.005004305,-0.008735387,3
2014-02-24 18:43:48.836,2889,288.9,43.61386,3.939639,42.82751,16.28335,58.13382,9.018369,10,1393263825,-1.006226,0.01156616,-0.04211426,-10.76409,17.80362,-13.84826,331.3192,330.6082,25,0.01236346,-0.002227202,-0.006898386,-3.023945,-1.530268,-0.006151047,-0.00279121,-0.0120249,-0.006972223,-0.01306236,0.006483269,-0.008509848,3
2014-02-24 18:43:48.981,2890,289,43.61386,3.939639,42.82751,16.28335,58.13382,9.018369,10,1393263825,-1.027374,-0.0328064,-0.03422546,-10.27102,16.77068,-13.67751,329.677,328.966,25,0.02091221,-0.004361992,0.001416003,-3.023961,-1.530092,-0.006167537,0.005757676,-0.01415838,0.001342676,-0.01274916,-0.00752553,-0.01016535,3
2014-02-24 18:43:49.086,2891,289.1,43.61396,3.939789,40.85387,16.30858,53.90724,9.97824,10,1393263826,-0.9893188,0.02110291,-0.04978943,-11.25715,17.09687,-13.22214,331.043,330.332,25,0.0197018,0.01145798,-0.003442136,-3.023966,-1.530289,-0.00606666,0.004547317,0.001661106,-0.003515499,-0.02821297,-0.03887302,0.006270295,3
2014-02-24 18:43:49.187,2892,289.2,43.61396,3.939789,40.85387,16.30858,53.90724,9.97824,10,1393263826,-1.020096,-0.0009918213,-0.02754211,-11.805,16.98814,-12.19757,331.6227,330.9117,25,0.02465475,0.01712546,-0.008142348,-3.023929,-1.530402,-0.006178986,0.009500248,0.007327888,-0.008214267,-0.002299669,0.01432887,0.007027144,3
2014-02-24 18:43:49.538,2893,289.3,43.61396,3.939789,40.85387,16.30858,53.90724,9.97824,10,1393263826,-0.9973297,0.01539612,-0.03520203,-11.53108,17.15124,-13.84826,329.7265,329.0155,25,0.01612464,-0.01358745,-0.01379011,-3.023776,-1.530733,-0.005199788,0.005856765,0.007252062,-0.01411834,0.01595346,-0.03406939,-0.003450454,3
2014-02-24 18:43:49.622,2894,289.4,43.61396,3.939789,40.85387,16.30858,53.90724,9.97824,10,1393263826,-0.9959412,0.0003509521,-0.04193115,-11.85979,17.15124,-13.84826,329.885,329.174,25,0.01612464,-0.01358745,-0.01379011,-3.023718,-1.530985,-0.005328205,0.0009703924,-0.0233862,-0.01386539,0.001863753,0.01006794,0.004597846,3
2014-02-24 18:43:49.734,2895,289.5,43.61396,3.939789,40.85387,16.30858,53.90724,9.97824,10,1393263826,-0.9959412,0.0003509521,-0.04193115,-11.85979,17.47744,-14.07594,329.7624,329.0514,25,0.01114133,0.006811567,-0.0093445,-3.023727,-1.531663,-0.005023488,0.0008035247,0.006207874,0.002265945,0.003356922,-0.01643704,0.02459624,3
2014-02-24 18:43:49.837,2896,289.6,43.61396,3.939789,40.85387,16.30858,53.90724,9.97824,10,1393263826,-1.006531,0.02258301,-0.03343201,-10.87366,17.91236,-13.50674,330.6984,329.9874,25,0.01731614,-0.004483432,-0.01034798,-3.0237,-1.531493,-0.004839297,-0.004012731,-0.002989455,-0.009421339,0.003274873,-0.004488327,-0.002638711,3
2014-02-24 18:43:49.943,2897,289.7,43.61405,3.93995,39.12082,16.28534,54.55884,9.238075,5,1393263827,-1.006119,0.009490967,-0.05085754,-11.58587,18.18418,-12.76678,332.5633,331.8523,25,0.01590919,0.02511281,0.006946057,-3.023674,-1.531719,-0.004968498,0.002162111,-0.01428452,-0.01042403,-0.007306513,0.01761453,0.005634788,3
2014-02-24 18:43:50.043,2898,289.8,43.61405,3.93995,39.12082,16.28534,54.55884,9.238075,5,1393263827,-1.011078,0.0007476807,-0.0333252,-11.64065,18.02108,-12.93754,332.2719,331.5609,25,0.01964241,-0.003200853,0.00608479,-3.023613,-1.531665,-0.004556285,0.0007552594,0.01531128,0.006867779,0.01263656,-0.02131042,0.005246743,3
2014-02-24 18:43:50.146,2899,289.9,43.61405,3.93995,39.12082,16.28534,54.55884,9.238075,5,1393263827,-1.00174,-0.008544922,-0.04678345,-11.42151,18.67347,-13.62058,331.8661,331.1551,25,0.01599361,0.02616236,-0.003621366,-3.023553,-1.531715,-0.004350119,0.004488551,-0.01300171,0.006005866,0.007405694,-0.0110182,0.005074046,3
2014-02-24 18:43:50.249,2900,290,43.61405,3.93995,39.12082,16.28534,54.55884,9.238075,5,1393263827,-1.011993,-0.001251221,-0.03817749,-10.98323,18.7822,-14.07594,331.4264,330.7154,25,0.01601305,0.009162606,-0.003455185,-3.0235,-1.531581,-0.004225374,0.0008398542,0.01636152,-0.003701465,-0.003631136,-0.007719624,-0.005686424,3
2014-02-24 18:43:50.403,2901,290.1,43.61405,3.93995,39.12082,16.28534,54.55884,9.238075,5,1393263827,-1.011078,0.005645752,-0.04797363,-10.43538,17.36871,-12.14066,332.0552,331.3442,25,0.01834119,0.01723545,0.01173868,-3.023499,-1.531403,-0.004076239,0.0008593655,-0.0006374409,-0.003536597,-0.002523607,-0.01262115,-0.007400969,3
2014-02-24 18:43:50.578,2902,290.2,43.61405,3.93995,39.12082,16.28534,54.55884,9.238075,5,1393263827,-1.012039,0.005630493,-0.05285645,-10.59974,17.64053,-11.62838,334.2835,333.5725,25,0.01722,0.02957201,-0.003642938,-3.023423,-1.53134,-0.004136986,0.003187557,0.007435902,0.01165717,-0.01278025,-0.005388195,0.001268089,3
2014-02-24 18:43:50.684,2903,290.3,43.61405,3.93995,39.12082,16.28534,54.55884,9.238075,5,1393263827,-1.011078,0.001739502,-0.03623962,-10.81887,17.85799,-11.9699,334.2862,333.5752,25,0.01723065,-0.004399809,0.0002082592,-3.023473,-1.530978,-0.004186442,0.002066425,0.01977373,-0.003724564,-0.01187928,0.001459322,-0.008166144,3
2014-02-24 18:43:50.755,2904,290.4,43.61405,3.93995,39.12082,16.28534,54.55884,9.238075,5,1393263827,-1.011078,0.001739502,-0.03623962,-10.65452,18.12982,-11.11609,334.3402,333.6292,25,0.020913,0.01148621,-0.001084439,-3.023379,-1.530658,-0.004426725,0.005759479,0.001690141,-0.001165532,-0.01210674,0.006300218,0.005764718,3
2014-02-24 18:43:50.872,2905,290.5,43.61405,3.93995,39.12082,16.28534,54.55884,9.238075,5,1393263827,-1.001114,0.006469727,-0.04005432,-10.10667,18.02109,-11.11609,334.3747,333.6637,25,0.0172682,0.01254402,-0.006995591,-3.023364,-1.530478,-0.004316221,0.00211476,0.002748315,-0.007077055,-0.006818705,-0.0007761691,-0.007589826,3
2014-02-24 18:43:50.947,2906,290.6,43.61405,3.93995,39.12082,16.28534,54.55884,9.238075,5,1393263827,-1.001114,0.006469727,-0.04005432,-9.887527,18.23855,-11.79914,333.5017,332.7907,25,0.01965067,-0.002076999,0.004901015,-3.023265,-1.530441,-0.004476596,0.01063341,-0.006147802,0.005996033,-0.008957108,0.004068342,-0.009582873,3
2014-02-24 18:43:51.065,2907,290.7,43.61405,3.93995,39.12082,16.28534,54.55884,9.238075,5,1393263827,-1.011276,0.009735107,-0.03338623,-10.10667,17.69489,-12.59602,333.3794,332.6684,25,0.008523447,0.01147396,0.009354353,-3.023239,-1.530557,-0.00470459,0.004497277,-0.01187167,0.004820382,-0.001934424,0.001765154,0.0001732628,3
2014-02-24 18:43:51.170,2908,290.8,43.61414,3.940122,37.38826,16.31599,55.24192,9,5,1393263828,-1.006195,0.009567261,-0.04112244,-10.54495,17.3687,-12.59602,331.1266,330.4156,25,0.008592423,0.009142365,0.001165932,-3.02319,-1.530925,-0.00504985,-0.0066299,0.001677865,0.009274613,-0.01208373,0.004685279,0.006473833,3
2014-02-24 18:43:51.234,2909,290.9,43.61414,3.940122,37.38826,16.31599,55.24192,9,5,1393263828,-1.003235,0.01153564,-0.03816223,-9.887527,18.02108,-12.8237,330.3259,329.6149,25,0.01472542,0.001284709,0.004820854,-3.023178,-1.530889,-0.005251783,-0.00656089,-0.0006541019,0.001086794,-0.007005032,0.004315502,-0.001226453,3
2014-02-24 18:43:51.403,2910,291,43.61414,3.940122,37.38826,16.31599,55.24192,9,5,1393263828,-1.006195,0.006637573,-0.03135681,-11.64065,18.02108,-13.3929,330.658,329.947,25,0.01603463,0.006877347,-0.005778793,-3.023208,-1.531372,-0.005640027,0.0008813544,-0.002920334,-0.00585643,-0.01205391,0.002111468,0.00898739,3
2014-02-24 18:43:51.566,2911,291.1,43.61414,3.940122,37.38826,16.31599,55.24192,9,5,1393263828,-1.012512,0.02172852,-0.03543091,-10.87366,17.91236,-12.48217,330.7667,330.0557,25,0.01965573,0.01829485,0.00118271,-3.023208,-1.531372,-0.005640027,0.0008813544,-0.002920334,-0.00585643,-0.01205391,0.002111468,0.00898739,3
2014-02-24 18:43:51.636,2912,291.2,43.61414,3.940122,37.38826,16.31599,55.24192,9,5,1393263828,-1.012512,0.02172852,-0.03543091,-10.81887,17.5318,-12.31141,331.8746,331.1636,25,0.02453517,0.01384657,0.00713887,-3.023053,-1.531241,-0.005936322,0.009381974,0.004049038,0.007062322,-0.003943111,0.004531242,-0.006430803,3
2014-02-24 18:43:51.732,2913,291.3,43.61414,3.940122,37.38826,16.31599,55.24192,9,5,1393263828,-1.030746,-0.06167603,-0.03501892,-11.36673,16.66195,-12.76678,331.1823,330.4713,25,0.0134439,0.04547507,0.004377171,-3.022997,-1.531454,-0.006125374,0.002081743,-0.009673577,-0.001084483,-0.01330477,0.01560318,0.00390063,3
2014-02-24 18:43:51.847,2914,291.4,43.61414,3.940122,37.38826,16.31599,55.24192,9,5,1393263828,-1.042725,-0.01661682,-0.04721069,-10.59973,16.98814,-12.08374,331.887,331.176,25,0.02329201,-0.04954572,0.01830337,-3.022958,-1.531172,-0.005160758,-0.001709042,0.03567671,0.004296897,-0.03154472,-0.06683676,0.004594754,3
2014-02-24 18:43:51.955,2915,291.5,43.61414,3.940122,37.38826,16.31599,55.24192,9,5,1393263828,-0.9835968,-0.01483154,-0.03482056,-10.65452,18.34728,-12.93754,332.6256,331.9146,25,0.006066681,0.09861925,-0.004423777,-3.022863,-1.531102,-0.006514825,0.008138883,-0.05934034,0.01822956,-0.04353353,-0.0231316,-0.007527516,3
2014-02-24 18:43:52.036,2916,291.6,43.61414,3.940122,37.38826,16.31599,55.24192,9,5,1393263828,-1.005569,0.0118866,0.006622314,-10.59973,18.18418,-12.88062,332.2518,331.5408,25,0.02952487,-0.09485914,0.01528601,-3.022907,-1.530571,-0.006488646,-0.0090864,0.08882466,-0.004497585,-0.003118801,-0.001773635,0.02938037,3
2014-02-24 18:43:52.164,2917,291.7,43.61423,3.940286,37.38007,16.40862,55.98526,9,5,1393263829,-0.982132,0.01687622,-0.06040955,-10.81887,18.72783,-12.31141,333.9013,333.1903,25,0.01602025,0.0770788,-0.01467588,-3.02281,-1.529769,-0.007062811,0.01437182,-0.1046481,0.01521453,-0.003094214,0.01999108,-0.04895085,3
2014-02-24 18:43:52.263,2918,291.8,43.61423,3.940286,37.38007,16.40862,55.98526,9,5,1393263829,-0.9856262,0.03105164,-0.03713989,-10.21624,18.45601,-11.91297,334.1599,333.4489,25,0.02331891,0.001370463,0.007248858,-3.022682,-1.530427,-0.007135923,0.0008672567,0.06728988,-0.01474736,-0.02389621,-0.01690149,0.03231626,3
2014-02-24 18:43:52.452,2919,291.9,43.61423,3.940286,37.38007,16.40862,55.98526,9,5,1393263829,-0.9962158,-0.0003356934,0.0009765625,-9.832739,18.6191,-12.31142,333.3168,332.6058,25,0.01604075,-0.03954262,0.0005398227,-3.022658,-1.529294,-0.006937852,0.008165958,-0.008418432,0.007177381,0.0169829,0.009938424,-0.01892008,3
2014-02-24 18:43:52.582,2920,292,43.61423,3.940286,37.38007,16.40862,55.98526,9,5,1393263829,-1.015533,-0.01042175,-0.0771637,-11.91458,18.07545,-12.42526,334.5008,333.7898,25,0.01475737,0.04766739,-0.006189187,-3.022591,-1.529462,-0.006682891,0.0008881116,-0.0493257,0.0004655643,0.01349733,0.02436879,0.004181718,3
2014-02-24 18:43:52.671,2921,292.1,43.61423,3.940286,37.38007,16.40862,55.98526,9,5,1393263829,-1.015533,-0.01042175,-0.0771637,-10.81887,18.07545,-12.42525,334.4181,333.7071,25,0.01477761,0.02161022,-0.004761732,-3.022549,-1.528865,-0.006485853,-0.0003749017,0.0118257,-0.004836583,-0.02204868,-0.004486906,0.01141564,3
2014-02-24 18:43:52.793,2922,292.2,43.61423,3.940286,37.38007,16.40862,55.98526,9,5,1393263829,-1.008133,0.008544922,-0.04992676,-11.31194,17.47744,-11.91298,334.8012,334.0902,25,0.01227504,0.08276305,-0.008901882,-3.022424,-1.530684,-0.006664151,-0.002877422,0.07297307,-0.008976057,0.0006687712,0.005039389,0.04097071,3
2014-02-24 18:43:52.872,2923,292.3,43.61432,3.940458,37.45236,16.51328,56.65871,9,5,1393263830,-1.016525,0.02276611,-0.0403595,-11.25715,17.85799,-11.96989,334.9871,334.2761,25,0.01721414,-0.006648049,0.002576076,-3.02232,-1.530282,-0.006585537,0.002061704,-0.01643801,0.0025019,-0.008975176,0.001959433,-0.00942485,3
2014-02-24 18:43:52.991,2924,292.4,43.61432,3.940458,37.45236,16.51328,56.65871,9,5,1393263830,-1.014252,0.005905151,-0.02362061,-11.75022,18.12982,-12.48217,334.3348,333.6238,25,0.01968875,-0.002114017,0.0002095908,-3.022288,-1.530783,-0.0067255,0.004479646,-0.0119064,0.0001111033,-0.01734829,0.01604066,-0.0003577375,3
2014-02-24 18:43:53.071,2925,292.5,43.61432,3.940458,37.45236,16.51328,56.65871,9,5,1393263830,-1.012695,-0.009353638,-0.05569458,-11.69544,17.64053,-12.65294,333.1238,332.4128,25,0.01848953,0.02841114,-0.008311726,-3.022247,-1.531137,-0.006931491,0.003280425,0.01861678,-0.0084092,-0.01506205,-0.001026284,0.01602755,3
2014-02-24 18:43:53.171,2926,292.6,43.61432,3.940458,37.45236,16.51328,56.65871,9,5,1393263830,-1.012726,0.02581787,-0.01889038,-12.02415,18.07545,-12.88062,332.5365,331.8255,25,0.02464862,-0.02701803,-0.0006729808,-3.022208,-1.530626,-0.006815161,0.00452125,0.009559675,-0.008308798,-0.01352523,-0.01616875,-0.01553604,3
2014-02-24 18:43:53.282,2927,292.7,43.61432,3.940458,37.45236,16.51328,56.65871,9,5,1393263830,-1.011459,0.01673889,-0.03050232,-11.20237,17.91236,-13.16522,330.4549,329.7439,25,0.01842774,0.04092426,-0.002568885,-3.022086,-1.531216,-0.006929444,0.009439616,-0.03681219,-0.0007703767,-0.002943408,0.0005474183,-0.00149263,3
2014-02-24 18:43:53.516,2928,292.8,43.61432,3.940458,37.45236,16.51328,56.65871,9,5,1393263830,-1.004761,-0.006515503,-0.05172729,-10.7093,19.16275,-12.08374,331.5793,330.8683,25,0.0122825,0.03520992,-0.002572081,-3.022104,-1.531002,-0.006828641,0.003218808,0.03113016,-0.002666281,0.005822576,0.001701076,0.03293196,3
2014-02-24 18:43:53.713,2929,292.9,43.61432,3.940458,37.45236,16.51328,56.65871,9,5,1393263830,-0.9960022,0.01309204,-0.07418823,-11.14758,19.16275,-12.08374,331.8671,331.1561,25,0.01597923,0.03862915,-0.003743073,-3.02193,-1.53037,-0.006381545,0.0007742526,-0.0651264,0.009978403,-0.005598128,-0.01289701,-0.0113126,3
2014-02-24 18:43:53.897,2930,293,43.6144,3.940629,36.011,16.5856,57.13721,9,5,1393263831,-1.001785,0.000289917,-0.0683136,-10.49016,21.01117,-13.79134,331.9657,331.2547,25,0.01845571,0.02504836,-0.003586745,-3.021628,-1.531107,-0.006564457,0.004447855,-0.06621554,0.01237276,0.004516289,-0.006503374,-0.03928664,3
2014-02-24 18:43:53.983,2931,293.1,43.6144,3.940629,36.011,16.5856,57.13721,9,5,1393263831,-1.001785,0.000289917,-0.0683136,-10.87366,23.02269,-11.79914,332.1534,331.4424,25,0.01727539,0.05555487,-0.01445377,-3.021407,-1.531586,-0.006538573,0.002066702,0.04575446,-0.01454927,-0.01388203,0.003043994,-0.02053873,3
2014-02-24 18:43:54.095,2932,293.2,43.6144,3.940629,36.011,16.5856,57.13721,9,5,1393263831,-1.002411,0.01069641,-0.009902954,-10.32581,18.89093,-9.29464,337.9944,337.2834,25,0.02596183,-0.05765504,-0.006227003,-3.021311,-1.531391,-0.006156997,0.01075329,-0.06745158,-0.006323867,-0.02186761,-0.00423435,-0.001850274,3
2014-02-24 18:43:54.194,2933,293.3,43.6144,3.940629,36.011,16.5856,57.13721,9,5,1393263831,-1.001984,0.001495361,-0.04199219,-9.558817,16.60759,-12.14065,331.2954,330.5844,25,0.013576,0.02949717,-0.009542638,-3.021246,-1.532467,-0.006160644,-0.001632558,0.01969691,-0.009638929,-0.003164327,0.004535806,0.02841618,3
2014-02-24 18:43:54.293,2934,293.4,43.6144,3.940629,36.011,16.5856,57.13721,9,5,1393263831,-0.9947815,-0.001785278,-0.05749512,-10.10667,18.12981,-13.84826,328.5952,327.8842,25,0.008682172,0.03848827,-0.01436962,-3.021362,-1.53215,-0.005821052,-0.006526322,0.02868585,-0.01446655,-0.002747243,-0.004325658,-0.003356291,3
2014-02-24 18:43:54.512,2935,293.5,43.6144,3.940629,36.011,16.5856,57.13721,9,5,1393263831,-1.002029,-0.001403809,-0.02732849,-10.76409,18.12981,-12.36833,331.907,331.196,25,0.01485192,-0.01808393,-0.007892811,-3.021362,-1.532368,-0.005718488,-0.0003565484,-0.02788633,-0.007989747,-0.0004952065,-0.008434521,-0.02496702,3
2014-02-24 18:43:54.710,2936,293.6,43.6144,3.940629,36.011,16.5856,57.13721,9,5,1393263831,-1.011154,0.001815796,-0.0255127,-10.32581,18.99966,-14.07595,330.0882,329.3772,25,0.01724823,-0.003285009,-0.002148905,-3.021431,-1.531594,-0.004548838,0.002040123,-0.0130832,-0.002251174,-0.006439677,-0.01210192,-0.02227014,3
2014-02-24 18:43:54.891,2937,293.7,43.61449,3.940809,34.19642,16.52699,57.67385,9,5,1393263832,-1.012909,-0.001342773,-0.05186462,-9.558817,19.10839,-14.41746,330.0966,329.3856,25,0.02339667,0.008086689,-0.003373959,-3.021306,-1.532163,-0.004457877,0.004475705,0.02544837,-0.004950305,-0.01191029,-0.002642067,0.01311093,3
2014-02-24 18:43:54.970,2938,293.8,43.61449,3.940809,34.19642,16.52699,57.67385,9,5,1393263832,-1.019165,0.001968384,-0.02853394,-9.723175,18.51037,-13.56366,330.1507,329.4397,25,0.02458337,-0.0280865,0.007548464,-3.021235,-1.53159,-0.004237481,0.00818878,-0.00171201,-0.00347758,-0.01368637,-0.005580242,-0.01266889,3
2014-02-24 18:43:55.069,2939,293.9,43.61449,3.940809,34.19642,16.52699,57.67385,9,5,1393263832,-1.007248,0.01161194,-0.03820801,-10.21623,18.56473,-14.53131,330.2139,329.5029,25,0.01849006,0.0363351,-0.00956208,-3.02111,-1.532182,-0.00431337,0.009375538,-0.03788562,0.007444959,-0.01991978,-0.002344972,0.0100706,3
2014-02-24 18:43:55.169,2940,294,43.61449,3.940809,34.19642,16.52699,57.67385,9,5,1393263832,-1.009369,0.01077271,-0.02070618,-10.76409,18.34728,-14.30362,329.8405,329.1295,25,0.01844133,-0.02021978,0.005066398,-3.020913,-1.531721,-0.004616163,0.005680432,-0.00168508,0.002366025,-0.006801227,0.002845402,-0.01765156,3
2014-02-24 18:43:55.483,2941,294.1,43.61449,3.940809,34.19642,16.52699,57.67385,9,5,1393263832,-1.011093,0.009552002,-0.05873108,-10.21624,17.15124,-14.18978,329.6825,328.9715,25,0.01233283,0.04082093,-0.009664878,-3.020789,-1.531737,-0.005051285,0.00323353,-0.03001575,0.004967029,-0.009030468,0.007552496,-0.003111223,3
2014-02-24 18:43:55.785,2942,294.2,43.61457,3.940993,34.26275,16.83556,56.94467,9,5,1393263833,-1.007416,0.01567078,-0.0275116,-10.7093,17.85799,-14.58822,330.3463,329.6353,25,0.01727752,0.0125347,-0.008168448,-3.020808,-1.532057,-0.005065699,-0.002874977,0.03102274,-0.009763569,-0.01013199,0.005707027,0.01802299,3
2014-02-24 18:43:55.920,2943,294.3,43.61457,3.940993,34.26275,16.83556,56.94467,9,5,1393263833,-1.007355,0.01367188,-0.02946472,-11.69544,17.31434,-14.47439,331.1953,330.4843,25,0.01230727,-0.01122869,0.00140029,-3.020841,-1.531575,-0.005341386,0.002069731,0.002737032,-0.008265352,-0.01187647,0.004210642,-0.01951993,3
2014-02-24 18:43:56.077,2944,294.4,43.61457,3.940993,34.26275,16.83556,56.94467,9,5,1393263833,-1.007355,0.01367188,-0.02946472,-10.65452,16.93378,-15.10051,330.019,329.308,25,0.02092099,0.03751542,-0.006030994,-3.020755,-1.532273,-0.005952604,0.005713132,0.02771531,-0.00612476,-0.01226476,0.008894233,0.02069078,3
2014-02-24 18:43:56.164,2945,294.5,43.61457,3.940993,34.26275,16.83556,56.94467,9,5,1393263833,-1.004318,0.01062012,-0.02648926,-10.49016,17.09688,-15.84047,329.3074,328.5964,25,0.01719283,0.003561179,0.00364933,-3.020755,-1.532273,-0.005952604,0.005713132,0.02771531,-0.00612476,-0.01226476,0.008894233,0.02069078,3
2014-02-24 18:43:56.265,2946,294.6,43.61457,3.940993,34.26275,16.83556,56.94467,9,5,1393263833,-1.004318,0.01062012,-0.02648926,-10.10667,16.49886,-15.89739,328.5422,327.8312,25,0.02466513,0.0001352886,-0.006803311,-3.020672,-1.532119,-0.006274874,0.009457375,-0.009663111,-0.006895318,-0.006916835,0.001308785,-0.001448538,3
2014-02-24 18:43:56.410,2947,294.7,43.61457,3.940993,34.26275,16.83556,56.94467,9,5,1393263833,-1.006134,0.008514404,-0.04696655,-10.59973,16.66195,-15.49895,330.2067,329.4957,25,0.01600267,0.01822907,-0.003543868,-3.020661,-1.532606,-0.006305799,0.0007949084,0.00842768,-0.0036357,-0.004914687,-0.002643648,0.01272885,3
2014-02-24 18:43:56.577,2948,294.8,43.61457,3.940993,34.26275,16.83556,56.94467,9,5,1393263833,-1.006027,0.001617432,-0.03811646,-9.777956,17.15125,-15.66971,330.2191,329.5081,25,0.02089516,0.01037115,0.001271926,-3.020555,-1.532355,-0.006312879,0.005687444,0.0005707776,0.001180359,-0.006892725,0.002201568,-0.008535352,3
2014-02-24 18:43:56.677,2949,294.9,43.61457,3.940993,34.26275,16.83556,56.94467,9,5,1393263833,-1.004105,0.001647949,-0.02737427,-9.558817,17.6949,-15.32819,331.5788,330.8678,25,0.01356135,0.001210407,-0.003401123,-3.020551,-1.53238,-0.006139423,-0.00164625,-0.008589009,-0.00349358,-0.006783881,-0.004521953,0.0002899782,3
2014-02-24 18:43:56.782,2950,295,43.61457,3.940993,34.26275,16.83556,56.94467,9,5,1393263833,-1.001953,-0.001480103,-0.03805542,-10.05188,16.4445,-15.27127,330.6213,329.9103,25,0.003758786,0.006754043,-0.009414807,-3.020588,-1.532842,-0.005870236,-0.01144875,-0.003047502,-0.00950809,-0.004842,-0.004222252,0.01057002,3
2014-02-24 18:43:56.870,2951,295.1,43.61467,3.941165,33.96216,17.32856,55.1959,9,5,1393263834,-1.00206,0.005477905,-0.04397583,-10.87366,16.39013,-17.26347,327.8749,327.1639,25,0.01604555,0.005734585,-0.00694073,-3.020554,-1.53283,-0.005525577,0.0008381065,-0.004067275,-0.007035621,-0.002689016,-0.007005651,-9.875087e-05,3
2014-02-24 18:43:56.999,2952,295.2,43.61467,3.941165,33.96216,17.32856,55.1959,9,5,1393263834,-1.0009,-0.0005645752,-0.04585266,-10.16146,16.11831,-17.20656,327.2975,326.5865,25,0.0160562,0.004592089,-0.008102668,-3.020633,-1.53277,-0.005548049,0.0008487912,-0.005209408,-0.008197077,-0.007925184,0.004034499,-0.003121089,3
2014-02-24 18:43:57.093,2953,295.3,43.61467,3.941165,33.96216,17.32856,55.1959,9,5,1393263834,-1.004944,-0.0004577637,-0.04202271,-10.38059,16.1183,-15.84047,327.4586,326.7476,25,0.01469133,0.03075125,0.004532966,-3.020561,-1.532599,-0.005345962,-0.0005159866,0.0209499,0.004437475,-0.0006674121,-0.008824941,0.005014826,3
2014-02-24 18:43:57.197,2954,295.4,43.61467,3.941165,33.96216,17.32856,55.1959,9,5,1393263834,-1.00293,0.003417969,-0.05566406,-10.21624,16.49886,-15.32819,327.6789,326.9679,25,0.0209391,0.02164884,-0.005875999,-3.020565,-1.532223,-0.005336145,0.005731864,0.01184849,-0.00597133,-0.005030549,0.007191346,-0.0006212909,3
2014-02-24 18:43:57.284,2955,295.5,43.61467,3.941165,33.96216,17.32856,55.1959,9,5,1393263834,-1.00293,0.003417969,-0.05566406,-11.20237,15.62902,-14.98667,330.3365,329.6255,25,0.02832618,-0.0315044,0.001752094,-3.020485,-1.531854,-0.005089189,0.004484775,0.02657245,-0.006127545,-0.005714938,-0.005546931,-0.003090896,3
2014-02-24 18:43:57.518,2956,295.6,43.61467,3.941165,33.96216,17.32856,55.1959,9,5,1393263834,-1.009338,0.01170349,-0.03044128,-10.43538,15.9552,-15.32819,331.2042,330.4932,25,0.0136013,0.01588789,-0.0105826,-3.020365,-1.531668,-0.004995224,0.01311911,-0.04130128,0.001655558,-0.00370758,-0.001577234,-0.01654593,3
2014-02-24 18:43:57.709,2957,295.7,43.61467,3.941165,33.96216,17.32856,55.1959,9,5,1393263834,-1.016052,0.02325439,0.0308075,-11.03801,16.66196,-16.29583,329.766,329.055,25,0.03456251,-0.1458762,0.008793758,-3.020336,-1.532096,-0.00486916,-0.004087494,-0.0335307,-0.00210433,-0.0007606163,-0.002427735,-0.003301806,3
2014-02-24 18:43:58.106,2958,295.8,43.61467,3.941165,33.96216,17.32856,55.1959,9,5,1393263834,-1.003876,-0.0005645752,-0.05271912,-9.394457,17.09688,-16.40967,328.4771,327.7661,25,0.01480931,0.02723988,-0.00950855,-3.020119,-1.535679,-0.005518697,0.004431611,0.04813107,-0.002816981,0.007943672,0.0001423418,0.04878142,3
2014-02-24 18:43:58.302,2959,295.9,43.61476,3.941332,37.83033,17.45675,53.26797,9,10,1393263835,-1.011597,0.01396179,-0.003204346,-9.723171,17.09688,-16.40967,328.4815,327.7705,25,0.01475258,-0.02251516,0.005053348,-3.020097,-1.535327,-0.005469363,-0.0004543907,-0.0323179,0.004959716,-0.004519634,-0.006033911,-0.01725821,3
2014-02-24 18:43:58.537,2960,296,43.61476,3.941332,37.83033,17.45675,53.26797,9,10,1393263835,-0.9979553,0.003326416,-0.05171204,-9.997093,15.73775,-16.12507,327.2369,326.5259,25,0.01589108,0.07380845,0.001778193,-3.020072,-1.534915,-0.005551012,0.0006841677,0.06400579,0.001685096,-0.01225573,0.008410808,0.03266853,3
2014-02-24 18:43:58.658,2961,296.1,43.61476,3.941332,37.83033,17.45675,53.26797,9,10,1393263835,-1.013779,0.00151062,-0.07624817,-11.14758,15.35719,-15.49895,328.3333,327.6223,25,0.01590227,0.1054955,-0.004396346,-3.020109,-1.533139,-0.005413688,0.0006954095,0.09569292,-0.004489443,0.001321092,-0.002087246,-0.01406445,3
2014-02-24 18:43:58.760,2962,296.2,43.61476,3.941332,37.83033,17.45675,53.26797,9,10,1393263835,-1.011581,0.01298523,0.0007019043,-10.16145,16.11831,-16.75119,327.537,326.826,25,0.01601732,-0.01914254,0.000340352,-3.020155,-1.531706,-0.005241948,0.0008105996,-0.02893942,0.0002464413,-0.005446847,-0.005989604,-0.04194434,3
2014-02-24 18:43:58.859,2963,296.3,43.61476,3.941332,37.83033,17.45675,53.26797,9,10,1393263835,-0.9998779,0.006195068,-0.07225037,-10.21623,16.17266,-15.89739,328.8872,328.1762,25,0.01713158,-0.02581216,0.01566631,-3.020039,-1.532885,-0.00552795,0.001924922,-0.03560901,0.0155724,-0.004075483,0.007091096,0.01336533,3
2014-02-24 18:43:58.983,2964,296.4,43.61476,3.941332,37.83033,17.45675,53.26797,9,10,1393263835,-0.9998779,0.006195068,-0.07225037,-9.942307,15.68338,-15.49895,328.7806,328.0696,25,0.02078651,-0.1015959,0.03169162,-3.019966,-1.532605,-0.005462116,0.004338103,0.01426627,0.01393492,-0.001766444,-0.004928031,0.004978309,3
2014-02-24 18:43:59.071,2965,296.5,43.61486,3.941499,39.86361,17.65606,51.5596,9,10,1393263836,-1.012787,0.01713562,0.01722717,-9.33967,16.17267,-16.35275,327.5305,326.8195,25,0.02078651,-0.1015959,0.03169162,-3.019877,-1.533816,-0.005803906,0.005579993,-0.1113934,0.031597,-0.003569185,0.001444051,-0.04017698,3
2014-02-24 18:43:59.192,2966,296.6,43.61486,3.941499,39.86361,17.65606,51.5596,9,10,1393263836,-1.000046,0.009307861,-0.05763245,-9.230103,16.17267,-15.66971,327.805,327.094,25,0.01471849,0.05676235,-0.002759035,-3.019636,-1.53629,-0.006241526,0.01301437,-0.1227646,0.02002633,-0.007099728,0.009475067,0.01479948,3
2014-02-24 18:43:59.266,2967,296.7,43.61486,3.941499,39.86361,17.65606,51.5596,9,10,1393263836,-0.9981232,0.009353638,-0.04589844,-8.956181,16.44449,-14.92974,326.978,326.267,25,0.01603835,0.08611757,-0.0182834,-3.019505,-1.537696,-0.006513252,-0.0005446149,0.04695725,-0.002875036,-0.01335584,0.01062241,0.05032105,3
2014-02-24 18:43:59.599,2968,296.8,43.61486,3.941499,39.86361,17.65606,51.5596,9,10,1393263836,-1.008194,0.009613037,-0.04212952,-9.449247,15.84648,-15.78355,326.2658,325.5548,25,0.01861363,0.0362142,-0.02481001,-3.019497,-1.536047,-0.006162478,0.0007753182,0.07631253,-0.0183994,-0.0006684322,0.003145422,-0.02289128,3
2014-02-24 18:43:59.811,2969,296.9,43.61486,3.941499,39.86361,17.65606,51.5596,9,10,1393263836,-1.01152,0.02360535,-0.04322815,-10.10667,16.39013,-15.66971,326.105,325.394,25,0.01473953,0.01372327,0.001180313,-3.019446,-1.534991,-0.005642597,-0.0005233217,0.003920865,0.001065366,-0.01641918,-0.01679674,-0.005294935,3
2014-02-24 18:43:59.921,2970,297,43.61486,3.941499,39.86361,17.65606,51.5596,9,10,1393263836,-1.010941,-0.002319336,-0.04402161,-9.339676,16.93378,-15.66971,326.0496,325.3386,25,0.01839872,0.0001989381,0.007213172,-3.019437,-1.535074,-0.005887843,0.003135891,-0.009603447,0.007098225,-0.01217567,0.01771754,-0.007514518,3
2014-02-24 18:44:00.089,2971,297.1,43.61496,3.941664,42.39552,18.19817,50.34578,9,10,1393263837,-1.089188,0.0725708,-0.0006408691,-9.504026,17.09688,-16.06815,326.0519,325.3409,25,0.04308595,0.03087829,-0.006926349,-3.01929,-1.535454,-0.006065342,0.02782332,0.02107826,-0.007041984,0.000410001,-0.007591184,-0.0007527782,3
2014-02-24 18:44:00.300,2972,297.2,43.61496,3.941664,42.39552,18.19817,50.34578,9,10,1393263837,-1.00206,-0.0004119873,-0.02636719,-9.339676,15.73775,-15.66971,325.1583,324.4473,25,0.01867622,-0.2491243,0.01082202,-3.01966,-1.527389,-0.004101443,-0.005303923,0.170159,-0.04166923,-0.01210453,-0.04327074,0.005505776,3
2014-02-24 18:44:00.560,2973,297.3,43.61496,3.941664,42.39552,18.19817,50.34578,9,10,1393263837,-1.021011,0.01947021,0.03857422,-9.832739,16.1183,-15.27127,326.6031,325.8922,25,0.01733904,-0.1482768,0.008651812,-3.019705,-1.529332,-0.00417528,0.003413991,-0.2589249,0.01069944,-0.004042064,-0.007410131,-0.1048796,3
2014-02-24 18:44:00.670,2974,297.4,43.61496,3.941664,42.39552,18.19817,50.34578,9,10,1393263837,-1.015381,-0.002792358,-0.1230621,-9.777952,16.17266,-16.35275,324.2258,323.5148,25,0.008908007,0.01562663,-0.03877989,-3.019577,-1.536119,-0.004849712,0.002076833,-0.1580912,0.008531107,-0.01262161,0.01147721,0.08313154,3
2014-02-24 18:44:00.777,2975,297.5,43.61496,3.941664,42.39552,18.19817,50.34578,9,10,1393263837,-1.019836,0.02409363,-0.003372192,-9.50403,15.79211,-15.49895,326.4636,325.7526,25,0.02893498,-0.2222842,-0.04447719,-3.01976,-1.536327,-0.004357785,-0.006354175,0.005812267,-0.03890059,-0.02161485,0.01511244,0.07303626,3
2014-02-24 18:44:00.875,2976,297.6,43.61496,3.941664,42.39552,18.19817,50.34578,9,10,1393263837,-0.9870148,-0.0319519,-0.06594849,-8.846609,15.46592,-15.38511,326.0624,325.3514,25,0.02824708,-0.1571641,-0.1213712,-3.01969,-1.539039,-0.003731276,0.01367287,-0.2320985,-0.04459789,-0.01589202,-0.006523625,-0.0913109,3
2014-02-24 18:44:00.953,2977,297.7,43.61496,3.941664,42.39552,18.19817,50.34578,9,10,1393263837,-0.9952545,-0.01599121,-0.08958435,-9.50403,15.03099,-15.95431,325.2036,324.4926,25,-0.007490407,-0.04304973,-0.1322132,-3.019565,-1.543095,-0.002002566,0.01298504,-0.1669783,-0.1214919,-0.02022208,0.02209106,0.02432545,3
2014-02-24 18:44:01.080,2978,297.8,43.61507,3.941831,41.69695,18.45412,49.70128,9,5,1393263838,-0.9952545,-0.01599121,-0.08958435,-9.777956,15.95521,-16.80811,325.7661,325.0551,25,0.03491564,-0.2299935,-0.0220555,-3.019388,-1.546841,0.001872025,0.0196537,-0.2398077,-0.0221762,0.01484806,-0.02147392,-0.08885542,3
2014-02-24 18:44:01.178,2979,297.9,43.61507,3.941831,41.69695,18.45412,49.70128,9,5,1393263838,-0.9878693,-0.0174408,0.009002686,-9.394461,16.77069,-16.52351,326.1212,325.4102,25,0.1861528,-0.311355,0.004826713,-3.019388,-1.546841,0.001872025,0.0196537,-0.2398077,-0.0221762,0.01484806,-0.02147392,-0.08885542,3
2014-02-24 18:44:01.248,2980,298,43.61507,3.941831,41.69695,18.45412,49.70128,9,5,1393263838,-0.9878693,-0.0174408,0.009002686,-8.901396,16.17267,-16.58043,324.5114,323.8004,25,0.2893205,-0.3126327,0.02929211,-3.012849,-1.558586,0.001614596,0.2740587,-0.3224469,0.02917141,0.01020858,-0.01007364,-0.01978813,3
2014-02-24 18:44:01.480,2981,298.1,43.61507,3.941831,41.69695,18.45412,49.70128,9,5,1393263838,-0.9957733,0.006088257,0.05944824,-10.43538,16.17267,-14.64514,327.5111,326.8001,25,0.2088872,-0.2471501,0.07480473,-3.008491,-1.564017,0.0004758327,0.1936254,-0.2569642,0.07468403,0.01210764,-0.01696496,0.01578206,3
2014-02-24 18:44:01.582,2982,298.2,43.61507,3.941831,41.69695,18.45412,49.70128,9,5,1393263838,-1.013611,0.01695251,-0.008148193,-9.50403,16.1183,-15.27127,325.7782,325.0672,25,0.06105084,-0.1360423,0.07933877,-3.006593,-1.567517,-0.0009469649,0.04573879,-0.1458555,0.07920067,0.00422086,0.005141292,0.06272741,3
2014-02-24 18:44:01.781,2983,298.3,43.61507,3.941831,41.69695,18.45412,49.70128,9,5,1393263838,-1.019714,0.01617432,0.00352478,-9.942308,16.33576,-15.95431,323.8475,323.1365,25,0.0219069,-0.05506405,0.03828667,-3.006089,-1.570359,-0.002919695,0.006594966,-0.06487721,0.03814857,-0.01652963,0.007181627,0.0001320289,3
2014-02-24 18:44:01.914,2984,298.4,43.61507,3.941831,41.69695,18.45412,49.70128,9,5,1393263838,-1.000015,-0.003387451,-0.02049255,-9.449242,16.17267,-16.58043,323.1651,322.4541,25,0.0195002,0.004862399,0.02242834,-3.005995,-1.570814,-0.003524214,0.004188323,-0.004950726,0.02229025,-0.02077342,0.0108038,0.01812552,3
2014-02-24 18:44:02.032,2985,298.5,43.61518,3.942002,42.26433,18.80819,49.18626,9,5,1393263839,-1.000015,-0.003387451,-0.02049255,-8.517899,16.00957,-16.18199,324.3456,323.6346,25,0.02217508,-0.04060948,0.002955043,-3.005977,-1.57072,-0.003478161,-0.001749922,0.007245001,-0.006039927,-0.01360163,0.01052941,-0.003158347,3
2014-02-24 18:44:02.208,2986,298.6,43.61518,3.942002,42.26433,18.80819,49.18626,9,5,1393263839,-0.9954376,0.008636475,0.00189209,-9.394463,16.00957,-16.29583,323.9454,323.2344,25,0.01500318,-0.009175123,-0.02792111,-3.005908,-1.572258,-0.003359555,0.002150644,-0.05066511,-0.02303409,0.000542605,0.008313426,-0.008404323,3
2014-02-24 18:44:02.520,2987,298.7,43.61518,3.942002,42.26433,18.80819,49.18626,9,5,1393263839,-1.001007,0.0005187988,-0.03514099,-9.613598,16.22704,-15.84047,326.561,325.85,25,0.08168128,-0.1062452,-0.04158393,-3.005921,-1.573675,-0.002659853,0.003263417,-0.06528038,-0.009982489,0.002281138,-0.02008539,-0.0232337,3
2014-02-24 18:44:02.655,2988,298.8,43.61518,3.942002,42.26433,18.80819,49.18626,9,5,1393263839,-0.9955292,-0.0254364,-0.01832581,-9.394461,16.87941,-17.09271,323.9054,323.1944,25,0.1048244,-0.2484735,0.009296829,-3.00519,-1.575283,-0.002082778,0.0663394,-0.1160522,-0.04172843,-0.02344973,0.005104113,-0.01266504,3
2014-02-24 18:44:02.758,2989,298.9,43.61518,3.942002,42.26433,18.80819,49.18626,9,5,1393263839,-1.012314,0.03320312,0.03956604,-8.682249,16.17267,-16.69427,323.1263,322.4153,25,0.1600786,-0.34642,0.03893834,-3.003574,-1.577614,-0.001749212,0.08948262,-0.2582724,0.009152107,0.005529432,-0.02532404,-0.04269068,3
2014-02-24 18:44:02.837,2990,299,43.61518,3.942002,42.26433,18.80819,49.18626,9,5,1393263839,-1.034561,0.03486633,0.05978394,-8.737034,16.22703,-16.06815,323.6553,322.9443,25,0.089948,-0.217914,0.01824052,-3.001399,-1.583628,-0.002635501,0.1447369,-0.3562189,0.03879362,-0.02161595,0.009510498,-0.0210256,3
2014-02-24 18:44:02.961,2991,299.1,43.61518,3.942002,42.26433,18.80819,49.18626,9,5,1393263839,-1.01387,0.009399414,0.05140686,-8.956175,16.44449,-16.86503,323.026,322.315,25,0.01887968,-0.07951506,-0.04010161,-2.999145,-1.592347,-0.003823762,0.003537906,-0.08931856,-0.04024049,-0.03480067,0.03104258,0.03823543,3
2014-02-24 18:44:03.065,2992,299.2,43.61518,3.942002,42.26433,18.80819,49.18626,9,5,1393263839,-1.001511,0.001037598,0.03504944,-9.284883,16.44449,-16.86503,323.5297,322.8187,25,0.01790843,0.0255035,-0.08806035,-2.999099,-1.59375,-0.002655868,0.00256665,0.01569418,-0.08819801,-0.01413718,0.006743549,0.02845552,3
2014-02-24 18:44:03.251,2993,299.3,43.6153,3.942176,41.58204,19.00524,48.52265,9,5,1393263840,-0.9974823,0.0009307861,0.03216553,-10.10667,17.04252,-15.44203,328.2525,327.5415,25,0.01524793,0.0834142,-0.07222733,-2.999102,-1.592719,-0.001048445,-9.381851e-05,0.0736049,-0.07236499,0.006411989,-0.005198835,0.01131269,3
2014-02-24 18:44:03.486,2994,299.4,43.6153,3.942176,41.58204,19.00524,48.52265,9,5,1393263840,-1.042648,0.002914429,0.02772522,-8.846605,15.46592,-15.95431,325.7824,325.0714,25,0.007815579,0.1513288,-0.07648093,-2.99919,-1.590442,0.000333208,-0.007526097,0.1415195,-0.07661859,0.001332859,0.002255815,0.008599909,3
2014-02-24 18:44:03.685,2995,299.5,43.6153,3.942176,41.58204,19.00524,48.52265,9,5,1393263840,-0.9915466,-0.02352905,-0.01828003,-9.120533,17.04251,-15.55587,326.9772,326.2662,25,0.02336445,0.1598136,-0.02245151,-2.999259,-1.588235,0.0009926851,0.008022812,0.1500019,-0.02258896,0.03396612,0.03292933,-0.009533242,3
2014-02-24 18:44:03.912,2996,299.6,43.6153,3.942176,41.58204,19.00524,48.52265,9,5,1393263840,-0.9782867,-0.02891541,-0.03367615,-8.791821,16.60759,-15.78355,325.468,324.757,25,0.03032968,-0.05481158,0.06182741,-3.000189,-1.58249,0.004125014,0.004496159,0.06491496,-0.03000843,0.008376494,-0.01940405,-0.02997316,3
2014-02-24 18:44:04.097,2997,299.7,43.6153,3.942176,41.58204,19.00524,48.52265,9,5,1393263840,-1.011627,0.007156372,0.02316284,-8.079613,15.79211,-15.04359,325.7982,325.0872,25,0.03309643,-0.07320417,0.02684014,-2.999619,-1.584717,0.001836819,0.02853982,-0.1041505,0.0657228,-0.02165925,0.008184474,0.001338472,3
2014-02-24 18:44:04.304,2998,299.8,43.61542,3.942352,42.12869,18.94095,49.09369,9,5,1393263841,-1.004776,0.01208496,0.03393555,-7.093485,17.42307,-15.72663,327.8894,327.1784,25,0.05287094,0.007238738,0.003956126,-2.999049,-1.587815,0.0007412894,0.01419081,-0.06957754,0.008938353,-0.004493842,-0.0003115671,-0.002476105,3
2014-02-24 18:44:04.556,2999,299.9,43.61542,3.942352,42.12869,18.94095,49.09369,9,5,1393263841,-1.011261,-0.003952026,0.005722046,-8.243973,18.23855,-14.87283,327.9639,327.2529,25,0.01118181,0.02941302,-0.0177766,-2.998602,-1.588419,0.0005754617,0.03752977,-0.002565383,0.003815628,-0.002566324,-0.00142344,0.009645998,3
2014-02-24 18:44:04.667,3000,300,43.61542,3.942352,42.12869,18.94095,49.09369,9,5,1393263841,-0.9918823,-0.01928711,0.01483154,-7.422192,18.83657,-15.84047,326.6691,325.9581,25,0.02711045,-0.003226952,-0.004400874,-2.998513,-1.588219,0.0006695391,-0.004159295,0.01960893,-0.0179171,-0.01684511,0.01193053,0.003711373,3
2014-02-24 18:44:04.768,3001,300.1,43.61542,3.942352,42.12869,18.94095,49.09369,9,5,1393263841,-1.01561,0.007202148,0.01824951,-7.58655,17.91236,-15.32819,327.0141,326.3031,25,0.03648477,-0.01627671,0.05564462,-2.99855,-1.58784,0.001134963,0.0117694,-0.01302857,-0.004541954,-0.01140687,-0.002817064,-0.01132086,3
2014-02-24 18:44:04.868,3002,300.2,43.61542,3.942352,42.12869,18.94095,49.09369,9,5,1393263841,-1.01152,0.007034302,0.007568359,-7.696121,17.25998,-14.64515,326.5211,325.8101,25,0.02292129,0.008550878,0.05527204,-2.998154,-1.588303,0.0004658148,0.02114378,-0.02607829,0.05550354,0.007964337,-0.0188213,-0.002673797,3
2014-02-24 18:44:04.954,3003,300.3,43.61542,3.942352,42.12869,18.94095,49.09369,9,5,1393263841,-1.000412,0.004806519,0.007705688,-7.312626,16.22703,-14.2467,325.4529,324.7419,25,0.02070608,-0.02340546,0.0297547,-2.997936,-1.588412,-0.0009498422,0.007580359,-0.001250755,0.05513234,-0.01576534,0.006252307,0.000634745,3
2014-02-24 18:44:05.083,3004,300.4,43.61542,3.942352,42.12869,18.94095,49.09369,9,5,1393263841,-1.021744,0.01040649,0.02694702,-7.531765,16.1183,-13.44981,326.7915,326.0805,25,0.02562787,-0.05619669,0.03481444,-2.997823,-1.588749,-0.001708578,0.005365172,-0.03320707,0.029615,-0.01191187,0.01728862,-0.01340434,3
2014-02-24 18:44:05.166,3005,300.5,43.61554,3.942529,40.35476,18.98031,49.11499,9,5,1393263842,-1.021744,0.01040649,0.02694702,-8.024832,17.3687,-14.18978,326.3158,325.6048,25,0.02717809,-0.03725469,-0.007587346,-2.99733,-1.590415,-0.003238107,0.01183731,-0.04705371,-0.007724272,-0.01795891,0.01102887,-0.0004671784,3
2014-02-24 18:44:05.267,3006,300.6,43.61554,3.942529,40.35476,18.98031,49.11499,9,5,1393263842,-0.9984894,0.001937866,0.03019714,-8.517899,18.51037,-14.47438,327.6639,326.9529,25,0.0164104,-0.005941779,-0.05022828,-2.997238,-1.591315,-0.002679327,0.001069621,-0.01574208,-0.05036383,-0.02195785,0.00772717,0.00643036,3
2014-02-24 18:44:05.502,3007,300.7,43.61554,3.942529,40.35476,18.98031,49.11499,9,5,1393263842,-1.016586,0.01016235,0.008468628,-8.024828,17.91235,-16.12507,326.7856,326.0746,25,0.008970326,0.04386732,-0.05078568,-2.99723,-1.591706,-0.001832542,-0.006417337,0.03407189,-0.05093087,0.001290345,0.0001053256,0.009289178,3
2014-02-24 18:44:05.644,3008,300.8,43.61554,3.942529,40.35476,18.98031,49.11499,9,5,1393263842,-0.9809113,-0.01753235,0.01689148,-7.312622,18.51037,-15.72662,326.6472,325.9362,25,0.01153175,0.0143547,-0.05868489,-2.997324,-1.590718,-0.00128867,-0.003855806,0.004562754,-0.05882801,-0.01678557,0.008873684,-0.01145179,3
2014-02-24 18:44:05.749,3009,300.9,43.61554,3.942529,40.35476,18.98031,49.11499,9,5,1393263842,-1.004349,-7.629395e-05,0.0125885,-8.189188,18.18418,-15.61279,324.8466,324.1356,25,0.002527873,0.0158016,-0.01068806,-2.997471,-1.590415,9.614634e-05,-0.01285958,0.006010864,-0.0108348,0.01889629,-0.0174362,-0.002726253,3
2014-02-24 18:44:05.836,3010,301,43.61554,3.942529,40.35476,18.98031,49.11499,9,5,1393263842,-1.000305,-0.0001678467,0.01165771,-7.696117,18.45601,-14.75898,325.9126,325.2016,25,0.01697206,0.01396535,0.02935416,-2.997442,-1.589976,0.0001869291,0.001584682,0.004176153,0.02920512,0.01588355,-0.01430892,-0.009169191,3
2014-02-24 18:44:05.935,3011,301.1,43.61554,3.942529,40.35476,18.98031,49.11499,9,5,1393263842,-1.000305,-0.0001678467,0.01165771,-8.298754,17.5318,-14.47439,324.7406,324.0296,25,0.01698937,0.00715618,0.02824735,-2.99732,-1.589841,-0.0001878801,0.00418425,0.007456385,0.01160151,0.0004137214,0.0007123885,0.003340626,3
2014-02-24 18:44:06.039,3012,301.2,43.61554,3.942529,40.35476,18.98031,49.11499,9,5,1393263842,-1.016571,0.008209229,0.0133667,-8.298756,16.77069,-14.01902,325.4175,324.7065,25,0.01698937,0.00715618,0.02824735,-2.997251,-1.589083,-0.0006333577,0.00160213,-0.002629238,0.02809867,-0.01153519,0.001396061,-0.013601,3
2014-02-24 18:44:06.132,3013,301.3,43.61554,3.942529,40.35476,18.98031,49.11499,9,5,1393263842,-1.016571,0.008209229,0.0133667,-8.517899,18.18418,-15.61279,325.1296,324.4186,25,0.03189668,-0.02569737,0.01580693,-2.997129,-1.589111,-0.00129606,0.01022335,-0.0263415,0.03075951,-0.01159738,0.001755698,-0.01071444,3
2014-02-24 18:44:06.245,3014,301.4,43.61554,3.942529,40.35476,18.98031,49.11499,9,5,1393263842,-1.013535,0.004196167,0.02024841,-8.189186,18.6191,-15.49895,325.4642,324.7532,25,0.02219931,-0.01233177,-0.004359062,-2.996875,-1.589501,-0.001975231,0.01650952,-0.03548037,0.01566005,-0.01674791,0.006233999,-0.005336337,3
2014-02-24 18:44:06.387,3015,301.5,43.61554,3.942529,40.35476,18.98031,49.11499,9,5,1393263842,-0.996521,-0.003936768,0.0526886,-8.517899,17.64053,-15.38511,324.8051,324.0941,25,0.04044569,0.07971347,0.007821704,-2.996749,-1.590035,-0.00223505,0.006812196,-0.02211516,-0.004504688,-0.01372211,0.001961119,0.00101048,3
2014-02-24 18:44:06.553,3016,301.6,43.61565,3.942705,39.81887,18.94884,49.46191,9,5,1393263843,-1.015182,-0.007858276,0.006668091,-8.189192,17.96672,-14.81591,325.5248,324.8138,25,0.01589215,0.1553158,-0.01074825,-2.996441,-1.590937,-0.002059023,0.02505858,0.0699243,0.007675427,0.003274065,-0.005995789,0.03254919,3
2014-02-24 18:44:06.680,3017,301.7,43.61565,3.942705,39.81887,18.94884,49.46191,9,5,1393263843,-0.9854431,-0.008117676,0.06163025,-9.010962,17.58616,-15.78355,325.6034,324.8924,25,0.02694586,0.1644776,-0.009558618,-2.996575,-1.589226,-0.002246384,0.0005050647,0.1455247,-0.01089429,-0.006764145,0.001904009,0.01555253,3
2014-02-24 18:44:06.778,3018,301.8,43.61565,3.942705,39.81887,18.94884,49.46191,9,5,1393263843,-0.9869232,-0.004714966,-0.0242157,-9.449247,18.02108,-15.21435,327.6484,326.9374,25,-0.004544951,0.2792897,0.0629241,-2.996602,-1.586487,-0.001996605,0.01155884,0.1546877,-0.009705066,0.003292877,0.006792459,0.004710814,3
2014-02-24 18:44:06.855,3019,301.9,43.61565,3.942705,39.81887,18.94884,49.46191,9,5,1393263843,-1.022064,0.04190063,-0.02886963,-8.791824,17.80362,-15.89739,325.8095,325.0985,25,0.02256789,0.1753084,0.07358421,-2.996566,-1.583913,-0.001671199,-0.019932,0.2694904,0.0627729,0.01799425,-0.02498663,0.02524427,3
2014-02-24 18:44:06.952,3020,302,43.61565,3.942705,39.81887,18.94884,49.46191,9,5,1393263843,-0.9792786,0.0003814697,0.01483154,-7.750906,18.6191,-16.52351,325.5467,324.8357,25,0.02461507,0.09301224,-0.01474885,-2.996871,-1.579083,-0.002885947,0.007180863,0.1655137,0.07343213,0.01303828,-0.007600909,-0.03250267,3
2014-02-24 18:44:07.070,3021,302.1,43.61565,3.942705,39.81887,18.94884,49.46191,9,5,1393263843,-1.032578,0.02406311,-0.04640198,-8.408329,17.64053,-15.27127,327.0334,326.3224,25,-0.002509763,0.1573832,-0.01798406,-2.996646,-1.577252,-0.003345248,0.009228092,0.08321756,-0.01490093,-0.02209064,0.03855539,-0.03532534,3
2014-02-24 18:44:07.172,3022,302.2,43.61565,3.942705,39.81887,18.94884,49.46191,9,5,1393263843,-0.9851379,0.0491333,-0.01873779,-9.394457,16.77068,-14.36054,327.9199,327.2089,25,-0.03602085,0.1370314,0.02060514,-2.996727,-1.575264,-0.00266913,-0.01789666,0.1475872,-0.01813647,0.02070789,-0.002287657,0.01036374,3
2014-02-24 18:44:07.266,3023,302.3,43.61565,3.942705,39.81887,18.94884,49.46191,9,5,1393263843,-0.9851379,0.0491333,-0.01873779,-9.284887,16.66196,-14.13286,328.0156,327.3046,25,-0.04128113,0.2165675,0.05027942,-2.997106,-1.568781,-0.003712366,-0.05666792,0.2067715,0.05012701,0.01676049,-0.01987142,0.06080732,3
2014-02-24 18:44:07.501,3024,302.4,43.61576,3.942884,37.25855,18.87486,49.97108,9,5,1393263844,-1.011978,0.02993774,0.001556396,-9.942308,17.74926,-15.04358,329.0073,328.2963,25,0.005217399,0.08918075,-0.05009086,-2.997106,-1.568781,-0.003712366,-0.05666792,0.2067715,0.05012701,0.01676049,-0.01987142,0.06080732,3
2014-02-24 18:44:07.685,3025,302.5,43.61576,3.942884,37.25855,18.87486,49.97108,9,5,1393263844,-0.995285,-0.001251221,0.01367188,-8.791821,16.93378,-15.44203,327.6909,326.9799,25,0.01598642,-0.008924252,0.002586462,-2.9977,-1.566151,-0.005808279,0.0005998699,-0.01871877,0.002443971,-0.0120058,0.0241295,0.006201096,3
2014-02-24 18:44:07.814,3026,302.6,43.61576,3.942884,37.25855,18.87486,49.97108,9,5,1393263844,-1.015884,-0.004211426,-0.04600525,-8.846611,18.40164,-15.38511,329.3469,328.6359,25,0.01718751,0.05790538,-0.003919641,-2.997648,-1.56571,-0.005616839,0.001801013,0.04811089,-0.004062131,0.004686255,-0.00686803,0.01875826,3
2014-02-24 18:44:07.985,3027,302.7,43.61576,3.942884,37.25855,18.87486,49.97108,9,5,1393263844,-0.9742126,-0.05636597,0.04847717,-8.627468,16.98814,-14.36054,328.2008,327.4898,25,0.01154028,-0.1169722,-0.03980653,-2.997616,-1.566947,-0.004931227,-0.003846028,-0.1267606,-0.03995042,-0.008259311,0.00178266,-0.02361705,3
2014-02-24 18:44:08.111,3028,302.8,43.61576,3.942884,37.25855,18.87486,49.97108,9,5,1393263844,-1.018372,0.0148468,-0.03936768,-8.46311,16.71632,-14.75898,328.1034,327.3924,25,0.01529374,-0.03889227,-0.05930221,-2.997615,-1.568645,-0.003919275,-9.251189e-05,-0.0486807,-0.05944609,-0.03606651,-0.02319111,0.01744071,3
2014-02-24 18:44:08.323,3029,302.9,43.61576,3.942884,37.25855,18.87486,49.97108,9,5,1393263844,-1.061752,-0.1382294,-0.0953064,-9.175322,17.5318,-14.24671,329.5023,328.7913,25,0.0297555,0.03970933,0.1183815,-2.997645,-1.567054,-0.004969121,0.0143693,0.02991313,0.1182282,-0.01839093,0.009877701,-0.03562544,3
2014-02-24 18:44:08.569,3030,303,43.61587,3.943061,38.43609,18.84399,50.44797,9,5,1393263845,-1.061752,-0.1382294,-0.0953064,-9.065746,17.85799,-14.8159,328.3047,327.5938,25,-0.1695981,-0.4213496,0.3415105,-2.997479,-1.56736,-0.007385448,-0.008481009,-0.1721232,0.3874335,0.07339212,-0.09745801,-0.04968007,3
2014-02-24 18:44:08.684,3031,303.1,43.61587,3.943061,38.43609,18.84399,50.44797,9,5,1393263845,-1.002319,-0.1387634,-0.122879,-8.298756,17.74926,-14.2467,328.4015,327.6905,25,-0.8515777,-0.5950034,0.4011751,-2.998983,-1.573785,-0.01349804,-0.1849843,-0.4311374,0.3413413,-0.06184788,-0.151727,-0.09829524,3
2014-02-24 18:44:08.783,3032,303.2,43.61587,3.943061,38.43609,18.84399,50.44797,9,5,1393263845,-0.9454956,0.5338745,0.08538818,-7.915258,17.47743,-14.18978,328.3773,327.6663,25,0.1155234,-1.783167,0.1369959,-3.010548,-1.582581,-0.02021766,-0.8669639,-0.6047912,0.401006,-0.002593134,-0.1589797,-0.1346613,3
2014-02-24 18:44:08.885,3033,303.3,43.61587,3.943061,38.43609,18.84399,50.44797,9,5,1393263845,-1.111328,0.3669891,0.3587952,-8.846609,16.98815,-13.6775,327.8894,327.1784,25,0.9418253,-0.6656683,0.04252456,-3.018653,-1.609116,-0.02482616,0.1001372,-1.792955,0.1368268,0.05216536,0.319903,-0.3113697,3
2014-02-24 18:44:09.089,3034,303.4,43.61587,3.943061,38.43609,18.84399,50.44797,9,5,1393263845,-1.048752,-0.3552246,-0.3988342,-9.942312,17.64053,-13.90519,329.6232,328.9122,25,0.225235,0.755868,0.334987,-2.990925,-1.625771,-0.02794564,0.7409962,0.9089252,0.06030459,-0.05890744,-0.01854259,0.1364347,3
2014-02-24 18:44:09.278,3035,303.5,43.61587,3.943061,38.43609,18.84399,50.44797,9,5,1393263845,-1.129929,0.138382,-0.1273956,-10.27102,18.40164,-14.92975,329.9471,329.2361,25,0.7546197,-0.9439819,0.7132867,-2.979021,-1.622084,-0.04114519,0.2867753,-1.574665,0.6092516,-0.05091197,-0.3963582,-0.4500556,3
2014-02-24 18:44:09.527,3036,303.6,43.61598,3.943251,34.92231,19.1929,51.37861,9,5,1393263846,-1.039597,0.06520081,-0.03413391,-8.846609,17.5318,-13.56366,330.3297,329.6187,25,1.23408,-1.003411,0.4732933,-2.969911,-1.64299,-0.05548181,0.7392339,-0.9537694,0.7131175,-0.1632124,0.1060304,-0.269148,3
2014-02-24 18:44:09.634,3037,303.7,43.61598,3.943251,34.92231,19.1929,51.37861,9,5,1393263846,-1.039597,0.06520081,-0.03413391,-8.846611,17.5318,-14.47439,328.9789,328.2679,25,1.597654,-1.423434,0.4668077,-2.924869,-1.684079,-0.07840519,1.582268,-1.433221,0.4666385,-0.07534951,-0.04461823,-0.3078075,3
2014-02-24 18:44:09.750,3038,303.8,43.61598,3.943251,34.92231,19.1929,51.37861,9,5,1393263846,-0.9885101,0.1774445,0.05340576,-8.408329,16.98814,-13.22214,330.2914,329.5804,25,1.818186,-1.46947,0.5925515,-2.894378,-1.707519,-0.09217357,1.802801,-1.479258,0.5923823,-0.03459444,0.04646092,-0.1857823,3
2014-02-24 18:44:09.860,3039,303.9,43.61598,3.943251,34.92231,19.1929,51.37861,9,5,1393263846,-1.025131,0.2636566,0.1342773,-11.42151,17.58616,-13.84826,331.6065,330.8955,25,1.914279,-1.424692,0.5719216,-2.861273,-1.731202,-0.1084004,1.898894,-1.434479,0.5717524,-0.03628607,0.1480068,-0.06629765,3
2014-02-24 18:44:09.962,3040,304,43.61598,3.943251,34.92231,19.1929,51.37861,9,5,1393263846,-1.055786,0.2453766,0.2705994,-9.887522,16.93378,-13.84827,330.9378,330.2268,25,1.84064,-1.442506,0.3989413,-2.828187,-1.754676,-0.1235464,1.825254,-1.452294,0.3987721,-0.04948314,0.1404243,-0.04717404,3
2014-02-24 18:44:10.057,3041,304.1,43.61598,3.943251,34.92231,19.1929,51.37861,9,5,1393263846,-1.007629,0.2609558,0.3675995,-10.05188,17.42307,-13.1083,333.6576,332.9466,25,1.564242,-1.535816,0.05113056,-2.798277,-1.778265,-0.1326701,1.548856,-1.545603,0.05096143,-0.08583008,0.1130953,0.06642566,3
2014-02-24 18:44:10.151,3042,304.2,43.61598,3.943251,34.92231,19.1929,51.37861,9,5,1393263846,-0.934906,0.1330566,0.4259491,-9.887526,18.12982,-13.27906,333.8192,333.1082,25,1.058045,-1.704701,-0.1714548,-2.774941,-1.806224,-0.135361,1.042659,-1.714488,-0.171624,-0.04410971,0.1260078,0.1364743,3
2014-02-24 18:44:10.278,3043,304.3,43.61598,3.943251,34.92231,19.1929,51.37861,9,5,1393263846,-0.9263306,0.2153168,0.5142059,-9.558815,18.34728,-13.62059,333.3611,332.6501,25,0.4526825,-1.869029,-0.153377,-2.761745,-1.838167,-0.1358599,0.4372971,-1.878816,-0.1535462,0.005859231,0.08066788,0.1507289,3
2014-02-24 18:44:10.504,3044,304.4,43.61598,3.943251,34.92231,19.1929,51.37861,9,5,1393263846,-1.181381,0.2268524,0.6311188,-8.46311,17.69489,-13.05138,331.5839,330.8729,25,0.02428963,-2.096301,-0.09779155,-2.759214,-1.876192,-0.1349871,0.008904281,-2.106088,-0.09796067,-0.01188754,-0.01475028,0.1619954,3
2014-02-24 18:44:10.684,3045,304.5,43.61609,3.943456,31.73079,19.39155,52.46647,9,5,1393263847,-1.781693,1.351212,-1.08699,-9.613598,18.6191,-14.2467,333.506,332.795,25,2.564632,-5.538525,3.702418,-2.777301,-1.951555,-0.1462854,0.8539731,0.1196641,2.032874,-0.2629139,0.0810882,0.2634632,3
2014-02-24 18:44:10.782,3046,304.6,43.61609,3.943456,31.73079,19.39155,52.46647,9,5,1393263847,-2.006546,1.257156,0.9261017,-9.394457,17.74926,-14.13286,333.2626,332.5516,25,2.026653,-4.452255,3.566991,-2.775629,-1.961366,-0.2173649,2.549247,-5.548312,3.702249,-0.8787591,1.135554,-1.458747,3
2014-02-24 18:44:10.910,3047,304.7,43.61609,3.943456,31.73079,19.39155,52.46647,9,5,1393263847,-1.578781,0.9266815,1.24852,-9.723171,18.29291,-13.90518,330.8733,330.1623,25,1.109106,-4.13401,2.858246,-2.768957,-2.050352,-0.2943228,2.011268,-4.462042,3.566822,-1.157497,0.9670646,0.4845567,3
2014-02-24 18:44:11.113,3048,304.8,43.61609,3.943456,31.73079,19.39155,52.46647,9,5,1393263847,-1.191223,0.4786987,0.6593933,-10.38059,17.74926,-11.51453,335.7713,335.0603,25,-3.896113,-2.208941,-1.910436,-2.801237,-2.214194,-0.3850173,-1.524602,-3.023911,0.9872559,-0.7911628,0.09517375,0.2877514,3
2014-02-24 18:44:11.313,3049,304.9,43.61609,3.943456,31.73079,19.39155,52.46647,9,5,1393263847,-0.3509979,0.5197601,0.2494202,-10.27102,18.51037,-12.65294,333.433,332.722,25,-7.725887,0.2455927,-4.668153,-2.872749,-2.314383,-0.2253386,-6.213373,-1.045745,-3.966601,-0.4737858,0.2552623,-0.0004246812,3
2014-02-24 18:44:11.548,3050,305,43.61609,3.943456,31.73079,19.39155,52.46647,9,5,1393263847,-0.5026093,0.2984772,-0.1895905,-8.791824,18.45601,-12.2545,332.7922,332.0812,25,-7.522351,0.6809535,-3.428126,-2.915058,-2.323881,-0.0710153,-7.741272,0.2358059,-4.668323,0.1664185,0.4490944,-0.2177068,3
2014-02-24 18:44:11.638,3051,305.1,43.61609,3.943456,31.73079,19.39155,52.46647,9,5,1393263847,-0.5252686,0.06632996,0.05859375,-8.408329,18.29291,-11.74221,333.4513,332.7403,25,-5.890034,-1.141482,-1.862582,-2.969825,-2.311654,0.08333433,-7.537735,0.6711667,-3.428295,0.3843314,0.602998,-0.4231586,3
2014-02-24 18:44:11.764,3052,305.2,43.61619,3.943662,29.97118,19.53484,54.16722,9,5,1393263848,-0.5252686,0.06632996,0.05859375,-8.463114,18.56473,-11.91297,333.2379,332.5269,25,-4.335413,-1.776974,-0.7598411,-3.084851,-2.331613,0.2771755,-4.350798,-1.786761,-0.7600102,0.1459704,0.4490704,-0.7695035,3
2014-02-24 18:44:11.863,3053,305.3,43.61619,3.943662,29.97118,19.53484,54.16722,9,5,1393263848,-0.4492188,-0.1918488,-0.09075928,-7.915258,17.91235,-10.77457,332.9545,332.2435,25,-3.045644,-1.22435,0.3498749,-3.084851,-2.331613,0.2771755,-4.350798,-1.786761,-0.7600102,0.1459704,0.4490704,-0.7695035,3
2014-02-24 18:44:11.962,3054,305.4,43.61619,3.943662,29.97118,19.53484,54.16722,9,5,1393263848,-0.4492188,-0.1918488,-0.09075928,-8.572683,17.91235,-11.45761,332.9059,332.1949,25,-2.399154,-1.380273,0.9242178,3.102728,-2.353024,0.3468597,-2.414582,-1.390053,0.9240425,0.2377937,0.167354,-0.7886464,3
2014-02-24 18:44:12.037,3055,305.5,43.61619,3.943662,29.97118,19.53484,54.16722,9,5,1393263848,-0.6638794,-0.09947205,-0.1231689,-8.463114,17.91235,-11.34377,333.2267,332.5157,25,-1.950952,-0.5540315,0.914594,3.059566,-2.35427,0.3622935,-1.966379,-0.5638116,0.9144186,0.2132587,0.162571,-0.7506912,3
2014-02-24 18:44:12.150,3056,305.6,43.61619,3.943662,29.97118,19.53484,54.16722,9,5,1393263848,-0.6969452,-0.09196472,-0.1538391,-7.860474,18.29291,-11.28685,333.6047,332.8937,25,-0.4203693,0.3101214,0.3507324,3.025325,-2.344079,0.3738461,-1.424909,0.1273895,0.6524441,0.002314189,0.2657265,-0.773412,3
2014-02-24 18:44:12.252,3057,305.7,43.61619,3.943662,29.97118,19.53484,54.16722,9,5,1393263848,-0.6765442,-0.2478943,-0.1319733,-6.764772,18.72783,-11.40069,333.0817,332.3707,25,0.94233,-0.09989624,0.3502275,3.006801,-2.331916,0.3785878,-0.4357969,0.3003414,0.3505572,-0.02415361,0.2776439,-0.7947298,3
2014-02-24 18:44:12.478,3058,305.8,43.61619,3.943662,29.97118,19.53484,54.16722,9,5,1393263848,-0.6428223,-0.2657776,-0.01731873,-6.545635,19.16275,-11.51453,332.7871,332.0761,25,1.933481,-0.4097438,0.477737,3.008102,-2.331233,0.3693818,0.9269025,-0.1096762,0.3500522,-0.005440877,0.2367256,-0.8059116,3
2014-02-24 18:44:12.585,3059,305.9,43.61619,3.943662,29.97118,19.53484,54.16722,9,5,1393263848,-0.6552734,-0.2143097,0.1625671,-7.531763,18.83656,-10.94533,332.2151,331.5041,25,2.388669,-0.06765547,0.4388849,3.024854,-2.343026,0.3427922,1.918054,-0.4195238,0.4775617,0.02019879,0.07505556,-0.7468313,3
2014-02-24 18:44:12.810,3060,306,43.61628,3.943871,29.18758,19.56204,56.60199,9,5,1393263849,-0.4577789,-0.4643097,0.2798157,-9.887526,19.32585,-11.79914,332.7802,332.0692,25,2.280632,1.321116,-0.4109588,3.080084,-2.357012,0.2724693,2.434651,0.695055,0.03173073,0.02519053,0.05480077,-0.5190107,3
2014-02-24 18:44:13.005,3061,306.1,43.61628,3.943871,29.18758,19.56204,56.60199,9,5,1393263849,-0.3138275,-0.6171875,0.2816315,-10.05188,19.27148,-11.51453,333.7643,333.0533,25,1.764468,1.741998,-0.8599401,-3.09479,-2.300906,0.2136179,1.749041,1.732218,-0.8601153,0.414338,-0.4051905,-0.3701602,3
2014-02-24 18:44:13.182,3062,306.2,43.61628,3.943871,29.18758,19.56204,56.60199,9,5,1393263849,-0.2531281,-0.740921,0.4627228,-10.27102,18.83657,-11.28685,334.7812,334.0702,25,0.9426325,2.533706,-0.8474067,-3.035658,-2.234441,0.206625,0.9272055,2.523926,-0.8475819,0.5181733,-0.5380367,-0.176238,3
2014-02-24 18:44:13.364,3063,306.3,43.61628,3.943871,29.18758,19.56204,56.60199,9,5,1393263849,-0.1985321,-0.7912903,0.4286041,-10.76408,19.21712,-10.09153,340.1056,339.3946,25,0.4905407,2.901947,-0.9949431,-3.015226,-2.18835,0.2134088,0.4751137,2.892167,-0.9951184,0.5645483,-0.5293726,-0.07173528,3
2014-02-24 18:44:13.563,3064,306.4,43.61628,3.943871,29.18758,19.56204,56.60199,9,5,1393263849,-0.2997742,-0.6252441,0.4515686,-11.03801,19.27148,-10.37613,339.5557,338.8447,25,0.1860109,2.899055,-0.9215879,-2.999829,-2.136763,0.2259734,0.170584,2.889275,-0.9217632,0.6240791,-0.5672352,-0.09399521,3
2014-02-24 18:44:13.651,3065,306.5,43.61628,3.943871,29.18758,19.56204,56.60199,9,5,1393263849,-0.4126282,-0.6585846,0.1832581,-11.31194,19.76077,-10.88841,339.6971,338.9861,25,-0.2316479,3.585769,-0.9628028,-2.993866,-2.08064,0.2415826,-0.2470747,3.575989,-0.962978,0.5477006,-0.3860045,-0.02229946,3
2014-02-24 18:44:13.761,3066,306.6,43.61628,3.943871,29.18758,19.56204,56.60199,9,5,1393263849,-0.4088287,-0.6486206,0.3295441,-11.58587,19.38022,-10.14845,341.5325,340.8215,25,0.3161132,2.890037,-1.183026,-2.982047,-2.025623,0.2593121,0.3006864,2.880257,-1.183202,0.4556745,-0.4021689,-0.2413611,3
2014-02-24 18:44:13.899,3067,306.7,43.61636,3.94408,28.56689,19.33276,59.86431,9,5,1393263850,-0.4036255,-0.593277,0.4120789,-10.49016,19.92387,-9.123882,343.0044,342.2934,25,0.9937106,2.339742,-1.199301,-2.959487,-1.983911,0.2747422,0.9782839,2.329962,-1.199477,0.478159,-0.4306055,-0.09446087,3
2014-02-24 18:44:13.997,3068,306.8,43.61636,3.94408,28.56689,19.33276,59.86431,9,5,1393263850,-0.5645599,-0.598175,0.4746399,-11.03801,19.70641,-9.237724,343.2056,342.4946,25,1.381276,2.031534,-0.9943154,-2.928189,-1.95327,0.2841342,1.365849,2.021755,-0.9944907,0.5017673,-0.4223865,0.003121407,3
2014-02-24 18:44:14.086,3069,306.9,43.61636,3.94408,28.56689,19.33276,59.86431,9,5,1393263850,-0.748764,-0.4989777,0.5137024,-11.58586,19.70641,-8.668522,343.4348,342.7238,25,1.516217,1.95616,-0.6274471,-2.896675,-1.925986,0.2877941,1.500791,1.94638,-0.6276224,0.4441556,-0.3648744,0.1174473,3
2014-02-24 18:44:14.213,3070,307,43.61636,3.94408,28.56689,19.33276,59.86431,9,5,1393263850,-0.748764,-0.4989777,0.5137024,-10.87366,19.76077,-8.839287,343.4975,342.7865,25,2.200821,1.560407,-0.3166933,-2.862351,-1.900157,0.2830257,1.962778,1.813789,-0.2183417,0.2593105,-0.265919,0.1939004,3
2014-02-24 18:44:14.542,3071,307.1,43.61636,3.94408,28.56689,19.33276,59.86431,9,5,1393263850,-0.9894714,-0.1385803,0.7657623,-9.50403,20.14133,-8.78236,342.7165,342.0055,25,1.671669,1.119156,-0.7022487,-2.781056,-1.867072,0.2725762,1.900411,1.301001,-0.6444663,0.0008926163,-0.03971608,0.4583515,3
2014-02-24 18:44:14.669,3072,307.2,43.61636,3.94408,28.56689,19.33276,59.86431,9,5,1393263850,-0.9060516,-0.2058868,0.8228302,-10.65452,20.63062,-9.863846,341.4302,340.7192,25,1.564122,0.7407846,-0.4321205,-2.744934,-1.854549,0.275884,1.656242,1.109377,-0.7024239,-0.06576291,0.1338173,0.4963887,3
2014-02-24 18:44:14.782,3073,307.3,43.61636,3.94408,28.56689,19.33276,59.86431,9,5,1393263850,-0.9381409,-0.01792908,0.3655853,-11.03801,20.14133,-9.579247,342.0798,341.3688,25,0.9295015,1.608791,0.1551158,-2.71244,-1.847153,0.2777049,1.548695,0.7310054,-0.4322958,-0.02371681,0.1099036,0.5293797,3
2014-02-24 18:44:14.877,3074,307.4,43.61636,3.94408,28.56689,19.33276,59.86431,9,5,1393263850,-1.063522,0.02388,0.7900238,-10.59973,19.92387,-8.782364,343.2149,342.5039,25,0.4928315,0.5548813,0.5987761,-2.68904,-1.829782,0.2732911,0.9140753,1.599012,0.1549406,0.01360037,-0.08779472,0.9302685,3
2014-02-24 18:44:14.972,3075,307.5,43.61643,3.944297,27.13794,19.3553,63.23582,9,5,1393263851,-2.049789,0.3581543,0.506012,-11.69544,19.59768,-8.440842,343.5128,342.8018,25,-1.050259,2.421586,1.22854,-2.678177,-1.826149,0.2626128,0.4774053,0.5451022,0.5986009,0.06382597,0.1346505,0.7045137,3
2014-02-24 18:44:15.096,3076,307.6,43.61643,3.944297,27.13794,19.3553,63.23582,9,5,1393263851,-2.039169,0.1384735,-0.3124847,-12.95549,20.52188,-8.725449,345.6048,344.8938,25,-0.7085244,3.180456,0.5487071,-2.695306,-1.784613,0.2467339,-1.065685,2.411806,1.228365,-0.1158891,0.2681181,0.5842593,3
2014-02-24 18:44:15.181,3077,307.7,43.61643,3.944297,27.13794,19.3553,63.23582,9,5,1393263851,-1.162537,-0.6294098,0.234848,-12.46243,20.46752,-8.099323,347.6712,346.9602,25,2.814328,3.740344,-2.711137,-2.717434,-1.735758,0.2283661,-0.7239505,3.170677,0.5485318,-1.088975,0.5845407,0.3460611,3
2014-02-24 18:44:15.310,3078,307.8,43.61643,3.944297,27.13794,19.3553,63.23582,9,5,1393263851,-1.087296,-0.6895447,0.2927246,-12.07893,20.63062,-8.156242,346.8388,346.1278,25,3.697856,1.329766,-0.9781175,-2.689393,-1.663331,0.2621839,2.798903,3.730565,-2.711312,-1.077475,0.397664,-0.4017292,3
2014-02-24 18:44:15.549,3079,307.9,43.61643,3.944297,27.13794,19.3553,63.23582,9,5,1393263851,-1.087296,-0.6895447,0.2927246,-12.1885,20.08697,-8.0424,347.7213,347.0103,25,2.238243,0.1760874,0.5910846,-2.558401,-1.651448,0.285677,2.222817,0.1663084,0.5909094,-0.06174465,-0.42292,0.1275811,3
2014-02-24 18:44:15.654,3080,308,43.61643,3.944297,27.13794,19.3553,63.23582,9,5,1393263851,-1.190262,-0.1568451,-0.0322876,-10.65452,19.54331,-6.903996,348.7931,348.0821,25,0.6676473,0.9467828,0.6810941,-2.558401,-1.651448,0.285677,2.222817,0.1663084,0.5909094,-0.06174465,-0.42292,0.1275811,3
2014-02-24 18:44:15.730,3081,308.1,43.61643,3.944297,27.13794,19.3553,63.23582,9,5,1393263851,-1.190262,-0.1568451,-0.0322876,-11.69544,20.03259,-7.416275,348.7321,348.0211,25,0.86358,0.6148741,0.08910404,-2.526161,-1.62714,0.2630822,0.8481542,0.6050951,0.08892879,-0.3447008,0.2541833,-0.1349575,3
2014-02-24 18:44:15.838,3082,308.2,43.61643,3.944297,27.13794,19.3553,63.23582,9,5,1393263851,-1.098663,0.009674072,-0.3113861,-12.07893,20.84807,-7.35936,349.2269,348.5159,25,0.9372863,-0.108714,0.6705232,-2.509059,-1.62942,0.2539478,0.9218605,-0.1184928,0.670348,-0.2239965,0.094382,-0.088999,3
2014-02-24 18:44:15.989,3083,308.3,43.61649,3.944515,26.63309,18.91372,66.16247,9,5,1393263852,-0.9499207,-0.04832458,-0.00692749,-11.91458,21.01117,-7.07476,349.7054,348.9944,25,1.474752,-1.098178,1.006775,-2.487495,-1.646934,0.2356983,1.459326,-1.107957,1.006599,-0.1291288,0.2431961,-0.3853476,3
2014-02-24 18:44:16.093,3084,308.4,43.61649,3.944515,26.63309,18.91372,66.16247,9,5,1393263852,-1.025177,0.01959229,-0.2306366,-11.42151,20.73935,-6.334793,350.0279,349.3169,25,1.821228,-0.5979406,1.148339,-2.456417,-1.668703,0.2124552,1.805802,-0.6077194,1.148164,0.02291418,0.1625359,-0.1024797,3
2014-02-24 18:44:16.198,3085,308.5,43.61649,3.944515,26.63309,18.91372,66.16247,9,5,1393263852,-1.253616,-0.07725525,0.01513672,-11.85979,20.52189,-5.993271,350.4884,349.7774,25,2.477436,-0.08462115,1.636473,-2.41795,-1.682405,0.1814417,2.46201,-0.09439994,1.636297,0.1286948,0.09692118,-0.2583826,3
2014-02-24 18:44:16.287,3086,308.6,43.61649,3.944515,26.63309,18.91372,66.16247,9,5,1393263852,-1.401489,0.0561676,0.348938,-12.29807,20.52189,-6.107113,350.3987,349.6877,25,2.582983,-0.3712361,1.410355,-2.372008,-1.692447,0.1463475,2.567558,-0.3810149,1.410179,-0.2065081,0.1531498,-0.2091041,3
2014-02-24 18:44:16.542,3087,308.7,43.61649,3.944515,26.63309,18.91372,66.16247,9,5,1393263852,-1.401489,0.0561676,0.348938,-12.40764,21.39173,-6.790157,348.6442,347.9332,25,0.5673851,-1.287347,0.3335796,-2.335684,-1.717025,0.1243092,1.662901,-1.37651,0.6768402,-0.2737386,0.02906438,0.04233657,3
2014-02-24 18:44:16.641,3088,308.8,43.61654,3.944737,25.45335,18.8434,69.29434,9,5,1393263853,-0.615509,0.5190887,0.03178406,-11.85979,21.39173,-6.334793,348.2537,347.5427,25,0.5673851,-1.287347,0.3335796,-2.321055,-1.745409,0.1137236,0.5519597,-1.297125,0.3334043,-0.4230567,0.1696462,0.1763334,3
2014-02-24 18:44:16.745,3089,308.9,43.61654,3.944737,25.45335,18.8434,69.29434,9,5,1393263853,-0.615509,0.5190887,0.03178406,-10.87366,21.93539,-5.993271,348.9648,348.2538,25,2.289372,-0.758921,-0.8703754,-2.30519,-1.751493,0.1032204,1.258321,0.1721701,0.4091404,-0.4209006,0.2957099,0.1545699,3
2014-02-24 18:44:16.822,3090,309,43.61654,3.944737,25.45335,18.8434,69.29434,9,5,1393263853,-0.9621277,-0.3698425,0.4644623,-11.0928,21.50046,-6.334789,348.8522,348.1412,25,1.709032,0.491028,-0.05406989,-2.267868,-1.76207,0.1054899,2.273947,-0.7686996,-0.8705506,0.3607964,0.6243831,-0.1572685,3
2014-02-24 18:44:16.922,3091,309.1,43.61654,3.944737,25.45335,18.8434,69.29434,9,5,1393263853,-1.133377,-0.1528015,0.2872772,-11.85979,21.06554,-5.310234,351.2034,350.4924,25,1.67787,0.737073,0.4136457,-2.227784,-1.763883,0.1053188,1.693606,0.4812495,-0.05424514,0.01385101,-0.2647183,0.2736365,3
2014-02-24 18:44:17.043,3092,309.2,43.61654,3.944737,25.45335,18.8434,69.29434,9,5,1393263853,-1.02951,-0.05201721,0.4740143,-12.62678,20.41316,-3.830311,351.5853,350.8743,25,1.542592,0.7938481,0.6992028,-2.198195,-1.754173,0.09511951,1.662445,0.7272944,0.4134704,-0.1249861,-0.1897529,0.02609995,3
2014-02-24 18:44:17.144,3093,309.3,43.61654,3.944737,25.45335,18.8434,69.29434,9,5,1393263853,-0.8574524,0.06776428,0.4673309,-13.01028,20.79372,-5.367153,351.6788,350.9678,25,1.463208,1.371206,0.6892863,-2.172145,-1.743333,0.07920038,1.527167,0.7840696,0.6990276,-0.08928589,-0.07969587,0.1676011,3
2014-02-24 18:44:17.255,3094,309.4,43.61654,3.944737,25.45335,18.8434,69.29434,9,5,1393263853,-0.825058,-0.1498718,0.405899,-12.90071,20.25006,-5.822514,352.7318,352.0208,25,1.14882,1.65224,0.4172284,-2.146789,-1.724184,0.06114483,1.447783,1.361427,0.6891111,0.03965024,0.1151839,0.3529001,3
2014-02-24 18:44:17.398,3095,309.5,43.61654,3.944737,25.45335,18.8434,69.29434,9,5,1393263853,-1.0849,-0.1140594,0.4114075,-13.17464,20.73935,-6.107117,352.7783,352.0673,25,1.521655,1.50811,0.7448209,-2.124403,-1.696156,0.04909864,1.133395,1.642461,0.4170532,0.1335048,0.1168432,0.3424503,3
2014-02-24 18:44:17.574,3096,309.6,43.61655,3.944968,23.7101,18.31568,81.84859,9,10,1393263854,-0.9332123,-0.01795959,0.3753815,-13.72249,21.71792,-4.968708,356.2467,355.5357,25,1.961173,1.400725,1.493841,-2.101338,-1.667951,0.03552707,1.50623,1.498332,0.7446457,0.1695981,-0.1143522,0.308958,3
2014-02-24 18:44:17.676,3097,309.7,43.61655,3.944968,23.7101,18.31568,81.84859,9,10,1393263854,-1.064102,0.1111298,0.3066101,-13.61292,21.39173,-4.968708,356.7783,356.0673,25,1.970537,1.747758,1.652433,-2.069773,-1.642629,0.01055691,1.945749,1.390947,1.493666,-0.08753432,-0.1035027,0.3396409,3
2014-02-24 18:44:17.765,3098,309.8,43.61655,3.944968,23.7101,18.31568,81.84859,9,10,1393263854,-1.094498,0.004730225,0.2572937,-13.55813,20.90244,-5.480991,355.4488,354.7378,25,2.277099,1.788367,1.474323,-2.034669,-1.611553,-0.02264897,1.955074,1.737985,1.652253,0.06570103,-0.04060663,0.3346468,3
2014-02-24 18:44:17.893,3099,309.9,43.61655,3.944968,23.7101,18.31568,81.84859,9,10,1393263854,-1.094498,0.004730225,0.2572937,-13.77727,21.22863,-4.684105,0.6824989,359.9715,25,2.714559,2.206579,1.33367,-1.94812,-1.536914,-0.07699125,2.699096,2.196806,1.333491,-0.1102851,0.01417976,0.3331988,3
2014-02-24 18:44:17.968,3100,310,43.61655,3.944968,23.7101,18.31568,81.84859,9,10,1393263854,-1.041473,-0.07836914,-0.03015137,-13.61292,20.63062,-4.85487,0.2163124,359.5053,25,2.855987,2.190846,1.498244,-1.894438,-1.490153,-0.1007048,2.840524,2.181073,1.498065,-0.08393769,-0.1429083,0.2297294,3
2014-02-24 18:44:18.072,3101,310.1,43.61655,3.944968,23.7101,18.31568,81.84859,9,10,1393263854,-1.109436,-0.1162109,-0.09501648,-14.0512,20.84808,-5.651752,356.9908,356.2798,25,2.846306,1.806923,1.688422,-1.838034,-1.448359,-0.1249082,2.830843,1.79715,1.688243,-0.05669205,-0.2029528,0.09102875,3
2014-02-24 18:44:18.201,3102,310.2,43.61655,3.944968,23.7101,18.31568,81.84859,9,10,1393263854,-1.091095,-0.0007476807,-0.2107697,-14.16077,20.95681,-5.424072,356.6592,355.9482,25,2.553399,1.649779,2.021478,-1.783937,-1.409366,-0.1527239,2.537936,1.640006,2.021298,-0.1339259,-0.2683418,0.06384245,3
2014-02-24 18:44:18.631,3103,310.3,43.61655,3.944968,23.7101,18.31568,81.84859,9,10,1393263854,-1.070572,0.03050232,-0.2351379,-13.44856,21.33736,-4.911789,357.4525,356.7415,25,2.525793,1.205275,2.307097,-1.729241,-1.373785,-0.1854592,2.51033,1.195502,2.306917,-0.1272557,-0.1851456,-0.01838663,3
2014-02-24 18:44:18.883,3104,310.4,43.61657,3.945199,25.29691,17.80441,82.49734,9,5,1393263855,-1.093491,0.1421814,-0.1806335,-18.05051,19.27148,-5.708672,357.6888,356.9778,25,2.448393,0.8197391,2.502506,-1.673951,-1.345232,-0.2198655,2.43293,0.8099661,2.502326,-0.1016824,-0.1826674,0.0262104,3
2014-02-24 18:44:19.024,3105,310.5,43.61657,3.945199,25.29691,17.80441,82.49734,9,5,1393263855,-0.8577881,0.2884369,-0.331131,-14.54426,20.68498,-4.342587,359.7594,359.0484,25,2.460439,0.9117827,2.520493,-1.61692,-1.31621,-0.2551559,2.444977,0.9020097,2.520313,-0.108197,-0.1802832,0.0446256,3
2014-02-24 18:44:19.145,3106,310.6,43.61657,3.945199,25.29691,17.80441,82.49734,9,5,1393263855,-0.828949,0.2197266,-0.361496,-13.55813,21.44609,-3.318024,359.4145,358.7035,25,2.763264,1.31685,2.140534,-1.557641,-1.277522,-0.2830661,2.747802,1.307077,2.140355,-0.05131471,0.01191298,-0.01974936,3
2014-02-24 18:44:19.254,3107,310.7,43.61657,3.945199,25.29691,17.80441,82.49734,9,5,1393263855,-0.828949,0.2197266,-0.361496,-13.61292,21.06554,-3.602623,359.497,358.786,25,3.546373,1.27144,2.086325,-1.490845,-1.239006,-0.3030208,3.051683,0.9867558,2.04434,0.120082,-0.06157304,-0.02581986,3
2014-02-24 18:44:19.388,3108,310.8,43.61657,3.945199,25.29691,17.80441,82.49734,9,5,1393263855,-0.64328,0.0683136,-0.4431,-14.10598,20.46752,-3.545704,0.2370033,359.526,25,3.546373,1.27144,2.086325,-1.416206,-1.196144,-0.3172437,3.530911,1.261667,2.086146,0.05524635,-0.09222246,-0.0138087,3
2014-02-24 18:44:19.564,3109,310.9,43.61657,3.945199,25.29691,17.80441,82.49734,9,5,1393263855,-0.64328,0.0683136,-0.4431,-14.0512,21.71792,-2.691902,1.818699,1.107697,25,3.376895,2.433956,2.628232,-1.330782,-1.131456,-0.3286479,3.790224,2.408728,2.408258,0.1220366,-0.2817479,0.1770837,3
2014-02-24 18:44:19.662,3110,311,43.61657,3.945199,25.29691,17.80441,82.49734,9,5,1393263855,-0.8139648,0.4760284,-0.8782043,-12.95549,21.93538,-3.488785,1.272229,0.5612267,25,1.776951,0.115366,1.949223,-1.243964,-1.054992,-0.3408697,3.361433,2.424183,2.628052,0.1765662,-0.2659933,0.02175594,3
2014-02-24 18:44:19.785,3111,311.1,43.61657,3.945419,22.70074,17.23057,84.06752,9,5,1393263856,-0.650589,0.3555908,-0.8861389,-13.50335,23.02269,-3.147266,0.4163551,359.7054,25,1.982672,0.0201865,1.328035,-1.177811,-1.005539,-0.3537938,1.761488,0.1055935,1.949044,-0.04761745,-0.1901786,0.02717766,3
2014-02-24 18:44:19.897,3112,311.2,43.61657,3.945419,22.70074,17.23057,84.06752,9,5,1393263856,-0.5650787,0.4160309,-0.817337,-11.96936,22.3703,-3.033421,358.863,358.152,25,1.786428,-0.1985687,0.5223607,-1.139575,-0.9972311,-0.3636751,1.96721,0.01041402,1.327856,0.2351684,0.3067948,-0.1167767,3
2014-02-24 18:44:20.037,3113,311.3,43.61657,3.945419,22.70074,17.23057,84.06752,9,5,1393263856,-0.5181274,0.2124023,-0.1374207,-11.96936,22.37031,-2.1227,358.9807,358.2697,25,1.189212,-0.1906179,-0.03598703,-1.095463,-0.9841802,-0.3545916,1.770965,-0.2083412,0.5221813,0.2241533,0.1250826,-0.2195384,3
2014-02-24 18:44:20.133,3114,311.4,43.61657,3.945419,22.70074,17.23057,84.06752,9,5,1393263856,-0.6454163,0.320282,-0.5093384,-11.85979,22.04412,-1.89502,1.729588,1.018585,25,0.3697035,1.725687,0.4301434,-1.072967,-0.9838574,-0.3434332,1.17375,-0.2003903,-0.03616646,0.2189384,0.07930909,-0.2958626,3
2014-02-24 18:44:20.270,3115,311.5,43.61657,3.945419,22.70074,17.23057,84.06752,9,5,1393263856,-0.4998322,0.4477997,-0.7738953,-14.10598,21.98975,-1.155056,6.03011,5.319108,25,-0.1870277,1.070106,1.051767,-1.055035,-0.95358,-0.3391511,0.3542415,1.715914,0.4299639,0.2509128,-0.1202843,0.4083786,3
2014-02-24 18:44:20.489,3116,311.6,43.61657,3.945419,22.70074,17.23057,84.06752,9,5,1393263856,-0.4998322,0.4477997,-0.7738953,-13.94163,22.80523,-2.35038,2.820358,2.109356,25,1.9352,0.02594558,0.9591678,-1.012347,-0.899301,-0.3517887,1.919738,0.0161733,0.9589884,0.2351141,0.1032222,-0.1898401,3
2014-02-24 18:44:20.592,3117,311.7,43.61657,3.945419,22.70074,17.23057,84.06752,9,5,1393263856,-0.5810852,0.3733521,-0.8367004,-14.10598,22.75086,-1.724255,4.138724,3.427722,25,1.553158,-0.1587604,0.906857,-1.012347,-0.899301,-0.3517887,1.919738,0.0161733,0.9589884,0.2351141,0.1032222,-0.1898401,3
2014-02-24 18:44:20.669,3118,311.8,43.61657,3.945642,22.38219,16.35766,86.48519,9,5,1393263857,-0.5810852,0.3733521,-0.8367004,-13.11985,22.31594,-1.610424,4.927821,4.216819,25,1.207268,-1.217516,1.081622,-0.9413493,-0.8921731,-0.344116,1.191806,-1.227288,1.081442,0.1404091,-0.1089711,-0.3199523,3
2014-02-24 18:44:20.820,3119,311.9,43.61657,3.945642,22.38219,16.35766,86.48519,9,5,1393263857,-0.5543213,0.4404755,-0.7120514,-15.36604,22.80523,-2.008862,6.650846,5.939844,25,0.8667654,-2.76363,0.9690911,-0.8913694,-0.9551406,-0.355103,0.8513038,-2.773402,0.9689116,0.16106,-0.007705874,-0.1548093,3
2014-02-24 18:44:20.944,3120,312,43.61657,3.945642,22.38219,16.35766,86.48519,9,5,1393263857,-0.5772095,0.4573822,-0.6539307,-14.65383,22.64213,-2.407299,5.468336,4.757333,25,1.01028,-3.90003,0.7422464,-0.8653709,-1.006855,-0.3593783,0.9948213,-3.909811,0.7420789,0.2368413,0.0887831,-0.2116772,3
2014-02-24 18:44:21.050,3121,312.1,43.61657,3.945642,22.38219,16.35766,86.48519,9,5,1393263857,-0.7289276,0.2510986,-0.4044647,-14.0512,22.47903,-2.236546,5.552829,4.841827,25,1.345087,-4.966298,0.7394453,-0.8384441,-1.082853,-0.3616448,1.32963,-4.976085,0.7392858,0.2489545,0.1035691,-0.2154453,3
2014-02-24 18:44:21.153,3122,312.2,43.61657,3.945642,22.38219,16.35766,86.48519,9,5,1393263857,-1.115463,0.3163147,-0.03684998,-13.55813,22.42467,-1.724258,6.473317,5.762315,25,1.453119,-5.526558,1.160058,-0.8082872,-1.174532,-0.3680227,1.437662,-5.536345,1.159898,0.1125543,-0.1440883,0.3779984,3
2014-02-24 18:44:21.239,3123,312.3,43.61657,3.945642,22.38219,16.35766,86.48519,9,5,1393263857,-1.002335,0.3706207,-0.451416,-13.06507,21.93538,-0.7566147,8.370465,7.659463,25,1.646785,-5.132396,1.649604,-0.7671974,-1.259953,-0.3835394,1.631327,-5.142183,1.649444,0.01325959,-0.06417703,0.002939062,3
2014-02-24 18:44:21.409,3124,312.4,43.61657,3.945845,23.65046,15.51245,88.41076,9,10,1393263858,-1.052963,0.3966675,-0.04257202,-15.03733,22.37031,-0.7566147,9.956987,9.245985,25,1.663227,-3.146689,2.0527,-0.7255473,-1.317858,-0.409795,1.64777,-3.156476,2.052541,-0.3945287,-0.05555628,0.3124463,3
2014-02-24 18:44:21.587,3125,312.5,43.61657,3.945845,23.65046,15.51245,88.41076,9,10,1393263858,-1.052963,0.3966675,-0.04257202,-14.81819,22.47903,-0.7566147,9.608915,8.897913,25,1.415594,-1.294967,2.11202,-0.6737808,-1.334302,-0.4389662,1.111825,-2.116106,2.128741,-0.1223388,-0.05438313,-0.239333,3
2014-02-24 18:44:21.664,3126,312.6,43.61657,3.945845,23.65046,15.51245,88.41076,9,10,1393263858,-0.8486786,0.3057861,-0.2521667,-14.21556,21.98975,-1.15506,8.30766,7.596658,25,0.6727344,-2.465697,2.699345,-0.6368835,-1.345728,-0.4699941,1.400137,-1.304753,2.111861,-0.1838788,-0.05621353,0.1564029,3
2014-02-24 18:44:21.797,3127,312.7,43.61657,3.945845,23.65046,15.51245,88.41076,9,10,1393263858,-0.7300873,0.3713226,-0.339035,-13.83205,22.47903,-2.1227,6.956072,6.24507,25,0.5706968,-4.432561,3.746376,-0.6078864,-1.369724,-0.5106658,0.6572775,-2.475483,2.699186,0.006163977,-0.1829721,-0.07792671,3
2014-02-24 18:44:21.882,3128,312.8,43.61657,3.945845,23.65046,15.51245,88.41076,9,10,1393263858,-0.6189575,0.378952,-0.3183136,-15.36604,21.93538,-2.1227,7.642959,6.931957,25,0.7723237,-6.634551,4.863139,-0.5833518,-1.425223,-0.5696543,0.5552399,-4.442348,3.746217,0.1030933,-0.1680184,-0.2168819,3
2014-02-24 18:44:21.982,3129,312.9,43.61657,3.945845,23.65046,15.51245,88.41076,9,10,1393263858,-0.7285309,0.7515869,0.2365112,-14.70862,21.39173,-1.895016,8.566078,7.855076,25,1.116082,-7.506053,5.39698,-0.5583303,-1.520103,-0.6516919,0.7568668,-6.644338,4.862979,0.1259313,-0.2636369,-0.3124654,3
2014-02-24 18:44:22.084,3130,313,43.61657,3.945845,23.65046,15.51245,88.41076,9,10,1393263858,-0.6490173,0.8531799,0.4580994,-15.09212,21.22864,-2.065777,8.815035,8.104033,25,1.342993,-6.145355,4.825134,-0.5361267,-1.642108,-0.7496063,1.100625,-7.51584,5.396821,0.1374454,0.01219181,-0.1091599,3
2014-02-24 18:44:22.214,3131,313.1,43.61657,3.945845,23.65046,15.51245,88.41076,9,10,1393263858,-0.5816345,1.076065,0.4455109,-15.03733,19.8695,-2.464222,9.590874,8.879871,25,1.146912,-3.278524,3.074323,-0.5212379,-1.759555,-0.8469149,1.327536,-6.155141,4.824975,0.04535511,-0.03825745,0.2592866,3
2014-02-24 18:44:22.346,3132,313.2,43.61657,3.945845,23.65046,15.51245,88.41076,9,10,1393263858,-0.3761749,1.221176,0.1776276,-19.31057,18.67347,-4.968712,9.666052,8.95505,25,0.9291343,-0.908383,0.8870627,-0.5116491,-1.83458,-0.9206159,1.131455,-3.288311,3.074163,-0.06462545,0.05720538,0.3002684,3
2014-02-24 18:44:22.566,3133,313.3,43.61656,3.946029,24.96429,14.78212,91.03619,9,10,1393263859,-0.4548035,0.7380524,0.03886414,-21.83069,18.99966,-4.968712,10.67548,9.964474,25,0.5653098,0.242243,-1.010499,-0.4973586,-1.856171,-0.956807,0.9136778,-0.9181692,0.8869032,-0.02880264,0.258709,0.28332,3
2014-02-24 18:44:22.670,3134,313.4,43.61656,3.946029,24.96429,14.78212,91.03619,9,10,1393263859,-0.5344543,0.5995941,0.1013794,-21.17327,18.7822,-1.325817,19.42556,18.71456,25,0.3110804,0.2746646,-1.531771,-0.4712182,-1.835841,-0.9531729,0.5498532,0.2324568,-1.010659,0.1827026,0.4059191,0.02593092,3
2014-02-24 18:44:22.753,3135,313.5,43.61656,3.946029,24.96429,14.78212,91.03619,9,10,1393263859,-0.5344543,0.5995941,0.1013794,-19.42015,19.76077,-1.098133,18.62292,17.91191,25,0.2927038,-0.3004038,-0.9984369,-0.4320249,-1.799596,-0.9070255,0.2772474,-0.3101899,-0.9985965,0.05740258,-0.1965644,-0.1349436,3
2014-02-24 18:44:22.852,3136,313.6,43.61656,3.946029,24.96429,14.78212,91.03619,9,10,1393263859,-0.5929108,0.6820831,0.01426697,-17.33831,20.52188,-1.325817,16.27158,15.56058,25,0.1521123,-0.6167841,-0.455897,-0.4320249,-1.799596,-0.9070255,0.2772474,-0.3101899,-0.9985965,0.05740258,-0.1965644,-0.1349436,3
2014-02-24 18:44:22.959,3137,313.7,43.61656,3.946029,24.96429,14.78212,91.03619,9,10,1393263859,-0.5929108,0.6820831,0.01426697,-16.35217,20.95681,-1.439655,14.77835,14.06734,25,-0.04343935,-1.132261,-0.2380658,-0.4191087,-1.816712,-0.890869,-0.05889561,-1.142047,-0.2382254,0.005817052,-0.002502407,-0.1405806,3
2014-02-24 18:44:23.059,3138,313.8,43.61656,3.946029,24.96429,14.78212,91.03619,9,10,1393263859,-0.6164703,0.7329102,0.2086945,-16.40696,20.25006,-1.268898,15.23386,14.52286,25,-0.07014154,-1.775601,0.2700461,-0.4217201,-1.84681,-0.8914013,-0.08559777,-1.785387,0.2698866,0.01162938,-0.09586985,-0.156965,3
2014-02-24 18:44:23.166,3139,313.9,43.61656,3.946029,24.96429,14.78212,91.03619,9,10,1393263859,-0.6222992,0.8636017,0.05062866,-17.28352,20.25006,-0.3581734,17.48786,16.77686,25,-0.09977027,-1.503962,0.3926328,-0.4276592,-1.88389,-0.8972359,-0.1152264,-1.513748,0.3924732,-0.02302202,-0.04869554,0.01657046,3
2014-02-24 18:44:23.249,3140,314,43.61656,3.946029,24.96429,14.78212,91.03619,9,10,1393263859,-0.5081329,0.7051697,0.0199585,-16.35217,20.63062,-1.895016,13.77665,13.06565,25,-0.1303609,-1.421885,0.05485606,-0.4343217,-1.915334,-0.9002256,-0.145817,-1.431671,0.0546965,-0.03738654,0.08013456,-0.1592676,3
2014-02-24 18:44:23.507,3141,314.1,43.61655,3.946197,25.16832,13.27192,92.9837,9,10,1393263860,-0.6251526,0.6585541,0.1086884,-15.69475,22.15284,-2.1227,12.25736,11.54636,25,0.2213074,-1.631908,-0.184895,-0.4314038,-1.942056,-0.8979191,0.2058513,-1.641694,-0.1850546,0.003538173,0.04259904,-0.1795345,3
2014-02-24 18:44:23.632,3142,314.2,43.61655,3.946197,25.16832,13.27192,92.9837,9,10,1393263860,-0.6188354,0.6942444,0.09580994,-15.91389,22.58776,-1.098133,14.3892,13.6782,25,0.3257307,-1.643469,-0.3139941,-0.4200442,-1.964869,-0.8952608,0.3102747,-1.653255,-0.3141537,-0.04552283,-0.08211476,-0.1531314,3
2014-02-24 18:44:23.719,3143,314.3,43.61655,3.946197,25.16832,13.27192,92.9837,9,10,1393263860,-0.6390228,0.6733093,0.1757202,-15.25647,22.15284,-1.098133,14.01478,13.30378,25,0.1529589,-1.619401,-0.2560603,-0.4111044,-1.987817,-0.8921762,0.137503,-1.629187,-0.2562198,-0.03185013,-0.04935939,-0.1283196,3
2014-02-24 18:44:23.848,3144,314.4,43.61655,3.946197,25.16832,13.27192,92.9837,9,10,1393263860,-0.6739349,0.678772,0.2688904,-14.87298,21.55482,-1.041218,13.88719,13.17619,25,0.09454142,-1.757466,-0.3151023,-0.4050513,-2.015604,-0.8879602,0.07908557,-1.767252,-0.3152618,-0.05436658,-0.09109388,-0.1308214,3
2014-02-24 18:44:23.949,3145,314.5,43.61655,3.946197,25.16832,13.27192,92.9837,9,10,1393263860,-0.6739349,0.678772,0.2688904,-15.20169,20.57625,-1.041218,14.55724,13.84624,25,0.1443511,-1.21525,-0.1662388,-0.3997313,-2.043536,-0.884962,0.09893761,-1.683409,-0.1962324,-0.07516367,-0.1005816,-0.112647,3
2014-02-24 18:44:24.047,3146,314.6,43.61655,3.946197,25.16832,13.27192,92.9837,9,10,1393263860,-0.6396179,0.7178497,0.2602234,-15.58518,22.26158,-0.1874084,16.46475,15.75375,25,0.2302569,-0.9132358,-0.1836114,-0.3939361,-2.065475,-0.882742,0.1288953,-1.225036,-0.1663983,-0.115027,-0.09371111,-0.03259223,3
2014-02-24 18:44:24.146,3147,314.7,43.61655,3.946197,25.16832,13.27192,92.9837,9,10,1393263860,-0.5860596,0.7095032,0.2374878,-16.24261,21.82665,-0.9842911,15.92156,15.21056,25,0.2899466,-0.8081101,-0.2767397,-0.3874049,-2.079279,-0.881601,0.2148012,-0.9230214,-0.1837709,-0.08415488,-0.05390822,-0.04937388,3
2014-02-24 18:44:24.257,3148,314.8,43.61655,3.946197,25.16832,13.27192,92.9837,9,10,1393263860,-0.5587158,0.7076874,0.2115021,-15.96868,22.5334,-2.293461,15.75867,15.04767,25,0.1439084,-0.9262229,-0.3074902,-0.3769347,-2.086869,-0.8800709,0.2744565,-0.8178911,-0.2769035,-0.0652461,-0.05352939,-0.0753734,3
2014-02-24 18:44:24.410,3149,314.9,43.61655,3.946197,25.16832,13.27192,92.9837,9,10,1393263860,-0.5662689,0.7552338,0.276413,-15.58518,22.15284,-2.008862,13.32484,12.61384,25,0.1086319,-1.138591,-0.3256995,-0.3676597,-2.096073,-0.8770139,0.1284184,-0.9360038,-0.3076539,-0.01835172,-0.07663317,-0.08577506,3
2014-02-24 18:44:24.584,3150,315,43.61654,3.946351,25.02774,11.90329,94.17597,9,10,1393263861,-0.5659332,0.7773438,0.3016052,-14.98254,22.31594,0.09719086,16.59765,15.88665,25,0.2120388,-1.170746,-0.4780694,-0.3608401,-2.110989,-0.8728922,0.09314196,-1.148371,-0.3258633,-0.01450159,-0.02822991,-0.09296337,3
2014-02-24 18:44:24.683,3151,315.1,43.61654,3.946351,25.02774,11.90329,94.17597,9,10,1393263861,-0.5570679,0.7783051,0.3241272,-15.74954,21.1199,-0.3581696,17.74006,17.02906,25,0.346212,-1.067954,-0.6514034,-0.3507189,-2.125278,-0.8676939,0.1965488,-1.180527,-0.4782331,-0.01655746,-0.00760609,-0.06401716,3
2014-02-24 18:44:24.764,3152,315.2,43.61654,3.946351,25.02774,11.90329,94.17597,9,10,1393263861,-0.5448914,0.7398224,0.2835999,-15.42083,21.33736,-0.4720154,17.22179,16.51079,25,0.4703124,-0.9718069,-0.795442,-0.3350505,-2.134349,-0.8611137,0.3307221,-1.077735,-0.6515671,-0.01510085,0.01877502,-0.04647116,3
2014-02-24 18:44:24.872,3153,315.3,43.61654,3.946351,25.02774,11.90329,94.17597,9,10,1393263861,-0.5688324,0.7411957,0.2579498,-15.69476,21.93538,-0.1874123,17.65782,16.94681,25,0.4276952,-0.7337145,-0.8873312,-0.3136158,-2.137233,-0.8541632,0.4548226,-0.9815877,-0.7956057,-0.002806036,0.02428351,-0.0283573,3
2014-02-24 18:44:24.995,3154,315.4,43.61654,3.946351,25.02774,11.90329,94.17597,9,10,1393263861,-0.5865631,0.7236786,0.2656708,-16.57132,21.06554,0.2679482,19.96037,19.24937,25,0.4415399,-0.7554211,-0.9221797,-0.2899846,-2.1345,-0.8447202,0.4122054,-0.7434952,-0.8874949,0.01632568,-0.007962954,-0.07115714,3
2014-02-24 18:44:25.099,3155,315.5,43.61654,3.946351,25.02774,11.90329,94.17597,9,10,1393263861,-0.5865631,0.7236786,0.2656708,-17.50266,19.92387,-1.496578,18.30108,17.59008,25,0.5527362,-0.7526655,-0.8261169,-0.2424247,-2.127814,-0.8255265,0.5372465,-0.7624462,-0.8262805,-0.01022156,0.003696708,-0.09586979,3
2014-02-24 18:44:25.180,3156,315.6,43.61654,3.946351,25.02774,11.90329,94.17597,9,10,1393263861,-0.6396637,0.6983948,0.3286438,-17.83138,18.6191,-2.634979,18.3468,17.6358,25,0.5460261,-0.7465085,-0.7582009,-0.2424247,-2.127814,-0.8255265,0.5372465,-0.7624462,-0.8262805,-0.01022156,0.003696708,-0.09586979,3
2014-02-24 18:44:25.292,3157,315.7,43.61654,3.946351,25.02774,11.90329,94.17597,9,10,1393263861,-0.6396637,0.6983948,0.3286438,-17.44788,18.23855,-2.236542,18.34991,17.63891,25,0.4417124,-0.7113612,-0.7982585,-0.1965089,-2.122346,-0.810894,0.4262229,-0.7211418,-0.7984223,-0.02972111,-0.02029819,-0.06916916,3
2014-02-24 18:44:25.487,3158,315.8,43.61654,3.946351,25.02774,11.90329,94.17597,9,10,1393263861,-0.6780701,0.7014465,0.3564606,-18.65314,17.3687,-2.236542,18.53806,17.82705,25,0.3310815,-0.4792012,-0.9998423,-0.1752419,-2.117923,-0.7996389,0.315592,-0.4889818,-1.000006,-0.04443891,-0.01870966,-0.0339423,3
2014-02-24 18:44:25.585,3159,315.9,43.61654,3.946351,25.02774,11.90329,94.17597,9,10,1393263861,-0.6867828,0.6876831,0.3574371,-18.59836,17.20561,-1.610416,21.48079,20.76979,25,0.3022816,-0.1654326,-1.138088,-0.1537758,-2.108096,-0.7851463,0.2867922,-0.1752131,-1.138252,-0.07044604,-0.005482142,-0.005540667,3
2014-02-24 18:44:25.688,3160,316,43.61652,3.94647,23.95156,10.11857,95.15974,9,10,1393263862,-0.6889648,0.6576385,0.3342285,-18.92707,17.20561,-2.521137,20.84966,20.13865,25,0.3614964,0.03072063,-1.186359,-0.1311385,-2.093061,-0.7691619,0.3460071,0.02094017,-1.186522,-0.06407024,-0.007850258,-0.0009793371,3
2014-02-24 18:44:25.830,3161,316.1,43.61652,3.94647,23.95156,10.11857,95.15974,9,10,1393263862,-0.6951294,0.6393585,0.2689209,-17.06438,13.83496,-0.3581734,29.05062,28.33962,25,0.4634132,0.1460549,-1.17712,-0.1067958,-2.074385,-0.7536722,0.4479239,0.1362745,-1.177284,-0.04586697,-0.005716971,-0.003127419,3
2014-02-24 18:44:25.934,3162,316.2,43.61652,3.94647,23.95156,10.11857,95.15974,9,10,1393263862,-0.6865845,0.6806183,0.2102203,-15.47561,12.69329,0.4956322,31.93991,31.22891,25,0.4712115,0.1774832,-1.081157,-0.08300795,-2.055295,-0.7392381,0.4557222,0.1677028,-1.081321,-0.04350209,-0.0340004,-0.03236349,3
2014-02-24 18:44:26.019,3163,316.3,43.61652,3.94647,23.95156,10.11857,95.15974,9,10,1393263862,-0.6865845,0.6806183,0.2102203,-13.61292,11.71472,2.544758,32.50783,31.79683,25,0.4865896,-0.1726479,-0.7995659,-0.0610767,-2.037648,-0.7271287,0.4887274,0.1376855,-0.8977063,-0.01247096,-0.0417872,-0.08163811,3
2014-02-24 18:44:26.237,3164,316.4,43.61652,3.94647,23.95156,10.11857,95.15974,9,10,1393263862,-0.6916046,0.6621857,0.2658691,-10.92844,11.66036,2.601677,33.40346,32.69246,25,0.4129396,-0.641984,-0.598611,-0.02293815,-2.020122,-0.7082879,0.4535666,-0.4426335,-0.7222796,0.0007416162,0.01610683,-0.1107384,3
2014-02-24 18:44:26.372,3165,316.5,43.61652,3.94647,23.95156,10.11857,95.15974,9,10,1393263862,-0.690567,0.6513977,0.2952271,-8.846605,11.33417,3.967762,33.86992,33.15891,25,0.4600845,-0.8264468,-0.4661427,-0.006964412,-2.020506,-0.7007557,0.3974506,-0.6517642,-0.5987747,-0.003246791,0.01739015,-0.0663992,3
2014-02-24 18:44:26.568,3166,316.6,43.61652,3.94647,23.95156,10.11857,95.15974,9,10,1393263862,-0.6773834,0.6412201,0.3071594,-6.764776,13.29131,5.219997,36.69523,35.98423,25,0.5489478,-1.017263,-0.3179615,0.007731104,-2.025354,-0.695535,0.4445955,-0.836227,-0.4663064,0.01322517,0.01810879,-0.06415614,3
2014-02-24 18:44:26.679,3167,316.7,43.61652,3.946577,24.05733,8.278583,91.42949,9,10,1393263863,-0.669693,0.6423645,0.3530731,-4.902075,14.05242,5.333836,19.02433,18.31332,26,0.54581,-1.171713,-0.2109045,0.02275094,-2.033656,-0.6933768,0.5334589,-1.027043,-0.3181252,0.008724477,0.006079993,-0.04019873,3
2014-02-24 18:44:26.779,3168,316.8,43.61652,3.946577,24.05733,8.278583,91.42949,9,10,1393263863,-0.6624908,0.6664734,0.3949432,-4.354223,13.83496,4.992313,18.10541,17.39441,26,0.5573013,-1.138073,-0.2674317,0.03693118,-2.045651,-0.6937832,0.5303212,-1.181493,-0.2110682,0.005362415,-0.007934909,-0.009201397,3
2014-02-24 18:44:26.872,3169,316.9,43.61652,3.946577,24.05733,8.278583,91.42949,9,10,1393263863,-0.672348,0.6489716,0.4271393,-3.642019,13.99806,5.276917,17.05958,16.34858,26,0.5363867,-1.021716,-0.4376956,0.05108465,-2.058372,-0.6944498,0.5418125,-1.147853,-0.2675954,0.009171727,0.002401752,-0.006913504,3
2014-02-24 18:44:26.970,3170,317,43.61652,3.946577,24.05733,8.278583,91.42949,9,10,1393263863,-0.6589661,0.6317291,0.4332581,-3.258524,14.48734,4.423115,15.84181,15.13081,26,0.5299049,-0.7645438,-0.5880795,0.06648533,-2.068646,-0.6929461,0.520898,-1.031496,-0.4378593,0.01348407,0.02766683,0.02754142,3
2014-02-24 18:44:27.094,3171,317.1,43.61652,3.946577,24.05733,8.278583,91.42949,9,10,1393263863,-0.6481781,0.61026,0.3945465,-1.231476,13.23695,4.70771,13.86846,13.15746,26,0.4750265,-0.4484771,-0.697271,0.08363789,-2.074064,-0.6888303,0.5144162,-0.7743238,-0.5882432,0.003924072,0.01333699,0.05481584,3
2014-02-24 18:44:27.195,3172,317.2,43.61652,3.946577,24.05733,8.278583,91.42949,9,10,1393263863,-0.6446838,0.5579987,0.3500977,-1.176689,13.07385,4.878479,13.58228,12.87128,26,0.4427298,-0.1711523,-0.853965,0.101431,-2.073441,-0.6824863,0.4595378,-0.4582571,-0.6974347,0.02105777,0.001004788,0.05942066,3
2014-02-24 18:44:27.281,3173,317.3,43.61652,3.946577,24.05733,8.278583,91.42949,9,10,1393263863,-0.6446838,0.5579987,0.3500977,-0.7931862,11.93218,2.430908,10.75906,10.04806,26,0.4441029,0.09580322,-1.064197,0.1396556,-2.055068,-0.660987,0.4286144,0.0860233,-1.064361,0.05297318,-0.02174841,0.009625878,3
2014-02-24 18:44:27.538,3174,317.4,43.61652,3.946577,24.05733,8.278583,91.42949,9,10,1393263863,-0.6475525,0.5169067,0.3152466,1.069504,10.62742,0.8371429,357.773,357.062,26,0.4622169,0.1992191,-1.189381,0.1614522,-2.038868,-0.6457991,0.4467285,0.1894392,-1.189545,0.06660148,-0.06390347,-0.03055211,3
2014-02-24 18:44:27.643,3175,317.5,43.61653,3.946652,26.43847,6.758715,59.2153,9,10,1393263864,-0.6587524,0.4889526,0.2821655,-1.012333,7.800434,-2.805748,355.7343,355.0233,26,0.4108613,0.1419004,-1.220989,0.1826812,-2.023183,-0.628882,0.3953729,0.1321205,-1.221153,0.0797847,-0.07133426,-0.03824054,3
2014-02-24 18:44:27.727,3176,317.6,43.61653,3.946652,26.43847,6.758715,59.2153,9,10,1393263864,-0.6678772,0.4892731,0.2966766,-2.491535,6.332574,-3.090351,355.2599,354.5489,26,0.3330845,0.004573447,-1.16878,0.201744,-2.011208,-0.6116806,0.3175962,-0.00520637,-1.168943,0.08180978,-0.08529153,-0.06684913,3
2014-02-24 18:44:27.838,3177,317.7,43.61653,3.946652,26.43847,6.758715,59.2153,9,10,1393263864,-0.6732941,0.5044098,0.3033447,-4.244659,5.136539,-3.431873,354.5165,353.8055,26,0.2352599,-0.1246295,-1.073437,0.217636,-2.003817,-0.5948938,0.2197717,-0.1344093,-1.0736,0.08388926,-0.07114767,-0.05085148,3
2014-02-24 18:44:27.962,3178,317.8,43.61653,3.946652,26.43847,6.758715,59.2153,9,10,1393263864,-0.6851349,0.4888611,0.3247833,-6.600416,4.321061,-2.919594,353.6255,352.9145,26,0.1908017,-0.2391521,-1.03638,0.2310786,-2.000211,-0.5787501,0.1753134,-0.2489319,-1.036543,0.08882463,-0.0405998,-0.04519186,3
2014-02-24 18:44:28.061,3179,317.9,43.61653,3.946652,26.43847,6.758715,59.2153,9,10,1393263864,-0.6851349,0.4888611,0.3247833,-9.339674,3.886138,-5.196404,350.9973,350.2863,26,0.2645177,-0.4818636,-0.9852053,0.24484,-1.999302,-0.5629656,0.246785,-0.4239505,-1.022418,0.08997175,-0.03311661,-0.04515961,3
2014-02-24 18:44:28.135,3180,318,43.61653,3.946652,26.43847,6.758715,59.2153,9,10,1393263864,-0.7461548,0.4646454,0.3701019,-11.14758,3.505583,-6.733246,349.0104,348.2994,26,0.2645177,-0.4818636,-0.9852053,0.2590369,-2.000753,-0.5478935,0.2490296,-0.4916432,-0.985369,0.06999745,-0.05038551,-0.0155309,3
2014-02-24 18:44:28.268,3181,318.1,43.61653,3.946652,26.43847,6.758715,59.2153,9,10,1393263864,-0.7461548,0.4646454,0.3701019,-12.79114,3.396853,-8.440853,346.5405,345.8295,26,0.1722421,-0.3059855,-1.013617,0.2724504,-2.002357,-0.5328928,0.2096476,-0.418357,-0.9958474,0.04411739,-0.03465378,7.736062e-05,3
2014-02-24 18:44:28.503,3182,318.2,43.61653,3.946652,26.43847,6.758715,59.2153,9,10,1393263864,-0.760025,0.4559784,0.3699951,-16.90002,5.517098,-14.64515,339.0388,338.3278,26,0.1476254,-0.1918312,-1.030218,0.2849075,-2.002764,-0.517275,0.1567541,-0.3157651,-1.01378,0.0431766,-0.02986811,0.006216812,3
2014-02-24 18:44:28.698,3183,318.3,43.61653,3.946652,26.43847,6.758715,59.2153,9,10,1393263864,-0.7808838,0.4630432,0.3170471,-17.66702,6.821866,-15.21436,336.0229,335.3119,26,0.2998552,-0.2775589,-1.125286,0.3087974,-1.999139,-0.4845957,0.1851539,-0.1797962,-1.046508,0.04202694,-0.008025909,-0.02295125,3
2014-02-24 18:44:28.806,3184,318.4,43.61656,3.946717,26.24341,6.325553,40.64358,9,10,1393263865,-0.8435974,0.4472961,0.2910614,-17.06438,7.419878,-15.72664,333.8585,333.1475,26,0.3940176,-0.421238,-1.182808,0.3230084,-1.997002,-0.4679572,0.2843674,-0.2873384,-1.12545,0.04252377,0.01980696,-0.03724689,3
2014-02-24 18:44:28.941,3185,318.5,43.61656,3.946717,26.24341,6.325553,40.64358,9,10,1393263865,-0.9568024,0.4007111,0.260849,-15.96868,9.594487,-15.84048,331.7668,331.0558,26,0.3661117,-0.4704426,-1.072324,0.3394893,-1.99675,-0.4508268,0.3785298,-0.4310175,-1.182972,0.01694083,0.02171814,-0.0716594,3
2014-02-24 18:44:29.050,3186,318.6,43.61656,3.946717,26.24341,6.325553,40.64358,9,10,1393263865,-1.044556,0.3923645,0.3486481,-13.50335,11.71472,-15.55588,322.7521,322.0411,25,0.1308105,-0.4945458,-0.8831325,0.3560583,-1.998411,-0.4345897,0.350624,-0.480222,-1.072488,-0.07411986,0.01446288,-0.09441376,3
2014-02-24 18:44:29.161,3187,318.7,43.61656,3.946717,26.24341,6.325553,40.64358,9,10,1393263865,-1.076828,0.3443756,0.3769226,-13.01028,12.85639,-16.86504,322.8315,322.1205,25,-0.1312153,-0.3731619,-0.7589655,0.3684514,-2.002411,-0.4202473,0.1153229,-0.5043252,-0.8832961,-0.2098492,-0.01913132,-0.08587161,3
2014-02-24 18:44:29.260,3188,318.8,43.61656,3.946717,26.24341,6.325553,40.64358,9,10,1393263865,-1.084457,0.3607635,0.4118195,-11.75022,13.23695,-15.3282,326.0448,325.3338,25,-0.27346,-0.2535348,-0.6864204,0.3743612,-2.008064,-0.4063731,-0.1467029,-0.3829412,-0.7591292,-0.2124204,-0.002915862,-0.04033049,3
2014-02-24 18:44:29.411,3189,318.9,43.61656,3.946717,26.24341,6.325553,40.64358,9,10,1393263865,-1.079422,0.3528595,0.4363098,-10.21624,13.7806,-15.21436,326.3813,325.6703,25,-0.286182,-0.1547334,-0.6499676,0.3759438,-2.013298,-0.3923634,-0.2889476,-0.2633141,-0.6865841,-0.2418174,-0.03799766,-0.01873882,3
2014-02-24 18:44:29.600,3190,319,43.61656,3.946717,26.24341,6.325553,40.64358,9,10,1393263865,-1.079422,0.3528595,0.4363098,-9.997099,13.4544,-13.84827,326.4301,325.7191,25,-0.1595215,-0.1321687,-0.6431054,0.3773341,-2.019221,-0.3660149,-0.1750089,-0.1419479,-0.6432691,-0.2450303,-0.0009635614,0.01967095,3
2014-02-24 18:44:29.694,3191,319.1,43.6166,3.946767,27.01291,6.904128,37.68031,9,10,1393263866,-1.122406,0.3087006,0.4049225,-8.46311,13.88933,-12.59603,328.3225,327.6115,25,0.08421128,-0.01151711,-0.6724426,0.3773341,-2.019221,-0.3660149,-0.1750089,-0.1419479,-0.6432691,-0.2450303,-0.0009635614,0.01967095,3
2014-02-24 18:44:29.791,3192,319.2,43.6166,3.946767,27.01291,6.904128,37.68031,9,10,1393263866,-1.122406,0.3087006,0.4049225,-3.696804,15.46592,-9.6931,332.9487,332.2377,25,0.2790138,0.1899803,-0.7499629,0.3921239,-2.013504,-0.3443412,0.2635265,0.1802012,-0.7501266,-0.2673675,-0.01088593,0.02014539,3
2014-02-24 18:44:29.892,3193,319.3,43.6166,3.946767,27.01291,6.904128,37.68031,9,10,1393263866,-1.129105,0.2480316,0.4092102,-2.820242,14.92227,-8.896217,332.23,331.519,25,0.4657131,0.3444988,-0.8834118,0.405884,-2.003719,-0.3333839,0.4502259,0.3347197,-0.8835755,-0.2646423,-0.01854188,0.008496174,3
2014-02-24 18:44:29.996,3194,319.4,43.6166,3.946767,27.01291,6.904128,37.68031,9,10,1393263866,-1.134415,0.2162323,0.4103546,-3.53245,15.95521,-9.977699,328.9088,328.1978,25,0.5535386,0.485098,-0.9613652,0.4226892,-1.990466,-0.3213753,0.5380514,0.4753189,-0.9615289,-0.2626364,-0.06784016,0.02261246,3
2014-02-24 18:44:30.096,3195,319.5,43.6166,3.946767,27.01291,6.904128,37.68031,9,10,1393263866,-1.13858,0.2262115,0.3995056,-3.039383,16.77068,-9.351574,330.0613,329.3503,25,0.5531908,0.5351691,-1.077995,0.4405296,-1.975336,-0.3077923,0.5377036,0.5253901,-1.078159,-0.2583328,-0.08672316,0.03525643,3
2014-02-24 18:44:30.196,3196,319.6,43.6166,3.946767,27.01291,6.904128,37.68031,9,10,1393263866,-1.138397,0.195755,0.3256073,-2.601101,16.55322,-9.57925,329.3301,328.6191,25,0.5623906,0.594662,-1.159432,0.4587432,-1.959506,-0.2921607,0.5469036,0.584883,-1.159595,-0.2523963,-0.06181044,0.03657142,3
2014-02-24 18:44:30.280,3197,319.7,43.6166,3.946767,27.01291,6.904128,37.68031,9,10,1393263866,-1.104385,0.09651184,0.229187,-1.779324,16.39013,-8.15625,331.8936,331.1826,25,0.6721419,0.6473492,-1.196431,0.4782166,-1.942555,-0.2757486,0.6566238,0.6375738,-1.196597,-0.245918,-0.04129501,0.006975118,3
2014-02-24 18:44:30.534,3198,319.8,43.61664,3.946822,28.13261,7.479847,36.6512,9,5,1393263867,-1.104385,0.09651184,0.229187,-0.9575424,18.18419,-7.188606,334.3188,333.6078,25,0.8781263,0.6735166,-0.956567,0.499424,-1.924588,-0.2609507,0.7996255,0.678117,-1.083001,-0.2176394,-0.111759,-0.05150932,3
2014-02-24 18:44:30.620,3199,319.9,43.61664,3.946822,28.13261,7.479847,36.6512,9,5,1393263867,-0.9857788,0.01856995,0.02532959,-1.77932,19.65204,-7.928566,333.627,332.916,25,0.8781263,0.6735166,-0.956567,0.5212324,-1.906558,-0.2486729,0.8626083,0.6637413,-0.9567335,-0.1578046,-0.1935972,-0.1421377,3
2014-02-24 18:44:30.739,3200,320,43.61664,3.946822,28.13261,7.479847,36.6512,9,5,1393263867,-0.9857788,0.01856995,0.02532959,-1.231472,20.1957,-8.38393,332.3973,331.6863,25,0.507957,0.4272219,-0.6421531,0.5414106,-1.890235,-0.2384074,0.7618484,0.5757366,-0.8090311,-0.122364,-0.2085675,-0.1781527,3
2014-02-24 18:44:30.914,3201,320.1,43.61664,3.946822,28.13261,7.479847,36.6512,9,5,1393263867,-0.8779602,0.03527832,-0.08370972,1.014719,18.18418,-7.530128,330.5617,329.8507,25,-0.2899556,-0.3037969,-0.009205483,0.5640894,-1.871653,-0.2219917,0.1030797,0.09466678,-0.3777876,0.01578316,-0.1979561,-0.3692359,3
2014-02-24 18:44:31.050,3202,320.2,43.61664,3.946822,28.13261,7.479847,36.6512,9,5,1393263867,-0.8265228,0.05444336,-0.03352356,0.9599342,20.08696,-7.359371,331.4533,330.7423,25,-0.6432658,-0.6684654,0.3687003,0.5620667,-1.875057,-0.2181978,-0.3054734,-0.3135721,-0.009371997,0.03259753,-0.1887453,-0.3822516,3
2014-02-24 18:44:31.149,3203,320.3,43.61664,3.946822,28.13261,7.479847,36.6512,9,5,1393263867,-0.772049,0.1037903,0.05839539,0.2477283,19.59768,-6.050205,333.3154,332.6044,25,-0.9830117,-0.9233273,0.5743906,0.5510249,-1.887661,-0.2194566,-0.6587834,-0.6782406,0.3685338,0.07642906,-0.1828788,-0.3660661,3
2014-02-24 18:44:31.250,3204,320.4,43.61664,3.946822,28.13261,7.479847,36.6512,9,5,1393263867,-0.7512512,0.1846008,0.125351,-0.1357689,19.32585,-5.537922,334.3197,333.6087,25,-1.24169,-1.101652,0.6346478,0.5319894,-1.907707,-0.2232751,-0.9985292,-0.9331024,0.5742241,0.118855,-0.1372266,-0.3022104,3
2014-02-24 18:44:31.398,3205,320.5,43.61664,3.946822,28.13261,7.479847,36.6512,9,5,1393263867,-0.7879944,0.2895203,0.3065338,-2.765453,20.84808,-6.334805,333.6226,332.9116,25,-1.421742,-1.106123,0.5320748,0.5069194,-1.932953,-0.2266926,-1.257208,-1.111427,0.6344813,0.1572118,-0.08329172,-0.2625246,3
2014-02-24 18:44:31.586,3206,320.6,43.61664,3.946822,28.13261,7.479847,36.6512,9,5,1393263867,-0.797226,0.3709259,0.3614044,-2.491529,20.90244,-6.164043,334.1566,333.4456,25,-1.409321,-0.8322629,0.3242273,0.4783566,-1.960531,-0.2273113,-1.437259,-1.115898,0.5319083,0.1499634,-0.04075798,-0.2448187,3
2014-02-24 18:44:31.664,3207,320.7,43.61664,3.946822,28.13261,7.479847,36.6512,9,5,1393263867,-0.7748566,0.4033661,0.3624268,-3.258522,20.79371,-6.164043,334.2008,333.4898,25,-1.16404,-0.3814299,0.05354206,0.4498084,-1.984989,-0.2237753,-1.424838,-0.8420379,0.3240608,0.1046221,0.06760787,-0.08588274,3
2014-02-24 18:44:31.767,3208,320.8,43.61664,3.946822,28.13261,7.479847,36.6512,9,5,1393263867,-0.7660522,0.3916626,0.2894592,-3.915945,22.42467,-7.985493,332.5233,331.8123,25,-0.7162809,0.139352,-0.3109025,0.4260553,-2.000808,-0.2167609,-1.179558,-0.3912049,0.05337555,0.09046433,0.1558584,-0.04572202,3
2014-02-24 18:44:31.885,3209,320.9,43.61669,3.946891,27.99503,8.773211,39.23411,9,5,1393263868,-0.7660522,0.3916626,0.2894592,-3.696804,22.09848,-8.327011,331.8182,331.1072,25,-0.1304478,0.4786835,-0.6792887,0.4095775,-1.998741,-0.1947833,-0.145965,0.4689086,-0.6794553,0.1259834,0.2113838,-0.0778084,3
2014-02-24 18:44:32.069,3210,321,43.61669,3.946891,27.99503,8.773211,39.23411,9,5,1393263868,-0.811676,0.2076263,0.2220001,-8.791821,19.97823,-10.77458,333.2146,332.5036,25,-0.02623453,0.3188715,-1.063853,0.4269607,-1.978126,-0.1625686,-0.04175169,0.3090966,-1.06402,0.144479,0.09750019,-0.172643,3
2014-02-24 18:44:32.171,3211,321.1,43.61669,3.946891,27.99503,8.773211,39.23411,9,5,1393263868,-0.8765869,0.1638336,0.3113251,-10.16145,19.59768,-11.05918,331.7522,331.0412,25,-0.3605821,-0.06094325,-0.8979498,0.4298131,-1.976246,-0.14409,-0.3760992,-0.07071802,-0.8981163,0.09772623,0.06403445,-0.1683445,3
2014-02-24 18:44:32.292,3212,321.2,43.61669,3.946891,27.99503,8.773211,39.23411,9,5,1393263868,-0.915741,0.138382,0.3959045,-11.20237,19.21712,-11.79914,329.6689,328.9579,25,-0.5884651,-0.3804914,-0.6682646,0.4261923,-1.98188,-0.1270755,-0.6039822,-0.3902662,-0.6684312,0.03271009,0.03709986,-0.08505545,3
2014-02-24 18:44:32.521,3213,321.3,43.61669,3.946891,27.99503,8.773211,39.23411,9,5,1393263868,-0.9132843,0.09986877,0.4556885,-11.85979,18.02108,-11.34378,329.4118,328.7008,25,-0.6755095,-0.5715056,-0.3751326,0.4184326,-1.992462,-0.1137872,-0.6910264,-0.5812803,-0.3752991,-0.009232948,0.02484016,-0.01072978,3
2014-02-24 18:44:32.622,3214,321.4,43.61669,3.946891,27.99503,8.773211,39.23411,9,5,1393263868,-0.8697662,0.07028198,0.4993439,-12.02415,18.40164,-11.62838,330.1387,329.4277,25,-0.6820017,-0.7251018,-0.1578442,0.4083252,-2.006175,-0.1044339,-0.6975186,-0.7348765,-0.1580107,-0.01473355,0.01637651,-0.001014267,3
2014-02-24 18:44:32.753,3215,321.5,43.61674,3.946979,28.35529,9.276183,52.15905,9,5,1393263869,-0.8168488,0.06939697,0.5418854,-13.94163,18.23854,-10.88842,333.7292,333.0182,25,-0.7525957,-0.9153039,0.07912811,0.3960365,-2.023395,-0.0984342,-0.7681126,-0.9250786,0.0789616,-0.005109947,-0.01546587,0.04906547,3
2014-02-24 18:44:32.860,3216,321.6,43.61674,3.946979,28.35529,9.276183,52.15905,9,5,1393263869,-0.8168488,0.06939697,0.5418854,-13.61292,17.69489,-13.05139,329.544,328.833,25,-0.8733118,-1.155868,0.5870987,0.3798768,-2.044121,-0.09593508,-0.8736711,-1.090142,0.3751821,0.04129956,-0.03194522,0.06349081,3
2014-02-24 18:44:32.948,3217,321.7,43.61674,3.946979,28.35529,9.276183,52.15905,9,5,1393263869,-0.758316,0.1429749,0.5517883,-13.72248,17.15124,-12.25451,331.7244,331.0134,25,-0.8733118,-1.155868,0.5870987,0.3606441,-2.06729,-0.0966825,-0.8888285,-1.165642,0.5869322,0.09144521,-0.02885921,0.07208254,3
2014-02-24 18:44:33.065,3218,321.8,43.61674,3.946979,28.35529,9.276183,52.15905,9,5,1393263869,-0.758316,0.1429749,0.5517883,-13.55813,16.66196,-12.88063,330.2933,329.5823,25,-0.7831411,-1.048124,0.2244233,0.3408447,-2.091169,-0.09835779,-0.8677126,-1.181523,0.5650013,0.09825794,-0.005990413,0.05045708,3
2014-02-24 18:44:33.164,3219,321.9,43.61674,3.946979,28.35529,9.276183,52.15905,9,5,1393263869,-0.7848511,0.2025452,0.5666351,-12.79114,16.87942,-13.67751,329.2823,328.5714,25,-0.6549946,-0.8075498,-0.2893413,0.3239134,-2.113686,-0.09638318,-0.7986578,-1.057899,0.2242567,0.09392947,0.04674084,0.03757377,3
2014-02-24 18:44:33.246,3220,322,43.61674,3.946979,28.35529,9.276183,52.15905,9,5,1393263869,-0.8476868,0.1869049,0.5553284,-12.51721,17.15124,-12.36835,332.4602,331.7492,25,-0.4611956,-0.5238014,-0.7113945,0.3133817,-2.131702,-0.08790053,-0.6705112,-0.8173242,-0.2895078,0.05865338,0.1147578,0.03673551,3
2014-02-24 18:44:33.600,3221,322.1,43.61674,3.946979,28.35529,9.276183,52.15905,9,5,1393263869,-0.9221344,0.1526031,0.5478668,-12.62678,17.47743,-12.36835,331.8137,331.1027,25,-0.255223,-0.3031452,-0.9555758,0.3103077,-2.143892,-0.07338442,-0.4767121,-0.5335758,-0.711561,0.0262278,0.1188659,0.02662151,3
2014-02-24 18:44:33.720,3222,322.2,43.61674,3.946979,28.35529,9.276183,52.15905,9,5,1393263869,-0.9692993,0.1116333,0.5290985,-12.46243,17.96672,-11.62838,334.5618,333.8508,25,-0.05453115,-0.112664,-0.998912,0.3139961,-2.150843,-0.05616944,-0.2707394,-0.3129196,-0.9557422,-0.05643794,0.1187563,0.001827721,3
2014-02-24 18:44:33.895,3223,322.3,43.6168,3.947085,26.76347,9.814902,51.22139,9,5,1393263870,-0.9943695,0.02919006,0.5030823,-11.31194,17.58616,-12.59603,333.0244,332.3134,25,0.02782258,0.2176444,-0.7338761,0.3319078,-2.153788,-0.02483864,0.04574063,0.05954219,-0.88947,-0.1347375,0.08679722,-0.02125568,3
2014-02-24 18:44:34.097,3224,322.4,43.6168,3.947085,26.76347,9.814902,51.22139,9,5,1393263870,-0.9952393,-0.02458191,0.5112762,-11.75022,17.47743,-13.16523,331.2506,330.5396,25,-0.2244339,0.3505772,-0.4501855,0.3461262,-2.145897,-0.002205741,-0.1107088,0.2794187,-0.5974959,-0.1552343,0.02698432,-0.04083607,3
2014-02-24 18:44:34.226,3225,322.5,43.6168,3.947085,26.76347,9.814902,51.22139,9,5,1393263870,-0.9952393,-0.02458191,0.5112762,-12.02415,16.22704,-11.51454,333.4858,332.7748,25,-0.3441568,0.2900933,-0.2442782,0.3466114,-2.134129,0.01600034,-0.3596729,0.2803192,-0.2444447,-0.1592971,0.01152884,-0.0307186,3
2014-02-24 18:44:34.384,3226,322.6,43.6168,3.947085,26.76347,9.814902,51.22139,9,5,1393263870,-0.9748077,-0.05952454,0.5693054,-11.96936,18.34728,-12.70987,333.4959,332.7849,25,-0.4804084,0.1813274,0.03467382,0.3404636,-2.130037,0.02170123,-0.4959245,0.1715533,0.03450733,-0.1396021,-0.01293792,-0.007270521,3
2014-02-24 18:44:34.564,3227,322.7,43.6168,3.947085,26.76347,9.814902,51.22139,9,5,1393263870,-0.9440002,-0.06669617,0.6389771,-11.53108,17.80363,-12.14067,333.4942,332.7832,25,-0.6417289,0.07621595,0.3696585,0.3287338,-2.1279,0.02372213,-0.6572449,0.06644184,0.369492,-0.1262567,-0.03580463,0.04072377,3
2014-02-24 18:44:34.687,3228,322.8,43.6168,3.947085,26.76347,9.814902,51.22139,9,5,1393263870,-0.8866119,-0.04368591,0.6862946,-11.85979,18.02108,-12.82371,331.3666,330.6556,25,-0.7895786,0.02674293,0.7042301,0.3110027,-2.127107,0.02194396,-0.8050944,0.01696888,0.7040636,-0.09499562,-0.04475396,0.1110474,3
2014-02-24 18:44:34.771,3229,322.9,43.6168,3.947085,26.76347,9.814902,51.22139,9,5,1393263870,-0.8484955,-0.04647827,0.6964874,-11.42151,18.56473,-12.70987,331.3612,330.6502,25,-0.8845685,0.04783623,0.8825971,0.2891237,-2.12588,0.01735924,-0.9000843,0.03806223,0.8824307,-0.03688351,-0.02632754,0.1593598,3
2014-02-24 18:44:34.895,3230,323,43.6168,3.947085,26.76347,9.814902,51.22139,9,5,1393263870,-0.8024902,-0.0316925,0.6754608,-10.7093,18.51037,-12.65295,331.0641,330.3531,25,-0.9307995,0.00854928,0.9752118,0.2651766,-2.125335,0.01172017,-0.9463153,-0.001224686,0.9750453,0.001589462,-0.03475837,0.1699723,3
2014-02-24 18:44:35.009,3231,323.1,43.61686,3.947197,26.72481,10.56571,50.5003,9,5,1393263871,-0.7530975,-0.08177185,0.6647034,-10.54495,18.7822,-13.16523,329.7435,329.0325,25,-0.9034098,-0.01751135,1.091867,0.2400984,-2.125363,0.004124788,-0.9189255,-0.02728529,1.0917,0.02785575,-0.05085264,0.1800486,3
2014-02-24 18:44:35.118,3232,323.2,43.61686,3.947197,26.72481,10.56571,50.5003,9,5,1393263871,-0.7540131,-0.08377075,0.6578674,-9.942308,17.85799,-11.4007,329.9376,329.2266,25,-0.889482,-0.05733306,1.201488,0.2143677,-2.126505,-0.005279373,-0.9049976,-0.06710695,1.201322,0.08274553,-0.06272869,0.1465646,3
2014-02-24 18:44:35.310,3233,323.3,43.61686,3.947197,26.72481,10.56571,50.5003,9,5,1393263871,-0.8021698,-0.07983398,0.6407166,-9.887527,19.21712,-11.57146,331.351,330.64,25,-0.8265842,-0.06038478,1.184526,0.1602071,-2.131058,-0.02797989,-0.9081592,-0.1264405,1.296892,0.09277151,-0.111747,0.1266676,3
2014-02-24 18:44:35.557,3234,323.4,43.61686,3.947197,26.72481,10.56571,50.5003,9,5,1393263871,-0.8408661,-0.1145935,0.5439453,-9.887526,19.43458,-11.6853,332.0725,331.3615,25,-0.6919044,-0.1086501,0.971612,0.1341322,-2.133833,-0.03870542,-0.8420997,-0.07015857,1.184359,0.04283478,-0.1185297,0.1073594,3
2014-02-24 18:44:35.669,3235,323.5,43.61686,3.947197,26.72481,10.56571,50.5003,9,5,1393263871,-0.9886169,-0.1219177,0.5900879,-8.956184,20.0326,-11.62838,332.2044,331.4934,25,-0.6520204,0.2306154,0.5534041,0.1114587,-2.136619,-0.04813766,-0.7074199,-0.1184238,0.9714455,0.002303771,-0.1627126,0.008455684,3
2014-02-24 18:44:35.748,3236,323.6,43.61693,3.947301,25.74882,11.4491,50.21358,9,5,1393263872,-1.087067,-0.1558075,0.5648193,-9.942312,19.16275,-10.60382,333.5569,332.8459,25,-0.6846952,0.4311714,0.1511032,0.09384293,-2.135789,-0.05258621,-0.6675358,0.2208416,0.5532376,-0.102147,-0.1801712,0.09205455,3
2014-02-24 18:44:35.879,3237,323.7,43.61693,3.947301,25.74882,11.4491,50.21358,9,5,1393263872,-1.131424,-0.1049042,0.4312744,-10.16145,18.51037,-11.05918,331.6896,330.9786,25,-0.8661354,0.9226069,-0.1592706,0.07977816,-2.130148,-0.05061148,-0.7002106,0.4213977,0.1509367,-0.1703166,-0.1942514,0.002436958,3
2014-02-24 18:44:35.966,3238,323.8,43.61693,3.947301,25.74882,11.4491,50.21358,9,5,1393263872,-1.1754,-0.05534363,0.3904266,-10.27102,18.40164,-10.37614,332.957,332.246,25,-1.200093,1.127684,-0.13046,0.06798973,-2.116958,-0.04163309,-0.8816506,0.9128333,-0.1594371,-0.2518986,-0.1555127,-0.008310812,3
2014-02-24 18:44:36.094,3239,323.9,43.61693,3.947301,25.74882,11.4491,50.21358,9,5,1393263872,-1.251511,0.0690918,0.394455,-10.38059,19.05403,-11.74222,330.639,329.928,25,-1.585645,1.145647,0.2199396,0.05209254,-2.098004,-0.0287481,-1.215608,1.11791,-0.1306265,-0.2860137,-0.1094479,-0.09445192,3
2014-02-24 18:44:36.202,3240,324,43.61693,3.947301,25.74882,11.4491,50.21358,9,5,1393263872,-1.171066,0.1355286,0.4514771,-10.27102,19.48895,-11.28686,332.326,331.6151,25,-1.719843,0.9206963,0.5669124,0.02772243,-2.076922,-0.01630171,-1.60116,1.135873,0.2197731,-0.3008865,-0.07164461,-0.09430102,3
2014-02-24 18:44:36.310,3241,324.1,43.61693,3.947301,25.74882,11.4491,50.21358,9,5,1393263872,-1.151703,0.2002258,0.4912109,-10.27102,19.05403,-10.14846,334.5763,333.8653,25,-1.607725,0.8273799,0.4117034,-0.004221234,-2.058711,-0.008743901,-1.735358,0.9109228,0.5667459,-0.368232,0.06034801,-0.07431204,3
2014-02-24 18:44:36.538,3242,324.2,43.61693,3.947301,25.74882,11.4491,50.21358,9,5,1393263872,-1.215347,0.04876709,0.4564819,-9.942308,19.59768,-11.4007,333.4109,332.6999,25,-1.013282,0.7241476,0.1110671,-0.03648153,-2.043334,-0.002335565,-1.62324,0.8176064,0.4115369,-0.2806525,0.133193,-0.003668951,3
2014-02-24 18:44:36.684,3243,324.3,43.61693,3.947301,25.74882,11.4491,50.21358,9,5,1393263872,-1.254471,-0.18367,0.3319397,-10.10667,18.89093,-10.5469,334.408,333.697,25,-0.1602325,0.9034609,-0.2567093,-0.05995853,-2.029459,0.004657928,-1.028797,0.7143741,0.1109006,-0.2747663,0.196171,0.02003929,3
2014-02-24 18:44:36.768,3244,324.4,43.617,3.947414,25.08131,12.15633,49.60321,9,5,1393263873,-1.254471,-0.18367,0.3319397,-9.887526,18.56474,-9.977699,335.4909,334.7799,25,0.5566713,1.38484,-0.4211025,-0.0593167,-1.99287,0.01472995,0.5411282,1.375069,-0.4212707,-0.3360723,-0.03556355,0.03649732,3
2014-02-24 18:44:36.871,3245,324.5,43.617,3.947414,25.08131,12.15633,49.60321,9,5,1393263873,-1.206619,-0.267395,0.217041,-11.69544,18.51037,-10.14846,335.2981,334.5871,25,0.8512925,2.088619,-0.2890603,-0.0436414,-1.958952,0.01522842,0.8357494,2.078849,-0.2892285,-0.3289696,-0.1684422,-0.04649859,3
2014-02-24 18:44:36.983,3246,324.6,43.617,3.947414,25.08131,12.15633,49.60321,9,5,1393263873,-1.040634,-0.3016357,0.1353455,-11.58586,19.16275,-11.96991,330.947,330.236,25,0.8466506,2.242425,-0.04308062,-0.02745996,-1.918212,0.0119191,0.8311076,2.232654,-0.04324882,-0.2664302,-0.2554762,-0.1234035,3
2014-02-24 18:44:37.111,3247,324.7,43.617,3.947414,25.08131,12.15633,49.60321,9,5,1393263873,-1.080643,-0.001281738,0.1589813,-10.87366,20.08696,-11.57146,331.9243,331.2133,25,0.6554276,1.929229,0.5212307,-0.01709538,-1.879662,0.001779204,0.6398847,1.919458,0.5210625,-0.08795656,-0.2998565,-0.1686319,3
2014-02-24 18:44:37.289,3248,324.8,43.617,3.947414,25.08131,12.15633,49.60321,9,5,1393263873,-1.14566,0.2879791,0.6389008,-9.723171,19.59768,-10.94534,333.3555,332.6445,25,1.230699,1.472614,1.122459,0.006260246,-1.820904,-0.03585805,1.215156,1.462843,1.122291,-0.1298509,-0.04505141,0.1387445,3
2014-02-24 18:44:37.551,3249,324.9,43.617,3.947414,25.08131,12.15633,49.60321,9,5,1393263873,-1.14566,0.2879791,0.6389008,-11.14758,18.9453,-10.2623,333.1675,332.4565,25,2.218674,2.935771,0.1568948,0.03723594,-1.790299,-0.05888125,2.115474,1.506093,0.560387,-0.04202775,0.07115765,0.08770195,3
2014-02-24 18:44:37.636,3250,325,43.617,3.947414,25.08131,12.15633,49.60321,9,5,1393263873,-0.9785919,-0.06370544,0.1226044,-12.24329,19.27149,-10.8315,333.5052,332.7943,25,2.218674,2.935771,0.1568948,0.07537255,-1.745469,-0.070324,2.203132,2.926,0.1567266,-0.1342583,-0.1265099,0.1358327,3
2014-02-24 18:44:37.737,3251,325.1,43.61707,3.947538,24.22959,13.01773,50.30461,9,5,1393263874,-0.9785919,-0.06370544,0.1226044,-11.69544,19.38022,-10.60382,334.3152,333.6042,25,2.435172,1.845312,0.7878443,0.1234698,-1.689754,-0.08807626,2.774078,2.478953,0.6827414,-0.09114663,-0.09357767,-0.004050836,3
2014-02-24 18:44:37.860,3252,325.2,43.61707,3.947538,24.22959,13.01773,50.30461,9,5,1393263874,-0.88237,-0.01496887,-0.1555786,-11.20237,19.54332,-11.34378,333.2631,332.5521,25,2.064192,0.6816329,1.189802,0.1700155,-1.646316,-0.1061948,2.419629,1.835542,0.7876761,0.01294054,-0.1697007,0.04758175,3
2014-02-24 18:44:37.981,3253,325.3,43.61707,3.947538,24.22959,13.01773,50.30461,9,5,1393263874,-0.8523407,0.08496094,-0.03112793,-11.69544,19.38022,-11.62838,332.5224,331.8114,25,1.554284,0.172069,1.173453,0.2097467,-1.620987,-0.1277378,2.048649,0.6718625,1.189634,0.1082336,-0.1423596,-0.2053391,3
2014-02-24 18:44:38.078,3254,325.4,43.61707,3.947538,24.22959,13.01773,50.30461,9,5,1393263874,-0.7803345,0.1070709,-0.06265259,-11.14758,19.70641,-11.05918,333.4577,332.7467,25,1.617792,0.5439477,0.4161261,0.2409968,-1.613156,-0.151503,1.538741,0.1622986,1.173285,0.1736327,-0.1674494,-0.0600966,3
2014-02-24 18:44:38.191,3255,325.5,43.61707,3.947538,24.22959,13.01773,50.30461,9,5,1393263874,-0.8773956,0.06494141,-0.1180878,-11.36673,19.38022,-10.03461,334.6855,333.9745,25,1.806325,0.6616616,0.2138409,0.2703365,-1.600614,-0.1656496,1.60225,0.5341774,0.4159579,0.2271908,-0.05490772,-0.03819425,3
2014-02-24 18:44:38.303,3256,325.6,43.61707,3.947538,24.22959,13.01773,50.30461,9,5,1393263874,-0.8669128,-0.009872437,-0.2285919,-11.64065,20.84808,-9.522339,337.9824,337.2714,25,1.910479,0.9051557,0.2312346,0.3022592,-1.583958,-0.1708018,1.790783,0.6518913,0.2136727,0.1417813,-0.09177126,-0.12587,3
2014-02-24 18:44:38.551,3257,325.7,43.61707,3.947538,24.22959,13.01773,50.30461,9,5,1393263874,-0.8543549,0.09962463,-0.2175598,-11.0928,19.65204,-10.77458,334.0048,333.2938,25,1.914853,0.7697241,0.01557337,0.3376833,-1.563077,-0.1753796,1.894937,0.8953854,0.2310664,0.1072354,-0.1095405,-0.1104868,3
2014-02-24 18:44:38.692,3258,325.8,43.61715,3.947671,24.32069,13.71104,50.76415,9,10,1393263875,-0.7608032,0.06806946,-0.2903442,-9.887527,19.76077,-10.43306,334.1133,333.4023,25,2.021813,0.8938767,-0.2954839,0.3735493,-1.541329,-0.176475,1.89931,0.7599539,0.01540517,0.1171284,-0.1854329,-0.199586,3
2014-02-24 18:44:38.794,3259,325.9,43.61715,3.947671,24.32069,13.71104,50.76415,9,10,1393263875,-0.6953125,0.1357269,-0.2510834,-11.03801,19.16275,-9.123894,335.6276,334.9166,25,1.895756,0.6804582,-0.4999054,0.4103332,-1.518877,-0.1716261,2.00627,0.8841065,-0.2956521,0.1296258,-0.07116015,-0.1664261,3
2014-02-24 18:44:38.893,3260,326,43.61715,3.947671,24.32069,13.71104,50.76415,9,10,1393263875,-0.7857056,0.01286316,-0.1429596,-11.58587,19.27148,-9.693096,335.2063,334.4953,25,2.050157,-0.03146791,-1.375997,0.4467833,-1.498709,-0.161805,1.880214,0.670688,-0.5000736,0.2235717,-0.09303042,-0.2192602,3
2014-02-24 18:44:39.013,3261,326.1,43.61715,3.947671,24.32069,13.71104,50.76415,9,10,1393263875,-0.7857056,0.01286316,-0.1429596,-11.80501,19.38021,-10.2623,334.6504,333.9394,25,2.313757,-0.2009611,-1.991212,0.5206143,-1.486222,-0.1026314,2.298215,-0.2107311,-1.99138,0.2223684,-0.001956937,-0.02427765,3
2014-02-24 18:44:39.158,3262,326.2,43.61715,3.947671,24.32069,13.71104,50.76415,9,10,1393263875,-0.9422302,-0.006210327,-0.09294128,-11.85979,20.19569,-10.09154,334.7637,334.0527,25,2.315544,-0.3759108,-2.185396,0.5206143,-1.486222,-0.1026314,2.298215,-0.2107311,-1.99138,0.2223684,-0.001956937,-0.02427765,3
2014-02-24 18:44:39.465,3263,326.3,43.61715,3.947671,24.32069,13.71104,50.76415,9,10,1393263875,-0.9422302,-0.006210327,-0.09294128,-10.43538,19.97823,-10.88842,333.375,332.664,25,2.498112,0.03380031,-2.151275,0.6012296,-1.492326,-0.01518882,2.48257,0.02403031,-2.151443,0.08865047,-0.09239771,-0.06726463,3
2014-02-24 18:44:39.644,3264,326.4,43.61715,3.947671,24.32069,13.71104,50.76415,9,10,1393263875,-0.7346497,-0.1920624,-0.04136658,-10.7093,19.27148,-9.920776,333.8846,333.1736,25,3.318074,0.1518303,-2.070645,0.653075,-1.488971,0.02824057,3.302532,0.1420603,-2.070812,0.0540265,0.02202649,-0.0112393,3
2014-02-24 18:44:39.754,3265,326.5,43.61715,3.947671,24.32069,13.71104,50.76415,9,10,1393263875,-0.8345337,-0.1981659,0.04820251,-11.36673,19.48895,-10.14846,334.5793,333.8683,25,4.157074,-0.5975609,-1.625914,0.7203589,-1.497877,0.06718162,4.141532,-0.6073308,-1.626082,0.2604431,-0.1249313,0.0313234,3
2014-02-24 18:44:39.864,3266,326.6,43.61723,3.947808,25.03298,14.13388,51.19835,9,10,1393263876,-1.068237,-0.3758087,-0.1326294,-11.36673,20.14133,-10.37614,335.1023,334.3913,25,5.278129,-0.3204553,-1.21782,0.8108996,-1.514743,0.09873842,5.262587,-0.3302251,-1.217988,0.1590327,-0.09958783,0.1039537,3
2014-02-24 18:44:39.993,3267,326.7,43.61723,3.947808,25.03298,14.13388,51.19835,9,10,1393263876,-0.9568634,-0.4699249,-0.1101685,-11.25715,20.35879,-9.579254,337.0843,336.3733,25,5.77797,-0.08423339,-0.2205292,0.9153288,-1.528059,0.1152692,5.762428,-0.09400305,-0.2206974,-0.04384386,-0.2134618,-0.06969568,3
2014-02-24 18:44:40.081,3268,326.8,43.61723,3.947808,25.03298,14.13388,51.19835,9,10,1393263876,-0.7820587,-0.1859741,-0.1716766,-11.03801,20.57625,-9.579254,336.7373,336.0263,25,6.15422,0.912073,0.2719319,1.027801,-1.531961,0.1180022,6.138679,0.9023034,0.2717637,-0.05360137,-0.2383353,-0.05104408,3
2014-02-24 18:44:40.227,3269,326.9,43.61723,3.947808,25.03298,14.13388,51.19835,9,10,1393263876,-0.7820587,-0.1859741,-0.1716766,-11.14758,20.68498,-10.71766,334.3887,333.6777,25,7.335346,1.553408,0.9562477,1.152746,-1.520583,0.1116572,6.96993,1.477875,0.8642041,0.1107606,-0.258463,-0.06504989,3
2014-02-24 18:44:40.471,3270,327,43.61723,3.947808,25.03298,14.13388,51.19835,9,10,1393263876,-0.6504059,-0.2905884,-0.4337006,-11.75022,19.54331,-9.636177,336.4117,335.7007,25,7.335346,1.553408,0.9562477,1.290833,-1.503995,0.1017592,7.319804,1.543639,0.9560795,0.2105494,-0.0843904,-0.10527,3
2014-02-24 18:44:40.570,3271,327.1,43.61723,3.947808,25.03298,14.13388,51.19835,9,10,1393263876,-0.6504059,-0.2905884,-0.4337006,-11.75022,19.97823,-10.5469,335.487,334.776,25,6.764758,-1.276141,0.7320295,1.422409,-1.502014,0.09110956,6.56425,0.7318207,1.081094,0.2792032,-0.2463578,-0.2681203,3
2014-02-24 18:44:40.680,3272,327.2,43.61723,3.947808,25.03298,14.13388,51.19835,9,10,1393263876,-0.8883209,-0.34198,-0.4146271,-12.68157,19.81514,-9.92078,336.9724,336.2614,25,6.299659,-0.6402221,0.4785221,1.546308,-1.52544,0.08370769,6.749217,-1.28591,0.7318613,0.3450679,-0.2069784,-0.3885184,3
2014-02-24 18:44:40.788,3273,327.3,43.61723,3.947808,25.03298,14.13388,51.19835,9,10,1393263876,-0.9187164,-0.3889008,-0.5141144,-11.80501,19.70641,-10.71766,335.3265,334.6155,25,5.829825,-0.3350057,0.4041632,1.667298,-1.549938,0.07640676,6.284118,-0.6499915,0.4783539,0.1908658,-0.2157055,-0.2674125,3
2014-02-24 18:44:41.027,3274,327.4,43.61732,3.947955,26.264,14.68615,51.65833,9,10,1393263877,-0.3066559,-0.1248932,-0.7342834,-11.75022,20.52188,-10.54691,336.6641,335.9531,25,4.967255,0.08925504,-0.4235723,1.883868,-1.573235,0.06382037,5.465443,0.3130452,0.2264695,0.1099149,-0.2980546,-0.5378496,3
2014-02-24 18:44:41.150,3275,327.5,43.61732,3.947955,26.264,14.68615,51.65833,9,10,1393263877,-0.3366089,-0.2043915,-0.6462708,-12.02415,19.70641,-10.94534,335.9222,335.2112,25,4.988018,-1.266134,-1.414325,1.979818,-1.574275,0.06607424,4.951714,0.0794857,-0.4237405,0.2659698,-0.2520128,-0.6202924,3
2014-02-24 18:44:41.268,3276,327.6,43.61732,3.947955,26.264,14.68615,51.65833,9,10,1393263877,-0.3530731,-0.2524261,-0.5797577,-11.58587,18.94529,-11.85606,333.1634,332.4524,25,4.617167,-2.396451,-1.945312,2.073441,-1.59703,0.08435971,4.972476,-1.275903,-1.414493,0.6894451,-0.0406335,-0.7604212,3
2014-02-24 18:44:41.464,3277,327.7,43.61732,3.947955,26.264,14.68615,51.65833,9,10,1393263877,-0.4486542,-0.3164368,-0.3463287,-10.98323,19.32585,-11.57146,333.8644,333.1534,25,4.650453,-3.768543,-2.200243,2.1629,-1.6409,0.1138649,4.601626,-2.40622,-1.94548,0.6544752,-0.09077243,-0.7158631,3
2014-02-24 18:44:41.617,3278,327.8,43.61732,3.947955,26.264,14.68615,51.65833,9,10,1393263877,-0.5345459,-0.4573975,-0.1034241,-11.91458,19.38021,-11.51454,335.9995,335.2885,25,4.730382,-5.156091,-2.590655,2.25274,-1.71357,0.1438757,4.634912,-3.778312,-2.200411,0.6265249,-0.1090464,-0.7205769,3
2014-02-24 18:44:41.742,3279,327.9,43.61732,3.947955,26.264,14.68615,51.65833,9,10,1393263877,-0.5345459,-0.4573975,-0.1034241,-11.91458,19.81514,-10.71766,337.8557,337.1447,25,3.949575,-5.814381,-4.081577,2.44637,-1.939766,0.20783,3.934034,-5.82415,-4.081745,0.3416447,-0.1689834,-0.532444,3
2014-02-24 18:44:41.847,3280,328,43.61732,3.947955,26.264,14.68615,51.65833,9,10,1393263877,-0.6234894,-0.8981018,-0.4796295,-11.14758,20.0326,-10.03461,338.6053,337.8943,25,2.579625,-5.347684,-5.778008,2.54219,-2.065406,0.2716944,2.564085,-5.357453,-5.778176,0.3024729,-0.382286,-0.6891176,3
2014-02-24 18:44:41.969,3281,328.1,43.6174,3.9481,26.04385,14.45075,52.06983,9,10,1393263878,-0.7176208,-1.395111,-0.6516571,-10.43538,20.30442,-9.977695,338.7429,338.0319,25,0.4971496,-5.743957,-6.272772,2.629422,-2.194409,0.3563359,0.481609,-5.753726,-6.272941,0.07312678,-0.8174019,-1.189545,3
2014-02-24 18:44:42.080,3282,328.2,43.6174,3.9481,26.04385,14.45075,52.06983,9,10,1393263878,-0.7237549,-1.783279,-0.5454712,-8.353542,19.43458,-8.953133,339.2839,338.5729,25,-2.690475,-7.010663,-5.554317,2.683109,-2.336177,0.4590791,-2.706015,-7.020432,-5.554486,-0.07116599,-0.9519883,-1.272735,3
2014-02-24 18:44:42.196,3283,328.3,43.6174,3.9481,26.04385,14.45075,52.06983,9,10,1393263878,-0.6915436,-1.799545,-0.07583618,-8.243967,19.43458,-9.977699,336.3163,335.6053,25,-5.843529,-8.765949,-4.167958,2.691179,-2.490771,0.5835858,-5.859069,-8.775719,-4.168126,-0.218186,-1.23226,-1.209382,3
2014-02-24 18:44:42.304,3284,328.4,43.6174,3.9481,26.04385,14.45075,52.06983,9,10,1393263878,-0.6539307,-1.788986,0.3965454,-9.17532,19.27148,-9.237732,337.5961,336.8851,25,-8.257201,-10.19842,-2.810493,2.66236,-2.654314,0.733686,-8.272741,-10.20818,-2.810661,-0.3437889,-1.129933,-0.7321033,3
2014-02-24 18:44:42.551,3285,328.5,43.6174,3.9481,26.04385,14.45075,52.06983,9,10,1393263878,-0.6679993,-1.770981,0.7707977,-7.422195,19.92387,-10.8315,333.5224,332.8114,25,-9.704113,-10.68237,-1.695832,2.615681,-2.817376,0.9078859,-9.719653,-10.69213,-1.696,-0.4715067,-0.9951207,-0.4113079,3
2014-02-24 18:44:42.674,3286,328.6,43.6174,3.9481,26.04385,14.45075,52.06983,9,10,1393263878,-0.6911621,-1.546783,1.071213,-7.641336,20.46752,-11.28686,332.9427,332.2317,25,-10.35858,-10.41411,-0.5421871,2.562858,-2.970074,1.096364,-10.37412,-10.42388,-0.5423553,-0.585465,-0.9026077,0.1658062,3
2014-02-24 18:44:42.798,3287,328.7,43.6174,3.9481,26.04385,14.45075,52.06983,9,10,1393263878,-0.6911621,-1.546783,1.071213,-7.093485,20.57625,-11.17303,332.9129,332.2019,25,-9.532097,-8.24595,1.917501,2.49227,-3.089417,1.288976,-10.37412,-9.617139,0.7038224,-0.6540145,-0.7434744,0.6427605,3
2014-02-24 18:44:42.888,3288,328.8,43.61748,3.948241,25.02477,15.11334,51.68038,9,10,1393263879,-0.7286835,-1.016556,1.156601,-7.860474,20.35879,-9.010052,336.3026,335.5916,25,-7.943814,-6.31185,2.575515,2.271026,-3.035723,1.472489,-9.547637,-8.255718,1.917333,-0.6807905,-0.5516117,0.9736131,3
2014-02-24 18:44:43.125,3289,328.9,43.61748,3.948241,25.02477,15.11334,51.68038,9,10,1393263879,-0.4359741,-0.9883728,1.129547,-8.463114,20.52188,-9.977699,335.3505,334.6395,25,-3.609973,-1.915293,2.371289,-0.4255165,-0.5649983,1.358662,-6.158261,-3.992095,2.725935,-0.5301534,0.1089619,1.227051,3
2014-02-24 18:44:43.250,3290,329,43.61748,3.948241,25.02477,15.11334,51.68038,9,10,1393263879,-0.1573944,-0.893692,0.4669037,-8.73704,20.57625,-10.14846,335.0264,334.3154,25,-1.073772,0.482405,1.691848,-0.4536399,-0.5892623,1.260188,-3.625513,-1.925062,2.37112,-0.4336734,-0.0512548,1.272586,3
2014-02-24 18:44:43.475,3291,329.1,43.61748,3.948241,25.02477,15.11334,51.68038,9,10,1393263879,-0.00970459,-1.013184,0.404129,-6.655203,20.79371,-11.17303,332.472,331.761,25,0.02392664,1.410002,1.542008,-0.4289818,-0.617645,1.210318,-1.089312,0.4726363,1.69168,-0.1662771,0.1155682,1.429309,3
2014-02-24 18:44:43.625,3292,329.2,43.61748,3.948241,25.02477,15.11334,51.68038,9,10,1393263879,0.07141113,-0.9534302,0.09350586,-7.531763,20.35879,-10.2623,335.8343,335.1233,25,0.3228353,2.304387,1.267509,-0.3729305,-0.6505451,1.188492,0.008360999,1.400235,1.541839,0.1625777,-0.05252386,0.8025548,3
2014-02-24 18:44:43.721,3293,329.3,43.61748,3.948241,25.02477,15.11334,51.68038,9,10,1393263879,0.06565857,-1.035568,0.03062439,-8.353542,20.08696,-10.09154,338.2197,337.5087,25,0.7418525,2.527414,0.5467235,-0.3128564,-0.6682487,1.175275,0.3072697,2.29462,1.26734,0.2290253,-0.09038771,0.7065456,3
2014-02-24 18:44:43.864,3294,329.4,43.61748,3.948241,25.02477,15.11334,51.68038,9,10,1393263879,0.06358337,-1.363434,-0.06251526,-8.517899,20.68498,-9.237736,340.2126,339.5016,25,0.8818305,2.365455,0.0006346313,-0.263048,-0.6684604,1.173953,0.726287,2.517647,0.5465546,0.3109612,-0.03114464,0.3968293,3
2014-02-24 18:44:43.981,3295,329.5,43.61756,3.948383,24.91717,14.48863,52.40228,9,10,1393263880,0.1688843,-1.347046,0.0448761,-8.572683,20.84808,-9.863857,338.4264,337.7154,25,0.8311377,1.59332,0.2997873,-0.2327986,-0.6505105,1.184413,0.8662649,2.355689,0.0004656472,0.2938707,-0.1092902,0.3305049,3
2014-02-24 18:44:44.098,3296,329.6,43.61756,3.948383,24.91717,14.48863,52.40228,9,10,1393263880,0.1688843,-1.347046,0.0448761,-10.49016,20.46752,-10.03462,336.8537,336.1427,25,0.6117933,0.4927144,0.505504,-0.1628496,-0.6655954,1.19954,0.596228,0.4829477,0.505335,0.2801067,-0.4817172,0.1626383,3
2014-02-24 18:44:44.250,3297,329.7,43.61756,3.948383,24.91717,14.48863,52.40228,9,10,1393263880,0.404953,-1.543808,-0.3547211,-10.38059,20.79371,-10.03461,336.7927,336.0817,25,0.2397947,-0.4078064,0.0813617,-0.1628496,-0.6655954,1.19954,0.596228,0.4829477,0.505335,0.2801067,-0.4817172,0.1626383,3
2014-02-24 18:44:44.364,3298,329.8,43.61756,3.948383,24.91717,14.48863,52.40228,9,10,1393263880,0.404953,-1.543808,-0.3547211,-10.32581,21.71792,-10.31921,337.1354,336.4244,25,-0.6110064,-2.330653,-0.01948928,-0.1499744,-0.7070272,1.198552,-0.6265716,-2.340419,-0.01965826,0.7256504,-0.7538655,-0.07519031,3
2014-02-24 18:44:44.549,3299,329.9,43.61756,3.948383,24.91717,14.48863,52.40228,9,10,1393263880,0.1130066,-1.40094,-0.2645416,-9.997097,19.97823,-9.522339,336.8397,336.1287,25,-1.138549,-3.566888,-0.1790728,-0.1876418,-0.7309395,1.185821,-1.154114,-3.576655,-0.1792418,0.6556492,-0.6170001,-0.07511677,3
2014-02-24 18:44:44.685,3300,330,43.61756,3.948383,24.91717,14.48863,52.40228,9,10,1393263880,-0.2054749,-1.21994,-0.2295837,-11.0928,20.73934,-10.31922,336.6761,335.9651,25,-1.223301,-4.120214,-0.2659891,-0.2366444,-0.7596077,1.171762,-1.238866,-4.12998,-0.266158,0.380562,-0.4795035,0.01718318,3
2014-02-24 18:44:44.769,3301,330.1,43.61756,3.948383,24.91717,14.48863,52.40228,9,10,1393263880,-0.4946594,-1.130508,-0.07264709,-10.87366,20.63062,-10.66074,335.3996,334.6886,25,-0.969426,-4.012387,-0.6341317,-0.2896173,-0.7878186,1.163466,-0.9849911,-4.022154,-0.6343006,0.07532964,-0.3017586,0.04986468,3
2014-02-24 18:44:44.896,3302,330.2,43.61756,3.948383,24.91717,14.48863,52.40228,9,10,1393263880,-0.6116486,-1.1147,-0.04582214,-10.54495,20.1957,-10.43306,334.9239,334.2129,25,-0.464699,-3.039756,-0.9602073,-0.3405811,-0.8055985,1.165972,-0.480264,-3.049523,-0.9603762,-0.2105917,-0.2113368,0.2001698,3
2014-02-24 18:44:44.983,3303,330.3,43.61756,3.948383,24.91717,14.48863,52.40228,9,10,1393263880,-0.5883484,-1.095947,-0.1354218,-10.16145,20.0326,-10.71766,334.3954,333.6844,25,-0.03973569,-1.723652,-1.061646,-0.3824649,-0.8080758,1.177511,-0.05530065,-1.733418,-1.061814,-0.2804393,-0.1931814,0.2312735,3
2014-02-24 18:44:45.129,3304,330.4,43.61765,3.948547,23.59161,14.48863,51.59068,9.019691,10,1393263881,-0.5883484,-1.095947,-0.1354218,-10.27102,19.70641,-9.465412,336.3646,335.6536,25,0.06560618,-0.8934655,-0.6722255,-0.4123066,-0.8027961,1.191226,0.1070047,-0.9926587,-0.8551526,-0.3498775,-0.1870513,0.1754456,3
2014-02-24 18:44:45.234,3305,330.5,43.61765,3.948547,23.59161,14.48863,51.59068,9.019691,10,1393263881,-0.3828125,-0.8942566,-0.1677094,-10.54495,19.32585,-8.953133,337.5801,336.8691,25,0.06560618,-0.8934655,-0.6722255,-0.4350655,-0.798341,1.201954,0.05004135,-0.9032318,-0.6723945,-0.2916194,-0.1321962,0.1086114,3
2014-02-24 18:44:45.355,3306,330.6,43.61765,3.948547,23.59161,14.48863,51.59068,9.019691,10,1393263881,-0.3828125,-0.8942566,-0.1677094,-11.64065,19.43458,-9.066975,338.6168,337.9058,25,-0.4757362,-2.334133,-0.1601023,-0.4599038,-0.7981129,1.207845,-0.2571798,-1.513831,-0.4781702,-0.2383651,-0.1206431,0.06932276,3
2014-02-24 18:44:45.556,3307,330.7,43.61765,3.948547,23.59161,14.48863,51.59068,9.019691,10,1393263881,-0.3675995,-0.7082825,-0.06648254,-12.24329,19.27148,-11.05918,336.7874,336.0764,25,-0.4412328,-3.075333,0.09850793,-0.4864044,-0.8110722,1.206116,-0.4913009,-2.343899,-0.1602713,-0.1242316,0.03998128,0.07792352,3
2014-02-24 18:44:45.682,3308,330.8,43.61765,3.948547,23.59161,14.48863,51.59068,9.019691,10,1393263881,-0.3166656,-0.6251831,-0.005065918,-11.91457,19.27148,-11.4007,336.0261,335.3151,25,-0.1944014,-3.602742,0.2409335,-0.5050398,-0.8462424,1.199964,-0.4567975,-3.085099,0.09833896,-0.09624249,0.2237435,0.1737111,3
2014-02-24 18:44:45.763,3309,330.9,43.61765,3.948547,23.59161,14.48863,51.59068,9.019691,10,1393263881,-0.2798157,-0.583725,0.04771423,-11.58586,19.81514,-10.94534,337.3228,336.6118,25,0.1487045,-3.880647,0.3091163,-0.5108767,-0.9048148,1.193341,-0.2099661,-3.612508,0.2407645,-0.06032825,0.2810763,0.2019641,3
2014-02-24 18:44:45.895,3310,331,43.61765,3.948547,23.59161,14.48863,51.59068,9.019691,10,1393263881,-0.4410706,-0.5189362,0.3642731,-11.75022,19.97823,-10.5469,337.7706,337.0596,25,0.5886108,-3.585873,0.03713139,-0.5016959,-0.9842569,1.188874,0.13314,-3.890413,0.3089473,0.01645076,0.3192311,0.20331,3
2014-02-24 18:44:45.982,3311,331.1,43.61765,3.948547,23.59161,14.48863,51.59068,9.019691,10,1393263881,-0.6338501,-0.5361633,0.4207001,-11.4763,20.14133,-11.62838,336.5033,335.7923,25,1.440233,-2.39877,-0.3076481,-0.4799757,-1.074208,1.189734,0.5730463,-3.595639,0.03696242,0.04247041,0.4858871,0.3027823,3
2014-02-24 18:44:46.111,3312,331.2,43.61773,3.948723,28.92337,15.35538,54.94272,9.272996,10,1393263882,-0.5861511,-0.7163696,0.2060699,-10.81887,19.27148,-11.85606,335.6934,334.9824,25,2.376156,-0.9625024,-0.615337,-0.4347699,-1.171261,1.201976,1.424669,-2.408536,-0.3078171,-0.1089491,0.4138173,0.5045099,3
2014-02-24 18:44:46.304,3313,331.3,43.61773,3.948723,28.92337,15.35538,54.94272,9.272996,10,1393263882,-0.5486908,-0.951828,0.04927063,-10.98323,19.65204,-10.43306,337.6457,336.9347,25,3.63944,-0.1949109,-0.5227103,-0.1918077,-1.437062,1.246058,3.127735,-0.3634253,-0.6211175,-0.2699389,0.2313645,0.2486122,3
2014-02-24 18:44:46.559,3314,331.4,43.61773,3.948723,28.92337,15.35538,54.94272,9.272996,10,1393263882,-0.5408936,-1.137207,0.09851074,-12.40764,19.10839,-11.79914,335.0278,334.3168,25,4.086541,-0.3955785,-0.3921076,0.02273949,-1.64627,1.248218,3.623875,-0.2046806,-0.5228706,-0.2468016,0.1230123,0.07692666,3
2014-02-24 18:44:46.687,3315,331.5,43.61773,3.948723,28.92337,15.35538,54.94272,9.272996,10,1393263882,-0.5408936,-1.137207,0.09851074,-12.24328,18.94529,-11.85606,336.0301,335.3191,25,4.470727,-0.8263818,-0.2070736,0.4766478,-2.093252,1.214252,4.455163,-0.8361517,-0.207233,-0.2377321,-0.1314796,-0.1064089,3
2014-02-24 18:44:46.768,3316,331.6,43.61773,3.948723,28.92337,15.35538,54.94272,9.272996,10,1393263882,-0.5740051,-1.345337,0.1864471,-11.53108,18.67347,-12.70987,333.733,333.022,25,4.600813,-1.34344,0.06669062,0.4766478,-2.093252,1.214252,4.455163,-0.8361517,-0.207233,-0.2377321,-0.1314796,-0.1064089,3
2014-02-24 18:44:46.879,3317,331.7,43.61773,3.948723,28.92337,15.35538,54.94272,9.272996,10,1393263882,-0.5740051,-1.345337,0.1864471,-10.87366,18.02108,-12.36835,333.8589,333.1479,25,4.292222,-1.92448,0.2735175,0.7954897,-2.440179,1.10392,4.276658,-1.93425,0.2733581,-0.2823517,-0.2642174,-0.2133819,3
2014-02-24 18:44:46.979,3318,331.8,43.61773,3.948723,28.92337,15.35538,54.94272,9.272996,10,1393263882,-0.6059418,-1.287247,0.1183624,-11.42151,18.23854,-12.14067,335.9255,335.2145,25,3.695903,-2.138813,0.5502541,0.8732951,-2.547308,1.040679,3.680338,-2.148582,0.5500947,-0.2908923,-0.4825892,-0.2324963,3
2014-02-24 18:44:47.089,3319,331.9,43.61773,3.948723,28.92337,15.35538,54.94272,9.272996,10,1393263882,-0.6045685,-1.225159,0.1559601,-11.85979,18.34727,-11.00226,338.475,337.764,25,2.999641,-2.324296,0.7037459,0.9142202,-2.624408,0.9830375,2.984077,-2.334065,0.7035865,-0.3317788,-0.4550612,-0.3636148,3
2014-02-24 18:44:47.201,3320,332,43.61781,3.948888,33.15815,15.58618,54.40849,9.185246,10,1393263883,-0.6049957,-1.173004,0.1916656,-11.91458,18.83656,-12.19758,335.8786,335.1676,25,2.312835,-2.385928,0.8866199,0.9296781,-2.681626,0.9338878,2.29727,-2.395698,0.8864605,-0.3427463,-0.4532335,-0.3952532,3
2014-02-24 18:44:47.288,3321,332.1,43.61781,3.948888,33.15815,15.58618,54.40849,9.185246,10,1393263883,-0.5784302,-1.116425,0.23349,-12.18851,18.67347,-12.82371,335.5583,334.8473,25,1.661377,-2.256772,1.082049,0.9262781,-2.722216,0.8942463,1.645812,-2.266541,1.08189,-0.3544908,-0.4132558,-0.3976558,3
2014-02-24 18:44:47.547,3322,332.2,43.61781,3.948888,33.15815,15.58618,54.40849,9.185246,10,1393263883,-0.5400238,-1.080444,0.2248993,-10.76409,18.67347,-12.36834,335.3213,334.6103,25,1.138258,-2.031894,1.217949,0.9099973,-2.749391,0.863297,1.122693,-2.041664,1.217789,-0.3472822,-0.385152,-0.3914638,3
2014-02-24 18:44:47.672,3323,332.3,43.61781,3.948888,33.15815,15.58618,54.40849,9.185246,10,1393263883,-0.5400238,-1.080444,0.2248993,-10.81887,19.16275,-11.9699,337.0271,336.3161,25,0.2573761,-1.710384,1.451529,0.8849539,-2.765521,0.8402185,0.6464937,-1.786019,1.329203,-0.3148729,-0.3460924,-0.386199,3
2014-02-24 18:44:47.775,3324,332.4,43.61781,3.948888,33.15815,15.58618,54.40849,9.185246,10,1393263883,-0.4473267,-0.9246826,0.2511444,-10.76409,19.8695,-12.36834,336.1829,335.4719,25,0.2573761,-1.710384,1.451529,0.8526399,-2.773874,0.8239635,0.2418117,-1.720153,1.451369,-0.2958174,-0.3466003,-0.4090062,3
2014-02-24 18:44:47.870,3325,332.5,43.61781,3.948888,33.15815,15.58618,54.40849,9.185246,10,1393263883,-0.4473267,-0.9246826,0.2511444,-10.27102,19.38022,-12.31142,335.313,334.602,25,-0.7085292,-1.898835,1.777252,0.8129853,-2.777023,0.8150865,-0.2846581,-1.741293,1.582599,-0.2585754,-0.2615034,-0.3887793,3
2014-02-24 18:44:47.972,3326,332.6,43.61789,3.949068,33.68909,15.58618,54.94272,9,10,1393263884,-0.4302673,-0.8937988,0.2979279,-10.10667,19.43458,-12.25451,335.388,334.677,25,-0.9496468,-2.082934,1.94918,0.7642374,-2.775735,0.8138529,-0.7240935,-1.908604,1.777093,-0.2016585,-0.1977442,-0.3901104,3
2014-02-24 18:44:48.082,3327,332.7,43.61789,3.949068,33.68909,15.58618,54.94272,9,10,1393263884,-0.4198456,-0.8700104,0.3115234,-10.16145,19.81514,-12.08374,335.8499,335.1389,25,-1.015209,-2.191777,2.008267,0.7076544,-2.77243,0.816624,-0.965211,-2.092704,1.94902,-0.1929137,-0.1728797,-0.3611688,3
2014-02-24 18:44:48.211,3328,332.8,43.61789,3.949068,33.68909,15.58618,54.94272,9,10,1393263884,-0.4048309,-0.7785339,0.3139648,-10.16145,19.70641,-11.62838,336.4426,335.7316,25,-0.870778,-2.229609,1.957234,0.6442636,-2.764824,0.823218,-1.030773,-2.201544,2.008107,-0.1743196,-0.1545257,-0.3225315,3
2014-02-24 18:44:48.401,3329,332.9,43.61789,3.949068,33.68909,15.58618,54.94272,9,10,1393263884,-0.3764038,-0.6935883,0.2844086,-9.284887,19.59768,-11.62839,337.5746,336.8636,25,-0.6840183,-2.184958,1.83307,0.5797388,-2.756386,0.8292984,-0.8863415,-2.239374,1.957072,-0.1580244,-0.0878139,-0.3136451,3
2014-02-24 18:44:48.571,3330,333,43.61789,3.949068,33.68909,15.58618,54.94272,9,10,1393263884,-0.379776,-0.7331848,0.3168488,-9.175316,20.0326,-11.28687,336.4021,335.6911,25,-0.5296191,-2.133404,1.753105,0.5231008,-2.755548,0.829716,-0.6995816,-2.194722,1.832908,-0.1308522,0.02347574,-0.3321746,3
2014-02-24 18:44:48.696,3331,333.1,43.61789,3.949068,33.68909,15.58618,54.94272,9,10,1393263884,-0.3804779,-0.7988129,0.3436432,-9.942312,20.46752,-10.94534,336.3003,335.5893,25,-0.4558717,-2.081811,1.755656,0.4716467,-2.75779,0.8277024,-0.5451825,-2.143168,1.752943,-0.1230632,0.04279056,-0.3429388,3
2014-02-24 18:44:48.795,3332,333.2,43.61789,3.949068,33.68909,15.58618,54.94272,9,10,1393263884,-0.3798218,-0.8336334,0.3575745,-10.32581,20.1957,-11.1161,335.7287,335.0177,25,-0.5459318,-2.006428,1.772825,0.4220338,-2.760554,0.8238975,-0.4714349,-2.091576,1.755494,-0.1271297,0.0006144308,-0.3137926,3
2014-02-24 18:44:48.883,3333,333.3,43.61789,3.949068,33.68909,15.58618,54.94272,9,10,1393263884,-0.3931885,-0.8798676,0.4084625,-9.33968,20.95681,-12.02682,334.5341,333.8232,25,-0.6714066,-1.965544,1.761836,0.3707767,-2.760293,0.821626,-0.5614949,-2.016191,1.772662,-0.1270478,-0.06655871,-0.2884779,3
2014-02-24 18:44:49.014,3334,333.4,43.61798,3.949231,33.28143,16.50139,50.57566,9,10,1393263885,-0.3931885,-0.8798676,0.4084625,-9.01096,20.63061,-12.70987,331.468,330.757,25,-0.8114814,-1.969086,1.737063,0.2623123,-2.751647,0.825817,-0.8270445,-1.978847,1.736897,-0.1285591,-0.1282403,-0.2566551,3
2014-02-24 18:44:49.229,3335,333.5,43.61798,3.949231,33.28143,16.50139,50.57566,9,10,1393263885,-0.4102631,-0.894104,0.4542236,-8.956179,21.01117,-11.62838,333.5188,332.8078,25,-1.169222,-2.068398,1.709961,0.1531146,-2.745762,0.8372729,-1.184785,-2.078157,1.709794,-0.1577855,-0.1700674,-0.1566032,3
2014-02-24 18:44:49.368,3336,333.6,43.61798,3.949231,33.28143,16.50139,50.57566,9,10,1393263885,-0.4201355,-0.9165039,0.5010834,-8.956181,21.1199,-11.51455,333.6564,332.9454,25,-1.323828,-2.22956,1.832052,0.09260672,-2.740737,0.8470364,-1.339391,-2.23932,1.831884,-0.1518656,-0.1447828,-0.1554882,3
2014-02-24 18:44:49.577,3337,333.7,43.61798,3.949231,33.28143,16.50139,50.57566,9,10,1393263885,-0.4079437,-0.8310089,0.494751,-10.32581,19.97823,-10.5469,335.2157,334.5047,25,-1.431094,-2.389719,2.034359,0.02592282,-2.73398,0.8570089,-1.446657,-2.399478,2.034191,-0.1605998,-0.1606162,-0.09997822,3
2014-02-24 18:44:49.679,3338,333.8,43.61798,3.949231,33.28143,16.50139,50.57566,9,10,1393263885,-0.3878479,-0.7933807,0.5181122,-10.10667,19.54331,-12.25451,330.6451,329.9341,25,-1.440289,-2.52272,2.278402,-0.04915397,-2.722858,0.8660197,-1.455853,-2.532479,2.278234,-0.1445191,-0.06925265,-0.09713994,3
2014-02-24 18:44:49.940,3339,333.9,43.61798,3.949231,33.28143,16.50139,50.57566,9,10,1393263885,-0.3646698,-0.7481079,0.5043945,-9.777958,19.21712,-11.91298,330.7047,329.9937,25,-0.9261391,-2.453957,2.445731,-0.2055115,-2.69821,0.8693221,-0.9417019,-2.463715,2.445563,-0.1005443,-0.002801481,-0.06686055,3
2014-02-24 18:44:50.038,3340,334,43.61808,3.949401,32.60802,16.53539,51.54697,9,10,1393263886,-0.3646698,-0.7481079,0.5043945,-10.05188,19.27149,-11.85606,331.112,330.401,25,-0.1077118,-1.821923,2.029798,-0.2756406,-2.687901,0.8616445,-0.5311624,-2.217957,2.308718,-0.07930733,0.01182891,-0.07801899,3
2014-02-24 18:44:50.178,3341,334.1,43.61808,3.949401,32.60802,16.53539,51.54697,9,10,1393263886,-0.3555908,-0.7454529,0.4869232,-9.997097,18.99966,-12.14067,330.1425,329.4315,25,0.1897502,-1.371181,1.69744,-0.3337402,-2.681037,0.8485632,-0.1233056,-1.831679,2.029667,-0.07086375,0.002223462,-0.08778857,3
2014-02-24 18:44:50.271,3342,334.2,43.61808,3.949401,32.60802,16.53539,51.54697,9,10,1393263886,-0.3434601,-0.7711792,0.4150696,-10.87366,18.56473,-11.79915,330.9473,330.2363,25,0.3177378,-0.922074,1.323585,-0.37828,-2.676738,0.8320004,0.1741565,-1.380936,1.697309,-0.05371107,-0.006172997,-0.1150185,3
2014-02-24 18:44:50.516,3343,334.3,43.61808,3.949401,32.60802,16.53539,51.54697,9,10,1393263886,-0.3298492,-0.7788849,0.3587036,-11.25715,19.27148,-11.28687,333.9644,333.2534,25,0.2841255,-0.6085289,1.019886,-0.4107919,-2.673431,0.8152924,0.3021441,-0.9318296,1.323453,-0.03406052,-0.0432531,-0.1968091,3
2014-02-24 18:44:50.638,3344,334.4,43.61808,3.949401,32.60802,16.53539,51.54697,9,10,1393263886,-0.3180389,-0.8003845,0.3190308,-10.16145,19.59768,-11.51455,331.8316,331.1206,25,0.1329796,-0.4707326,0.8211806,-0.4344489,-2.669811,0.8009061,0.2685319,-0.6182845,1.019755,-0.01350975,-0.06089781,-0.2613156,3
2014-02-24 18:44:50.736,3345,334.5,43.61808,3.949401,32.60802,16.53539,51.54697,9,10,1393263886,-0.3165894,-0.8154755,0.3045197,-10.27102,19.16275,-12.42527,330.0941,329.3831,25,-0.08279555,-0.5626079,0.736714,-0.453319,-2.665977,0.7903572,0.1173861,-0.4804882,0.8210492,-0.004358087,-0.07743552,-0.2822693,3
2014-02-24 18:44:50.866,3346,334.6,43.61808,3.949401,32.60802,16.53539,51.54697,9,10,1393263886,-0.3223572,-0.8253937,0.2986755,-10.59974,19.38021,-12.88063,328.7318,328.0208,25,-0.3329657,-0.7782001,0.6636821,-0.4714481,-2.662853,0.7839228,-0.09838901,-0.5723635,0.7365825,0.01042067,-0.1004711,-0.3240779,3
2014-02-24 18:44:50.952,3347,334.7,43.61808,3.949401,32.60802,16.53539,51.54697,9,10,1393263886,-0.3688965,-0.8308411,0.3664703,-9.723167,19.27148,-10.94534,331.5444,330.8334,25,-0.5415061,-1.063456,0.6269236,-0.4905501,-2.662405,0.7821412,-0.3485591,-0.7879556,0.6635507,0.01172464,-0.121677,-0.3248941,3
2014-02-24 18:44:51.072,3348,334.8,43.61808,3.949401,32.60802,16.53539,51.54697,9,10,1393263886,-0.4056091,-0.8177185,0.4088593,-10.54495,19.76077,-11.22994,332.7462,332.0352,25,-0.7243553,-1.303084,0.6016976,-0.5113633,-2.665716,0.7845784,-0.5570995,-1.073211,0.6267921,0.001846258,-0.1188668,-0.3303809,3
2014-02-24 18:44:51.216,3349,334.9,43.61808,3.949401,32.60802,16.53539,51.54697,9,10,1393263886,-0.4357452,-0.7877655,0.4570312,-10.98323,19.8695,-11.6853,332.7816,332.0706,25,-0.8887134,-1.440718,0.5568841,-0.5338765,-2.67267,0.7905141,-0.7399486,-1.312839,0.6015661,-0.05097577,-0.1201261,-0.261073,3
2014-02-24 18:44:51.535,3350,335,43.61818,3.949569,30.84624,16.96359,51.0783,9,10,1393263887,-0.4343109,-0.71698,0.456543,-10.54495,19.43458,-11.79914,332.4651,331.7541,25,-1.069216,-1.366636,0.4981179,-0.5817657,-2.692002,0.8116187,-0.9925704,-1.470725,0.5185629,-0.1239515,-0.08079579,-0.1889383,3
2014-02-24 18:44:51.619,3351,335.1,43.61818,3.949569,30.84624,16.96359,51.0783,9,10,1393263887,-0.4343109,-0.71698,0.456543,-11.31194,18.23854,-11.57146,333.314,332.603,25,-1.096381,-1.284113,0.4970516,-0.631986,-2.706042,0.8400216,-1.111974,-1.293869,0.4969201,-0.1525408,0.02166561,-0.1514734,3
2014-02-24 18:44:51.761,3352,335.2,43.61818,3.949569,30.84624,16.96359,51.0783,9,10,1393263887,-0.4129639,-0.73526,0.4764404,-11.58586,17.5318,-11.85606,332.332,331.621,25,-1.117724,-1.277068,0.5483944,-0.658626,-2.710002,0.854858,-1.133317,-1.286823,0.548263,-0.14772,0.03531577,-0.1296955,3
2014-02-24 18:44:51.878,3353,335.3,43.61818,3.949569,30.84624,16.96359,51.0783,9,10,1393263887,-0.3936157,-0.7437439,0.4660034,-11.58586,18.07545,-11.28686,334.3259,333.6149,25,-1.248561,-1.315035,0.6038175,-0.6882389,-2.711826,0.8707401,-1.264154,-1.324791,0.603686,-0.1445269,0.02954594,-0.1092331,3
2014-02-24 18:44:51.966,3354,335.4,43.61818,3.949569,30.84624,16.96359,51.0783,9,10,1393263887,-0.3844147,-0.7577972,0.4847412,-11.69544,17.96672,-10.94534,337.8771,337.1661,25,-1.407664,-1.432501,0.6667834,-0.7218875,-2.711828,0.8888078,-1.423257,-1.442256,0.6666519,-0.1309813,0.03257692,-0.1070142,3
2014-02-24 18:44:52.096,3355,335.5,43.61818,3.949569,30.84624,16.96359,51.0783,9,10,1393263887,-0.3804626,-0.7656097,0.5199432,-11.96936,18.45601,-12.36835,336.1456,335.4346,25,-1.553068,-1.61002,0.7187358,-0.7597191,-2.711078,0.9090425,-1.568661,-1.619775,0.7186043,-0.1279595,0.03111851,-0.07368755,3
2014-02-24 18:44:52.215,3356,335.6,43.61827,3.949737,31.33841,16.92652,51.10337,9,5,1393263888,-0.377121,-0.7532806,0.5793915,-10.76409,19.54331,-12.70987,337.0637,336.3527,25,-1.656691,-1.848294,0.7869329,-0.8020914,-2.710233,0.9307731,-1.672284,-1.858049,0.7868015,-0.1317558,0.04137022,-0.03919709,3
2014-02-24 18:44:52.349,3357,335.7,43.61827,3.949737,31.33841,16.92652,51.10337,9,5,1393263888,-0.3795929,-0.7537384,0.6456757,-10.54494,19.10839,-11.34378,338.2455,337.5345,25,-1.703999,-2.103963,0.8933803,-0.8490571,-2.709777,0.9529981,-1.719591,-2.113719,0.8932489,-0.137138,0.04576186,0.02316836,3
2014-02-24 18:44:52.567,3358,335.8,43.61827,3.949737,31.33841,16.92652,51.10337,9,5,1393263888,-0.3822327,-0.7335358,0.6708527,-11.58586,17.5318,-10.60382,338.8194,338.1084,25,-1.687363,-2.374946,1.00763,-0.9010261,-2.709634,0.9744706,-1.702955,-2.384701,1.007498,-0.1442781,0.07542104,0.1015204,3
2014-02-24 18:44:52.681,3359,335.9,43.61827,3.949737,31.33841,16.92652,51.10337,9,5,1393263888,-0.3822327,-0.7335358,0.6708527,-11.58586,18.6191,-11.85606,337.5589,336.8479,25,-1.644112,-2.638483,1.177199,-0.9577721,-2.708931,0.9948443,-1.697406,-2.561797,1.108994,-0.1516309,0.09802779,0.1657549,3
2014-02-24 18:44:52.771,3360,336,43.61827,3.949737,31.33841,16.92652,51.10337,9,5,1393263888,-0.3810425,-0.6986084,0.6774445,-10.65452,19.32585,-11.6853,336.3586,335.6476,25,-1.47824,-2.573568,1.198102,-1.018853,-2.70631,1.014205,-1.659705,-2.648238,1.177068,-0.1594683,0.1155251,0.1918207,3
2014-02-24 18:44:52.880,3361,336.1,43.61827,3.949737,31.33841,16.92652,51.10337,9,5,1393263888,-0.3878326,-0.66745,0.6868896,-10.27102,19.27148,-11.17302,336.823,336.112,25,-1.176599,-2.389148,1.149928,-1.081332,-2.701582,1.031229,-1.493833,-2.583323,1.19797,-0.1622048,0.1593225,0.2126169,3
2014-02-24 18:44:52.988,3362,336.2,43.61827,3.949737,31.33841,16.92652,51.10337,9,5,1393263888,-0.4072723,-0.6490936,0.683609,-10.32581,19.54331,-10.66074,338.3144,337.6034,25,-0.7725196,-2.071791,1.04396,-1.140954,-2.696476,1.043899,-1.192191,-2.398903,1.149797,-0.1713222,0.1969215,0.2330337,3
2014-02-24 18:44:53.133,3363,336.3,43.61827,3.949737,31.33841,16.92652,51.10337,9,5,1393263888,-0.4143677,-0.6947327,0.6926422,-11.25715,18.18418,-10.03461,340.9196,340.2086,25,-0.3099861,-1.652708,0.8460578,-1.192903,-2.692575,1.05105,-0.788112,-2.081546,1.043829,-0.1807413,0.2196906,0.2450765,3
2014-02-24 18:44:53.251,3364,336.4,43.61836,3.949891,32.43378,17.07146,51.11736,9,5,1393263889,-0.4276733,-0.7703552,0.6813354,-11.85979,19.54331,-10.88842,341.5651,340.8541,25,0.1022015,-1.149213,0.6222129,-1.232258,-2.692414,1.05215,-0.3255784,-1.662463,0.8459263,-0.197655,0.1986304,0.2420508,3
2014-02-24 18:44:53.481,3365,336.5,43.61836,3.949891,32.43378,17.07146,51.11736,9,5,1393263889,-0.4074097,-0.8022156,0.6164551,-11.91458,19.16275,-10.60382,342.801,342.09,25,0.2184484,-0.685878,0.480381,-1.256908,-2.696183,1.047403,0.08660921,-1.158968,0.6220815,-0.2062782,0.1356288,0.2417687,3
2014-02-24 18:44:53.614,3366,336.6,43.61836,3.949891,32.43378,17.07146,51.11736,9,5,1393263889,-0.3695831,-0.7568817,0.5170746,-10.43538,18.7822,-11.22994,339.4472,338.7362,25,0.009689645,-0.4965096,0.5504333,-1.271248,-2.699847,1.040077,0.2028562,-0.6956328,0.4802496,-0.2112834,0.09208822,0.2237694,3
2014-02-24 18:44:53.746,3367,336.7,43.61836,3.949891,32.43378,17.07146,51.11736,9,5,1393263889,-0.3532257,-0.7243652,0.5131378,-11.75022,18.12982,-9.522339,342.9406,342.2296,25,-0.1642169,-0.6332174,0.7729873,-1.286735,-2.696607,1.034672,-0.005902505,-0.5062644,0.5503019,-0.1875353,0.0574795,0.1553915,3
2014-02-24 18:44:53.851,3368,336.8,43.61836,3.949891,32.43378,17.07146,51.11736,9,5,1393263889,-0.3483582,-0.7701569,0.539856,-12.62679,18.45601,-9.977703,342.9922,342.2812,25,-0.1009266,-0.9183762,1.054405,-1.311058,-2.686445,1.031302,-0.179809,-0.6429721,0.7728559,-0.1437621,0.101087,0.05566954,3
2014-02-24 18:44:53.991,3369,336.9,43.61836,3.949891,32.43378,17.07146,51.11736,9,5,1393263889,-0.3483582,-0.7701569,0.539856,-12.07893,18.45601,-11.34378,340.6979,339.9869,25,0.1819168,-1.150284,1.263506,-1.381426,-2.661541,1.015375,0.1663248,-1.160039,1.263374,-0.1126347,0.1174856,0.05910899,3
2014-02-24 18:44:54.069,3370,337,43.61836,3.949891,32.43378,17.07146,51.11736,9,5,1393263889,-0.355423,-0.8178101,0.5518188,-11.31194,18.67347,-11.45763,335.3082,334.5972,25,0.5512951,-1.280034,1.40792,-1.381426,-2.661541,1.015375,0.1663248,-1.160039,1.263374,-0.1126347,0.1174856,0.05910899,3
2014-02-24 18:44:54.176,3371,337.1,43.61846,3.950059,31.53363,17.12308,50.787,9,5,1393263890,-0.355423,-0.8178101,0.5518188,-11.58586,19.05403,-11.28687,335.4811,334.7701,25,0.7026311,-1.249419,1.405555,-1.448707,-2.652414,0.9739061,0.6870393,-1.259173,1.405424,-0.09032769,0.004394654,0.07620446,3
2014-02-24 18:44:54.266,3372,337.2,43.61846,3.950059,31.53363,17.12308,50.787,9,5,1393263890,-0.3563995,-0.7993011,0.4892426,-11.03801,19.16275,-12.19759,333.2744,332.5634,25,0.7360053,-1.085162,1.362041,-1.477677,-2.650392,0.9501827,0.7204135,-1.094916,1.36191,-0.08112206,-0.00428827,0.03904082,3
2014-02-24 18:44:54.507,3373,337.3,43.61846,3.950059,31.53363,17.12308,50.787,9,5,1393263890,-0.3376312,-0.858963,0.436264,-12.02415,18.40164,-11.28686,334.241,333.53,25,1.101846,-0.552917,1.234839,-1.522393,-2.644562,0.8982545,1.086254,-0.5626714,1.234707,-0.0576902,-0.04019278,-0.07961051,3
2014-02-24 18:44:54.703,3374,337.4,43.61846,3.950059,31.53363,17.12308,50.787,9,5,1393263890,-0.306366,-0.9378967,0.3786774,-12.95549,17.25998,-9.863857,337.347,336.636,25,1.442429,-0.1052124,1.04839,-1.543336,-2.639229,0.8351985,1.426838,-0.1149668,1.048258,-0.008122195,-0.1307322,-0.1643555,3
2014-02-24 18:44:54.837,3375,337.5,43.61846,3.950059,31.53363,17.12308,50.787,9,5,1393263890,-0.306366,-0.9378967,0.3786774,-13.01028,18.29291,-11.62838,334.7401,334.0291,25,0.9859209,0.08023679,0.8662286,-1.548705,-2.635973,0.8035786,1.331382,0.004913039,0.9652269,0.0235822,-0.2137643,-0.2091945,3
2014-02-24 18:44:54.931,3376,337.6,43.61846,3.950059,31.53363,17.12308,50.787,9,5,1393263890,-0.2968903,-0.8955841,0.3267975,-13.06507,18.45601,-12.14067,333.9033,333.1923,25,0.9859209,0.08023679,0.8662286,-1.555181,-2.630475,0.7771918,0.9703294,0.0704825,0.8660972,0.04241991,-0.2337631,-0.2626011,3
2014-02-24 18:44:55.033,3377,337.7,43.61846,3.950059,31.53363,17.12308,50.787,9,5,1393263890,-0.2968903,-0.8955841,0.3267975,-12.02415,18.40164,-11.85606,333.8409,333.1299,25,0.09867278,-0.1303141,0.9031655,-1.565754,-2.621992,0.7587201,0.474691,0.03245205,0.8394181,0.05995832,-0.2353772,-0.292243,3
2014-02-24 18:44:55.197,3378,337.8,43.61846,3.950059,31.53363,17.12308,50.787,9,5,1393263890,-0.2661896,-0.7992096,0.3654633,-12.572,18.51037,-11.74222,333.7729,333.062,25,-0.2129062,-0.5252012,1.14686,-1.604522,-2.601923,0.7389627,-0.1380378,-0.3469599,1.040183,0.09016578,-0.1911941,-0.2908847,3
2014-02-24 18:44:55.531,3379,337.9,43.61856,3.950226,31.80859,16.97979,50.53821,9,5,1393263891,-0.2306976,-0.7759247,0.383255,-11.96936,18.56474,-10.54691,336.4979,335.7869,25,-0.3088385,-0.6516446,1.160076,-1.659023,-2.585747,0.7236995,-0.2410102,-0.642392,1.188715,0.1388936,-0.1242155,-0.2593664,3
2014-02-24 18:44:55.679,3380,338,43.61856,3.950226,31.80859,16.97979,50.53821,9,5,1393263891,-0.2145081,-0.7832336,0.389328,-12.07893,18.34727,-11.00226,334.4206,333.7096,25,-0.4487248,-0.637258,1.109322,-1.687623,-2.579125,0.7165509,-0.3244296,-0.6613987,1.159945,0.1603698,-0.1179315,-0.2577159,3
2014-02-24 18:44:55.788,3381,338.1,43.61856,3.950226,31.80859,16.97979,50.53821,9,5,1393263891,-0.195816,-0.76474,0.3835754,-11.58587,18.9453,-11.4007,333.9713,333.2603,25,-0.7184972,-0.5802607,0.9841709,-1.716496,-2.57237,0.7115417,-0.4643158,-0.6470119,1.10919,0.1855875,-0.1251045,-0.2516447,3
2014-02-24 18:44:55.984,3382,338.2,43.61856,3.950226,31.80859,16.97979,50.53821,9,5,1393263891,-0.20401,-0.7311859,0.4427185,-10.7093,19.27148,-11.51455,333.5769,332.8659,25,-1.201365,-0.6243909,0.7488609,-1.777295,-2.55468,0.7156138,-1.002617,-0.5692471,0.8627735,0.2221266,-0.1086593,-0.2448209,3
2014-02-24 18:44:56.083,3383,338.3,43.61856,3.950226,31.80859,16.97979,50.53821,9,5,1393263891,-0.2163544,-0.7277069,0.4766998,-10.27102,19.70641,-10.37614,336.0015,335.2905,25,-1.365422,-0.7340165,0.6627181,-1.809321,-2.544827,0.7250631,-1.216955,-0.6341448,0.7487295,0.2232537,-0.08732086,-0.2024815,3
2014-02-24 18:44:56.211,3384,338.4,43.61856,3.950226,31.80859,16.97979,50.53821,9,5,1393263891,-0.2163544,-0.7277069,0.4766998,-10.92844,18.51037,-11.05918,334.9394,334.2284,25,-1.442173,-0.8474405,0.5844898,-1.875829,-2.528304,0.7534903,-1.457763,-0.8571944,0.5843584,0.212499,-0.04182479,-0.1352146,3
2014-02-24 18:44:56.575,3385,338.5,43.61866,3.950393,31.34428,17.04714,50.17599,9,5,1393263892,-0.2561951,-0.819809,0.5822601,-11.42151,18.23855,-10.31921,335.1105,334.3995,25,-1.433308,-0.9801493,0.4216351,-1.941159,-2.518159,0.7872388,-1.44892,-0.9899029,0.4215022,0.1797062,-0.03558089,-0.05445714,3
2014-02-24 18:44:56.853,3386,338.6,43.61866,3.950393,31.34428,17.04714,50.17599,9,5,1393263892,-0.2714996,-0.8641357,0.6136169,-12.07893,18.89093,-11.22994,334.8165,334.1055,25,-1.417469,-0.9720261,0.287974,-1.970971,-2.515276,0.8052276,-1.433081,-0.9817797,0.2878411,0.1499857,-0.09882055,0.0208397,3
2014-02-24 18:44:56.964,3387,338.7,43.61866,3.950393,31.34428,17.04714,50.17599,9,5,1393263892,-0.2942963,-0.8776093,0.6124573,-11.25715,18.29291,-11.17302,334.5076,333.7966,25,-1.458291,-0.9778691,0.1632893,-1.998729,-2.513443,0.8248126,-1.473902,-0.9876227,0.1631564,0.1273344,-0.1297151,0.06447415,3
2014-02-24 18:44:57.115,3388,338.8,43.61866,3.950393,31.34428,17.04714,50.17599,9,5,1393263892,-0.3245087,-0.8758392,0.622818,-11.805,17.5318,-12.08375,332.5958,331.8848,25,-1.546117,-0.9657184,0.06613242,-2.02599,-2.51144,0.8468905,-1.561728,-0.9754719,0.06599951,0.1079028,-0.1236239,0.08233707,3
2014-02-24 18:44:57.253,3389,338.9,43.61866,3.950393,31.34428,17.04714,50.17599,9,5,1393263892,-0.3429108,-0.8643799,0.633255,-12.40764,17.58617,-11.34378,333.9369,333.2259,25,-1.56756,-0.9835592,-0.01836303,-2.05302,-2.509302,0.8706214,-1.583172,-0.9933127,-0.01849593,0.07142086,-0.1115217,0.09444461,3
2014-02-24 18:44:57.396,3390,339,43.61866,3.950393,31.34428,17.04714,50.17599,9,5,1393263892,-0.367157,-0.8588104,0.6387939,-12.572,17.64053,-10.60382,337.015,336.304,25,-1.547363,-0.9567353,-0.08529785,-2.078889,-2.507476,0.8948169,-1.562974,-0.9664888,-0.08543076,0.03610405,-0.09937625,0.1372359,3
2014-02-24 18:44:57.565,3391,339.1,43.61866,3.950393,31.34428,17.04714,50.17599,9,5,1393263892,-0.367157,-0.8588104,0.6387939,-12.90071,17.85799,-10.8315,336.9673,336.2563,25,-1.302669,-0.9399598,-0.06551456,-2.10376,-2.505652,0.9185763,-1.47191,-0.9442849,-0.08946518,0.0004738549,-0.06729172,0.1437635,3
2014-02-24 18:44:57.654,3392,339.2,43.61876,3.950554,32.70473,17.0454,49.70964,9,5,1393263893,-0.3792572,-0.8555908,0.632782,-12.1885,17.25997,-12.59602,331.947,331.236,25,-1.302669,-0.9399598,-0.06551456,-2.127259,-2.504505,0.9400735,-1.318281,-0.9497132,-0.06564747,-0.01635282,-0.05120894,0.1647515,3
2014-02-24 18:44:57.774,3393,339.3,43.61876,3.950554,32.70473,17.0454,49.70964,9,5,1393263893,-0.3792572,-0.8555908,0.632782,-12.95549,17.47743,-12.14066,333.64,332.929,25,-0.9024228,-0.9733508,0.05127384,-2.149352,-2.50415,0.9586122,-1.147719,-0.9479291,-0.006544194,-0.03025123,-0.03731805,0.1749589,3
2014-02-24 18:44:57.866,3394,339.4,43.61876,3.950554,32.70473,17.0454,49.70964,9,5,1393263893,-0.3873596,-0.8524017,0.6345978,-11.69544,18.18418,-11.85606,335.2744,334.5634,25,-0.602362,-0.9957647,0.07783727,-2.169843,-2.505248,0.9734254,-0.9180343,-0.9831041,0.05114094,-0.04500373,-0.02877355,0.1804018,3
2014-02-24 18:44:57.969,3395,339.5,43.61876,3.950554,32.70473,17.0454,49.70964,9,5,1393263893,-0.4286194,-0.8211823,0.5509949,-12.62679,18.02109,-11.34378,336.3983,335.6873,25,0.07263505,-0.864445,-0.02488618,-2.196564,-2.520069,0.9891895,-0.2941709,-0.9647111,0.04991589,-0.07788365,0.008142654,0.1603785,3
2014-02-24 18:44:58.068,3396,339.6,43.61876,3.950554,32.70473,17.0454,49.70964,9,5,1393263893,-0.4365387,-0.8094177,0.4942627,-13.06506,18.02109,-11.57146,336.1423,335.4313,25,0.3535575,-0.7120795,-0.09288786,-2.198113,-2.535772,0.9902512,0.05702372,-0.8741983,-0.02501907,-0.106514,0.01992538,0.1197326,3
2014-02-24 18:44:58.165,3397,339.7,43.61876,3.950554,32.70473,17.0454,49.70964,9,5,1393263893,-0.4378204,-0.8257141,0.4456024,-13.88684,17.74926,-11.85606,335.4489,334.7379,25,0.5247205,-0.5637147,-0.130231,-2.19147,-2.555794,0.9872417,0.3379462,-0.7218326,-0.09302076,-0.1239942,0.01332712,0.09186787,3
2014-02-24 18:44:58.317,3398,339.8,43.61876,3.950554,32.70473,17.0454,49.70964,9,5,1393263893,-0.4265289,-0.8164673,0.3793335,-13.28421,18.02108,-12.02682,334.6987,333.9877,25,0.6903042,-0.4385193,-0.08293829,-2.179811,-2.577148,0.9814548,0.5091093,-0.5734679,-0.1303639,-0.1392079,0.02188916,0.02466366,3
2014-02-24 18:44:58.551,3399,339.9,43.61876,3.950554,32.70473,17.0454,49.70964,9,5,1393263893,-0.4265289,-0.8164673,0.3793335,-12.46243,17.85799,-11.9699,334.5023,333.7913,25,0.7741469,-0.3372073,0.03301574,-2.153192,-2.615421,0.9610415,0.7585357,-0.3469604,0.03288284,-0.1389206,0.00332112,-0.115872,3
2014-02-24 18:44:58.647,3400,340,43.61876,3.950554,32.70473,17.0454,49.70964,9,5,1393263893,-0.3853455,-0.8486481,0.3351593,-12.68157,17.85799,-11.51454,335.2949,334.5839,25,0.8359213,-0.2553897,0.1419097,-2.153192,-2.615421,0.9610415,0.7585357,-0.3469604,0.03288284,-0.1389206,0.00332112,-0.115872,3
2014-02-24 18:44:58.736,3401,340.1,43.61886,3.950711,32.34275,16.97419,49.10748,9,5,1393263894,-0.3853455,-0.8486481,0.3351593,-12.73635,17.25998,-11.79914,333.4666,332.7556,25,0.8387533,-0.1933908,0.2386999,-2.136245,-2.638748,0.9317415,0.8231423,-0.2031437,0.238567,-0.1102395,-0.03373542,-0.1866849,3
2014-02-24 18:44:58.846,3402,340.2,43.61886,3.950711,32.34275,16.97419,49.10748,9,5,1393263894,-0.365036,-0.8522491,0.3139954,-12.1885,17.15124,-11.34378,334.0891,333.3781,25,0.7273069,-0.1562019,0.3193839,-2.132852,-2.644736,0.9166414,0.711696,-0.1659548,0.319251,-0.08405437,-0.0603957,-0.2093214,3
2014-02-24 18:44:58.943,3403,340.3,43.61886,3.950711,32.34275,16.97419,49.10748,9,5,1393263894,-0.3459625,-0.8526459,0.3171387,-12.84592,16.82505,-10.88842,335.7971,335.0861,25,0.5796524,-0.1947026,0.3242068,-2.132732,-2.648287,0.9035265,0.5640416,-0.2044556,0.3240739,-0.07198853,-0.06673502,-0.2310649,3
2014-02-24 18:44:59.048,3404,340.4,43.61886,3.950711,32.34275,16.97419,49.10748,9,5,1393263894,-0.3470001,-0.850647,0.315155,-13.88684,16.87942,-10.71766,337.1125,336.4015,25,0.4115657,-0.2587453,0.2727737,-2.13398,-2.651856,0.8934105,0.3959549,-0.2684982,0.2726409,-0.05113964,-0.07343205,-0.2359484,3
2014-02-24 18:44:59.137,3405,340.5,43.61886,3.950711,32.34275,16.97419,49.10748,9,5,1393263894,-0.3643341,-0.841217,0.3226776,-13.39377,17.3687,-11.6853,335.6806,334.9696,25,0.2927331,-0.3382907,0.2196186,-2.135806,-2.656406,0.88621,0.2771223,-0.3480435,0.2194858,-0.05208766,-0.07596626,-0.2442164,3
2014-02-24 18:44:59.264,3406,340.6,43.61886,3.950711,32.34275,16.97419,49.10748,9,5,1393263894,-0.3695831,-0.8321075,0.3274384,-13.55813,17.2056,-11.62839,335.6071,334.8961,25,0.2409855,-0.4427726,0.2436033,-2.138521,-2.662049,0.8802317,0.2253747,-0.4525254,0.2434704,-0.06320364,-0.07948579,-0.2442486,3
2014-02-24 18:44:59.403,3407,340.7,43.61886,3.950711,32.34275,16.97419,49.10748,9,5,1393263894,-0.3695831,-0.8321075,0.3274384,-12.90071,17.2056,-11.17303,337.2764,336.5654,25,0.2546259,-0.5547652,0.3996776,-2.143009,-2.66797,0.8740401,0.2335291,-0.5323864,0.3123685,-0.07282134,-0.06725489,-0.2455462,3
2014-02-24 18:44:59.604,3408,340.8,43.61886,3.950711,32.34275,16.97419,49.10748,9,5,1393263894,-0.3570862,-0.8611145,0.354126,-12.68157,17.85799,-11.4007,337.4897,336.7787,25,0.2546259,-0.5547652,0.3996776,-2.149378,-2.673445,0.8669325,0.2390153,-0.564518,0.3995447,-0.07752812,-0.07371222,-0.2451846,3
2014-02-24 18:44:59.852,3409,340.9,43.61886,3.950711,32.34275,16.97419,49.10748,9,5,1393263894,-0.3570862,-0.8611145,0.354126,-13.11985,17.5318,-12.19758,336.2754,335.5644,25,0.1651232,-0.5545628,0.5114343,-2.157978,-2.677646,0.85957,0.2039996,-0.5778199,0.4708977,-0.07629395,-0.09134555,-0.2308262,3
2014-02-24 18:45:00.124,3410,341,43.61886,3.950711,32.34275,16.97419,49.10748,9,5,1393263894,-0.3479614,-0.8682098,0.3650208,-12.90071,17.09688,-11.62838,335.4493,334.7383,25,0.09866213,-0.5471368,0.5118963,-2.168467,-2.680333,0.8525227,0.1495127,-0.5643155,0.5113013,-0.06418788,-0.1081716,-0.2351851,3
2014-02-24 18:45:00.281,3411,341.1,43.61896,3.950868,32.4926,16.86963,48.55202,9,5,1393263895,-0.3372803,-0.8574066,0.3796844,-11.03801,17.64053,-12.08374,334.2032,333.4922,25,-0.03029372,-0.5155438,0.4763293,-2.180103,-2.682117,0.8464423,0.08305173,-0.5568895,0.5117634,-0.05408952,-0.1192822,-0.2289041,3
2014-02-24 18:45:00.520,3412,341.2,43.61896,3.950868,32.4926,16.86963,48.55202,9,5,1393263895,-0.3379822,-0.7795868,0.3751984,-10.49016,16.22703,-11.51454,333.6277,332.9167,25,-0.2440289,-0.5141603,0.4296845,-2.192392,-2.683037,0.8422265,-0.0459041,-0.5252963,0.4761964,-0.05029657,-0.1230895,-0.2212581,3
2014-02-24 18:45:00.638,3413,341.3,43.61896,3.950868,32.4926,16.86963,48.55202,9,5,1393263895,-0.3379822,-0.7795868,0.3751984,-9.558817,16.28139,-9.750015,336.8621,336.1511,25,-0.478977,-0.619064,0.43549,-2.221628,-2.681583,0.8447503,-0.4945872,-0.6288165,0.4353571,-0.03941675,-0.06676981,-0.2203604,3
2014-02-24 18:45:00.746,3414,341.4,43.61896,3.950868,32.4926,16.86963,48.55202,9,5,1393263895,-0.3869324,-0.6762238,0.4421692,-9.777958,16.82505,-9.977699,337.7961,337.0851,25,-0.6588376,-0.7764702,0.4845691,-2.221628,-2.681583,0.8447503,-0.4945872,-0.6288165,0.4353571,-0.03941675,-0.06676981,-0.2203604,3
2014-02-24 18:45:00.822,3415,341.5,43.61896,3.950868,32.4926,16.86963,48.55202,9,5,1393263895,-0.3869324,-0.6762238,0.4421692,-10.32581,16.93378,-10.09154,338.0261,337.3151,25,-0.6828361,-0.9469863,0.5868899,-2.263853,-2.679866,0.8583621,-0.6984463,-0.9567387,0.586757,-0.06149698,0.04943652,-0.1999891,3
2014-02-24 18:45:00.933,3416,341.6,43.61896,3.950868,32.4926,16.86963,48.55202,9,5,1393263895,-0.4160614,-0.6892395,0.4867859,-10.27102,17.31434,-10.2623,338.175,337.464,25,-0.5838746,-1.070051,0.6934482,-2.288817,-2.680321,0.863658,-0.5994847,-1.079804,0.6933154,-0.09777649,0.08400033,-0.1395938,3
2014-02-24 18:45:01.039,3417,341.7,43.61896,3.950868,32.4926,16.86963,48.55202,9,5,1393263895,-0.4490204,-0.709137,0.5275116,-10.05188,17.20561,-10.8315,336.3799,335.6689,25,-0.4817496,-1.119069,0.7019461,-2.313679,-2.682158,0.86675,-0.4973596,-1.128821,0.7018133,-0.1290185,0.07298972,-0.09339766,3
2014-02-24 18:45:01.170,3418,341.8,43.61906,3.951022,32.3468,16.70147,48.37408,9,5,1393263896,-0.4940643,-0.7219391,0.5485382,-10.27102,17.09688,-12.19758,332.8303,332.1193,25,-0.4196497,-1.167834,0.6384977,-2.336658,-2.686314,0.8688197,-0.4352597,-1.177586,0.6383648,-0.1650858,0.05443037,-0.05244191,3
2014-02-24 18:45:01.252,3419,341.9,43.61906,3.951022,32.3468,16.70147,48.37408,9,5,1393263896,-0.5312653,-0.7230225,0.5578766,-9.997099,18.02109,-12.82371,332.4814,331.7704,25,-0.4228429,-1.204575,0.5825164,-2.35781,-2.692518,0.8712163,-0.4384528,-1.214327,0.5823836,-0.1925552,0.04961279,-0.03714571,3
2014-02-24 18:45:01.505,3420,342,43.61906,3.951022,32.3468,16.70147,48.37408,9,5,1393263896,-0.5674591,-0.7290192,0.5858002,-11.69544,18.18418,-11.28686,336.0539,335.3429,25,-0.475583,-1.27647,0.5721535,-2.378503,-2.700025,0.874554,-0.4911929,-1.286222,0.5720206,-0.2360815,0.04566942,-0.03050731,3
2014-02-24 18:45:01.714,3421,342.1,43.61906,3.951022,32.3468,16.70147,48.37408,9,5,1393263896,-0.6226501,-0.7629089,0.6916962,-12.572,18.51037,-12.88063,333.0672,332.3562,25,-0.659567,-1.495745,0.6839717,-2.426425,-2.715399,0.8852018,-0.6751767,-1.505497,0.6838388,-0.3057166,0.04502361,0.009303314,3
2014-02-24 18:45:01.910,3422,342.2,43.61916,3.951173,31.07037,16.61151,48.01205,9,5,1393263897,-0.594162,-0.6721802,0.632843,-11.805,17.5318,-11.28686,336.5723,335.8613,25,-0.475179,-1.737374,1.048245,-2.519434,-2.736903,0.8953615,-0.4907886,-1.747126,1.048112,-0.3748256,0.0324646,0.1188248,3
2014-02-24 18:45:02.099,3423,342.3,43.61916,3.951173,31.07037,16.61151,48.01205,9,5,1393263897,-0.5769348,-0.6678314,0.5998535,-12.29807,18.34728,-10.5469,338.2596,337.5486,25,0.05653678,-1.290622,1.268363,-2.58963,-2.743955,0.8892065,-0.1368461,-1.533322,1.223045,-0.3431241,0.1080997,0.03546038,3
2014-02-24 18:45:02.299,3424,342.4,43.61916,3.951173,31.07037,16.61151,48.01205,9,5,1393263897,-0.5512695,-0.769516,0.5540771,-12.95549,17.25997,-9.750015,339.2372,338.5262,25,0.08157236,-1.096056,1.338265,-2.656871,-2.740365,0.8695506,0.1119952,-1.158023,1.283947,-0.3028393,0.06248577,-0.03550609,3
2014-02-24 18:45:02.537,3425,342.5,43.61916,3.951173,31.07037,16.61151,48.01205,9,5,1393263897,-0.6512146,-0.8643494,0.6492004,-12.46243,18.40164,-11.51455,334.7454,334.0344,25,-0.04752225,-0.9758688,1.610359,-2.690412,-2.735772,0.8585019,0.0659631,-1.105808,1.338132,-0.2932572,-0.01265169,-0.04641106,3
2014-02-24 18:45:02.637,3426,342.6,43.61916,3.951173,31.07037,16.61151,48.01205,9,5,1393263897,-0.7670135,-0.8624268,0.6927185,-12.35286,18.72783,-12.19758,333.1804,332.4694,25,-0.1787895,-0.6974158,1.974736,-2.728966,-2.726326,0.8475769,-0.06313143,-0.9856206,1.610226,-0.3842215,-0.1146704,0.04364604,3
2014-02-24 18:45:02.852,3427,342.7,43.61916,3.951173,31.07037,16.61151,48.01205,9,5,1393263897,-0.8667755,-0.945755,0.7263184,-12.572,18.72783,-12.19758,333.5796,332.8686,25,-0.3789707,-0.3277915,2.32583,-2.777541,-2.70547,0.8358402,-0.1943986,-0.7071677,1.974603,-0.4262115,-0.1299507,0.06909163,3
2014-02-24 18:45:02.947,3428,342.8,43.61926,3.951321,30.95692,16.01319,48.53094,9,5,1393263898,-0.9252625,-0.7119293,0.7356262,-12.62678,17.25997,-10.31922,336.8745,336.1635,25,-0.7167738,0.3586884,2.60447,-2.835773,-2.671591,0.8232741,-0.3945798,-0.3375432,2.325697,-0.5096517,-0.1646957,0.1038369,3
2014-02-24 18:45:03.066,3429,342.9,43.61926,3.951321,30.95692,16.01319,48.53094,9,5,1393263898,-0.9310608,-0.984375,0.5688324,-12.62679,18.23855,-11.22994,335.5562,334.8452,25,-0.951561,1.397082,2.568618,-2.903695,-2.620858,0.8109786,-0.7323828,0.3489366,2.604337,-0.5604524,-0.2188098,0.1508133,3
2014-02-24 18:45:03.163,3430,343,43.61926,3.951321,30.95692,16.01319,48.53094,9,5,1393263898,-1.02771,-0.9615021,0.5334167,-12.29807,18.45601,-11.6853,334.6629,333.9519,25,-0.7345134,1.908682,2.128141,-2.976002,-2.551076,0.7992012,-0.9671898,1.38733,2.568484,-0.4899964,-0.09655517,0.06994198,3
2014-02-24 18:45:03.249,3431,343.1,43.61926,3.951321,30.95692,16.01319,48.53094,9,5,1393263898,-1.171371,-1.106674,0.4333344,-12.46243,18.51037,-11.85606,334.8699,334.1589,25,-0.7465168,3.070993,2.066238,-3.039138,-2.473129,0.7877529,-0.7501422,1.89893,2.128007,-0.4938426,-0.2756051,0.01522103,3
2014-02-24 18:45:03.528,3432,343.2,43.61926,3.951321,30.95692,16.01319,48.53094,9,5,1393263898,-1.313858,-1.147568,0.269104,-12.02415,18.6191,-11.4007,335.1127,334.4017,25,-1.432975,4.423115,2.295146,-3.091588,-2.388253,0.772328,-0.7621455,3.061241,2.066104,-0.5377128,-0.2636974,0.01095012,3
2014-02-24 18:45:03.678,3433,343.3,43.61926,3.951321,30.95692,16.01319,48.53094,9,5,1393263898,-1.23555,-0.7863007,-0.02326965,-11.64065,18.7822,-10.09154,337.0171,336.3061,25,-2.15074,5.421278,2.797024,3.130775,-2.273598,0.7577907,-1.448604,4.413363,2.295013,-0.6171368,-0.4193558,-0.03615193,3
2014-02-24 18:45:03.796,3434,343.4,43.61926,3.951321,30.95692,16.01319,48.53094,9,5,1393263898,-1.23555,-0.7863007,-0.02326965,-11.91458,17.64053,-10.94534,335.2585,334.5475,25,-2.395716,6.11376,3.312291,2.965287,-1.95868,0.7075124,-2.411345,6.104009,3.312157,-0.4685501,-0.3048582,-0.2346522,3
2014-02-24 18:45:03.885,3435,343.5,43.61926,3.951321,30.95692,16.01319,48.53094,9,5,1393263898,-0.8779297,-0.7106323,-0.7268372,-11.805,17.5318,-10.8315,334.5588,333.8478,25,-2.493044,6.349805,3.442787,2.965287,-1.95868,0.7075124,-2.411345,6.104009,3.312157,-0.4685501,-0.3048582,-0.2346522,3
2014-02-24 18:45:04.104,3436,343.6,43.61935,3.951468,31.62589,15.83382,49.04313,9,5,1393263899,-0.6208496,-0.5417175,-0.9874725,-12.1885,18.89093,-10.77458,336.8198,336.1088,25,-2.727362,6.377079,1.830766,2.759925,-1.473963,0.5601794,-2.74299,6.367327,1.830633,-0.03473849,-0.1792942,-0.6449324,3
2014-02-24 18:45:04.259,3437,343.7,43.61935,3.951468,31.62589,15.83382,49.04313,9,5,1393263899,-0.2701874,-0.5165863,-1.255707,-12.62678,19.65204,-11.1161,336.6277,335.9167,25,-3.690961,5.710201,0.5763131,2.69384,-1.326601,0.5315591,-3.706589,5.700449,0.5761795,0.2155942,-0.03483966,-0.779058,3
2014-02-24 18:45:04.471,3438,343.8,43.61935,3.951468,31.62589,15.83382,49.04313,9,5,1393263899,-0.01593018,-0.3535919,-1.240311,-10.10667,19.10839,-11.45762,333.076,332.3651,25,-5.051411,3.615786,-0.08029324,2.600693,-1.197877,0.5030624,-5.067039,3.606035,-0.08042687,0.5457057,-0.03447552,-0.9365082,3
2014-02-24 18:45:04.701,3439,343.9,43.61935,3.951468,31.62589,15.83382,49.04313,9,5,1393263899,-0.06471252,0.2329102,-0.5829315,-10.59974,18.6191,-10.2623,334.6304,333.9194,25,-5.483086,-0.7649248,-0.6599127,2.383551,-1.070056,0.424888,-5.498713,-0.7746764,-0.6600463,0.8818246,0.3668239,-0.373936,3
2014-02-24 18:45:04.905,3440,344,43.61935,3.951468,31.62589,15.83382,49.04313,9,5,1393263899,-0.2169037,-0.2550964,-0.6640015,-10.81888,20.57625,-10.60382,335.6126,334.9016,25,-3.343405,-0.5642272,-1.577458,2.210476,-1.038482,0.3858728,-3.359034,-0.5739787,-1.577591,0.5921633,0.5487769,-0.08661339,3
2014-02-24 18:45:05.042,3441,344.1,43.61935,3.951468,31.62589,15.83382,49.04313,9,5,1393263899,-0.2169037,-0.2550964,-0.6640015,-10.54494,18.89093,-11.1161,331.8987,331.1877,25,-3.40149,-1.550211,-0.9407806,2.140091,-1.026379,0.3822746,-3.062133,-0.9173118,-1.567869,0.5911989,0.3632052,-0.2992342,3
2014-02-24 18:45:05.138,3442,344.2,43.61944,3.951612,32.76073,15.55372,49.90765,9,5,1393263900,-0.6154175,-0.4025574,-0.6295013,-10.59973,19.70641,-11.4007,332.4377,331.7267,25,-3.687031,-1.7647,0.01113308,2.072034,-1.025902,0.3701473,-3.417118,-1.559963,-0.9409142,0.5803605,0.1066563,-0.1807781,3
2014-02-24 18:45:05.266,3443,344.3,43.61944,3.951612,32.76073,15.55372,49.90765,9,5,1393263900,-0.8061371,-0.28125,-0.5886993,-9.832743,18.6191,-11.62839,332.3853,331.6743,25,-3.456336,-1.807022,1.161061,2.005957,-1.035521,0.3412402,-3.702659,-1.774451,0.01099945,0.1951158,-0.0679013,-0.148834,3
2014-02-24 18:45:05.414,3444,344.4,43.61944,3.951612,32.76073,15.55372,49.90765,9,5,1393263900,-0.9293823,-0.3811493,-0.3036194,-10.05188,18.29291,-11.28687,332.3264,331.6154,25,-2.792188,-0.7243716,2.25373,1.952582,-1.05172,0.2959295,-3.471964,-1.816774,1.160927,0.1437062,-0.02239678,-0.2764159,3
2014-02-24 18:45:05.594,3445,344.5,43.61944,3.951612,32.76073,15.55372,49.90765,9,5,1393263900,-0.8726807,-0.2540741,-0.4902039,-10.49016,20.14133,-10.60382,334.7438,334.0328,25,-2.085493,1.123995,2.534582,1.918173,-1.065654,0.2372646,-2.807815,-0.7341229,2.253596,-0.007198925,-0.02212684,0.01354146,3
2014-02-24 18:45:05.697,3446,344.6,43.61944,3.951612,32.76073,15.55372,49.90765,9,5,1393263900,-0.8868256,-0.3806305,-0.6464539,-10.38059,20.0326,-10.03461,335.1717,334.4607,25,-1.531004,2.042954,1.54201,1.902513,-1.053641,0.1742658,-2.10112,1.114243,2.534449,-0.02952559,-0.1771551,0.1387154,3
2014-02-24 18:45:05.810,3447,344.7,43.61944,3.951612,32.76073,15.55372,49.90765,9,5,1393263900,-0.5778961,-0.4077301,-0.9538269,-9.997097,19.97823,-11.45762,332.2893,331.5783,25,-1.305739,2.335072,0.5758561,1.893172,-1.019938,0.1267469,-1.546632,2.033203,1.541877,-0.02743994,-0.1276663,0.02901593,3
2014-02-24 18:45:06.002,3448,344.8,43.61944,3.951612,32.76073,15.55372,49.90765,9,5,1393263900,-0.9308929,-0.7407379,-0.09129333,-9.668385,19.65204,-11.00226,332.6349,331.9239,25,-1.906856,-2.163566,-1.551569,1.85874,-0.9488786,0.08830728,-1.324492,0.5251141,-0.7405608,0.2316996,-0.3195376,-0.3735021,3
2014-02-24 18:45:06.200,3449,344.9,43.61944,3.951612,32.76073,15.55372,49.90765,9,5,1393263900,-0.8179169,-0.5475006,0.07925415,-9.339676,19.54331,-10.31922,333.0593,332.3483,25,-3.337816,-3.642031,0.4797634,1.719644,-1.089949,0.05272811,-3.353443,-3.651782,0.4796298,0.06405136,-0.5997774,0.4989517,3
2014-02-24 18:45:06.355,3450,345,43.61953,3.951759,32.83166,15.37111,50.36939,9,5,1393263901,-0.7861023,-0.2658691,-0.05897522,-10.98322,19.32585,-9.636177,336.0764,335.3654,25,-3.513868,-2.969173,1.452223,1.719644,-1.089949,0.05272811,-3.353443,-3.651782,0.4796298,0.06405136,-0.5997774,0.4989517,3
2014-02-24 18:45:06.545,3451,345.1,43.61953,3.951759,32.83166,15.37111,50.36939,9,5,1393263901,-0.7861023,-0.2658691,-0.05897522,-10.43538,19.8695,-9.522335,336.9632,336.2522,25,-3.252232,-1.877034,2.559703,1.626636,-1.193365,-0.05460531,-3.267859,-1.886785,2.559569,0.2303529,-0.4374212,0.4103425,3
2014-02-24 18:45:06.646,3452,345.2,43.61953,3.951759,32.83166,15.37111,50.36939,9,5,1393263901,-1.285278,0.4078064,-0.7368622,-10.32581,20.19569,-9.863853,336.2161,335.5051,25,-2.942399,0.134737,3.957812,1.595493,-1.209083,-0.1352935,-2.958026,0.1249861,3.957679,0.1406427,-0.4007503,0.2916682,3
2014-02-24 18:45:06.760,3453,345.3,43.61953,3.951759,32.83166,15.37111,50.36939,9,5,1393263901,-0.7218018,0.6354065,-0.355545,-8.408327,20.68498,-9.35157,336.2404,335.5294,25,-1.496122,0.8695714,3.035432,1.582833,-1.19712,-0.2139989,-1.511749,0.8598204,3.035299,-0.3755231,0.1954371,-0.3801483,3
2014-02-24 18:45:06.860,3454,345.4,43.61953,3.951759,32.83166,15.37111,50.36939,9,5,1393263901,-0.3175201,0.3204193,-0.1690674,-7.203054,19.92387,-8.213169,336.2911,335.5801,25,-0.8179359,1.043481,1.164451,1.577634,-1.18036,-0.252149,-0.8335629,1.03373,1.164317,0.1736996,0.3859209,0.01301206,3
2014-02-24 18:45:06.978,3455,345.5,43.61953,3.951759,32.83166,15.37111,50.36939,9,5,1393263901,-0.2445374,0.1121674,-0.182312,-8.846609,20.79371,-7.871651,338.7491,338.0381,25,-0.6214257,1.083296,0.1406538,1.568896,-1.163582,-0.2644502,-0.6370527,1.073545,0.1405202,0.2381745,0.3427778,0.07172243,3
2014-02-24 18:45:07.088,3456,345.6,43.61953,3.951759,32.83166,15.37111,50.36939,9,5,1393263901,-0.3170776,0.1655121,-0.8877258,-9.613598,21.33736,-8.896214,337.5951,336.8841,25,-0.937531,1.618455,0.04206543,1.554951,-1.141133,-0.2710707,-0.9531579,1.608704,0.0419318,0.6095982,-0.08709913,0.2436695,3
2014-02-24 18:45:07.168,3457,345.7,43.61953,3.951759,32.83166,15.37111,50.36939,9,5,1393263901,-0.3170776,0.1655121,-0.8877258,-10.38059,20.57625,-9.010052,337.1938,336.4828,25,-1.853476,-0.2371201,-0.230169,1.532981,-1.112312,-0.283699,-1.555015,1.907676,0.1646204,0.6128324,-0.1828475,0.07686,3
2014-02-24 18:45:07.295,3458,345.8,43.61962,3.951922,34.53626,15.47624,52.00279,9,5,1393263902,-0.5843811,0.3162994,-0.1838226,-10.59973,20.68498,-11.28686,333.1076,332.3966,25,-1.853476,-0.2371201,-0.230169,1.501779,-1.109467,-0.2982934,-1.869102,-0.2468709,-0.2303026,0.5388398,-0.1283773,-0.4622445,3
2014-02-24 18:45:07.510,3459,345.9,43.61962,3.951922,34.53626,15.47624,52.00279,9,5,1393263902,-0.5843811,0.3162994,-0.1838226,-12.62678,19.97823,-11.00226,335.5167,334.8057,25,-1.975693,-0.539113,-0.7433897,1.464134,-1.133415,-0.3069522,-1.970097,-0.6892163,-0.4557113,0.3970008,-0.1733706,-0.09723669,3
2014-02-24 18:45:07.634,3460,346,43.61962,3.951922,34.53626,15.47624,52.00279,9,5,1393263902,-0.6399384,0.4105988,-0.1480865,-12.24329,18.9453,-11.28687,335.0218,334.3108,25,-1.870103,-0.6899238,-0.9954678,1.423836,-1.156393,-0.3115789,-1.99132,-0.5488637,-0.7435234,0.2869019,0.009737553,0.1994341,3
2014-02-24 18:45:07.752,3461,346.1,43.61962,3.951922,34.53626,15.47624,52.00279,9,5,1393263902,-0.7141571,0.4297485,-0.07400513,-12.24329,19.05403,-11.74223,334.0041,333.2931,25,-1.544424,-1.066414,-1.191612,1.381972,-1.180943,-0.3103501,-1.885729,-0.6996745,-0.9956014,0.2949608,0.06799048,0.2010533,3
2014-02-24 18:45:07.836,3462,346.2,43.61962,3.951922,34.53626,15.47624,52.00279,9,5,1393263902,-0.781601,0.4187317,-0.01228333,-12.29807,19.54331,-11.34378,335.3782,334.6672,25,-1.279216,-1.490582,-1.05471,1.343226,-1.209437,-0.3020874,-1.56005,-1.076164,-1.191746,0.2430041,0.1085074,0.2176333,3
2014-02-24 18:45:07.972,3463,346.3,43.61962,3.951922,34.53626,15.47624,52.00279,9,5,1393263902,-0.9762421,0.5439301,0.002075195,-11.69544,21.1199,-10.48998,339.3641,338.6531,25,-0.6674923,-1.850474,-0.8670097,1.310061,-1.24445,-0.2911055,-1.294843,-1.500333,-1.054844,0.1789893,0.1334903,0.2866195,3
2014-02-24 18:45:08.072,3464,346.4,43.61962,3.951922,34.53626,15.47624,52.00279,9,5,1393263902,-1.062057,0.7414856,0.01426697,-10.43538,20.41316,-10.09154,339.2454,338.5344,25,0.1383539,-1.867908,-0.8461944,1.287115,-1.283049,-0.2800406,-0.6831187,-1.860225,-0.8671433,0.03861225,0.1825439,0.2628495,3
2014-02-24 18:45:08.155,3465,346.5,43.61962,3.951922,34.53626,15.47624,52.00279,9,5,1393263902,-0.6807709,0.6855164,0.0785675,-10.10667,20.30443,-9.863857,339.3842,338.6732,25,0.8784679,-1.681571,-0.792806,1.279485,-1.320639,-0.2657953,0.1227275,-1.877658,-0.846328,-0.04139162,0.2812533,0.2409383,3
2014-02-24 18:45:08.318,3466,346.6,43.6197,3.952086,33.69174,15.35632,53.81641,9,5,1393263903,-0.6091156,0.5801697,0.2176971,-11.58587,20.35879,-10.03462,340.2249,339.5139,25,1.481504,-1.771052,-0.9409904,1.286758,-1.350691,-0.2487177,0.8628416,-1.691321,-0.7929397,-0.1162119,0.4953243,0.2258815,3
2014-02-24 18:45:08.550,3467,346.7,43.6197,3.952086,33.69174,15.35632,53.81641,9,5,1393263903,-0.7693787,0.5111542,0.3851013,-12.40764,20.84808,-10.66074,339.8544,339.1434,25,1.611603,-1.186792,-1.140178,1.307453,-1.379327,-0.2279563,1.465878,-1.780803,-0.941124,0.2755579,0.4595292,0.2639458,3
2014-02-24 18:45:08.636,3468,346.8,43.6197,3.952086,33.69174,15.35632,53.81641,9,5,1393263903,-1.11969,0.3186493,0.2712708,-11.64065,20.30442,-12.02682,335.9037,335.1927,25,1.596171,0.05682014,-1.094982,1.332993,-1.400781,-0.2029053,1.595977,-1.196542,-1.140312,0.3562476,0.3786538,0.3834236,3
2014-02-24 18:45:08.774,3469,346.9,43.6197,3.952086,33.69174,15.35632,53.81641,9,5,1393263903,-1.11969,0.3186493,0.2712708,-11.20237,20.84808,-11.1161,338.5037,337.7927,25,1.425185,2.19098,-0.5144756,1.38401,-1.375827,-0.1579752,1.409559,2.181229,-0.5146092,-0.02420462,0.2550803,0.573572,3
2014-02-24 18:45:08.850,3470,347,43.6197,3.952086,33.69174,15.35632,53.81641,9,5,1393263903,-1.122223,0.4615479,-0.2506256,-10.98323,20.73935,-11.57146,337.6132,336.9022,25,1.479702,3.302788,-0.5775925,1.409486,-1.31468,-0.1452836,1.464076,3.293038,-0.5777261,0.0297909,0.1612725,0.3418434,3
2014-02-24 18:45:08.955,3471,347.1,43.6197,3.952086,33.69174,15.35632,53.81641,9,5,1393263903,-1.353928,0.3372192,-1.461792,-10.98323,19.97823,-11.6853,336.8098,336.0988,25,1.097095,3.916653,-0.8336118,1.42741,-1.244782,-0.1234006,1.081469,3.906903,-0.8337454,-0.1821001,0.3384602,0.06720851,3
2014-02-24 18:45:09.095,3472,347.2,43.6197,3.952086,33.69174,15.35632,53.81641,9,5,1393263903,-1.422531,0.4367218,-1.299469,-11.09281,20.08696,-10.5469,339.835,339.124,25,0.6634896,1.990175,-0.9398048,1.435344,-1.188468,-0.1032113,0.6478637,1.980425,-0.9399384,-0.4310666,0.2341911,-1.090695,3
2014-02-24 18:45:09.185,3473,347.3,43.6197,3.952086,33.69174,15.35632,53.81641,9,5,1393263903,-1.330551,0.3522186,-0.9759216,-11.58587,20.68498,-11.28686,340.0981,339.3871,25,1.305017,-0.2256651,-1.41528,1.443394,-1.180426,-0.07198669,1.289391,-0.2354153,-1.415414,-0.500158,0.3647973,-0.9199236,3
2014-02-24 18:45:09.310,3474,347.4,43.61977,3.952248,32.39365,15.1531,55.07371,9,5,1393263904,-1.39122,0.1734161,-0.9177551,-10.59974,20.68498,-12.19758,338.1452,337.4342,25,1.0902,-0.5685822,-1.428074,1.455043,-1.185809,-0.03841106,1.074575,-0.5783324,-1.428207,-0.352033,0.3739672,-0.5341684,3
2014-02-24 18:45:09.579,3475,347.5,43.61977,3.952248,32.39365,15.1531,55.07371,9,5,1393263904,-1.464279,-0.1120605,-0.7555847,-9.887526,20.95681,-10.88842,340.3274,339.6164,25,0.5280105,-1.552289,-1.298351,1.458386,-1.207851,-0.01080749,0.5123848,-1.56204,-1.298485,-0.4405961,0.2220266,-0.5747095,3
2014-02-24 18:45:09.667,3476,347.6,43.61977,3.952248,32.39365,15.1531,55.07371,9,5,1393263904,-1.392593,-0.1559906,-0.6763916,-10.7093,21.77229,-11.74222,339.7174,339.0064,25,0.2770756,-2.61278,-1.148466,1.455915,-1.249666,0.01287737,0.2614314,-2.622531,-1.148599,-0.4267486,-4.717498e-05,-0.5264739,3
2014-02-24 18:45:09.779,3477,347.7,43.61977,3.952248,32.39365,15.1531,55.07371,9,5,1393263904,-1.392593,-0.1559906,-0.6763916,-10.54495,20.73935,-10.66074,341.3405,340.6295,25,-0.1151775,-3.24147,0.1278967,1.453793,-1.307068,0.02952582,-0.01453066,-3.302276,-0.7011816,-0.4992752,-0.08253901,-0.4950165,3
2014-02-24 18:45:09.901,3478,347.8,43.61977,3.952248,32.39365,15.1531,55.07371,9,5,1393263904,-1.471909,-0.1200409,-0.5029755,-10.92845,20.57625,-12.08375,338.4755,337.7645,25,-0.4408709,-3.28488,0.5416449,1.449524,-1.368613,0.03194599,-0.1308215,-3.251221,0.1277629,-0.4134626,-0.12405,-0.4756859,3
2014-02-24 18:45:10.039,3479,347.9,43.61977,3.952248,32.39365,15.1531,55.07371,9,5,1393263904,-1.313782,-0.06538391,-0.3211212,-11.14758,21.01117,-11.96991,338.7467,338.0357,25,-0.7260115,-2.70311,0.7150596,1.446135,-1.430733,0.02382575,-0.4565149,-3.29463,0.5415111,-0.4819824,-0.09621739,-0.3634093,3
2014-02-24 18:45:10.149,3480,348,43.61977,3.952248,32.39365,15.1531,55.07371,9,5,1393263904,-1.129639,-0.07466125,-0.2067719,-11.03801,21.01118,-11.62838,338.9403,338.2293,25,-0.3809822,-2.147357,0.5710039,1.434523,-1.485064,0.01022253,-0.7416554,-2.71286,0.7149258,-0.3175065,-0.05516156,-0.2354988,3
2014-02-24 18:45:10.280,3481,348.1,43.61984,3.952396,31.81071,14.72128,56.0645,9,5,1393263905,-1.055237,-0.1691589,-0.2110596,-9.832739,20.57625,-10.8315,339.6444,338.9334,25,0.1615066,-1.655101,0.5174477,1.424685,-1.528779,-0.002340578,-0.3966261,-2.157107,0.5708701,-0.180756,-0.0612395,-0.210314,3
2014-02-24 18:45:10.481,3482,348.2,43.61984,3.952396,31.81071,14.72128,56.0645,9,5,1393263905,-0.9758301,-0.2041473,-0.113327,-11.03801,20.57625,-11.28686,339.5331,338.8221,25,0.6887603,-1.604003,0.5888808,1.423885,-1.562906,-0.01244961,0.1458628,-1.664851,0.5173139,-0.07516661,-0.0730572,-0.1544489,3
2014-02-24 18:45:10.616,3483,348.3,43.61984,3.952396,31.81071,14.72128,56.0645,9,5,1393263905,-0.9300537,-0.2828369,-0.09368896,-11.0928,21.60919,-10.77458,342.6681,341.9571,25,0.8774208,-1.274562,0.6426141,1.43283,-1.592992,-0.02290187,0.6731165,-1.613753,0.5887471,-0.01097601,-0.229687,-0.1963519,3
2014-02-24 18:45:10.733,3484,348.4,43.61984,3.952396,31.81071,14.72128,56.0645,9,5,1393263905,-0.8758087,-0.4284973,-0.06272888,-10.05188,20.57625,-10.60382,341.7013,340.9903,25,0.7041733,-1.212593,0.9054673,1.447984,-1.619025,-0.03518049,0.8617771,-1.284312,0.6424804,0.0223891,-0.2393206,-0.1615071,3
2014-02-24 18:45:10.843,3485,348.5,43.61984,3.952396,31.81071,14.72128,56.0645,9,5,1393263905,-0.8214417,-0.3673706,0.00668335,-10.27102,19.81514,-10.71766,340.506,339.795,25,0.358645,-1.223261,1.180279,1.461452,-1.641369,-0.05113179,0.6885297,-1.222343,0.9053336,0.06615336,-0.3339464,-0.1641112,3
2014-02-24 18:45:10.942,3486,348.6,43.61984,3.952396,31.81071,14.72128,56.0645,9,5,1393263905,-0.8214417,-0.3673706,0.00668335,-10.98323,19.97823,-9.977699,342.7614,342.0504,25,0.000648746,-0.9429255,1.431014,1.468147,-1.684046,-0.09736991,-0.0149948,-0.9526758,1.430881,0.1413688,-0.5635858,-0.08000163,3
2014-02-24 18:45:11.065,3487,348.7,43.61984,3.952396,31.81071,14.72128,56.0645,9,5,1393263905,-0.7609711,-0.3532867,0.07066345,-10.98323,20.41316,-10.5469,342.1611,341.4501,25,-0.2305893,-0.6844292,1.379346,1.468147,-1.684046,-0.09736991,-0.0149948,-0.9526758,1.430881,0.1413688,-0.5635858,-0.08000163,3
2014-02-24 18:45:11.161,3488,348.8,43.61991,3.952554,30.48521,14.77519,56.88911,9,5,1393263906,-0.7609711,-0.3532867,0.07066345,-12.68157,20.14133,-11.4007,340.6079,339.8969,25,-0.2217068,-0.2668972,1.282681,1.453675,-1.708575,-0.1466716,-0.2373502,-0.2766475,1.282547,0.2164605,-0.5174842,-0.08459947,3
2014-02-24 18:45:11.254,3489,348.9,43.61991,3.952554,30.48521,14.77519,56.88911,9,5,1393263906,-0.7128143,-0.3249969,0.1295471,-11.53108,20.73935,-10.66074,343.4035,342.6925,25,-0.09350199,0.1469831,1.039386,1.447677,-1.709955,-0.1672649,-0.1091454,0.1372328,1.039252,0.2155407,-0.5197728,-0.0661104,3
2014-02-24 18:45:11.421,3490,349,43.61991,3.952554,30.48521,14.77519,56.88911,9,5,1393263906,-0.6298218,-0.3069916,0.1186676,-10.87366,21.17427,-10.43306,343.6605,342.9495,25,-0.047049,0.5211415,0.8684264,1.443975,-1.703472,-0.1840463,-0.0626923,0.5113912,0.8682927,0.2616569,-0.5080059,-0.0005052571,3
2014-02-24 18:45:11.588,3491,349.1,43.61991,3.952554,30.48521,14.77519,56.88911,9,5,1393263906,-0.6048737,-0.2663727,0.1566925,-10.54495,20.63062,-9.977699,343.8638,343.1528,25,-0.001968875,0.6724141,0.748899,1.44143,-1.692253,-0.1986248,-0.01761211,0.6626639,0.7487652,0.3432952,-0.5043129,-0.0001081215,3
2014-02-24 18:45:11.817,3492,349.2,43.61991,3.952554,30.48521,14.77519,56.88911,9,5,1393263906,-0.5702362,-0.1485138,0.2800903,-9.449244,21.71792,-10.66074,342.1943,341.4833,25,-0.005426457,0.6492009,0.1156145,1.439157,-1.668797,-0.2157081,-0.02106959,0.6394508,0.1154807,0.3733832,-0.4513439,0.09802764,3
2014-02-24 18:45:11.941,3493,349.3,43.61991,3.952554,30.48521,14.77519,56.88911,9,5,1393263906,-0.5702362,-0.1485138,0.2800903,-10.7093,21.33736,-9.806934,345.196,344.485,25,0.203433,0.7446169,-0.7701795,1.439593,-1.656209,-0.2115524,0.03986653,0.7081069,-0.4300984,0.376684,-0.3890399,0.1673252,3
2014-02-24 18:45:12.063,3494,349.4,43.61991,3.952554,30.48521,14.77519,56.88911,9,5,1393263906,-0.5985565,-0.06958008,0.3464813,-11.03801,20.79371,-9.010056,346.9763,346.2654,25,0.203433,0.7446169,-0.7701795,1.443122,-1.641418,-0.1993005,0.18779,0.7348669,-0.7703133,0.3942659,-0.3352518,0.2077813,3
2014-02-24 18:45:12.178,3495,349.5,43.61997,3.952707,29.36256,13.84567,58.1364,9,5,1393263907,-0.5985565,-0.06958008,0.3464813,-11.20237,20.63062,-9.522339,346.0021,345.2911,25,0.2546011,0.4036348,-0.6549147,1.448968,-1.628425,-0.1844398,0.2707704,0.5696979,-0.8113089,0.3831864,-0.2601475,0.2645628,3
2014-02-24 18:45:12.300,3496,349.6,43.61997,3.952707,29.36256,13.84567,58.1364,9,5,1393263907,-0.6162262,-0.06370544,0.4145203,-11.85979,19.76077,-11.57146,341.936,341.225,25,0.2403775,0.1903236,-0.3855014,1.454461,-1.618827,-0.1712728,0.2389582,0.3938848,-0.6550485,0.3856757,-0.2400168,0.2991717,3
2014-02-24 18:45:12.547,3497,349.7,43.61997,3.952707,29.36256,13.84567,58.1364,9,5,1393263907,-0.6277161,-0.08250427,0.5373993,-11.69544,19.59768,-11.28686,342.7643,342.0533,25,0.4116472,0.1597985,-0.2568624,1.45925,-1.613111,-0.1624118,0.2247346,0.1805737,-0.3856351,0.3697306,-0.2254042,0.3727745,3
2014-02-24 18:45:12.636,3498,349.8,43.61997,3.952707,29.36256,13.84567,58.1364,9,5,1393263907,-0.6311493,0.06240845,0.5655365,-11.69544,18.94529,-11.62838,341.5766,340.8656,25,0.8740649,-0.3061945,-0.1540239,1.465132,-1.609495,-0.1573813,0.3960044,0.1500486,-0.2569962,0.3591856,-0.2392366,0.4991882,3
2014-02-24 18:45:12.778,3499,349.9,43.61997,3.952707,29.36256,13.84567,58.1364,9,5,1393263907,-0.7570953,0.217926,0.7102356,-12.24329,17.96672,-11.62838,340.818,340.107,25,1.423677,-0.5041825,-0.07056019,1.477905,-1.609702,-0.1543188,0.8584222,-0.3159444,-0.1541577,0.354129,-0.1682487,0.4974396,3
2014-02-24 18:45:12.881,3500,350,43.61997,3.952707,29.36256,13.84567,58.1364,9,5,1393263907,-0.9635468,0.1537933,0.7190399,-11.03801,19.27148,-12.76678,338.6797,337.9687,25,2.023467,-0.1921686,-0.1828082,1.500685,-1.615152,-0.153325,1.408035,-0.5139323,-0.07069394,0.2922131,0.038666,0.640002,3
2014-02-24 18:45:12.970,3501,350.1,43.61997,3.952707,29.36256,13.84567,58.1364,9,5,1393263907,-1.223434,-0.0602417,0.5244904,-12.572,17.85799,-12.88063,338.7918,338.0808,25,2.949937,0.3298354,-0.8558862,1.533913,-1.616808,-0.1526872,2.007825,-0.2019184,-0.1829419,0.150177,0.04291275,0.6981464,3
2014-02-24 18:45:13.115,3502,350.2,43.62003,3.952851,29.12328,13.33806,58.87902,9,5,1393263908,-1.472885,-0.2925873,0.1858673,-12.79114,18.18418,-12.42527,340.1276,339.4166,25,3.931961,0.5902684,-2.11947,1.582676,-1.606839,-0.1447477,2.934294,0.3200856,-0.8560199,0.0253529,0.009550587,0.6833819,3
2014-02-24 18:45:13.469,3503,350.3,43.62003,3.952851,29.12328,13.33806,58.87902,9,5,1393263908,-1.934708,-0.7013245,-0.3704224,-11.4763,18.51037,-11.4007,340.5859,339.8749,25,4.692924,0.1669211,-3.636587,1.733194,-1.571155,-0.06288267,4.674161,0.490777,-3.302152,-0.4748617,-0.3554285,0.1855089,3
2014-02-24 18:45:13.615,3504,350.4,43.62003,3.952851,29.12328,13.33806,58.87902,9,5,1393263908,-1.934708,-0.7013245,-0.3704224,-12.84593,19.76077,-11.22994,341.9451,341.2341,25,4.080801,-0.7066599,-3.435687,1.900453,-1.574829,0.07076206,4.065159,-0.7164096,-3.43582,-0.9291007,-0.3448853,-0.2945496,3
2014-02-24 18:45:13.718,3505,350.5,43.62003,3.952851,29.12328,13.33806,58.87902,9,5,1393263908,-1.988022,-0.8834686,-0.06443787,-12.07893,19.97823,-11.34378,340.7915,340.0805,25,3.963419,-1.288727,-2.831675,1.900453,-1.574829,0.07076206,4.065159,-0.7164096,-3.43582,-0.9291007,-0.3448853,-0.2945496,3
2014-02-24 18:45:14.134,3506,350.6,43.62003,3.952851,29.12328,13.33806,58.87902,9,5,1393263908,-1.988022,-0.8834686,-0.06443787,-11.4763,20.0326,-11.51455,339.8422,339.1312,25,1.985203,0.03027348,-0.9619436,2.044582,-1.635759,0.1684841,3.147027,-0.9060694,-2.17114,-1.034413,-0.6292022,-0.1128106,3
2014-02-24 18:45:14.277,3507,350.7,43.62003,3.952851,29.12328,13.33806,58.87902,9,5,1393263908,-1.287842,-0.1847992,-0.06147766,-10.92844,20.68498,-11.17302,338.6888,337.9778,25,1.985203,0.03027348,-0.9619436,2.092578,-1.650473,0.192272,1.969561,0.02052397,-0.9620774,-1.009563,-0.6923791,-0.1425638,3
2014-02-24 18:45:14.391,3508,350.8,43.62003,3.952851,29.12328,13.33806,58.87902,9,5,1393263908,-1.287842,-0.1847992,-0.06147766,-10.54494,20.84808,-10.66073,339.3405,338.6295,25,0.5772556,1.015303,-0.01961445,2.116029,-1.647592,0.1977361,0.8243826,0.5189221,-0.1802292,-0.8170996,-0.4653541,-0.2053824,3
2014-02-24 18:45:14.536,3509,350.9,43.62009,3.952998,28.59896,13.6662,58.45419,9,5,1393263909,-0.9331512,-0.02790833,-0.03025818,-9.010965,19.54331,-10.66074,339.2266,338.5156,25,0.949863,1.686318,-0.09179757,2.1272,-1.635233,0.1979796,0.5616136,1.005554,-0.01974819,-0.3094106,0.01188964,-0.1246117,3
2014-02-24 18:45:14.679,3510,351,43.62009,3.952998,28.59896,13.6662,58.45419,9,5,1393263909,-0.6776733,-0.003723145,-0.0342865,-10.7093,20.0326,-11.4007,336.8105,336.0995,25,1.319608,1.959143,-0.205873,2.141965,-1.610965,0.1981297,0.934221,1.676568,-0.09193131,-0.124694,0.1029028,-0.07208683,3
2014-02-24 18:45:14.794,3511,351.1,43.62009,3.952998,28.59896,13.6662,58.45419,9,5,1393263909,-0.5064545,-0.02561951,-0.04582214,-10.98323,20.08696,-11.45762,336.9965,336.2855,25,1.438699,1.8641,-0.1580501,2.164445,-1.580476,0.2006345,1.303966,1.949393,-0.2060068,0.1837366,0.1972007,-0.04615214,3
2014-02-24 18:45:14.913,3512,351.2,43.62009,3.952998,28.59896,13.6662,58.45419,9,5,1393263909,-0.4125061,0.007873535,-0.08984375,-10.43538,18.67347,-11.22994,337.0044,336.2934,25,1.338899,1.515996,0.06258588,2.191025,-1.550143,0.204459,1.423057,1.85435,-0.1581838,0.394871,0.1921732,-0.02074792,3
2014-02-24 18:45:15.037,3513,351.3,43.62009,3.952998,28.59896,13.6662,58.45419,9,5,1393263909,-0.4404602,0.04441833,-0.08651733,-10.49016,18.83657,-11.62838,336.9557,336.2447,25,1.24543,1.028522,0.2822975,2.216967,-1.524764,0.2059236,1.323257,1.506246,0.06245214,0.5297155,0.1804387,-0.0157167,3
2014-02-24 18:45:15.165,3514,351.4,43.62009,3.952998,28.59896,13.6662,58.45419,9,5,1393263909,-0.4947815,0.05155945,-0.09403992,-10.43538,18.23855,-11.6853,336.8405,336.1295,25,1.216617,0.6586221,0.4017685,2.241002,-1.507293,0.2034435,1.229789,1.018772,0.2821637,0.5648964,0.2099166,-0.02769149,3
2014-02-24 18:45:15.278,3515,351.5,43.62009,3.952998,28.59896,13.6662,58.45419,9,5,1393263909,-0.5700378,0.0668335,-0.1467133,-11.14758,18.29291,-11.28686,336.769,336.058,25,1.182672,0.5854867,0.5018703,2.264471,-1.497623,0.1980217,1.200975,0.6488729,0.4016347,0.5373738,0.2411484,-0.01483826,3
2014-02-24 18:45:15.500,3516,351.6,43.62009,3.952998,28.59896,13.6662,58.45419,9,5,1393263909,-0.6375885,0.05880737,-0.2215576,-12.68157,17.74926,-12.42526,335.377,334.666,25,1.218668,0.7507382,0.4384285,2.287452,-1.49126,0.1910259,1.16703,0.5757375,0.5017366,0.4839246,0.2414257,-0.01603269,3
2014-02-24 18:45:15.615,3517,351.7,43.62016,3.953164,27.20568,14.29895,57.90926,9,5,1393263910,-0.7004547,0.1008301,-0.2645416,-13.94163,16.39013,-12.8237,334.5633,333.8523,25,1.185494,0.9677081,0.2471219,2.310682,-1.48314,0.184067,1.203026,0.7409891,0.4382947,0.4092951,0.2498629,-0.06064835,3
2014-02-24 18:45:15.734,3518,351.8,43.62016,3.953164,27.20568,14.29895,57.90926,9,5,1393263910,-0.7004547,0.1008301,-0.2645416,-15.20169,17.09688,-12.88063,334.6484,333.9374,25,1.030225,1.071857,-0.04514298,2.354228,-1.455476,0.1808254,1.014584,1.062108,-0.04527672,0.3084912,0.2431961,-0.1302346,3
2014-02-24 18:45:15.849,3519,351.9,43.62016,3.953164,27.20568,14.29895,57.90926,9,5,1393263910,-0.8814392,0.1216125,-0.4355164,-14.43469,16.55322,-13.22215,334.7366,334.0256,25,0.9703126,0.8331305,-0.3601276,2.37159,-1.440886,0.1876351,0.9546713,0.8233815,-0.3602613,0.1388271,0.2974674,-0.2627581,3
2014-02-24 18:45:15.963,3520,352,43.62016,3.953164,27.20568,14.29895,57.90926,9,5,1393263910,-1.031647,0.04153442,-0.5224915,-14.0512,16.49886,-13.84827,334.6993,333.9883,25,0.8536593,0.3915427,-0.4754222,2.387466,-1.433736,0.1985635,0.8380179,0.3817937,-0.4755559,0.0897179,0.3188738,-0.3015691,3
2014-02-24 18:45:16.077,3521,352.1,43.62016,3.953164,27.20568,14.29895,57.90926,9,5,1393263910,-1.219437,0.01741028,-0.5800934,-14.65383,16.77068,-12.42527,336.6363,335.9253,25,0.4809922,-0.05729391,0.02629499,2.3985,-1.434001,0.2038677,0.4653509,-0.06704288,0.02616125,-0.06150433,0.2439929,-0.3889464,3
2014-02-24 18:45:16.185,3522,352.2,43.62016,3.953164,27.20568,14.29895,57.90926,9,5,1393263910,-1.344681,0.07652283,-0.5166321,-14.43469,17.20561,-12.31142,336.673,335.962,25,-0.008696286,-0.3958896,0.6783165,2.402629,-1.44044,0.1960567,-0.02433747,-0.4056385,0.6781827,-0.2469161,0.2122134,-0.4525962,3
2014-02-24 18:45:16.301,3523,352.3,43.62016,3.953164,27.20568,14.29895,57.90926,9,5,1393263910,-1.460953,0.1345673,-0.4403687,-12.51722,18.56474,-13.05139,334.9038,334.1928,25,-0.3073408,-0.281714,1.070843,2.400254,-1.446895,0.1779383,-0.3229819,-0.2914629,1.07071,-0.3088872,0.2210682,-0.4223423,3
2014-02-24 18:45:16.561,3524,352.4,43.62016,3.953164,27.20568,14.29895,57.90926,9,5,1393263910,-1.472641,0.2408752,-0.4003143,-12.68157,19.38021,-11.85606,338.7099,337.9989,25,-0.1945495,0.4440789,1.012054,2.397392,-1.444473,0.1574043,-0.2101906,0.4343301,1.01192,-0.4436788,0.2325608,-0.3218898,3
2014-02-24 18:45:16.672,3525,352.5,43.62022,3.95332,26.99855,14.4935,57.22587,9,5,1393263911,-1.437164,0.0953064,-0.4134827,-12.51721,18.23854,-12.48219,336.0072,335.2962,25,0.1376077,1.063685,0.9282531,2.399412,-1.429046,0.1398969,0.1219494,1.053935,0.9281197,-0.5153831,0.3358674,-0.268155,3
2014-02-24 18:45:16.794,3526,352.6,43.62022,3.95332,26.99855,14.4935,57.22587,9,5,1393263911,-1.437164,0.0953064,-0.4134827,-13.2842,17.80362,-11.79914,337.1139,336.4029,25,-0.03420031,1.495326,0.5012442,2.406421,-1.404484,0.1251987,0.2520888,1.487593,0.7468247,-0.5039696,0.313028,-0.2435856,3
2014-02-24 18:45:16.870,3527,352.7,43.62022,3.95332,26.99855,14.4935,57.22587,9,5,1393263911,-1.436081,-0.1166077,-0.4704132,-13.50335,18.99966,-11.57146,338.9896,338.2786,25,-0.3345034,0.6644076,0.6343378,2.409397,-1.374899,0.1151309,-0.04985851,1.485576,0.5011108,-0.4627845,0.2101832,-0.2201248,3
2014-02-24 18:45:17.011,3528,352.8,43.62022,3.95332,26.99855,14.4935,57.22587,9,5,1393263911,-1.521912,-0.2440338,-0.4216919,-13.61292,18.89093,-12.25451,338.3789,337.6679,25,-1.000133,-0.05164349,0.8848041,2.407476,-1.357236,0.1039263,-0.3501615,0.6546578,0.6342044,-0.4640712,-0.01286837,-0.2596164,3
2014-02-24 18:45:17.218,3529,352.9,43.62022,3.95332,26.99855,14.4935,57.22587,9,5,1393263911,-1.498337,-0.3103638,-0.2785492,-12.90071,18.51037,-13.22215,337.885,337.174,25,-2.045801,-0.4231084,1.362879,2.375608,-1.35775,0.06120839,-1.61705,-0.4919704,1.196317,-0.5256138,-0.2210106,-0.1818413,3
2014-02-24 18:45:17.378,3530,353,43.62022,3.95332,26.99855,14.4935,57.22587,9,5,1393263911,-1.445557,-0.2935181,-0.271225,-13.17464,18.7822,-12.8237,336.8426,336.1316,25,-1.893686,-0.3106146,1.251796,2.345618,-1.364836,0.03009772,-2.061459,-0.432858,1.362745,-0.4938836,-0.185132,-0.0813368,3
2014-02-24 18:45:17.570,3531,353.1,43.62022,3.95332,26.99855,14.4935,57.22587,9,5,1393263911,-1.32132,-0.2540283,-0.2183685,-13.94163,17.91236,-12.14067,337.4129,336.7019,25,-1.791409,-0.2660556,0.7713699,2.314286,-1.372583,-0.001355367,-1.909344,-0.3203642,1.251663,-0.4247781,-0.3086521,-0.06008592,3
2014-02-24 18:45:17.693,3532,353.2,43.6203,3.953474,29.46383,15.36652,55.77745,9,10,1393263912,-1.188034,-0.23526,-0.2452545,-14.76341,18.29291,-12.99446,337.1746,336.4636,25,-2.107652,-0.3284873,0.7806724,2.284185,-1.376552,-0.02470262,-1.807066,-0.2758052,0.7712365,-0.4178787,-0.3403587,-0.09412797,3
2014-02-24 18:45:17.805,3533,353.3,43.6203,3.953474,29.46383,15.36652,55.77745,9,10,1393263912,-1.061569,-0.2008972,-0.2070007,-15.03733,17.3687,-13.27906,336.3492,335.6382,25,-2.29236,-0.3524212,0.8002477,2.25059,-1.383857,-0.04552547,-2.12331,-0.3382369,0.780539,-0.33976,-0.2995381,-0.03270856,3
2014-02-24 18:45:17.920,3534,353.4,43.6203,3.953474,29.46383,15.36652,55.77745,9,10,1393263912,-0.9418182,-0.1871948,-0.146225,-16.18782,18.07545,-13.90519,336.7637,336.0527,25,-2.086461,-0.2730424,0.8906071,2.211748,-1.392613,-0.06794653,-2.308017,-0.3621707,0.8001143,-0.2061377,-0.3031543,-0.06842163,3
2014-02-24 18:45:18.062,3535,353.5,43.6203,3.953474,29.46383,15.36652,55.77745,9,10,1393263912,-0.795517,-0.1530609,-0.07746887,-15.96868,16.00957,-13.79136,336.8523,336.1413,25,-1.485628,-0.1067928,0.9757002,2.17372,-1.401548,-0.09066773,-2.102118,-0.2827919,0.8904738,-0.07990635,-0.2914408,-0.03925124,3
2014-02-24 18:45:18.182,3536,353.6,43.6203,3.953474,29.46383,15.36652,55.77745,9,10,1393263912,-0.795517,-0.1530609,-0.07746887,-15.63997,15.24846,-12.76678,338.4882,337.7772,25,-0.7943397,0.04481834,0.9855534,2.127752,-1.410486,-0.1347525,-0.8099973,0.03506893,0.98542,0.1048613,-0.2997961,0.05649335,3
2014-02-24 18:45:18.314,3537,353.7,43.6203,3.953474,29.46383,15.36652,55.77745,9,10,1393263912,-0.6783447,-0.1719055,0.02346802,-16.29739,14.70481,-12.99446,338.3024,337.5914,25,-0.2448537,0.253362,1.022817,2.121992,-1.408253,-0.1547552,-0.2605112,0.2436126,1.022683,0.2401929,-0.338205,0.1204051,3
2014-02-24 18:45:18.547,3538,353.8,43.6203,3.953474,29.46383,15.36652,55.77745,9,10,1393263912,-0.5710602,-0.08139038,0.04159546,-16.95481,14.05243,-13.33599,338.6228,337.9118,25,0.3447356,0.3936541,1.132691,2.127585,-1.401041,-0.1743686,0.3290781,0.3839047,1.132557,0.2923356,-0.3453918,0.1898478,3
2014-02-24 18:45:18.671,3539,353.9,43.62037,3.953611,27.1309,14.33209,54.06575,9,10,1393263913,-0.493454,0.09425354,0.1562958,-18.65315,13.99806,-14.87283,341.8937,341.1827,25,0.849248,0.4293908,1.431638,2.143932,-1.389605,-0.1961088,0.8335906,0.4196415,1.431505,0.3937155,-0.2762446,0.218343,3
2014-02-24 18:45:18.785,3540,354,43.62037,3.953611,27.1309,14.33209,54.06575,9,10,1393263913,-0.5109863,0.1116638,0.1637573,-17.33831,13.7806,-15.21436,341.5797,340.8687,25,1.37755,0.6144165,1.809128,2.171733,-1.375216,-0.2224766,1.361893,0.6046673,1.808995,0.4633048,-0.1263923,0.3458425,3
2014-02-24 18:45:18.872,3541,354.1,43.62037,3.953611,27.1309,14.33209,54.06575,9,10,1393263913,-0.5157013,0.2207947,0.2038727,-16.46175,13.45441,-15.10052,341.2774,340.5664,25,1.74419,0.8461241,2.084896,2.209705,-1.351587,-0.2528225,1.728533,0.8363749,2.084763,0.4322539,-0.1435094,0.3626138,3
2014-02-24 18:45:19.010,3542,354.2,43.62037,3.953611,27.1309,14.33209,54.06575,9,10,1393263913,-0.4589844,0.3031006,0.3053436,-16.46175,13.56314,-14.87283,341.0926,340.3816,25,1.988369,0.9584155,2.001682,2.254398,-1.323272,-0.2820595,1.972712,0.9486663,2.001548,0.4217196,-0.1456744,0.4106462,3
2014-02-24 18:45:19.134,3543,354.3,43.62037,3.953611,27.1309,14.33209,54.06575,9,10,1393263913,-0.4473114,0.3334198,0.2594452,-15.80432,11.93218,-15.66972,339.9641,339.2531,25,2.030582,1.000099,1.645056,2.301362,-1.290868,-0.3044796,2.014925,0.9903496,1.644922,0.4229722,-0.03330198,0.5083451,3
2014-02-24 18:45:19.251,3544,354.4,43.62037,3.953611,27.1309,14.33209,54.06575,9,10,1393263913,-0.4473114,0.3334198,0.2594452,-16.35217,10.08377,-14.53131,339.1623,338.4513,25,1.245327,1.194061,0.5739578,2.343349,-1.257312,-0.318067,1.681883,1.13656,1.113571,0.4606799,0.04066244,0.5688322,3
2014-02-24 18:45:19.398,3545,354.5,43.62037,3.953611,27.1309,14.33209,54.06575,9,10,1393263913,-0.526062,0.2681885,0.1009979,-16.18782,10.68179,-15.49896,338.5112,337.8002,25,1.183173,1.461051,0.002971023,2.373692,-1.226187,-0.3233733,1.22967,1.184312,0.5738245,0.4451124,0.01565299,0.5797638,3
2014-02-24 18:45:19.552,3546,354.6,43.62037,3.953611,27.1309,14.33209,54.06575,9,10,1393263913,-0.625412,0.2458649,-0.1184387,-17.7218,10.02941,-15.27127,338.0579,337.3469,25,1.68161,1.858368,-0.8266785,2.396453,-1.194071,-0.319786,1.167516,1.451302,0.002837664,0.3566703,-0.04617492,0.4502246,3
2014-02-24 18:45:19.667,3547,354.7,43.62037,3.953611,27.1309,14.33209,54.06575,9,10,1393263913,-0.9243164,0.09010315,-0.2338867,-16.73567,9.70322,-15.38511,337.8229,337.1119,25,2.661571,1.569664,-1.447925,2.418723,-1.15591,-0.3011685,1.665954,1.848619,-0.8268119,0.2485593,-0.05077149,0.2665042,3
2014-02-24 18:45:19.796,3548,354.8,43.62045,3.953755,27.1309,14.33209,54.06575,9,10,1393263914,-0.943924,0.3575287,-0.2907104,-13.99641,6.332577,-14.36055,335.0997,334.3887,25,2.703535,2.011679,-0.9227648,2.446522,-1.112175,-0.2616297,2.645914,1.559915,-1.448059,-0.005828729,-0.1230197,0.03017046,3
2014-02-24 18:45:19.911,3549,354.9,43.62045,3.953755,27.1309,14.33209,54.06575,9,10,1393263914,-1.203873,0.09564209,-0.4712524,-14.32512,5.788925,-13.79135,334.5514,333.8404,25,1.821347,2.079991,-0.03330549,2.484537,-1.072061,-0.2173071,2.687878,2.00193,-0.9228981,-0.07099306,0.1354123,0.2907199,3
2014-02-24 18:45:20.103,3550,355,43.62045,3.953755,27.1309,14.33209,54.06575,9,10,1393263914,-1.303726,0.01031494,-0.9906464,-14.27034,4.86471,-15.10052,333.8937,333.1827,25,1.867333,1.351009,0.3250098,2.543408,-0.983855,-0.1828487,1.422151,1.701498,0.431026,-0.3851145,-0.08618943,0.0733321,3
2014-02-24 18:45:20.266,3551,355.1,43.62045,3.953755,27.1309,14.33209,54.06575,9,10,1393263914,-1.251709,-0.1156006,-0.9959412,-15.42082,4.484151,-13.79136,333.4717,332.7607,25,2.20756,0.7020215,0.1973583,2.57306,-0.9503718,-0.1708376,1.851677,1.34126,0.3248764,-0.4088296,0.1177272,-0.1202437,3
2014-02-24 18:45:20.643,3552,355.2,43.62045,3.953755,27.1309,14.33209,54.06575,9,10,1393263914,-1.118774,-0.09840393,-0.9682007,-13.50335,3.016297,-14.75899,330.3155,329.6045,25,1.38793,0.445872,0.7046328,2.607598,-0.9278231,-0.1504333,2.191903,0.6922727,0.197225,-0.5124482,-0.1395516,-0.3978402,3
2014-02-24 18:45:20.788,3553,355.3,43.62045,3.953755,27.1309,14.33209,54.06575,9,10,1393263914,-1.118774,-0.09840393,-0.9682007,-13.39378,2.581371,-15.8974,323.3328,322.6218,25,0.3128825,0.2233047,0.8372509,2.659106,-0.9060283,-0.1424108,0.2972261,0.213556,0.8371176,-0.4274049,-0.2634052,-0.3711035,3
2014-02-24 18:45:20.872,3554,355.4,43.62056,3.953761,28.15374,12.3985,28.31505,9.106237,10,1393263915,-1.250458,0.07159424,-0.7661591,-12.95549,2.146449,-15.44204,322.0464,321.3354,25,0.03618011,-0.09603944,0.7133607,2.659106,-0.9060283,-0.1424108,0.2972261,0.213556,0.8371176,-0.4274049,-0.2634052,-0.3711035,3
2014-02-24 18:45:20.989,3555,355.5,43.62056,3.953761,28.15374,12.3985,28.31505,9.106237,10,1393263915,-1.250458,0.07159424,-0.7661591,-14.10598,1.330974,-16.29584,320.0109,319.2999,25,0.007913317,-0.3948384,1.362387,2.682361,-0.9066348,-0.169333,-0.007743,-0.404587,1.362254,-0.2527896,-0.1981118,-0.3591071,3
2014-02-24 18:45:21.103,3556,355.6,43.62056,3.953761,28.15374,12.3985,28.31505,9.106237,10,1393263915,-1.317657,0.08668518,-0.6821899,-14.0512,1.6028,-17.49116,318.0159,317.3049,25,0.06384103,-0.3270298,1.283664,2.698453,-0.9118636,-0.1887726,0.04818476,-0.3367784,1.283531,-0.4738572,-0.1160592,-0.1647625,3
2014-02-24 18:45:21.244,3557,355.7,43.62056,3.953761,28.15374,12.3985,28.31505,9.106237,10,1393263915,-1.069092,0.0962677,-0.6549988,-14.27034,1.711533,-17.94652,317.3821,316.6711,25,0.08291486,0.145472,0.6797785,2.710032,-0.9103758,-0.2013114,0.06725864,0.1357234,0.6796452,-0.5438716,-0.1132692,-0.08112941,3
2014-02-24 18:45:21.452,3558,355.8,43.62056,3.953761,28.15374,12.3985,28.31505,9.106237,10,1393263915,-0.8531647,0.04168701,-0.6345367,-14.70862,0.8416843,-18.40189,311.8894,311.1784,25,0.1131183,0.2852605,0.271636,2.715949,-0.9046351,-0.2064681,0.09746215,0.275512,0.2715027,-0.2995901,-0.1087366,-0.05015134,3
2014-02-24 18:45:21.598,3559,355.9,43.62056,3.953761,28.15374,12.3985,28.31505,9.106237,10,1393263915,-0.7086639,-0.02580261,-0.5572815,-16.35218,2.037725,-19.88181,311.8234,311.1124,25,0.2832951,0.3076406,0.07127764,2.720597,-0.898357,-0.2055452,0.267639,0.2978922,0.07114429,-0.1787127,-0.117431,-0.02031231,3
2014-02-24 18:45:21.707,3560,356,43.62066,3.95381,26.00585,10.87158,14.91593,9,10,1393263916,-0.4908295,0.01924133,-0.4107361,-14.0512,3.777409,-19.42645,312.3208,311.6098,25,0.04111974,0.26924,-0.1042937,2.722689,-0.8925387,-0.2036131,0.02546372,0.2594915,-0.104427,-0.04073247,-0.2022396,0.01591933,3
2014-02-24 18:45:21.901,3561,356.1,43.62066,3.95381,26.00585,10.87158,14.91593,9,10,1393263916,-0.5238037,0.1603699,-0.3116913,-13.83205,3.668679,-19.42645,309.7522,309.0412,25,-0.8873925,0.1810433,-0.4607647,2.69712,-0.8891286,-0.2057823,-0.9030484,0.1712949,-0.460898,0.3087082,-0.1569087,0.2238506,3
2014-02-24 18:45:22.110,3562,356.2,43.62066,3.95381,26.00585,10.87158,14.91593,9,10,1393263916,-0.5079041,0.1748657,-0.3291779,-14.54426,3.28812,-18.4588,309.337,308.626,25,-0.6456576,1.041509,-0.8117336,2.663397,-0.8863868,-0.2186915,-0.8082157,0.5603173,-0.3781469,0.2325349,-0.05658258,0.3054664,3
2014-02-24 18:45:22.317,3563,356.3,43.62066,3.95381,26.00585,10.87158,14.91593,9,10,1393263916,-0.219986,0.09259033,-0.3272095,-13.11985,4.810347,-19.14185,306.261,305.55,25,-0.322177,1.029661,-0.3357487,2.626806,-0.8560456,-0.213832,-0.5112234,1.220948,-0.6844033,0.3072389,-0.02711706,0.3082416,3
2014-02-24 18:45:22.562,3564,356.4,43.62066,3.95381,26.00585,10.87158,14.91593,9,10,1393263916,-0.2823792,0.1106873,-0.3631592,-12.51721,5.517095,-18.74341,303.9216,303.2106,25,-0.3983024,1.009745,-0.2013784,2.615253,-0.8369805,-0.21235,-0.3378326,1.019913,-0.335882,0.4839393,-0.06018397,0.2751031,3
2014-02-24 18:45:22.656,3565,356.5,43.62066,3.95381,26.00585,10.87158,14.91593,9,10,1393263916,-0.2562103,0.02023315,-0.3729095,-12.40764,4.75598,-17.94653,300.6736,299.9626,25,-0.9211028,0.9082794,-0.05525207,2.607537,-0.8203238,-0.2127058,-0.4139579,0.9999973,-0.2015117,0.4602759,-0.07139599,0.4010813,3
2014-02-24 18:45:22.770,3566,356.6,43.62066,3.95381,26.00585,10.87158,14.91593,9,10,1393263916,-0.4252625,0.1833954,-0.5477142,-12.46243,5.245269,-18.45881,302.7463,302.0353,25,-1.216804,0.7702922,-0.4438712,2.596155,-0.8061096,-0.2213593,-0.9367582,0.8985312,-0.05538542,0.421613,-0.1088687,0.3122594,3
2014-02-24 18:45:22.925,3567,356.7,43.62075,3.953845,26.14279,11.02662,12.1993,9,10,1393263917,-0.5081177,0.1886139,-0.6325989,-11.58586,5.680192,-17.54808,304.1686,303.4576,25,-1.057076,0.899362,-1.041881,2.576967,-0.7950786,-0.2321569,-1.23246,0.7605441,-0.4440045,0.4385556,-0.2098439,0.3085336,3
2014-02-24 18:45:23.053,3568,356.8,43.62075,3.953845,26.14279,11.02662,12.1993,9,10,1393263917,-0.6401062,0.3520203,-0.7943268,-10.92844,5.245269,-19.14185,299.5493,298.8383,25,-0.8586572,1.319528,-0.9912863,2.52291,-0.7715242,-0.2342568,-0.8743125,1.30978,-0.9914197,0.2678307,-0.07429854,0.1089212,3
2014-02-24 18:45:23.161,3569,356.9,43.62075,3.953845,26.14279,11.02662,12.1993,9,10,1393263917,-0.8930969,0.4862976,-1.080124,-11.58586,4.91908,-19.02801,297.8505,297.1395,25,-0.8716694,1.585261,-0.4883955,2.501894,-0.7492543,-0.2370195,-0.8873247,1.575513,-0.4885288,0.1147793,-0.03947875,0.05912315,3
2014-02-24 18:45:23.283,3570,357,43.62075,3.953845,26.14279,11.02662,12.1993,9,10,1393263917,-0.8765869,0.5089264,-1.074249,-11.25715,6.65877,-18.80033,300.4939,299.7829,25,-1.074969,1.246684,-0.2524227,2.484231,-0.7270551,-0.2470143,-1.090624,1.236936,-0.252556,-0.07814362,0.2500274,-0.2093961,3
2014-02-24 18:45:23.513,3571,357.1,43.62075,3.953845,26.14279,11.02662,12.1993,9,10,1393263917,-0.8765869,0.5089264,-1.074249,-10.43538,6.06075,-17.26348,298.9509,298.2399,25,-0.6704729,0.1804206,0.1044164,2.470445,-0.7156897,-0.2619066,-0.9645144,0.5819993,0.0753063,-0.2330589,0.2168922,-0.3410706,3
2014-02-24 18:45:23.701,3572,357.2,43.62086,3.953872,26.46532,11.42616,10.36032,9,5,1393263918,-1.11911,0.5733643,-1.195526,-9.50403,7.202418,-17.54808,299.6718,298.9608,25,0.3921012,-0.3275914,-0.8083463,2.452527,-0.7135444,-0.2777706,-0.2782733,0.003124795,-0.5482758,-0.4731097,0.3363681,-0.372985,3
2014-02-24 18:45:23.845,3573,357.3,43.62086,3.953872,26.46532,11.42616,10.36032,9,5,1393263918,-1.130341,0.4732666,-1.136414,-7.531765,7.311145,-14.81592,300.3737,299.6627,25,0.2410203,-0.6447076,-0.4899639,2.443397,-0.7196982,-0.2660059,0.37643,-0.3373406,-0.8084788,-0.4831359,0.3104843,-0.4699705,3
2014-02-24 18:45:23.938,3574,357.4,43.62086,3.953872,26.46532,11.42616,10.36032,9,5,1393263918,-0.9759674,0.3130035,-1.023224,-8.079615,8.398453,-14.01903,304.8085,304.0975,25,-0.2866725,-0.8458613,-0.3323537,2.439369,-0.7312067,-0.2534221,0.2253492,-0.6544567,-0.4900964,-0.4779344,0.2751912,-0.4307426,3
2014-02-24 18:45:24.067,3575,357.5,43.62086,3.953872,26.46532,11.42616,10.36032,9,5,1393263918,-0.8934174,0.1645966,-0.8699951,-6.983913,8.507186,-13.79135,304.0504,303.3394,25,-0.2323731,-0.8181127,0.2521044,2.431618,-0.7475709,-0.2498151,-0.3023436,-0.8556103,-0.3324862,-0.4345216,0.1140728,-0.3426445,3
2014-02-24 18:45:24.150,3576,357.6,43.62086,3.953872,26.46532,11.42616,10.36032,9,5,1393263918,-0.836853,0.3826447,-0.8972778,-6.87434,8.507186,-14.01903,302.4936,301.7826,25,0.02840687,-0.5951883,0.3814754,2.427803,-0.7648547,-0.2544481,-0.2480441,-0.8278617,0.2519719,-0.265211,0.02775341,-0.2823074,3
2014-02-24 18:45:24.285,3577,357.7,43.62086,3.953872,26.46532,11.42616,10.36032,9,5,1393263918,-0.7880859,0.283371,-0.9515991,-6.764772,8.180993,-14.47439,301.0495,300.3385,25,0.05329305,-0.789166,-0.2311001,2.43296,-0.7755363,-0.260512,0.01273591,-0.6049373,0.3813429,-0.2665471,0.1427238,-0.297459,3
2014-02-24 18:45:24.483,3578,357.8,43.62086,3.953872,26.46532,11.42616,10.36032,9,5,1393263918,-1.044708,0.1803436,-0.8172455,-7.038698,9.64885,-13.05139,306.6417,305.9307,25,0.0212435,-1.456138,-0.1228383,2.433022,-0.7897629,-0.2599575,0.03762213,-0.798915,-0.2312326,-0.1505283,0.1256052,-0.2169183,3
2014-02-24 18:45:24.589,3579,357.9,43.62097,3.953894,28.44642,11.84415,10.98785,9,5,1393263919,-0.882019,0.09570312,-0.8440247,-7.750904,9.159565,-12.42527,304.9016,304.1906,25,-0.2939504,-1.456778,0.8114524,2.43019,-0.8122174,-0.2566995,0.005572653,-1.465887,-0.1229708,-0.08605426,0.02948137,-0.2862484,3
2014-02-24 18:45:24.811,3580,358,43.62097,3.953894,28.44642,11.84415,10.98785,9,5,1393263919,-0.6466064,0.10672,-0.523407,-8.134401,9.757586,-12.48219,305.9798,305.2688,25,-0.3384036,-1.324017,-0.405609,2.431336,-0.8665476,-0.2740149,-0.3847998,-1.330485,-0.1069266,-0.1408762,-0.06034785,-0.2204744,3
2014-02-24 18:45:24.919,3581,358.1,43.62097,3.953894,28.44642,11.84415,10.98785,9,5,1393263919,-0.6466064,0.10672,-0.523407,-6.709986,11.17107,-12.82371,309.5834,308.8724,25,-0.3061714,-1.586562,-0.2431946,2.412988,-0.9237365,-0.2723943,-0.321842,-1.596311,-0.2433271,0.123972,-0.1459151,-0.01212684,3
2014-02-24 18:45:25.101,3582,358.2,43.62097,3.953894,28.44642,11.84415,10.98785,9,5,1393263919,-0.6168213,0.04594421,-0.281723,-6.655203,12.5302,-12.5391,311.2257,310.5147,25,-0.5874653,-1.590423,-0.455845,2.395097,-0.9926886,-0.271505,-0.6031359,-1.600172,-0.4559776,0.1155198,-0.1892174,0.1665599,3
2014-02-24 18:45:25.326,3583,358.3,43.62097,3.953894,28.44642,11.84415,10.98785,9,5,1393263919,-0.3527679,0.05871582,-0.1831665,-5.942993,13.01948,-11.6853,314.4003,313.6893,25,-0.9667165,-1.649775,-0.5680075,2.35226,-1.063329,-0.2699736,-0.9823869,-1.659524,-0.56814,0.3198448,-0.1896034,0.2353301,3
2014-02-24 18:45:25.561,3584,358.4,43.62097,3.953894,28.44642,11.84415,10.98785,9,5,1393263919,-0.3423309,0.1156769,-0.1346741,-6.545631,12.09528,-10.8315,313.0612,312.3502,25,-0.7404072,-1.806339,-0.378955,2.333745,-1.101317,-0.2700408,-0.7560776,-1.816087,-0.3790876,0.4963715,-0.1938642,0.2526463,3
2014-02-24 18:45:25.648,3585,358.5,43.62107,3.953932,28.59971,12.19934,14.0949,9,5,1393263920,-0.3423309,0.1156769,-0.1346741,-6.929127,12.58456,-11.34378,313.009,312.298,25,-0.3539101,-1.867926,-0.2315222,2.321651,-1.14011,-0.2706789,-0.4529227,-1.99177,-0.1034728,0.4429616,-0.2385771,0.2506209,3
2014-02-24 18:45:25.767,3586,358.6,43.62107,3.953932,28.59971,12.19934,14.0949,9,5,1393263920,-0.4439087,0.1835327,-0.03688049,-6.874344,13.18258,-11.28686,314.4254,313.7144,25,-0.3539101,-1.867926,-0.2315222,2.313575,-1.177251,-0.2716158,-0.3695804,-1.877675,-0.2316547,0.506594,-0.2574699,0.228187,3
2014-02-24 18:45:25.895,3587,358.7,43.62107,3.953932,28.59971,12.19934,14.0949,9,5,1393263920,-0.4439087,0.1835327,-0.03688049,-6.655203,13.83496,-11.51454,314.4687,313.7577,25,-0.3103935,-1.909998,-0.4324678,2.305815,-1.214949,-0.2676781,-0.3032561,-1.894102,-0.3657648,0.4977509,-0.3165407,0.2573796,3
2014-02-24 18:45:25.998,3588,358.8,43.62107,3.953932,28.59971,12.19934,14.0949,9,5,1393263920,-0.5288239,0.03367615,-0.1908569,-5.614285,15.41155,-11.00226,315.2101,314.4991,25,0.2413029,-1.614997,-0.07342282,2.29775,-1.252771,-0.2633807,-0.3260636,-1.919746,-0.4326003,0.4731907,-0.07681341,0.2650279,3
2014-02-24 18:45:26.109,3589,358.9,43.62107,3.953932,28.59971,12.19934,14.0949,9,5,1393263920,-0.5957336,-0.002258301,-0.1279602,-5.011646,15.03099,-9.579254,315.9072,315.1962,25,1.027759,-1.37816,-0.1280086,2.295462,-1.283011,-0.260038,0.2256329,-1.624745,-0.07355534,0.3978137,-0.2234411,0.08343049,3
2014-02-24 18:45:26.302,3590,359,43.62107,3.953932,28.59971,12.19934,14.0949,9,5,1393263920,-0.9622498,-0.1161652,-0.1811066,-5.121216,15.57465,-10.03461,316.1482,315.4372,25,1.617393,-1.711348,-0.407677,2.332227,-1.327228,-0.2454563,1.456047,-1.402431,-0.2457377,0.2721444,-0.2775906,0.09854703,3
2014-02-24 18:45:26.556,3591,359.1,43.62117,3.954012,28.13186,12.4654,32.27187,9,5,1393263921,-0.9869232,-0.1531219,-0.265976,-5.99778,16.44449,-8.89621,320.1503,319.4393,25,1.786947,-1.95334,-0.6430005,2.359744,-1.350561,-0.2323042,1.601723,-1.721096,-0.4078095,0.1875026,-0.3227802,0.05118372,3
2014-02-24 18:45:26.677,3592,359.2,43.62117,3.954012,28.13186,12.4654,32.27187,9,5,1393263921,-1.112976,-0.1888275,-0.2164459,-6.655203,17.42307,-10.94534,319.7145,319.0035,25,2.176777,-2.046326,-0.5984626,2.388845,-1.37977,-0.2149753,1.771277,-1.963089,-0.643133,-0.003039473,-0.3294885,0.004389522,3
2014-02-24 18:45:26.784,3593,359.3,43.62117,3.954012,28.13186,12.4654,32.27187,9,5,1393263921,-1.274506,-0.2097931,-0.1635437,-6.107351,17.42307,-10.71766,319.3282,318.6172,25,2.381237,-2.189768,-0.4484601,2.42457,-1.410055,-0.1968092,2.161108,-2.056074,-0.5985951,-0.01886994,-0.3486631,-0.1090158,3
2014-02-24 18:45:26.886,3594,359.4,43.62117,3.954012,28.13186,12.4654,32.27187,9,5,1393263921,-1.445358,-0.1170197,-0.1437683,-6.545631,16.98814,-10.48998,319.2094,318.4984,25,2.762022,-2.310542,-0.04242069,2.466455,-1.442323,-0.1810604,2.365567,-2.199516,-0.4485926,-0.1374294,-0.3689002,-0.09042029,3
2014-02-24 18:45:27.109,3595,359.5,43.62117,3.954012,28.13186,12.4654,32.27187,9,5,1393263921,-1.648804,-0.1763763,-0.2920074,-7.367409,17.36871,-10.88842,319.0206,318.3096,25,4.399671,-1.894186,-1.147552,2.651239,-1.536792,-0.1485222,4.384001,-1.903934,-1.147684,-0.5649256,-0.2338379,-0.2735364,3
2014-02-24 18:45:27.243,3596,359.6,43.62117,3.954012,28.13186,12.4654,32.27187,9,5,1393263921,-1.473114,-0.3286438,-0.3834534,-8.46311,18.45601,-10.66074,319.1382,318.4272,25,4.776881,-1.186912,-1.793694,2.73844,-1.552995,-0.1163295,4.761211,-1.19666,-1.793826,-0.5756721,-0.4003538,-0.322347,3
2014-02-24 18:45:27.477,3597,359.7,43.62117,3.954012,28.13186,12.4654,32.27187,9,5,1393263921,-1.364441,-0.2922211,-0.3912201,-9.449247,17.91236,-11.79914,319.0841,318.3731,25,4.886952,-0.9623863,-1.744384,2.828317,-1.563258,-0.08183487,4.871283,-0.9721343,-1.744517,-0.4764889,-0.4103874,-0.37594,3
2014-02-24 18:45:27.621,3598,359.8,43.62127,3.954107,27.42944,13.23528,35.57232,9,5,1393263922,-1.263901,-0.3023834,-0.3792572,-10.76409,17.47743,-13.05139,317.9069,317.1959,25,4.951962,-1.017153,-1.710378,2.919932,-1.575664,-0.04970812,4.936293,-1.026901,-1.71051,-0.3656879,-0.3419087,-0.3960821,3
2014-02-24 18:45:27.718,3599,359.9,43.62127,3.954107,27.42944,13.23528,35.57232,9,5,1393263922,-1.245819,-0.3935699,-0.3783722,-11.69544,17.64053,-11.74222,321.7826,321.0716,25,5.024494,-1.238488,-1.820139,3.013384,-1.594067,-0.01816075,5.008824,-1.248236,-1.820272,-0.2643363,-0.3205432,-0.4025216,3
2014-02-24 18:45:27.869,3600,360,43.62127,3.954107,27.42944,13.23528,35.57232,9,5,1393263922,-1.31105,-0.5082855,-0.3031921,-11.8598,17.69489,-12.36834,322.8472,322.1362,25,4.895487,-1.460584,-2.114834,3.106812,-1.619658,0.01594614,4.879817,-1.470331,-2.114967,-0.2696463,-0.2713012,-0.419503,3
2014-02-24 18:45:27.979,3601,360.1,43.62127,3.954107,27.42944,13.23528,35.57232,9,5,1393263922,-1.329849,-0.4515076,-0.2375183,-12.73635,17.47744,-11.6853,322.9557,322.2448,25,4.150828,-1.63269,-2.369006,-3.090258,-1.652369,0.05306637,4.135159,-1.642438,-2.369139,-0.2855052,-0.4023876,-0.4304434,3
2014-02-24 18:45:28.071,3602,360.2,43.62127,3.954107,27.42944,13.23528,35.57232,9,5,1393263922,-1.126999,-0.3993835,-0.1263275,-11.53108,16.2814,-12.8237,321.5036,320.7926,25,2.730288,-1.605824,-2.461512,-3.025012,-1.688458,0.09194632,2.714619,-1.615572,-2.461645,-0.3450782,-0.3888045,-0.3893405,3
2014-02-24 18:45:28.199,3603,360.3,43.62127,3.954107,27.42944,13.23528,35.57232,9,5,1393263922,-1.126999,-0.3993835,-0.1263275,-11.14759,17.09688,-13.90519,321.4518,320.7408,25,-0.4162113,-1.194122,-2.518044,-2.985626,-1.718847,0.135542,1.157979,-1.268729,-2.662987,-0.3049383,-0.2780654,-0.3258909,3
2014-02-24 18:45:28.331,3604,360.4,43.62127,3.954107,27.42944,13.23528,35.57232,9,5,1393263922,-1.031708,-0.1895599,-0.06529236,-11.14758,16.33576,-12.42527,321.5794,320.8684,25,-1.198813,-1.110718,-2.532241,-2.975433,-1.74315,0.1824243,-0.4318803,-1.20387,-2.518177,-0.1581624,-0.2179693,-0.294983,3
2014-02-24 18:45:28.569,3605,360.5,43.62136,3.954219,27.24959,13.73224,39.17215,9,5,1393263923,-0.9324799,0.03582764,-0.04144287,-13.77727,16.55323,-12.5391,322.0362,321.3252,25,-1.105898,-1.143212,-2.148599,-2.9854,-1.763077,0.2324216,-1.214481,-1.120466,-2.532374,-0.07652982,0.04077473,-0.2512521,3
2014-02-24 18:45:28.694,3606,360.6,43.62136,3.954219,27.24959,13.73224,39.17215,9,5,1393263923,-0.8663483,0.03843689,0.1124115,-12.29807,15.73775,-13.16523,324.4169,323.7059,25,-1.049406,-1.053156,-1.996431,-2.999166,-1.780905,0.2795155,-1.121567,-1.15296,-2.148731,0.00757108,0.3117176,-0.2419147,3
2014-02-24 18:45:28.799,3607,360.7,43.62136,3.954219,27.24959,13.73224,39.17215,9,5,1393263923,-0.8374939,-0.03903198,0.1074524,-12.35286,15.46592,-14.36056,322.3912,321.6802,25,-1.070364,-0.8077013,-2.180859,-3.010554,-1.799731,0.3199032,-1.065074,-1.062903,-1.996564,0.07011284,0.3595492,-0.1146273,3
2014-02-24 18:45:28.913,3608,360.8,43.62136,3.954219,27.24959,13.73224,39.17215,9,5,1393263923,-0.8065796,-0.06002808,0.06018066,-12.13372,16.33576,-14.36055,324.3396,323.6286,25,-0.9959567,-0.5495084,-2.13926,-3.021805,-1.812771,0.3631998,-1.086033,-0.817449,-2.180992,0.01947051,0.3372159,-0.1299487,3
2014-02-24 18:45:29.113,3609,360.9,43.62136,3.954219,27.24959,13.73224,39.17215,9,5,1393263923,-0.7371826,-0.1485291,0.03919983,-11.14759,15.57465,-13.44983,324.9875,324.2765,25,-0.4439388,-0.4132296,-1.643755,-3.038867,-1.826952,0.4475416,-0.8030919,-0.4527796,-1.922576,0.06551876,0.3727225,-0.1682299,3
2014-02-24 18:45:29.234,3610,361,43.62136,3.954219,27.24959,13.73224,39.17215,9,5,1393263923,-0.7843018,-0.1699829,0.09733582,-13.44856,15.90084,-11.9699,329.3786,328.6676,25,-0.1765172,-0.4951797,-1.376437,-3.041052,-1.834556,0.4820706,-0.4596074,-0.4229772,-1.643888,0.07510591,0.3140024,-0.2000865,3
2014-02-24 18:45:29.359,3611,361.1,43.62136,3.954219,27.24959,13.73224,39.17215,9,5,1393263923,-0.7843018,-0.1699829,0.09733582,-12.51721,16.06393,-12.93755,329.203,328.492,25,0.04959552,-0.6300421,-1.166482,-3.031957,-1.8593,0.5321392,0.03392703,-0.6397896,-1.166615,0.07028043,0.3285906,-0.1718114,3
2014-02-24 18:45:29.567,3612,361.2,43.62145,3.954345,26.59268,14.24781,42.13057,9,5,1393263924,-0.912262,-0.1472168,0.09179688,-12.35286,16.44449,-14.01903,327.8456,327.1346,25,-0.08493353,-0.6182286,-1.118619,-3.031957,-1.8593,0.5321392,0.03392703,-0.6397896,-1.166615,0.07028043,0.3285906,-0.1718114,3
2014-02-24 18:45:29.658,3613,361.3,43.62145,3.954345,26.59268,14.24781,42.13057,9,5,1393263924,-0.912262,-0.1472168,0.09179688,-12.02415,16.44449,-13.22215,330.2106,329.4996,25,-0.1749625,-0.4296699,-1.122497,-3.021861,-1.886245,0.5728571,-0.1906308,-0.4394172,-1.12263,-0.09472532,0.3948185,-0.1101863,3
2014-02-24 18:45:29.762,3614,361.4,43.62145,3.954345,26.59268,14.24781,42.13057,9,5,1393263924,-0.9532623,-0.1923523,0.06825256,-12.13372,16.33576,-12.42527,331.6219,330.9109,25,0.06617023,-0.2624873,-1.141756,-3.014959,-1.896437,0.5933328,0.05050195,-0.2722346,-1.141888,-0.1460388,0.3813013,-0.1910024,3
2014-02-24 18:45:29.891,3615,361.5,43.62145,3.954345,26.59268,14.24781,42.13057,9,5,1393263924,-1.092621,-0.2109375,0.1009064,-12.02415,15.68338,-13.33599,328.3578,327.6468,25,0.3941854,-0.1666108,-1.09027,-3.001174,-1.908,0.6113663,0.3785019,-0.1763597,-1.090401,-0.1805135,0.3816345,-0.2026688,3
2014-02-24 18:45:29.991,3616,361.6,43.62145,3.954345,26.59268,14.24781,42.13057,9,5,1393263924,-1.280609,-0.3363647,0.108429,-12.35286,15.90084,-13.79135,328.0004,327.2894,25,0.3425584,-0.07876112,-1.110393,-2.984192,-1.919951,0.6278482,0.326875,-0.08851,-1.110524,-0.3321584,0.3764672,-0.1759557,3
2014-02-24 18:45:30.094,3617,361.7,43.62145,3.954345,26.59268,14.24781,42.13057,9,5,1393263924,-1.586578,-0.5192413,0.08477783,-13.11985,15.57465,-12.88063,329.735,329.024,25,0.1179538,-0.3164485,-0.9940931,-2.971932,-1.931275,0.6454448,0.1022704,-0.3261973,-0.9942244,-0.5331192,0.265189,-0.1733367,3
2014-02-24 18:45:30.183,3618,361.8,43.62145,3.954345,26.59268,14.24781,42.13057,9,5,1393263924,-1.81282,-0.4728699,0.2759094,-13.94163,15.95521,-12.93755,331.5365,330.8255,25,0.03776203,-0.8929976,-0.7288068,-2.963516,-1.948752,0.6595166,0.02207867,-0.9027464,-0.7289381,-0.702852,0.2018462,-0.2117689,3
2014-02-24 18:45:30.312,3619,361.9,43.62145,3.954345,26.59268,14.24781,42.13057,9,5,1393263924,-1.679932,-0.3267822,0.3309937,-13.6677,16.4445,-14.47439,330.2889,329.5779,25,-0.6308318,-1.216806,-0.3238276,-2.966536,-1.968084,0.6703168,-0.6465151,-1.226555,-0.3239589,-0.9886208,0.04436051,-0.1589729,3
2014-02-24 18:45:30.551,3620,362,43.62154,3.954483,27.57402,14.66294,43.85604,9,5,1393263925,-1.484055,-0.2843475,0.3222351,-11.42151,15.30283,-13.16523,328.8499,328.1389,25,-1.972171,-1.267568,0.148276,-2.998337,-1.971791,0.6816437,-1.987855,-1.277316,0.1481447,-1.070142,0.2467542,0.02707528,3
2014-02-24 18:45:30.664,3621,362.1,43.62154,3.954483,27.57402,14.66294,43.85604,9,5,1393263925,-1.484055,-0.2843475,0.3222351,-12.02415,15.90084,-14.01903,329.8999,329.1889,25,-2.645058,-1.997883,1.601247,-3.060884,-1.958423,0.6918436,-2.852523,-1.5478,0.7489752,-0.8649729,0.3307375,0.02826993,3
2014-02-24 18:45:30.765,3622,362.2,43.62154,3.954483,27.57402,14.66294,43.85604,9,5,1393263925,-1.436096,-0.34375,0.3992767,-12.35286,15.90084,-13.67751,330.612,329.901,25,-1.957171,-2.434937,2.27258,-3.13534,-1.944924,0.6890736,-2.660741,-2.007632,1.601116,-0.7656096,0.3514749,0.04015952,3
2014-02-24 18:45:30.853,3623,362.3,43.62154,3.954483,27.57402,14.66294,43.85604,9,5,1393263925,-1.472275,-0.4316711,0.543869,-13.17463,16.06393,-13.73443,331.4157,330.7047,25,-1.616722,-2.466856,2.631613,3.080239,-1.945313,0.6687579,-1.972854,-2.444686,2.272448,-0.7058881,0.2762619,0.1122553,3
2014-02-24 18:45:30.966,3624,362.4,43.62154,3.954483,27.57402,14.66294,43.85604,9,5,1393263925,-1.48819,-0.4637146,0.4785767,-12.90071,16.1183,-13.67751,331.2498,330.5388,25,-1.775319,-2.248595,2.581035,3.020819,-1.955812,0.6366994,-1.632405,-2.476605,2.631482,-0.7270758,0.1628737,0.241884,3
2014-02-24 18:45:31.093,3625,362.5,43.62154,3.954483,27.57402,14.66294,43.85604,9,5,1393263925,-1.355621,-0.5076904,0.327301,-13.01028,16.66195,-14.58824,330.8361,330.1251,25,-1.821945,-2.072484,2.53781,2.961928,-1.965326,0.6036633,-1.791001,-2.258344,2.580904,-0.7399528,0.1196031,0.2203946,3
2014-02-24 18:45:31.187,3626,362.6,43.62154,3.954483,27.57402,14.66294,43.85604,9,5,1393263925,-1.22821,-0.4382172,0.2590179,-12.68157,16.22704,-15.04359,329.976,329.265,25,-1.368295,-1.871534,2.710307,2.901595,-1.97157,0.5736622,-1.837628,-2.082233,2.537678,-0.6434764,0.0568718,0.07092659,3
2014-02-24 18:45:31.543,3627,362.7,43.62154,3.954483,27.57402,14.66294,43.85604,9,5,1393263925,-0.9686279,-0.3351288,0.2807465,-11.96936,15.84648,-13.50675,331.7068,330.9958,25,-0.7295032,-1.515676,2.941725,2.801543,-1.989364,0.5009344,-0.9653356,-1.672211,2.797793,-0.3670441,0.05875184,-0.08231272,3
2014-02-24 18:45:31.637,3628,362.8,43.62164,3.954623,29.0216,14.5558,45.19172,9,5,1393263926,-0.909317,-0.323822,0.2345581,-11.96936,16.49886,-14.98668,331.1742,330.4632,25,-0.5590215,-1.406188,3.146416,2.76127,-2.000131,0.4584593,-0.7451859,-1.525424,2.941594,-0.3051483,0.02221791,-0.0692642,3
2014-02-24 18:45:31.751,3629,362.9,43.62164,3.954623,29.0216,14.5558,45.19172,9,5,1393263926,-0.8356628,-0.3658752,0.1693878,-13.22942,16.22704,-15.6128,331.0393,330.3283,25,-0.4105793,-1.247248,3.177964,2.683472,-2.013604,0.3600097,-0.4262664,-1.256991,3.177837,-0.06368852,0.02846126,-0.1664518,3
2014-02-24 18:45:31.893,3630,363,43.62164,3.954623,29.0216,14.5558,45.19172,9,5,1393263926,-0.813324,-0.3792877,0.1746368,-12.02415,15.90084,-14.70207,330.8429,330.1319,25,-0.2191398,-1.202243,3.235673,2.649945,-2.024296,0.3088167,-0.2348272,-1.211986,3.235547,-0.005344975,-0.03014437,-0.2095178,3
2014-02-24 18:45:31.993,3631,363.1,43.62164,3.954623,29.0216,14.5558,45.19172,9,5,1393263926,-0.7719269,-0.3804169,0.1468201,-11.80501,15.46592,-15.04359,327.4344,326.7234,25,-0.14091,-1.164901,3.294716,2.618898,-2.038028,0.2554814,-0.1565973,-1.174644,3.294589,0.02117271,-0.12177,-0.2410791,3
2014-02-24 18:45:32.088,3632,363.2,43.62164,3.954623,29.0216,14.5558,45.19172,9,5,1393263926,-0.7719269,-0.3804169,0.1468201,-13.61292,16.06393,-14.87284,330.2427,329.5317,25,-0.07083955,-0.9775047,3.27479,2.587016,-2.052135,0.2021838,-0.1790304,-1.116802,3.32079,0.04545995,-0.2011837,-0.2749624,3
2014-02-24 18:45:32.284,3633,363.3,43.62164,3.954623,29.0216,14.5558,45.19172,9,5,1393263926,-0.7232666,-0.3507233,0.1266785,-12.68157,15.57465,-14.58823,329.4189,328.7079,25,0.3774373,-0.8850659,3.063515,2.526953,-2.080098,0.09575422,0.1402963,-0.9270378,3.215253,0.1323457,-0.2758825,-0.3722968,3
2014-02-24 18:45:32.536,3634,363.4,43.62164,3.954623,29.0216,14.5558,45.19172,9,5,1393263926,-0.7229614,-0.3724976,0.1522064,-11.4763,15.68339,-15.15743,328.0939,327.3829,25,0.5093216,-0.8492522,2.879081,2.502759,-2.095068,0.04263355,0.3617502,-0.8948089,3.063388,0.1416358,-0.3081026,-0.3734489,3
2014-02-24 18:45:32.653,3635,363.5,43.62164,3.954623,29.0216,14.5558,45.19172,9,5,1393263926,-0.739212,-0.4168549,0.175766,-13.17464,18.34728,-13.96211,334.7552,334.0442,25,0.5479158,-0.8245698,2.668052,2.48217,-2.110965,-0.008961265,0.4936346,-0.8589953,2.878955,0.1346258,-0.3814587,-0.3620541,3
2014-02-24 18:45:32.773,3636,363.6,43.62173,3.95476,29.45877,15.09772,44.25224,9,5,1393263927,-0.7559509,-0.4772949,0.1818542,-13.55813,16.87942,-14.36055,333.0906,332.3796,25,0.4982772,-0.7646993,2.406561,2.46387,-2.127402,-0.05779012,0.5322288,-0.8343128,2.667925,0.1201882,-0.4570194,-0.3653314,3
2014-02-24 18:45:32.897,3637,363.7,43.62173,3.95476,29.45877,15.09772,44.25224,9,5,1393263927,-0.7662048,-0.5139618,0.1849365,-12.95549,15.62902,-15.10052,329.4099,328.6989,25,0.5488775,-0.741974,2.080701,2.446777,-2.143568,-0.1021458,0.4825903,-0.7744423,2.406434,0.09304045,-0.5306639,-0.3584748,3
2014-02-24 18:45:32.988,3638,363.8,43.62173,3.95476,29.45877,15.09772,44.25224,9,5,1393263927,-0.7654724,-0.5088196,0.2073364,-12.84592,15.08536,-14.64515,330.005,329.294,25,0.6279454,-0.7407013,1.737728,2.432105,-2.15948,-0.1416449,0.5331907,-0.7517169,2.080575,0.05890838,-0.6432164,-0.36776,3
2014-02-24 18:45:33.146,3639,363.9,43.62173,3.95476,29.45877,15.09772,44.25224,9,5,1393263927,-0.7683411,-0.5167236,0.2102966,-12.73635,15.30282,-14.30363,331.2487,330.5378,25,0.6110173,-0.7695854,1.401166,2.421531,-2.175124,-0.1766136,0.6122586,-0.7504442,1.737601,0.04387898,-0.6896586,-0.3744335,3
2014-02-24 18:45:33.257,3640,364,43.62173,3.95476,29.45877,15.09772,44.25224,9,5,1393263927,-0.827301,-0.5820312,0.2393646,-12.35286,15.24846,-13.22215,332.8895,332.1785,25,0.5805971,-0.7940878,1.058565,2.414367,-2.190735,-0.2065058,0.5953305,-0.7793282,1.401039,0.03114891,-0.7138608,-0.3613046,3
2014-02-24 18:45:33.481,3641,364.1,43.62173,3.95476,29.45877,15.09772,44.25224,9,5,1393263927,-0.8449707,-0.5713196,0.28685,-13.88684,15.68338,-13.79135,334.3719,333.6609,25,0.7926795,-0.8383229,0.707929,2.410195,-2.20509,-0.2272325,0.5649121,-0.8038295,1.058436,0.0164433,-0.7420056,-0.367078,3
2014-02-24 18:45:33.598,3642,364.2,43.62173,3.95476,29.45877,15.09772,44.25224,9,5,1393263927,-0.8449707,-0.5713196,0.28685,-13.55813,15.13973,-14.4744,331.8892,331.1782,25,1.112049,-0.6997794,0.1488995,2.421301,-2.232457,-0.2642684,1.096364,-0.7095211,0.1487698,-0.08799586,-0.8493837,-0.3081088,3
2014-02-24 18:45:33.864,3643,364.3,43.62173,3.95476,29.45877,15.09772,44.25224,9,5,1393263927,-0.8300018,-0.594986,0.233551,-12.35286,15.79211,-15.15743,330.8985,330.1875,25,1.242142,0.2188647,-1.46832,2.47613,-2.226054,-0.2688454,1.226457,0.2091231,-1.468449,-0.04053816,-0.8191006,-0.333446,3
2014-02-24 18:45:34.026,3644,364.4,43.62181,3.954892,29.9209,14.91706,45.15889,9,5,1393263928,-0.8502502,-0.6372986,0.2502289,-11.53108,15.95521,-15.10051,330.9535,330.2425,25,1.228289,0.6251624,-2.098857,2.516799,-2.2067,-0.2545499,1.212604,0.6154209,-2.098987,-0.05139101,-0.8467957,-0.3412159,3
2014-02-24 18:45:34.127,3645,364.5,43.62181,3.954892,29.9209,14.91706,45.15889,9,5,1393263928,-0.9434357,-0.6598206,0.2970886,-11.20237,16.93378,-14.98667,331.9902,331.2792,25,1.119461,0.8249954,-2.518306,2.561329,-2.181853,-0.2311614,1.103777,0.8152539,-2.518436,-0.0529935,-0.8664067,-0.3082432,3
2014-02-24 18:45:34.243,3646,364.6,43.62181,3.954892,29.9209,14.91706,45.15889,9,5,1393263928,-1.045502,-0.6998749,0.3742523,-12.07893,15.52028,-12.82371,333.7442,333.0332,25,0.9157887,0.7672165,-2.886881,2.606424,-2.157398,-0.1991492,0.900104,0.7574751,-2.887011,-0.12707,-0.857656,-0.2455053,3
2014-02-24 18:45:34.365,3647,364.7,43.62181,3.954892,29.9209,14.91706,45.15889,9,5,1393263928,-1.159775,-0.6974792,0.4889526,-12.29807,16.06393,-13.62059,332.9629,332.2519,25,0.5571525,0.5701333,-3.092524,2.648692,-2.13802,-0.1589724,0.5414679,0.5603918,-3.092653,-0.165728,-0.8395323,-0.1919399,3
2014-02-24 18:45:34.571,3648,364.8,43.62181,3.954892,29.9209,14.91706,45.15889,9,5,1393263928,-1.159439,-0.6070251,0.5819397,-12.35286,16.00957,-14.47439,330.4905,329.7795,25,-0.07534322,0.4735018,-3.229044,2.683138,-2.124465,-0.1106002,-0.09102771,0.4637604,-3.229174,-0.2695405,-0.820229,-0.08860844,3
2014-02-24 18:45:34.679,3649,364.9,43.62181,3.954892,29.9209,14.91706,45.15889,9,5,1393263928,-1.093338,-0.3808746,0.6005402,-12.24329,15.57465,-16.06816,327.4565,326.7455,25,-0.9479889,0.5642716,-3.369701,2.705418,-2.11301,-0.05180793,-0.9636734,0.5545303,-3.36983,-0.3167458,-0.7066462,0.03170172,3
2014-02-24 18:45:34.754,3650,365,43.62181,3.954892,29.9209,14.91706,45.15889,9,5,1393263928,-1.093338,-0.3808746,0.6005402,-12.62679,15.30282,-15.78356,327.5777,326.8667,25,-2.021992,0.7550176,-3.428803,2.714832,-2.100796,0.01665843,-1.693045,0.6980315,-3.4322,-0.2967515,-0.5903675,0.07647683,3
2014-02-24 18:45:34.879,3651,365.1,43.62181,3.954892,29.9209,14.91706,45.15889,9,5,1393263928,-0.8795013,-0.1728058,0.5127258,-12.40764,14.65044,-13.84827,331.06,330.349,25,-1.99512,0.6705158,-3.391354,2.715436,-2.086939,0.09017897,-2.037677,0.7452763,-3.428933,-0.2271429,-0.2908179,0.1090162,3
2014-02-24 18:45:34.978,3652,365.2,43.62191,3.955027,28.96274,15.23489,45.27385,9,5,1393263929,-0.8994904,-0.1656494,0.4763641,-12.95549,14.97663,-13.96212,331.3852,330.6742,25,-1.644122,0.5031121,-3.402772,2.712904,-2.073653,0.164065,-2.010805,0.6607745,-3.391484,-0.06825026,-0.07762158,0.1083575,3
2014-02-24 18:45:35.080,3653,365.3,43.62191,3.955027,28.96274,15.23489,45.27385,9,5,1393263929,-0.8994904,-0.1656494,0.4763641,-12.24328,15.35719,-14.01904,331.541,330.83,25,-1.096672,0.3952986,-3.521983,2.72249,-2.058522,0.3030271,-1.112356,0.3855566,-3.522112,-0.04275909,0.1456245,0.05645642,3
2014-02-24 18:45:35.156,3654,365.4,43.62191,3.955027,28.96274,15.23489,45.27385,9,5,1393263929,-0.9986725,-0.2232056,0.4873199,-13.17463,14.8679,-14.53131,330.9794,330.2684,25,-0.715618,0.38157,-3.621423,2.72249,-2.058522,0.3030271,-1.112356,0.3855566,-3.522112,-0.04275909,0.1456245,0.05645642,3
2014-02-24 18:45:35.256,3655,365.5,43.62191,3.955027,28.96274,15.23489,45.27385,9,5,1393263929,-0.9986725,-0.2232056,0.4873199,-14.21555,14.37862,-14.58823,330.2508,329.5398,25,-0.5277498,0.5860475,-3.602844,2.764248,-2.05909,0.4325949,-0.5881518,0.4506355,-3.684291,-0.1928174,0.1929402,0.06246777,3
2014-02-24 18:45:35.414,3656,365.6,43.62191,3.955027,28.96274,15.23489,45.27385,9,5,1393263929,-1.011002,-0.1846313,0.404007,-13.99641,14.37862,-15.6128,328.6637,327.9527,25,-0.5277498,0.5860475,-3.602844,2.789524,-2.06067,0.4975364,-0.5434354,0.576305,-3.60297,-0.2232607,0.2540565,0.07384988,3
2014-02-24 18:45:35.591,3657,365.7,43.62191,3.955027,28.96274,15.23489,45.27385,9,5,1393263929,-1.011002,-0.1846313,0.404007,-13.50334,14.75917,-15.10051,329.8065,329.0955,25,-0.2580627,0.6958622,-2.884556,2.815472,-2.061999,0.5582334,-0.4191515,0.6589256,-3.311652,-0.2773765,0.3065746,0.01767449,3
2014-02-24 18:45:35.731,3658,365.8,43.62191,3.955027,28.96274,15.23489,45.27385,9,5,1393263929,-0.9882202,-0.1330872,0.4273071,-13.11985,15.13972,-14.4744,330.7572,330.0462,25,-0.2130002,0.7115426,-2.525306,2.841184,-2.063589,0.6111122,-0.2737481,0.6861197,-2.884683,-0.2894412,0.3891474,0.01654267,3
2014-02-24 18:45:35.842,3659,365.9,43.62191,3.955027,28.96274,15.23489,45.27385,9,5,1393263929,-0.9569702,-0.1016846,0.4518127,-12.57199,14.16116,-13.90519,330.3239,329.6129,25,-0.2535316,0.6660321,-2.223763,2.865399,-2.064706,0.6567765,-0.2286855,0.7018002,-2.525432,-0.2909064,0.47748,0.05185908,3
2014-02-24 18:45:35.938,3660,366,43.62191,3.955027,28.96274,15.23489,45.27385,9,5,1393263929,-1.026505,-0.05403137,0.4818726,-12.79114,14.37862,-14.24671,330.3516,329.6406,25,-0.2159025,0.4869915,-1.828663,2.886514,-2.065247,0.6973158,-0.2692169,0.6562897,-2.223889,-0.2990444,0.531826,0.08204205,3
2014-02-24 18:45:36.066,3661,366.1,43.62199,3.955162,29.77718,15.46075,44.44619,9,5,1393263930,-1.025955,-0.0574646,0.5579834,-13.22942,14.26988,-14.36056,330.6013,329.8903,25,-0.1994207,0.3497415,-1.71572,2.904193,-2.066576,0.7321484,-0.2315877,0.4772492,-1.828789,-0.2986124,0.5597196,0.09809399,3
2014-02-24 18:45:36.165,3662,366.2,43.62199,3.955162,29.77718,15.46075,44.44619,9,5,1393263930,-1.151367,-0.07525635,0.6034698,-13.33899,14.7048,-15.38511,329.3436,328.6326,25,-0.2561095,0.1808707,-1.375588,2.921125,-2.071072,0.7630891,-0.2151059,0.3399992,-1.715846,-0.3633754,0.6210278,0.2039405,3
2014-02-24 18:45:36.254,3663,366.3,43.62199,3.955162,29.77718,15.46075,44.44619,9,5,1393263930,-1.30249,-0.1201935,0.6810608,-13.06507,14.32425,-15.21436,329.2106,328.4996,25,-0.4453607,-0.04708282,-1.067827,2.934424,-2.075784,0.7897742,-0.2718089,0.1711264,-1.375713,-0.4098231,0.6527297,0.2173879,3
2014-02-24 18:45:36.482,3664,366.4,43.62199,3.955162,29.77718,15.46075,44.44619,9,5,1393263930,-1.524048,-0.2708282,0.6884003,-12.13372,14.48734,-15.15744,327.5196,326.8086,25,-0.701666,-0.1153357,-0.7094792,2.941467,-2.080467,0.8123664,-0.4610599,-0.05682711,-1.067953,-0.5509983,0.6506605,0.2679076,3
2014-02-24 18:45:36.599,3665,366.5,43.62199,3.955162,29.77718,15.46075,44.44619,9,5,1393263930,-1.578293,-0.2763824,0.8526459,-12.90071,14.81354,-13.44983,332.9833,332.2723,25,-0.5098071,-0.3218209,-0.2093966,2.937334,-2.079336,0.8321143,-0.7173652,-0.1250799,-0.7096042,-0.7143798,0.6191632,0.3532227,3
2014-02-24 18:45:36.685,3666,366.6,43.62199,3.955162,29.77718,15.46075,44.44619,9,5,1393263930,-1.469177,-0.1311188,0.8645172,-13.2842,14.43298,-14.18979,331.2164,330.5054,25,-0.3754575,-0.3569163,0.3764434,2.92757,-2.076727,0.8444068,-0.5255062,-0.3315651,-0.2095217,-0.9430784,0.476749,0.3665264,3
2014-02-24 18:45:36.810,3667,366.7,43.62199,3.955162,29.77718,15.46075,44.44619,9,5,1393263930,-1.469177,-0.1311188,0.8645172,-12.79114,14.37862,-15.72664,328.4192,327.7082,25,-0.5933821,-0.329934,0.8433297,2.893636,-2.064779,0.8388972,-0.6090811,-0.3396781,0.8432046,-0.9575224,0.5397745,0.5560977,3
2014-02-24 18:45:36.920,3668,366.8,43.62199,3.955162,29.77718,15.46075,44.44619,9,5,1393263930,-1.328339,-0.09547424,0.7098236,-13.01028,14.7048,-15.95432,328.2503,327.5393,25,-0.6587316,-0.3256207,1.162918,2.863477,-2.048495,0.827651,-0.6744305,-0.3353648,1.162793,-0.7835956,0.6498114,0.495595,3
2014-02-24 18:45:37.104,3669,366.9,43.62209,3.955299,28.80962,15.55719,44.11134,9,5,1393263931,-1.437134,-0.4782867,0.690918,-13.11985,14.16115,-16.182,326.9291,326.2181,25,0.9500497,-0.9982308,1.965053,2.829881,-2.048727,0.7731299,0.9343508,-1.007975,1.964928,-0.6995988,0.4466393,0.2715141,3
2014-02-24 18:45:37.235,3670,367,43.62209,3.955299,28.80962,15.55719,44.11134,9,5,1393263931,-1.487289,-0.5192108,0.6711273,-13.06506,14.10679,-15.78356,327.4473,326.7363,25,1.294465,-1.277177,2.327708,2.830781,-2.0716,0.7262307,1.278766,-1.286921,2.327583,-0.7812687,0.1857694,0.3319326,3
2014-02-24 18:45:37.534,3671,367.1,43.62209,3.955299,28.80962,15.55719,44.11134,9,5,1393263931,-1.284164,-0.5094147,0.4481049,-12.1885,14.32425,-14.87283,329.3906,328.6796,25,0.5132167,-1.439381,2.639699,2.807575,-2.109737,0.6290573,0.4975181,-1.449125,2.639574,-0.7654891,0.05127336,0.210746,3
2014-02-24 18:45:37.654,3672,367.2,43.62209,3.955299,28.80962,15.55719,44.11134,9,5,1393263931,-1.135239,-0.4212799,0.40625,-12.51721,13.56314,-15.10052,328.1855,327.4745,25,0.2878685,-1.430607,2.962399,2.78024,-2.121617,0.5804208,0.2721699,-1.440351,2.962275,-0.6208702,0.01965882,0.08317118,3
2014-02-24 18:45:37.732,3673,367.3,43.62209,3.955299,28.80962,15.55719,44.11134,9,5,1393263931,-1.135239,-0.4212799,0.40625,-13.06507,13.7806,-15.3282,328.3951,327.6841,25,0.4763045,-1.268333,3.373213,2.750854,-2.132252,0.527995,0.3945588,-1.387736,3.188173,-0.4724071,0.04313952,-0.05708177,3
2014-02-24 18:45:37.838,3674,367.4,43.62209,3.955299,28.80962,15.55719,44.11134,9,5,1393263931,-0.8839874,-0.3792419,0.3747101,-13.01028,14.05242,-16.7512,326.6655,325.9545,25,0.4763045,-1.268333,3.373213,2.72105,-2.142659,0.4716519,0.460606,-1.278077,3.373088,-0.386154,0.03307858,-0.07586051,3
2014-02-24 18:45:37.975,3675,367.5,43.62209,3.955299,28.80962,15.55719,44.11134,9,5,1393263931,-0.8839874,-0.3792419,0.3747101,-13.06506,13.88933,-16.4666,327.0242,326.3132,25,0.6239216,-1.262467,3.681928,2.690765,-2.152337,0.4129874,0.508862,-1.194116,3.479486,-0.2134722,0.03736418,-0.1052253,3
2014-02-24 18:45:38.047,3676,367.6,43.62209,3.955299,28.80962,15.55719,44.11134,9,5,1393263931,-0.8302612,-0.3936157,0.347168,-13.50335,13.45441,-16.23892,327.8846,327.1736,25,0.73822,-1.465142,3.882086,2.65948,-2.161612,0.3511089,0.6082224,-1.272209,3.681804,-0.1041672,-0.03530263,-0.1483445,3
2014-02-24 18:45:38.147,3677,367.7,43.62209,3.955299,28.80962,15.55719,44.11134,9,5,1393263931,-0.8212891,-0.3859558,0.3306427,-13.55813,13.40004,-15.84048,328.6966,327.9856,25,0.8297161,-1.697993,4.015452,2.624874,-2.165549,0.2896363,0.7225174,-1.474874,3.881961,-0.05667644,-0.1064709,-0.1773617,3
2014-02-24 18:45:38.297,3678,367.8,43.62218,3.955436,29.92145,15.53873,43.61041,9,5,1393263932,-0.8248901,-0.3618469,0.3401642,-13.39377,12.04092,-14.41747,329.9146,329.2036,25,0.8018948,-1.783584,3.969096,2.592916,-2.184231,0.2230731,0.8140131,-1.707721,4.015326,-0.01973826,-0.1678562,-0.2365857,3
2014-02-24 18:45:38.513,3679,367.9,43.62218,3.955436,29.92145,15.53873,43.61041,9,5,1393263932,-0.7870178,-0.3477936,0.3326874,-13.28421,13.12822,-15.21436,329.8834,329.1724,25,0.7230525,-1.738899,3.821265,2.560806,-2.21126,0.1540393,0.786192,-1.793312,3.96897,-0.0334047,-0.2183495,-0.2444072,3
2014-02-24 18:45:38.632,3680,368,43.62218,3.955436,29.92145,15.53873,43.61041,9,5,1393263932,-0.7738647,-0.3433075,0.3055115,-13.72249,14.10679,-14.98668,329.9456,329.2346,25,0.7924007,-1.609823,3.595434,2.527329,-2.240348,0.08830655,0.7073497,-1.748628,3.821138,-0.017936,-0.2643167,-0.2807529,3
2014-02-24 18:45:38.736,3681,368.1,43.62218,3.955436,29.92145,15.53873,43.61041,9,5,1393263932,-0.7676849,-0.3543243,0.316391,-13.11985,13.40004,-15.72664,329.9135,329.2025,25,0.9951423,-1.475682,3.307488,2.494535,-2.269626,0.0266059,0.7766979,-1.619552,3.595308,-0.02169328,-0.3211908,-0.3104072,3
2014-02-24 18:45:38.835,3682,368.2,43.62218,3.955436,29.92145,15.53873,43.61041,9,5,1393263932,-0.7728729,-0.3540344,0.3416748,-12.79114,13.50877,-15.72664,329.8481,329.1371,25,1.136389,-1.331856,3.014165,2.465468,-2.298389,-0.03258613,0.9794396,-1.48541,3.307362,-0.02748355,-0.3758879,-0.3592092,3
2014-02-24 18:45:38.941,3683,368.3,43.62218,3.955436,29.92145,15.53873,43.61041,9,5,1393263932,-0.7367096,-0.390976,0.3111572,-13.33899,13.72624,-16.63736,329.703,328.992,25,1.128966,-1.140714,2.686104,2.440839,-2.325848,-0.08891252,1.120687,-1.341584,3.014038,-0.04232521,-0.4431198,-0.366228,3
2014-02-24 18:45:39.086,3684,368.4,43.62218,3.955436,29.92145,15.53873,43.61041,9,5,1393263932,-0.7711639,-0.4240723,0.320755,-13.28421,13.01948,-14.30363,327.0685,326.3575,25,0.9751766,-0.9066122,2.343314,2.419581,-2.351202,-0.1413901,1.113264,-1.150442,2.685977,-0.07014494,-0.5009964,-0.3655534,3
2014-02-24 18:45:39.168,3685,368.5,43.62228,3.955564,31.80246,15.18964,42.50287,9,5,1393263933,-0.7711639,-0.4240723,0.320755,-13.72249,13.12822,-16.35276,326.1868,325.4758,25,1.0413,-0.8029249,2.063737,2.382902,-2.392075,-0.2281123,1.025597,-0.8126534,2.063611,-0.07655178,-0.6380654,-0.4115259,3
2014-02-24 18:45:39.266,3686,368.6,43.62228,3.955564,31.80246,15.18964,42.50287,9,5,1393263933,-0.7961731,-0.4470367,0.3781891,-13.39378,13.23695,-16.01123,326.5741,325.8631,25,1.142162,-0.7501922,1.756838,2.370627,-2.409585,-0.2667786,1.126459,-0.7599207,1.756711,-0.1335074,-0.6962883,-0.3655616,3
2014-02-24 18:45:39.475,3687,368.7,43.62228,3.955564,31.80246,15.18964,42.50287,9,5,1393263933,-0.7981262,-0.4519043,0.3879547,-12.51722,12.80202,-16.58044,324.7247,324.0137,25,1.113038,-0.6751284,1.390989,2.362669,-2.42498,-0.3013137,1.097335,-0.6848568,1.390862,-0.1689312,-0.7438117,-0.341875,3
2014-02-24 18:45:39.605,3688,368.8,43.62228,3.955564,31.80246,15.18964,42.50287,9,5,1393263933,-0.7509003,-0.4461517,0.3630981,-13.22942,12.96512,-16.63736,325.1351,324.4241,25,1.04247,-0.6596383,0.9854378,2.359244,-2.438411,-0.3300593,1.026768,-0.6693667,0.9853111,-0.1863828,-0.7760034,-0.3336613,3
2014-02-24 18:45:39.810,3689,368.9,43.62228,3.955564,31.80246,15.18964,42.50287,9,5,1393263933,-0.8492737,-0.5767059,0.4916534,-12.572,14.59608,-16.52353,325.7208,325.0098,25,0.9008361,-0.7470364,0.2540842,2.365724,-2.462453,-0.369765,0.8851339,-0.7567647,0.2539575,-0.1775288,-0.8422008,-0.3613412,3
2014-02-24 18:45:40.014,3690,369,43.62238,3.955685,32.17104,14.97711,41.23012,9,5,1393263934,-0.798996,-0.5310516,0.4763184,-12.24329,15.90084,-15.95432,328.0692,327.3582,25,0.4056644,0.03661234,-1.62708,2.397812,-2.475103,-0.3915236,0.7752752,-0.4023599,-0.8216032,-0.254403,-0.9318138,-0.2240473,3
2014-02-24 18:45:40.186,3691,369.1,43.62238,3.955685,32.17104,14.97711,41.23012,9,5,1393263934,-0.824707,-0.6138611,0.3985901,-11.42151,14.75917,-14.87283,328.0166,327.3056,25,0.3747725,0.5057516,-2.746407,2.461197,-2.449918,-0.3648193,0.34786,0.3072549,-2.245055,-0.1847119,-0.9208064,-0.3304997,3
2014-02-24 18:45:40.535,3692,369.2,43.62238,3.955685,32.17104,14.97711,41.23012,9,5,1393263934,-1.011322,-0.7093964,0.5434418,-11.64065,13.7806,-14.07595,328.3463,327.6353,25,-0.384177,0.6667876,-3.565887,2.552701,-2.400654,-0.3053636,0.1878758,0.6338629,-3.204689,-0.2079455,-0.9305838,-0.2692076,3
2014-02-24 18:45:40.636,3693,369.3,43.62238,3.955685,32.17104,14.97711,41.23012,9,5,1393263934,-1.028336,-0.7685242,0.726059,-11.03801,13.94369,-15.27128,326.1933,325.4823,25,-1.429871,0.7863446,-3.767142,2.599604,-2.37528,-0.2597761,-0.3998787,0.6570596,-3.566013,-0.2739837,-0.951017,-0.1814678,3
2014-02-24 18:45:40.788,3694,369.4,43.62238,3.955685,32.17104,14.97711,41.23012,9,5,1393263934,-1.059189,-0.6294708,0.8183136,-11.91458,13.18258,-14.58823,326.8962,326.1852,25,-2.437639,0.922417,-3.639724,2.636457,-2.353885,-0.1975439,-1.445572,0.7766166,-3.767268,-0.3105085,-0.9319184,-0.04076582,3
2014-02-24 18:45:41.050,3695,369.5,43.62238,3.955685,32.17104,14.97711,41.23012,9,5,1393263934,-0.943222,-0.4636536,0.9325409,-11.75022,14.65044,-16.12508,325.7198,325.0088,25,-3.101318,0.9507219,-3.287404,2.656917,-2.334115,-0.1209924,-2.453341,0.912689,-3.63985,-0.3349063,-0.8694157,0.08425408,3
2014-02-24 18:45:41.282,3696,369.6,43.62248,3.9558,31.06967,14.51363,40.18194,9,5,1393263935,-0.8734589,-0.3192444,0.9752197,-12.02414,13.40004,-14.92976,326.7946,326.0836,25,-3.358876,0.9107832,-2.930517,2.653968,-2.299169,0.04597906,-3.374578,0.9010553,-2.930644,-0.1977518,-0.4176907,0.2675886,3
2014-02-24 18:45:41.548,3697,369.7,43.62248,3.9558,31.06967,14.51363,40.18194,9,5,1393263935,-0.8014069,-0.1947174,0.8961182,-12.84592,13.12821,-14.759,327.0891,326.3781,25,-3.401538,0.9859819,-2.840159,2.641085,-2.280368,0.1277102,-3.41724,0.976254,-2.840285,-0.1209963,-0.1918811,0.3290165,3
2014-02-24 18:45:41.679,3698,369.8,43.62248,3.9558,31.06967,14.51363,40.18194,9,5,1393263935,-0.7432556,-0.1490936,0.7638092,-13.11985,13.40004,-15.84048,324.2361,323.5251,25,-3.21432,0.995091,-3.015588,2.628758,-2.260005,0.2092695,-3.230022,0.9853631,-3.015715,-0.08085755,-0.0367309,0.3228173,3
2014-02-24 18:45:41.754,3699,369.9,43.62248,3.9558,31.06967,14.51363,40.18194,9,5,1393263935,-0.842392,-0.27211,0.6904297,-12.95549,14.10679,-16.46661,324.2573,323.5463,25,-2.715191,0.8553762,-3.393036,2.624099,-2.241926,0.2904997,-2.730892,0.8456484,-3.393163,-0.02608998,0.1185538,0.2282206,3
2014-02-24 18:45:41.898,3700,370,43.62248,3.9558,31.06967,14.51363,40.18194,9,5,1393263935,-0.842392,-0.27211,0.6904297,-13.22942,14.16116,-16.97888,323.0596,322.3486,25,-1.950298,0.7890528,-3.778033,2.630225,-2.229482,0.3715815,-2.297474,0.7591209,-3.717798,-0.09698785,0.1000127,0.1552642,3
2014-02-24 18:45:42.008,3701,370.1,43.62248,3.9558,31.06967,14.51363,40.18194,9,5,1393263935,-0.9528961,-0.2901764,0.6112518,-13.06507,13.7806,-16.12508,324.0344,323.3234,25,-1.950298,0.7890528,-3.778033,2.643263,-2.220205,0.4509442,-1.965999,0.7793251,-3.778159,-0.1255661,0.1637055,0.1461636,3
2014-02-24 18:45:42.122,3702,370.2,43.62248,3.9558,31.06967,14.51363,40.18194,9,5,1393263935,-0.9528961,-0.2901764,0.6112518,-11.96936,13.23694,-15.55588,324.188,323.477,25,-1.348865,0.686499,-3.574172,2.661088,-2.214458,0.5266585,-1.658769,0.7435917,-3.723243,-0.2010074,0.2071305,0.0922015,3
2014-02-24 18:45:42.246,3703,370.3,43.62258,3.955911,27.89101,14.11606,39.2625,9,5,1393263936,-0.9886475,-0.2321777,0.6591797,-11.42151,13.12821,-14.87283,325.362,324.651,25,-1.150742,0.6338331,-3.263228,2.683155,-2.213164,0.5974865,-1.364566,0.6767713,-3.574299,-0.2909327,0.2723898,0.1159502,3
2014-02-24 18:45:42.467,3704,370.4,43.62258,3.955911,27.89101,14.11606,39.2625,9,5,1393263936,-0.9809113,-0.1910248,0.7155457,-12.29807,13.56314,-14.41747,327.017,326.306,25,-1.013754,0.6041634,-2.852208,2.707271,-2.21536,0.6616505,-1.166443,0.6241055,-3.263355,-0.3579676,0.3822422,0.1851216,3
2014-02-24 18:45:42.616,3705,370.5,43.62258,3.955911,27.89101,14.11606,39.2625,9,5,1393263936,-0.9688263,-0.1591034,0.7505493,-11.20237,15.52029,-15.66972,324.7332,324.0222,25,-0.9199677,0.6116517,-2.430235,2.730346,-2.218676,0.718637,-1.029455,0.5944358,-2.852335,-0.3852937,0.4533118,0.2389067,3
2014-02-24 18:45:42.732,3706,370.6,43.62258,3.955911,27.89101,14.11606,39.2625,9,5,1393263936,-0.9648438,-0.1581879,0.7535095,-10.59973,14.59608,-14.01903,325.4988,324.7878,25,-0.9401108,0.646064,-2.075313,2.750592,-2.221404,0.7677518,-0.9356686,0.6019241,-2.430361,-0.4008766,0.5164952,0.3070645,3
2014-02-24 18:45:42.843,3707,370.7,43.62258,3.955911,27.89101,14.11606,39.2625,9,5,1393263936,-0.9569855,-0.1572266,0.7721405,-10.32581,14.75917,-14.30363,325.2059,324.4949,25,-0.9218423,0.6533408,-1.749084,2.765818,-2.220703,0.8110503,-0.9558116,0.6363365,-2.075439,-0.4225852,0.5699359,0.3327636,3
2014-02-24 18:45:42.950,3708,370.8,43.62258,3.955911,27.89101,14.11606,39.2625,9,5,1393263936,-0.9220886,-0.09431458,0.7516022,-9.449244,15.08536,-14.87283,323.0298,322.3188,25,-0.9154531,0.6963335,-1.480801,2.776118,-2.216241,0.8494331,-0.9375563,0.6436104,-1.749209,-0.4372877,0.5927183,0.3562381,3
2014-02-24 18:45:43.067,3709,370.9,43.62258,3.955911,27.89101,14.11606,39.2625,9,5,1393263936,-0.9104309,-0.07565308,0.7476807,-9.339674,15.08536,-14.75899,323.2391,322.5281,25,-0.9100882,0.6915689,-1.230831,2.781923,-2.208179,0.8833007,-0.9311671,0.6866031,-1.480926,-0.4469822,0.6156111,0.3944917,3
2014-02-24 18:45:43.176,3710,371,43.62267,3.956012,24.95742,13.97006,38.58014,9,5,1393263937,-0.9728088,-0.08387756,0.7928619,-9.668385,15.52029,-13.73443,325.0583,324.3473,25,-0.6673879,0.5755762,-0.9446491,2.782535,-2.195657,0.9135481,-0.9258021,0.6818385,-1.230956,-0.4265886,0.6973618,0.3942114,3
2014-02-24 18:45:43.279,3711,371.1,43.62267,3.956012,24.95742,13.97006,38.58014,9,5,1393263937,-0.9728088,-0.08387756,0.7928619,-8.189186,16.1183,-14.4744,324.1249,323.4139,25,-0.2700664,0.3808145,-0.5940378,2.783388,-2.176513,0.9540012,-0.2857802,0.3710842,-0.5941628,-0.4452118,0.7483994,0.4308511,3
2014-02-24 18:45:43.468,3712,371.2,43.62267,3.956012,24.95742,13.97006,38.58014,9,5,1393263937,-1.128998,-0.2203979,0.8817902,-8.024832,15.52028,-14.30363,322.604,321.893,25,0.3091493,0.07899335,-0.1995762,2.791655,-2.179812,0.9586093,0.2934356,0.06926311,-0.1997012,-0.576632,0.6716341,0.5046955,3
2014-02-24 18:45:43.620,3713,371.3,43.62267,3.956012,24.95742,13.97006,38.58014,9,5,1393263937,-1.264999,-0.3057251,1.077866,-7.970047,16.00957,-13.44983,325.7073,324.9963,25,0.7906968,-0.1823749,0.2451693,2.806566,-2.194088,0.9507307,0.7749831,-0.1921051,0.2450443,-0.6571763,0.5934424,0.5426023,3
2014-02-24 18:45:43.722,3714,371.4,43.62267,3.956012,24.95742,13.97006,38.58014,9,5,1393263937,-1.21376,-0.1809845,1.103882,-7.860474,15.13973,-13.10831,325.4929,324.7819,25,0.8031825,-0.2977683,0.5443845,2.819038,-2.209444,0.9349643,0.7874689,-0.3074985,0.5442595,-0.7881978,0.4988528,0.7238674,3
2014-02-24 18:45:43.849,3715,371.5,43.62267,3.956012,24.95742,13.97006,38.58014,9,5,1393263937,-1.141739,-0.1901855,0.8853302,-8.079613,14.70481,-13.33599,324.44,323.729,25,0.3547573,-0.1047845,0.7305834,2.81976,-2.213295,0.9193015,0.3390437,-0.1145146,0.7304584,-0.7282953,0.6141937,0.7405429,3
2014-02-24 18:45:43.934,3716,371.6,43.62267,3.956012,24.95742,13.97006,38.58014,9,5,1393263937,-1.145432,-0.3514862,0.7782135,-8.956175,14.81354,-13.79136,323.7444,323.0334,25,0.3991599,-0.1802348,1.033235,2.810444,-2.208706,0.9025427,0.3834464,-0.1899648,1.03311,-0.6439749,0.5947194,0.5163381,3
2014-02-24 18:45:44.084,3717,371.7,43.62267,3.956012,24.95742,13.97006,38.58014,9,5,1393263937,-1.228394,-0.5256958,0.8506927,-7.586552,16.39013,-12.14066,326.7552,326.0442,25,1.158951,-0.5369638,1.474545,2.807228,-2.213616,0.8738641,1.143237,-0.5466939,1.47442,-0.6307895,0.5023038,0.4210916,3
2014-02-24 18:45:44.180,3718,371.8,43.62267,3.956012,24.95742,13.97006,38.58014,9,5,1393263937,-1.325363,-0.6683807,0.9608459,-7.093485,17.09688,-10.94534,329.4832,328.7722,25,1.884733,-0.9022377,2.014153,2.812701,-2.232179,0.8286709,1.869019,-0.9119678,2.014028,-0.6472557,0.2926673,0.378966,3
2014-02-24 18:45:44.269,3719,371.9,43.62277,3.956116,24.22015,14.04484,39.09904,9,5,1393263938,-1.300491,-0.6833801,0.8968964,-6.490849,17.58616,-11.1161,329.3672,328.6562,25,1.987193,-1.19587,2.474342,2.815632,-2.254821,0.7721813,1.97148,-1.2056,2.474217,-0.7020349,0.09824275,0.4547864,3
2014-02-24 18:45:44.504,3720,372,43.62277,3.956116,24.22015,14.04484,39.09904,9,5,1393263938,-1.300491,-0.6833801,0.8968964,-5.340355,17.5318,-9.010052,331.9318,331.2208,25,0.8095059,-1.481965,2.983162,2.805583,-2.272603,0.7143409,1.442852,-1.386596,2.74424,-0.7483859,-0.01326119,0.47308,3
2014-02-24 18:45:44.684,3721,372.1,43.62277,3.956116,24.22015,14.04484,39.09904,9,5,1393263938,-1.122314,-0.5687561,0.6074524,-6.655199,16.77069,-8.099335,334.2134,333.5024,25,0.6754898,-1.637959,3.44912,2.741846,-2.289736,0.6102703,0.5177928,-1.582813,3.193607,-0.6101647,-0.07229675,0.1821859,3
2014-02-24 18:45:44.884,3722,372.2,43.62277,3.956116,24.22015,14.04484,39.09904,9,5,1393263938,-0.920639,-0.437439,0.4907837,-5.997786,18.72783,-8.213169,334.7511,334.0401,25,0.964227,-1.669035,3.963672,2.661436,-2.30854,0.4969128,0.7534068,-1.65824,3.740928,-0.4273273,-0.05722153,0.001806088,3
2014-02-24 18:45:45.021,3723,372.3,43.62277,3.956116,24.22015,14.04484,39.09904,9,5,1393263938,-0.8736877,-0.4235992,0.479538,-5.614288,18.45601,-8.61161,332.3441,331.6331,25,1.277153,-1.754086,4.082472,2.619778,-2.320824,0.4326883,0.948514,-1.678764,3.963547,-0.321294,-0.06191882,-0.03776851,3
2014-02-24 18:45:45.175,3724,372.4,43.62286,3.956235,23.53358,13.90233,42.13311,9,5,1393263939,-0.8436737,-0.390976,0.5323029,-6.381277,18.89093,-7.131687,335.427,334.716,25,1.522814,-1.814024,4.146419,2.543304,-2.359743,0.2901265,1.507102,-1.823753,4.146294,-0.1769957,-0.1247847,-0.1632162,3
2014-02-24 18:45:45.293,3725,372.5,43.62286,3.956235,23.53358,13.90233,42.13311,9,5,1393263939,-0.8323669,-0.3504944,0.5116425,-6.929127,17.91235,-6.562485,336.1129,335.4019,25,1.582629,-1.702228,4.036804,2.507482,-2.383736,0.2161861,1.566916,-1.711958,4.036679,-0.1723076,-0.1764699,-0.1771016,3
2014-02-24 18:45:45.518,3726,372.6,43.62286,3.956235,23.53358,13.90233,42.13311,9,5,1393263939,-0.8008728,-0.3652039,0.5033417,-7.915258,20.08696,-5.65176,341.9553,341.2443,25,1.670173,-1.516231,3.682724,2.47509,-2.407562,0.1456686,1.654461,-1.52596,3.682599,-0.1695933,-0.2053404,-0.2229741,3
2014-02-24 18:45:45.651,3727,372.7,43.62286,3.956235,23.53358,13.90233,42.13311,9,5,1393263939,-0.7494354,-0.3694916,0.4844513,-8.024828,20.19569,-6.334805,340.1803,339.4693,25,1.779287,-1.278633,3.240365,2.448519,-2.430238,0.07960419,1.763575,-1.288362,3.24024,-0.15008,-0.2856837,-0.2517379,3
2014-02-24 18:45:45.737,3728,372.8,43.62286,3.956235,23.53358,13.90233,42.13311,9,5,1393263939,-0.7045135,-0.3927155,0.4490662,-8.298754,20.35879,-6.277885,340.5641,339.8531,25,1.869997,-1.011796,2.786986,2.428307,-2.450206,0.01791193,1.854284,-1.021526,2.786861,-0.1202171,-0.3453092,-0.2712918,3
2014-02-24 18:45:45.854,3729,372.9,43.62286,3.956235,23.53358,13.90233,42.13311,9,5,1393263939,-0.7045135,-0.3927155,0.4490662,-8.737038,20.35879,-6.164043,341.2102,340.4992,25,1.73149,-0.6423957,2.055897,2.413865,-2.466609,-0.03821852,1.823183,-0.7975216,2.338595,-0.1035536,-0.4182904,-0.314861,3
2014-02-24 18:45:45.953,3730,373,43.62286,3.956235,23.53358,13.90233,42.13311,9,5,1393263939,-0.6320648,-0.4295959,0.3994598,-7.696121,21.283,-5.765602,342.1389,341.4279,25,1.73149,-0.6423957,2.055897,2.402681,-2.480417,-0.08877034,1.715777,-0.6521252,2.055772,-0.06935679,-0.4959567,-0.3513484,3
2014-02-24 18:45:46.084,3731,373.1,43.62286,3.956235,23.53358,13.90233,42.13311,9,5,1393263939,-0.6320648,-0.4295959,0.3994598,-7.203054,21.01118,-5.253319,342.4404,341.7294,25,1.395592,-0.5195127,1.728866,2.392575,-2.492496,-0.1344941,1.548584,-0.5596839,1.870259,-0.06354398,-0.5519204,-0.3738479,3
2014-02-24 18:45:46.182,3732,373.2,43.62286,3.956235,23.53358,13.90233,42.13311,9,5,1393263939,-0.6377411,-0.4483337,0.4112396,-7.476982,20.63062,-4.171837,344.0628,343.3518,25,1.328109,-0.5735091,1.560991,2.381938,-2.504164,-0.1758633,1.37988,-0.5292422,1.728741,-0.04611327,-0.6045541,-0.3917736,3
2014-02-24 18:45:46.272,3733,373.3,43.62286,3.956235,23.53358,13.90233,42.13311,9,5,1393263939,-0.6667633,-0.4712219,0.4686127,-7.312626,21.22863,-4.228756,344.189,343.478,25,1.296753,-0.6435121,1.340828,2.371816,-2.51649,-0.2136919,1.312396,-0.5832385,1.560866,-0.06587091,-0.660403,-0.3812193,3
2014-02-24 18:45:46.532,3734,373.4,43.62293,3.956389,21.91205,13.87549,58.13895,9,5,1393263940,-0.7169037,-0.4867401,0.5120544,-7.257841,21.39173,-3.488796,345.4091,344.6981,25,1.188289,-0.6726303,1.063218,2.364031,-2.53004,-0.2488879,1.281041,-0.6532415,1.340703,-0.1103152,-0.7175482,-0.3249167,3
2014-02-24 18:45:46.659,3735,373.5,43.62293,3.956389,21.91205,13.87549,58.13895,9,5,1393263940,-0.7553406,-0.5197754,0.5167236,-5.44993,21.88102,-6.050205,338.067,337.356,25,1.053821,-0.7232972,0.8090289,2.358907,-2.543839,-0.2799938,1.172577,-0.6823596,1.063093,-0.1491168,-0.7488686,-0.3007137,3
2014-02-24 18:45:46.767,3736,373.6,43.62293,3.956389,21.91205,13.87549,58.13895,9,5,1393263940,-0.8050842,-0.5981903,0.5567169,-5.066435,22.15284,-5.310242,339.9879,339.2769,25,1.07301,-0.811116,0.5801414,2.356012,-2.558035,-0.3060224,1.038109,-0.7330265,0.8089039,-0.2004181,-0.7957446,-0.2749535,3
2014-02-24 18:45:46.864,3737,373.7,43.62293,3.956389,21.91205,13.87549,58.13895,9,5,1393263940,-0.8508148,-0.5780945,0.5696716,-6.600416,22.04411,-4.854881,341.713,341.002,25,1.243547,-0.8016198,0.1851765,2.355979,-2.572745,-0.3290576,1.057298,-0.8208453,0.5800164,-0.2455798,-0.8429267,-0.2805952,3
2014-02-24 18:45:46.949,3738,373.8,43.62293,3.956389,21.91205,13.87549,58.13895,9,5,1393263940,-0.8021698,-0.566925,0.472641,-6.381275,21.39173,-4.285679,342.7962,342.0852,25,1.192232,-0.5423195,-0.5076339,2.362457,-2.586055,-0.3509524,1.227835,-0.8113489,0.1850515,-0.3098316,-0.9419826,-0.2411125,3
2014-02-24 18:45:47.084,3739,373.9,43.62293,3.956389,21.91205,13.87549,58.13895,9,5,1393263940,-0.7247772,-0.6058197,0.4377289,-7.476976,21.06554,-3.944157,344.2625,343.5515,25,0.9380167,-0.07762422,-1.400307,2.379084,-2.592759,-0.3682691,1.17652,-0.5520486,-0.5077589,-0.3641009,-0.9380956,-0.226261,3
2014-02-24 18:45:47.179,3740,374,43.62293,3.956389,21.91205,13.87549,58.13895,9,5,1393263940,-0.8101959,-0.7073669,0.3448334,-8.134398,21.39173,-4.285679,344.0838,343.3728,25,0.6426354,0.2028572,-2.044052,2.407739,-2.587079,-0.3740237,0.9223048,-0.08735335,-1.400432,-0.3120418,-0.9322889,-0.3187399,3
2014-02-24 18:45:47.266,3741,374.1,43.62293,3.956389,21.91205,13.87549,58.13895,9,5,1393263940,-0.8101959,-0.7073669,0.3448334,-8.791821,21.71792,-4.627201,343.3632,342.6522,25,0.4623261,0.7055619,-2.647802,2.49286,-2.544958,-0.3502039,0.4466143,0.6958328,-2.647927,-0.2474801,-1.017848,-0.3666814,3
2014-02-24 18:45:47.483,3742,374.2,43.62299,3.956554,22.12965,14.03557,60.92654,9,5,1393263941,-0.9658966,-0.6842346,0.7115479,-8.572683,23.34888,-6.107124,341.9719,341.2609,25,0.07748414,0.8719469,-3.015613,2.49286,-2.544958,-0.3502039,0.4466143,0.6958328,-2.647927,-0.2474801,-1.017848,-0.3666814,3
2014-02-24 18:45:47.586,3743,374.3,43.62299,3.956554,22.12965,14.03557,60.92654,9,5,1393263941,-0.9658966,-0.6842346,0.7115479,-8.956179,22.42467,-5.481003,344.5718,343.8608,25,-0.7116137,1.035937,-3.151489,2.586491,-2.482467,-0.2820359,-0.7273253,1.026208,-3.151614,-0.3558017,-0.9745396,-0.1215388,3
2014-02-24 18:45:47.796,3744,374.4,43.62299,3.956554,22.12965,14.03557,60.92654,9,5,1393263941,-0.9258118,-0.5248718,0.9341888,-9.010965,21.39173,-5.537918,344.6906,343.9796,25,-2.153928,1.106653,-2.841084,2.637866,-2.430128,-0.165306,-2.169639,1.096924,-2.841208,-0.3219146,-0.7910953,0.07912104,3
2014-02-24 18:45:47.888,3745,374.5,43.62299,3.956554,22.12965,14.03557,60.92654,9,5,1393263941,-0.8633881,-0.2736359,0.9691467,-10.54495,22.3703,-5.42408,346.5858,345.8748,25,-2.65208,1.074474,-2.558143,2.644463,-2.409081,-0.09776055,-2.667791,1.064745,-2.558268,-0.2602654,-0.6224768,0.194242,3
2014-02-24 18:45:48.089,3746,374.6,43.62299,3.956554,22.12965,14.03557,60.92654,9,5,1393263941,-0.6768188,-0.125351,0.8053741,-9.997097,22.37031,-5.42408,346.9602,346.2492,25,-3.254521,1.059225,-2.467586,2.632903,-2.370611,0.0482606,-3.270232,1.049496,-2.467711,-0.06215014,-0.1708896,0.2506341,3
2014-02-24 18:45:48.326,3747,374.7,43.62299,3.956554,22.12965,14.03557,60.92654,9,5,1393263941,-0.7079468,-0.19104,0.7284546,-10.43538,21.50046,-6.107124,345.4559,344.7449,25,-2.583087,0.9829879,-3.01058,2.626217,-2.332835,0.1979361,-2.598798,0.9732592,-3.010705,0.03248582,0.07129519,0.1284567,3
2014-02-24 18:45:48.553,3748,374.8,43.62305,3.956724,22.32566,14.13241,64.45235,9,5,1393263942,-0.7079468,-0.19104,0.7284546,-12.24329,21.66356,-4.911797,350.5338,349.8228,25,-1.911879,0.9761058,-3.384152,2.635721,-2.318663,0.2694865,-2.179608,0.9450369,-3.25862,0.03886443,0.1143658,0.09649862,3
2014-02-24 18:45:48.671,3749,374.9,43.62305,3.956724,22.32566,14.13241,64.45235,9,5,1393263942,-0.7965546,-0.2581635,0.6937561,-14.87298,21.55482,-4.456436,353.1745,352.4635,25,-1.869042,0.9845877,-3.356842,2.651856,-2.30777,0.336935,-1.927589,0.9663725,-3.384272,-0.009078194,0.1395559,0.09419203,3
2014-02-24 18:45:48.777,3750,375,43.62305,3.956724,22.32566,14.13241,64.45235,9,5,1393263942,-0.8195038,-0.2529297,0.6564178,-14.81819,21.39172,-4.171837,354.57,353.859,25,-1.703998,0.9348409,-3.216344,2.668823,-2.295845,0.4061981,-1.884752,0.9748539,-3.356961,-0.1089906,0.1369562,0.08454657,3
2014-02-24 18:45:48.877,3751,375.1,43.62305,3.956724,22.32566,14.13241,64.45235,9,5,1393263942,-0.8462982,-0.228241,0.6763916,-13.72248,20.95681,-5.87944,350.3054,349.5944,25,-1.408872,0.787954,-3.01734,2.685536,-2.285421,0.4731955,-1.719708,0.9251071,-3.216463,-0.1215594,0.2154375,0.1054888,3
2014-02-24 18:45:48.967,3752,375.2,43.62305,3.956724,22.32566,14.13241,64.45235,9,5,1393263942,-0.8686218,-0.1913757,0.7382965,-13.61292,21.93538,-6.676327,349.7952,349.0842,25,-1.091803,0.6380436,-2.792287,2.703512,-2.278487,0.53477,-1.424582,0.7782202,-3.017457,-0.1769568,0.2639766,0.1008057,3
2014-02-24 18:45:49.088,3753,375.3,43.62305,3.956724,22.32566,14.13241,64.45235,9,5,1393263942,-0.8847961,-0.1430969,0.74263,-13.94163,22.26158,-6.107124,352.006,351.295,25,-0.8930399,0.6639959,-2.572433,2.724209,-2.276572,0.590311,-1.107513,0.6283098,-2.792404,-0.2313122,0.3299806,0.1685416,3
2014-02-24 18:45:49.288,3754,375.4,43.62305,3.956724,22.32566,14.13241,64.45235,9,5,1393263942,-0.9675598,-0.1720734,0.7555389,-13.33899,21.1199,-6.050201,351.7469,351.0359,25,-0.6333178,0.659278,-2.277788,2.769504,-2.27952,0.6849221,-0.8163586,0.660596,-2.435642,-0.2968251,0.4895158,0.2385553,3
2014-02-24 18:45:49.544,3755,375.5,43.62309,3.956889,20.58291,14.0409,66.74775,9,5,1393263943,-1.012543,-0.1985931,0.8098297,-13.88684,22.20721,-5.481003,352.6552,351.9442,25,-0.4283804,0.6501634,-2.055187,2.793554,-2.282876,0.7268551,-0.6490401,0.6495416,-2.277904,-0.3447153,0.5478542,0.2431274,3
2014-02-24 18:45:49.664,3756,375.6,43.62309,3.956889,20.58291,14.0409,66.74775,9,5,1393263943,-1.032104,-0.1879425,0.8456116,-14.37991,22.15284,-5.87944,352.7917,352.0807,25,-0.481283,0.6623574,-1.754325,2.819754,-2.288681,0.7632619,-0.4441026,0.6404269,-2.055302,-0.406464,0.536619,0.2578734,3
2014-02-24 18:45:49.754,3757,375.7,43.62309,3.956889,20.58291,14.0409,66.74775,9,5,1393263943,-1.032104,-0.1879425,0.8456116,-14.16077,22.80522,-6.107124,352.7524,352.0414,25,-0.6968955,0.6407467,-1.413638,2.857661,-2.291268,0.8242581,-0.7126176,0.6310103,-1.413754,-0.5291331,0.5290424,0.3605638,3
2014-02-24 18:45:49.879,3758,375.8,43.62309,3.956889,20.58291,14.0409,66.74775,9,5,1393263943,-1.12471,-0.2305145,0.8760681,-13.55813,22.31594,-6.847088,351.175,350.464,25,-0.8109131,0.552525,-0.996246,2.861867,-2.283487,0.8505306,-0.8266352,0.5427886,-0.9963617,-0.5466703,0.546003,0.4084531,3
2014-02-24 18:45:49.975,3759,375.9,43.62309,3.956889,20.58291,14.0409,66.74775,9,5,1393263943,-1.241302,-0.306839,0.9972076,-13.50335,21.50046,-6.904007,350.8397,350.1287,25,-0.4791743,0.2795853,-0.4366889,2.85984,-2.27479,0.867842,-0.4948964,0.269849,-0.4368047,-0.6319261,0.5324211,0.4576267,3
2014-02-24 18:45:50.098,3760,376,43.62309,3.956889,20.58291,14.0409,66.74775,9,5,1393263943,-1.273849,-0.206131,1.163834,-13.44856,21.22863,-5.936363,353.401,352.69,25,0.1075595,-0.1059248,0.2578039,2.857333,-2.272439,0.8694844,0.09183752,-0.1156611,0.2576881,-0.748494,0.4571574,0.5807352,3
2014-02-24 18:45:50.205,3761,376.1,43.62309,3.956889,20.58291,14.0409,66.74775,9,5,1393263943,-1.228073,-0.02713013,1.225449,-12.68157,21.77229,-5.139477,354.591,353.88,25,0.2819896,-0.2025366,0.7660317,2.851776,-2.271785,0.8580465,0.2662677,-0.2122729,0.7659159,-0.7741233,0.5504356,0.7420746,3
2014-02-24 18:45:50.515,3762,376.2,43.62309,3.956889,20.58291,14.0409,66.74775,9,5,1393263943,-1.028809,-0.228302,0.7913361,-13.11985,21.77229,-5.481003,354.1373,353.4263,25,-0.350383,0.09822138,0.8579088,2.816336,-2.248196,0.8354891,-0.3661048,0.08848519,0.8577931,-0.6274439,0.7911853,0.7566018,3
2014-02-24 18:45:50.621,3763,376.3,43.62313,3.957052,19.61567,14.27152,68.21665,9,5,1393263944,-1.099121,-0.441391,0.9052429,-13.06507,21.93538,-6.448647,352.0138,351.3028,25,0.2906987,-0.0869357,1.040667,2.799049,-2.235345,0.8221379,0.274977,-0.09667184,1.040551,-0.4841488,0.6360604,0.4087431,3
2014-02-24 18:45:50.746,3764,376.4,43.62313,3.957052,19.61567,14.27152,68.21665,9,5,1393263944,-1.099121,-0.441391,0.9052429,-12.46243,22.09847,-5.822521,352.8614,352.1504,25,1.808262,-0.7758606,2.016878,2.796549,-2.240217,0.7922105,1.295373,-0.5201908,1.524903,-0.5078536,0.3638544,0.3980183,3
2014-02-24 18:45:50.844,3765,376.5,43.62313,3.957052,19.61567,14.27152,68.21665,9,5,1393263944,-1.173462,-0.556839,0.9900818,-12.62678,21.82665,-5.87944,352.7682,352.0572,25,1.447442,-0.9638614,2.383602,2.80056,-2.256083,0.7460033,1.792541,-0.7855967,2.016762,-0.5305154,0.2373179,0.44044,3
2014-02-24 18:45:50.938,3766,376.6,43.62313,3.957052,19.61567,14.27152,68.21665,9,5,1393263944,-1.168457,-0.5969391,0.9787292,-12.46243,21.22863,-5.253323,353.9761,353.2651,25,0.7072003,-1.145388,2.649251,2.795784,-2.269825,0.694269,1.431721,-0.9735974,2.383487,-0.5851836,0.08298481,0.4955577,3
2014-02-24 18:45:51.037,3767,376.7,43.62313,3.957052,19.61567,14.27152,68.21665,9,5,1393263944,-1.040985,-0.520752,0.7387238,-13.01028,21.44609,-5.481003,354.5604,353.8494,25,0.1761551,-1.355879,2.918365,2.774518,-2.277239,0.6464486,0.6914788,-1.155124,2.649135,-0.5612642,0.005416297,0.460574,3
2014-02-24 18:45:51.175,3768,376.8,43.62313,3.957052,19.61567,14.27152,68.21665,9,5,1393263944,-0.9439545,-0.4269104,0.6347961,-13.28421,21.50046,-4.968716,355.3633,354.6523,25,0.1016936,-1.458769,3.163834,2.738302,-2.279836,0.6026359,0.1604336,-1.365615,2.91825,-0.5127283,0.006909955,0.2785318,3
2014-02-24 18:45:51.569,3769,376.9,43.62313,3.957052,19.61567,14.27152,68.21665,9,5,1393263944,-0.892868,-0.3644867,0.5929871,-13.22942,22.75086,-4.797958,355.1095,354.3985,25,0.2577578,-1.519544,3.351277,2.695021,-2.283126,0.5578952,0.08597223,-1.468505,3.163718,-0.3667984,0.06558035,0.1500495,3
2014-02-24 18:45:51.802,3770,377,43.62317,3.957213,18.60364,14.13979,69.23823,9,5,1393263945,-0.835907,-0.3430328,0.5622711,-12.79114,21.98974,-6.050205,351.9959,351.2849,25,0.5529811,-1.50351,3.513499,2.651202,-2.28915,0.5095754,0.2420365,-1.52928,3.351161,-0.2705888,0.1092818,0.03864499,3
2014-02-24 18:45:51.942,3771,377.1,43.62317,3.957213,18.60364,14.13979,69.23823,9,5,1393263945,-0.802887,-0.3670959,0.5111542,-13.17463,23.56634,-5.765602,353.2807,352.5697,25,0.9118496,-1.512767,3.569826,2.609678,-2.298452,0.4561776,0.5372599,-1.513246,3.513383,-0.2224913,0.07603306,-0.004120423,3
2014-02-24 18:45:52.039,3772,377.2,43.62317,3.957213,18.60364,14.13979,69.23823,9,5,1393263945,-0.7815247,-0.373703,0.4919281,-12.02415,22.09848,-5.367161,353.0999,352.3889,25,1.197441,-1.519735,3.557387,2.572219,-2.310291,0.3968019,0.8961279,-1.522501,3.569711,-0.1545018,0.04343783,-0.0592813,3
2014-02-24 18:45:52.165,3773,377.3,43.62317,3.957213,18.60364,14.13979,69.23823,9,5,1393263945,-0.7815247,-0.373703,0.4919281,-13.50334,22.15284,-4.627197,356.3251,355.6141,25,1.401997,-1.512787,3.520572,2.509243,-2.343164,0.269714,1.386274,-1.522518,3.520458,-0.09216615,-0.1092004,-0.1738404,3
2014-02-24 18:45:52.284,3774,377.4,43.62317,3.957213,18.60364,14.13979,69.23823,9,5,1393263945,-0.7523346,-0.3764038,0.4883881,-14.16076,21.60919,-5.082561,355.2766,354.5656,25,1.559837,-1.42934,3.314806,2.509243,-2.343164,0.269714,1.386274,-1.522518,3.520458,-0.09216615,-0.1092004,-0.1738404,3
2014-02-24 18:45:52.404,3775,377.5,43.62317,3.957213,18.60364,14.13979,69.23823,9,5,1393263945,-0.7523346,-0.3764038,0.4883881,-14.32512,22.09848,-4.797958,355.4331,354.7221,25,1.732987,-1.34065,3.041097,2.462277,-2.386851,0.1425057,1.717264,-1.350381,3.040983,-0.07639105,-0.2243549,-0.2347208,3
2014-02-24 18:45:52.566,3776,377.6,43.62317,3.957213,18.60364,14.13979,69.23823,9,5,1393263945,-0.7139893,-0.3803253,0.4742126,-13.22942,22.42467,-5.708679,352.6046,351.8936,25,1.843141,-1.21372,2.791044,2.44524,-2.408612,0.08158711,1.827418,-1.223451,2.790931,-0.07035074,-0.2972265,-0.2531012,3
2014-02-24 18:45:52.698,3777,377.7,43.62317,3.957213,18.60364,14.13979,69.23823,9,5,1393263945,-0.6985931,-0.3956451,0.4735413,-13.61292,21.17427,-5.993282,352.4573,351.7463,25,1.873377,-1.130487,2.539478,2.431256,-2.4295,0.02322787,1.857655,-1.140218,2.539364,-0.06074587,-0.3570995,-0.282579,3
2014-02-24 18:45:52.786,3778,377.8,43.62317,3.957213,18.60364,14.13979,69.23823,9,5,1393263945,-0.6678467,-0.414505,0.445755,-13.88684,21.55482,-4.570278,356.2632,355.5522,25,1.64249,-0.9597386,2.001829,2.408626,-2.46961,-0.08087269,1.626767,-0.9694692,2.001715,-0.06380721,-0.4828231,-0.31798,3
2014-02-24 18:45:53.016,3779,377.9,43.62321,3.957392,16.99754,14.27784,70.03304,9,5,1393263946,-0.6694031,-0.4315186,0.4331818,-13.11985,22.09848,-5.936367,352.4697,351.7587,25,1.434237,-0.7463543,1.245785,2.390274,-2.503884,-0.1621879,1.369654,-0.8008074,1.511933,-0.08202842,-0.585016,-0.3597971,3
2014-02-24 18:45:53.124,3780,378,43.62321,3.957392,16.99754,14.27784,70.03304,9,5,1393263946,-0.7336731,-0.4934845,0.4933624,-14.32512,21.01118,-6.505566,353.4731,352.7621,25,1.434237,-0.7463543,1.245785,2.385198,-2.519143,-0.1979314,1.418515,-0.7560849,1.245671,-0.1123465,-0.652681,-0.3497514,3
2014-02-24 18:45:53.317,3781,378.1,43.62321,3.957392,16.99754,14.27784,70.03304,9,5,1393263946,-0.7463684,-0.5062561,0.4825745,-14.98254,21.1199,-7.188606,352.9853,352.2743,25,0.9629567,-0.5863128,0.3082489,2.387019,-2.545106,-0.2606548,1.271872,-0.647511,0.6472639,-0.1909087,-0.7511978,-0.3060065,3
2014-02-24 18:45:53.562,3782,378.2,43.62321,3.957392,16.99754,14.27784,70.03304,9,5,1393263946,-0.8043365,-0.6096954,0.4855957,-13.55813,20.68498,-5.708687,354.891,354.18,25,0.8907741,-0.5172506,-0.05795518,2.391524,-2.555297,-0.2816587,0.9472345,-0.5960432,0.3081349,-0.2148905,-0.7842055,-0.3175976,3
2014-02-24 18:45:53.649,3783,378.3,43.62325,3.957557,16.09686,14.20352,70.62962,9,5,1393263947,-0.8110962,-0.6215057,0.4875641,-13.94163,20.08696,-5.993282,355.1353,354.4243,25,1.075251,-0.3721973,-0.523322,2.399448,-2.56332,-0.2960957,0.8750519,-0.5269811,-0.05806918,-0.2320444,-0.8257542,-0.3133873,3
2014-02-24 18:45:53.776,3784,378.4,43.62325,3.957557,16.09686,14.20352,70.62962,9,5,1393263947,-0.777359,-0.5916138,0.4487152,-14.21556,20.14133,-5.481003,356.1735,355.4625,25,1.007932,-0.06433451,-1.222626,2.415504,-2.566778,-0.3081393,1.059528,-0.3819277,-0.5234361,-0.2988378,-0.9326959,-0.3209868,3
2014-02-24 18:45:53.885,3785,378.5,43.62325,3.957557,16.09686,14.20352,70.62962,9,5,1393263947,-0.7668762,-0.6030273,0.4187012,-13.99641,21.88102,-6.164047,354.2145,353.5035,25,0.6345863,0.3279763,-1.98083,2.442103,-2.562201,-0.3148633,0.9922101,-0.07406486,-1.22274,-0.2737135,-0.9137209,-0.3246042,3
2014-02-24 18:45:53.967,3786,378.6,43.62325,3.957557,16.09686,14.20352,70.62962,9,5,1393263947,-0.7990265,-0.6510773,0.4362183,-13.83205,22.37031,-6.904011,352.5401,351.8291,25,0.1275369,0.6759833,-2.480629,2.478331,-2.547896,-0.3093248,0.6188642,0.318246,-1.980944,-0.2404223,-0.8922604,-0.359333,3
2014-02-24 18:45:54.095,3787,378.7,43.62325,3.957557,16.09686,14.20352,70.62962,9,5,1393263947,-0.863678,-0.6755981,0.5682983,-13.11985,21.98975,-6.73325,352.1689,351.4579,25,-0.3180605,0.9454499,-2.655293,2.518892,-2.525788,-0.2894252,0.1118149,0.666253,-2.480743,-0.2132851,-0.8884287,-0.3636561,3
2014-02-24 18:45:54.181,3788,378.8,43.62325,3.957557,16.09686,14.20352,70.62962,9,5,1393263947,-0.9723206,-0.7080994,0.7028503,-12.07893,22.15284,-6.220966,352.8736,352.1626,25,-0.7314926,1.010171,-2.668108,2.557719,-2.499451,-0.258169,-0.3337825,0.9357197,-2.655407,-0.2199629,-0.9063879,-0.3380568,3
2014-02-24 18:45:54.305,3789,378.9,43.62325,3.957557,16.09686,14.20352,70.62962,9,5,1393263947,-1.041718,-0.7132416,0.881546,-12.02415,22.5334,-5.822521,353.5774,352.8664,25,-1.167658,0.989256,-2.595842,2.59139,-2.473042,-0.2190236,-0.7472144,1.000441,-2.668222,-0.258637,-0.8928748,-0.1976758,3
2014-02-24 18:45:54.532,3790,379,43.62325,3.957557,16.09686,14.20352,70.62962,9,5,1393263947,-1.041718,-0.7132416,0.881546,-11.91458,22.5334,-5.253323,354.9969,354.2859,25,-1.745895,1.004027,-2.459595,2.635386,-2.4285,-0.1214545,-1.761617,0.9942973,-2.459709,-0.3643909,-0.8446668,0.03951271,3
2014-02-24 18:45:54.631,3791,379.1,43.62325,3.957557,16.09686,14.20352,70.62962,9,5,1393263947,-0.9335175,-0.4439697,1.062241,-11.96936,23.02269,-5.42408,355.2774,354.5664,25,-2.478105,1.16607,-2.326263,2.635386,-2.4285,-0.1214545,-1.761617,0.9942973,-2.459709,-0.3643909,-0.8446668,0.03951271,3
2014-02-24 18:45:54.729,3792,379.2,43.62325,3.957557,16.09686,14.20352,70.62962,9,5,1393263947,-0.9335175,-0.4439697,1.062241,-12.572,21.66356,-5.367165,356.1212,355.4102,25,-3.166748,1.344936,-2.257199,2.635223,-2.384021,0.007428103,-3.182469,1.335206,-2.257313,-0.3537681,-0.608966,0.3045653,3
2014-02-24 18:45:54.832,3793,379.3,43.62329,3.957733,17.42193,14.05332,70.03306,9,5,1393263948,-0.7276917,-0.2191772,0.9166718,-12.84592,22.04411,-5.424076,356.0558,355.3448,25,-3.495233,1.458948,-2.282583,2.620918,-2.356853,0.08262277,-3.510954,1.449218,-2.282697,-0.2292871,-0.3614409,0.357082,3
2014-02-24 18:45:54.933,3794,379.4,43.62329,3.957733,17.42193,14.05332,70.03306,9,5,1393263948,-0.6652527,-0.1534271,0.8213196,-12.95549,22.47903,-5.310238,356.5536,355.8426,25,-3.386027,1.453223,-2.39527,2.605026,-2.327904,0.1590606,-3.401748,1.443493,-2.395384,-0.0100412,-0.06078652,0.2385197,3
2014-02-24 18:45:55.042,3795,379.5,43.62329,3.957733,17.42193,14.05332,70.03306,9,5,1393263948,-0.639389,-0.1274567,0.7687531,-12.62679,22.6965,-6.220966,354.7812,354.0703,25,-2.957651,1.386099,-2.555908,2.593043,-2.299534,0.2328202,-2.973373,1.376369,-2.556022,0.06063535,0.07729542,0.1733584,3
2014-02-24 18:45:55.145,3796,379.6,43.62329,3.957733,17.42193,14.05332,70.03306,9,5,1393263948,-0.6209869,-0.130127,0.7319336,-12.40764,22.58776,-6.790169,353.4062,352.6953,25,-2.443146,1.326436,-2.716965,2.588141,-2.273385,0.3024883,-2.458868,1.316706,-2.717079,0.08721099,0.1587057,0.1792551,3
2014-02-24 18:45:55.237,3797,379.7,43.62329,3.957733,17.42193,14.05332,70.03306,9,5,1393263948,-0.650238,-0.1517944,0.6781006,-11.91458,22.75086,-6.164043,354.1163,353.4053,25,-2.028567,1.288896,-2.849869,2.590096,-2.249864,0.368784,-2.044288,1.279166,-2.849983,0.09051023,0.236809,0.166357,3
2014-02-24 18:45:55.407,3798,379.8,43.62329,3.957733,17.42193,14.05332,70.03306,9,5,1393263948,-0.650238,-0.1517944,0.6781006,-11.85979,21.39173,-4.854877,356.3263,355.6153,25,-1.392998,1.15393,-2.905795,2.597119,-2.228951,0.4328546,-1.758075,1.259137,-2.937368,0.05694938,0.257095,0.1452542,3
2014-02-24 18:45:55.566,3799,379.9,43.62329,3.957733,17.42193,14.05332,70.03306,9,5,1393263948,-0.726059,-0.1984558,0.6151428,-13.55813,22.31594,-5.253319,355.8885,355.1776,25,-1.392998,1.15393,-2.905795,2.608186,-2.211671,0.4935681,-1.408719,1.1442,-2.905909,0.05566595,0.3219767,0.1515643,3
2014-02-24 18:45:55.651,3800,380,43.62329,3.957733,17.42193,14.05332,70.03306,9,5,1393263948,-0.726059,-0.1984558,0.6151428,-12.68157,22.31594,-7.074764,351.707,350.996,25,-0.7039912,0.8458905,-2.544238,2.623561,-2.199685,0.5493081,-1.083416,0.9946321,-2.787531,0.002366018,0.3427454,0.1176473,3
2014-02-24 18:45:55.756,3801,380.1,43.62334,3.957903,17.92209,14.21091,69.15341,9,5,1393263949,-0.7726746,-0.1950531,0.6672516,-12.40764,22.3703,-7.473209,350.7881,350.0771,25,-0.4497951,0.7510812,-2.313288,2.642419,-2.193392,0.5985671,-0.7197242,0.8361576,-2.54435,-0.05492661,0.3650034,0.1333804,3
2014-02-24 18:45:55.885,3802,380.2,43.62334,3.957903,17.92209,14.21091,69.15341,9,5,1393263949,-0.7987671,-0.162262,0.7057037,-12.68157,21.66356,-6.960922,351.5809,350.8699,25,-0.3528111,0.7238283,-2.129086,2.664226,-2.191709,0.6409036,-0.4655281,0.7413483,-2.3134,-0.1207308,0.4028669,0.2009244,3
2014-02-24 18:45:55.971,3803,380.3,43.62334,3.957903,17.92209,14.21091,69.15341,9,5,1393263949,-0.8244476,-0.140625,0.7189331,-12.90071,20.90244,-6.847084,351.8018,351.0908,25,-0.4225166,0.7104909,-2.028738,2.68681,-2.192227,0.6783055,-0.368544,0.7140954,-2.129198,-0.151188,0.4498317,0.2370773,3
2014-02-24 18:45:56.080,3804,380.4,43.62334,3.957903,17.92209,14.21091,69.15341,9,5,1393263949,-0.85849,-0.1916962,0.724762,-13.06507,21.17426,-6.334805,353.3133,352.6023,25,-0.5506464,0.6689839,-1.851251,2.708092,-2.192633,0.7138513,-0.4382495,0.7007581,-2.02885,-0.1889398,0.5116374,0.2769375,3
2014-02-24 18:45:56.212,3805,380.5,43.62334,3.957903,17.92209,14.21091,69.15341,9,5,1393263949,-0.8826447,-0.1989136,0.7567139,-14.70862,21.39173,-6.676327,354.1498,353.4388,25,-0.6331277,0.591564,-1.531029,2.725495,-2.191638,0.7485718,-0.5663791,0.6592512,-1.851363,-0.246148,0.5204063,0.2936444,3
2014-02-24 18:45:56.536,3806,380.6,43.62334,3.957903,17.92209,14.21091,69.15341,9,5,1393263949,-0.9546967,-0.184845,0.8211365,-13.39378,21.60919,-7.131687,353.0468,352.3358,25,-0.8432697,0.3466783,-0.7681382,2.741883,-2.182143,0.8077276,-0.7625352,0.4762934,-1.153463,-0.3166849,0.523805,0.3600182,3
2014-02-24 18:45:56.639,3807,380.7,43.62334,3.957903,17.92209,14.21091,69.15341,9,5,1393263949,-1.168839,-0.2647095,0.9772491,-13.6677,20.68498,-6.505562,354.2702,353.5592,25,-0.7127942,0.1520332,-0.2875306,2.737348,-2.171518,0.8306935,-0.8590023,0.3369457,-0.7682505,-0.3670078,0.5506551,0.4130439,3
2014-02-24 18:45:56.764,3808,380.8,43.62338,3.958064,18.40078,13.86123,68.59366,9,5,1393263950,-1.320679,-0.3020782,1.133774,-14.10598,20.35879,-6.164043,355.7042,354.9932,25,-0.2923235,-0.136205,0.2577772,2.72626,-2.159058,0.8463618,-0.7285268,0.1423006,-0.2876428,-0.4033821,0.5640293,0.4533873,3
2014-02-24 18:45:56.862,3809,380.9,43.62338,3.958064,18.40078,13.86123,68.59366,9,5,1393263950,-1.320679,-0.3020782,1.133774,-14.59905,20.52188,-6.676323,354.1539,353.4429,25,0.3219469,-0.3465715,0.7162042,2.707377,-2.1511,0.8409181,0.3062145,-0.3563041,0.7160919,-0.6649247,0.4734508,0.7056937,3
2014-02-24 18:45:56.959,3810,381,43.62338,3.958064,18.40078,13.86123,68.59366,9,5,1393263950,-1.125244,-0.04252625,1.070709,-14.16076,21.17427,-6.107124,355.033,354.322,25,0.5730127,-0.3593177,0.865379,2.707377,-2.1511,0.8409181,0.3062145,-0.3563041,0.7160919,-0.6649247,0.4734508,0.7056937,3
2014-02-24 18:45:57.063,3811,381.1,43.62338,3.958064,18.40078,13.86123,68.59366,9,5,1393263950,-1.125244,-0.04252625,1.070709,-13.39377,21.82665,-6.334805,353.9014,353.1904,25,0.3102359,-0.1230207,0.7608345,2.703809,-2.160466,0.8055952,0.2945036,-0.1327532,0.7607222,-0.7398621,0.5165921,0.8551955,3
2014-02-24 18:45:57.159,3812,381.2,43.62338,3.958064,18.40078,13.86123,68.59366,9,5,1393263950,-0.9546661,-0.1878357,0.6855774,-12.62679,21.71792,-6.790165,352.8613,352.1503,25,0.2433461,0.06247749,0.6352052,2.698409,-2.156274,0.7934429,0.2276138,0.05274505,0.6350929,-0.5406672,0.6702461,0.6831201,3
2014-02-24 18:45:57.237,3813,381.3,43.62338,3.958064,18.40078,13.86123,68.59366,9,5,1393263950,-0.98703,-0.4064941,0.6985168,-12.68157,21.77229,-6.733242,353.0281,352.3171,25,1.036491,-0.1255257,0.8827996,2.702026,-2.159678,0.7748003,1.020759,-0.1352581,0.8826873,-0.3604641,0.5117377,0.2886882,3
2014-02-24 18:45:57.405,3814,381.4,43.62338,3.958064,18.40078,13.86123,68.59366,9,5,1393263950,-1.126083,-0.5756836,0.8795471,-11.80501,21.33736,-6.960922,352.1441,351.4331,25,2.642874,-0.7357947,1.971714,2.719958,-2.177932,0.7384685,2.042884,-0.4425733,1.439827,-0.379689,0.266662,0.2766191,3
2014-02-24 18:45:57.592,3815,381.5,43.62338,3.958064,18.40078,13.86123,68.59366,9,5,1393263950,-1.223297,-0.6624908,0.9893036,-13.44856,21.33736,-6.277878,354.4875,353.7765,25,2.333059,-0.9703614,2.277209,2.74368,-2.205528,0.6846251,2.627142,-0.745527,1.971602,-0.4352137,0.137357,0.329721,3
2014-02-24 18:45:57.671,3816,381.6,43.62338,3.958064,18.40078,13.86123,68.59366,9,5,1393263950,-1.196167,-0.6894684,0.92836,-12.572,21.98975,-8.782372,348.3966,347.6856,25,1.400843,-1.12513,2.388248,2.759516,-2.231791,0.6239599,2.317327,-0.9800937,2.277096,-0.5518348,-0.0483454,0.4395338,3
2014-02-24 18:45:57.796,3817,381.7,43.62338,3.958064,18.40078,13.86123,68.59366,9,5,1393263950,-1.159607,-0.5570068,0.735672,-12.46243,21.98975,-8.554695,348.3648,347.6538,25,0.7336599,-1.288432,2.594592,2.757653,-2.250877,0.5695693,1.385111,-1.134862,2.388136,-0.5677721,-0.1571417,0.4609594,3
2014-02-24 18:45:57.880,3818,381.8,43.62338,3.958064,18.40078,13.86123,68.59366,9,5,1393263950,-1.048813,-0.4690704,0.686554,-12.40764,22.47903,-8.725452,348.4183,347.7073,25,0.5723376,-1.380036,2.775768,2.738746,-2.263831,0.5223238,0.7179279,-1.298164,2.59448,-0.5294346,-0.1905729,0.3746712,3
2014-02-24 18:45:57.983,3819,381.9,43.62338,3.958064,18.40078,13.86123,68.59366,9,5,1393263950,-0.9357605,-0.3891754,0.6326599,-11.85979,22.15285,-8.270092,348.8538,348.1428,25,0.6003074,-1.319415,2.959623,2.711297,-2.276375,0.4765788,0.5566057,-1.389768,2.775656,-0.4831955,-0.09826495,0.1594573,3
2014-02-24 18:45:58.114,3820,382,43.62342,3.958222,21.6218,13.74421,67.9463,9,5,1393263951,-0.8621216,-0.3764954,0.5436859,-11.58586,21.4461,-7.985493,348.901,348.19,25,0.7184721,-1.1962,3.088597,2.681171,-2.288499,0.4288757,0.5845757,-1.329148,2.959511,-0.3637194,-0.05322183,0.08845954,3
2014-02-24 18:45:58.395,3821,382.1,43.62342,3.958222,21.6218,13.74421,67.9463,9,5,1393263951,-0.8157196,-0.3787537,0.5159607,-11.75022,21.93538,-7.473209,349.4803,348.7693,25,1.20813,-1.05529,3.230352,2.593396,-2.321887,0.2673173,1.192398,-1.06502,3.23024,-0.1298855,-0.1150664,-0.1288099,3
2014-02-24 18:45:58.555,3822,382.2,43.62342,3.958222,21.6218,13.74421,67.9463,9,5,1393263951,-0.7566986,-0.3700714,0.5195007,-11.25715,22.09848,-7.188606,350.1481,349.4371,25,1.379121,-0.9882644,3.226648,2.567749,-2.328957,0.2124753,1.363385,-0.9979872,3.22653,-0.06795161,-0.1626855,-0.1499074,3
2014-02-24 18:45:58.653,3823,382.3,43.62342,3.958222,21.6218,13.74421,67.9463,9,5,1393263951,-0.7180176,-0.3851166,0.4917603,-11.20237,22.37031,-7.131683,350.1675,349.4565,25,1.448916,-0.9455812,3.110765,2.545002,-2.339307,0.1562892,1.433178,-0.9552994,3.110642,-0.04651495,-0.2144177,-0.1670931,3
2014-02-24 18:45:58.794,3824,382.4,43.62342,3.958222,21.6218,13.74421,67.9463,9,5,1393263951,-0.6916962,-0.3849487,0.456955,-11.53108,21.50046,-6.107124,351.2794,350.5684,25,1.53135,-0.921242,2.956469,2.525197,-2.354138,0.09683636,1.515612,-0.9309602,2.956346,-0.01277784,-0.2884315,-0.210585,3
2014-02-24 18:45:58.891,3825,382.5,43.62342,3.958222,21.6218,13.74421,67.9463,9,5,1393263951,-0.660965,-0.4038086,0.4301453,-11.64065,21.39173,-5.765606,351.341,350.63,25,1.612762,-0.8642877,2.771344,2.508133,-2.36935,0.03883027,1.597025,-0.8740059,2.771221,0.005521066,-0.3461282,-0.258853,3
2014-02-24 18:45:58.995,3826,382.6,43.62347,3.958382,20.18692,13.25176,67.4376,9,5,1393263952,-0.6444397,-0.4211884,0.4197388,-11.91458,21.88102,-5.708683,352.6119,351.9009,25,1.636387,-0.8927268,2.593536,2.493189,-2.38583,-0.01714978,1.620649,-0.9024448,2.593413,0.01748439,-0.4097728,-0.2927814,3
2014-02-24 18:45:59.087,3827,382.7,43.62347,3.958382,20.18692,13.25176,67.4376,9,5,1393263952,-0.6002808,-0.4124146,0.392868,-12.29807,22.26157,-6.562489,351.5434,350.8324,25,1.578867,-0.9116709,2.405471,2.479565,-2.403476,-0.07017978,1.563129,-0.921389,2.405349,0.01546225,-0.4800496,-0.3115707,3
2014-02-24 18:45:59.281,3828,382.8,43.62347,3.958382,20.18692,13.25176,67.4376,9,5,1393263952,-0.5582123,-0.3956757,0.3542175,-12.51721,22.3703,-6.790169,351.4477,350.7367,25,1.110937,-0.7601674,1.81529,2.45119,-2.439406,-0.1623619,1.195622,-0.8161072,2.033608,0.05716349,-0.5666788,-0.3798406,3
2014-02-24 18:45:59.528,3829,382.9,43.62347,3.958382,20.18692,13.25176,67.4376,9,5,1393263952,-0.5440674,-0.3912048,0.3250885,-12.07893,21.06554,-6.562489,351.5155,350.8045,25,1.179275,-0.7388597,1.578771,2.437093,-2.456581,-0.2011031,1.0952,-0.7698854,1.815168,0.0617189,-0.595426,-0.4045875,3
2014-02-24 18:45:59.642,3830,383,43.62347,3.958382,20.18692,13.25176,67.4376,9,5,1393263952,-0.5543213,-0.4747009,0.336319,-11.58587,21.22863,-7.530128,349.8396,349.1286,25,1.321796,-0.6833682,1.29336,2.42568,-2.473138,-0.2369677,1.163537,-0.7485777,1.578649,0.0583865,-0.6259609,-0.4377607,3
2014-02-24 18:45:59.745,3831,383.1,43.62347,3.958382,20.18692,13.25176,67.4376,9,5,1393263952,-0.5873413,-0.5033264,0.4122162,-11.80501,20.68498,-7.302448,350.0117,349.3007,25,1.286513,-0.5687226,0.9223736,2.419253,-2.488004,-0.271473,1.306059,-0.6930861,1.293238,0.03912506,-0.6792378,-0.4367065,3
2014-02-24 18:45:59.857,3832,383.2,43.62347,3.958382,20.18692,13.25176,67.4376,9,5,1393263952,-0.5666046,-0.4868622,0.4104004,-12.95549,21.06554,-6.448643,352.0687,351.3577,25,0.9682761,-0.3828142,0.3802193,2.417975,-2.499909,-0.3029222,1.270776,-0.5784404,0.9222509,-0.01395802,-0.7969068,-0.3787349,3
2014-02-24 18:45:59.965,3833,383.3,43.62347,3.958382,20.18692,13.25176,67.4376,9,5,1393263952,-0.553772,-0.5152588,0.3873596,-13.72248,21.39172,-6.904007,351.3681,350.6571,25,0.6188774,-0.1832476,-0.2667739,2.421311,-2.507451,-0.325801,0.9525388,-0.3925321,0.3800966,-0.01405983,-0.8216242,-0.3430365,3
2014-02-24 18:46:00.062,3834,383.4,43.62351,3.958535,21.4918,12.97343,66.98972,9,5,1393263953,-0.5832672,-0.5894012,0.3904724,-13.72248,21.39172,-7.017849,351.3795,350.6685,25,0.6876695,-0.02216735,-0.8847399,2.429998,-2.509723,-0.3363115,0.6031401,-0.1929654,-0.2668966,0.005120851,-0.8192348,-0.3599247,3
2014-02-24 18:46:00.198,3835,383.5,43.62351,3.958535,21.4918,12.97343,66.98972,9,5,1393263953,-0.6562042,-0.5705109,0.4285126,-13.17464,21.82665,-7.473209,350.3432,349.6322,25,0.8171273,0.1684489,-1.552855,2.477109,-2.494078,-0.3354703,0.8013902,0.1587312,-1.552978,-0.01368683,-0.9186145,-0.3626523,3
2014-02-24 18:46:00.313,3836,383.6,43.62351,3.958535,21.4918,12.97343,66.98972,9,5,1393263953,-0.7421112,-0.5593109,0.4713287,-13.06506,20.30442,-8.15625,348.7698,348.0588,25,0.508268,0.3286929,-2.337502,2.516662,-2.476412,-0.3217115,0.4925309,0.3189753,-2.337624,-0.07066815,-0.8867016,-0.3179263,3
2014-02-24 18:46:00.545,3837,383.7,43.62351,3.958535,21.4918,12.97343,66.98972,9,5,1393263953,-0.8658752,-0.6012115,0.5033722,-12.62678,20.08696,-7.473209,349.7618,349.0508,25,-0.09564024,0.5045888,-3.006652,2.560399,-2.455096,-0.291237,-0.1113772,0.4948712,-3.006774,-0.1349705,-0.8464483,-0.2695709,3
2014-02-24 18:46:00.658,3838,383.8,43.62351,3.958535,21.4918,12.97343,66.98972,9,5,1393263953,-1.002319,-0.6411896,0.6181488,-14.27034,20.73935,-8.61161,348.5999,347.8889,25,-0.558013,0.5096334,-3.348998,2.603303,-2.434151,-0.2464417,-0.57375,0.4999158,-3.34912,-0.1677636,-0.8198978,-0.2555274,3
2014-02-24 18:46:00.765,3839,383.9,43.62351,3.958535,21.4918,12.97343,66.98972,9,5,1393263953,-1.163254,-0.6695404,0.7530518,-14.21556,20.57625,-9.6931,347.6742,346.9632,25,-0.9220841,0.375355,-3.348838,2.641921,-2.417802,-0.1940504,-0.937821,0.3656374,-3.348961,-0.2880045,-0.8269444,-0.1788407,3
2014-02-24 18:46:00.854,3840,384,43.62351,3.958535,21.4918,12.97343,66.98972,9,5,1393263953,-1.163254,-0.6695404,0.7530518,-13.88684,20.57625,-8.782375,349.2198,348.5089,25,-1.953256,0.2544523,-2.875417,2.672018,-2.407592,-0.1368147,-1.412972,0.2433637,-3.157596,-0.4194064,-0.7822775,-0.05102236,3
2014-02-24 18:46:00.953,3841,384.1,43.62351,3.958535,21.4918,12.97343,66.98972,9,5,1393263953,-1.301407,-0.5457306,1.164078,-14.37991,20.52188,-8.61161,349.6511,348.9401,25,-1.953256,0.2544523,-2.875417,2.691363,-2.401345,-0.07519555,-1.968993,0.2447347,-2.875539,-0.5608944,-0.7743892,0.1010806,3
2014-02-24 18:46:01.083,3842,384.2,43.62355,3.958685,22.96976,12.75283,66.30074,9,5,1393263954,-1.301407,-0.5457306,1.164078,-14.92776,20.30443,-8.839294,349.4297,348.7187,25,-3.487024,1.047263,-2.321892,2.697177,-2.393145,-0.008279106,-2.737513,0.5600184,-2.536412,-0.6107962,-0.713464,0.2083191,3
2014-02-24 18:46:01.153,3843,384.3,43.62355,3.958685,22.96976,12.75283,66.30074,9,5,1393263954,-1.156326,-0.3961639,1.187073,-14.37991,20.30443,-8.042404,350.5551,349.8441,25,-3.926648,1.401935,-2.335442,2.68824,-2.377163,0.06592862,-3.502761,1.037546,-2.322014,-0.6107848,-0.4798497,0.4438688,3
2014-02-24 18:46:01.279,3844,384.4,43.62355,3.958685,22.96976,12.75283,66.30074,9,5,1393263954,-0.7773895,-0.082901,0.9823914,-13.17463,19.54331,-7.587044,351.8892,351.1782,25,-4.022285,1.654442,-2.41625,2.669261,-2.350961,0.1466086,-3.942385,1.392218,-2.335564,-0.453154,-0.25008,0.4912221,3
2014-02-24 18:46:01.533,3845,384.5,43.62355,3.958685,22.96976,12.75283,66.30074,9,5,1393263954,-0.6879883,-0.001998901,0.8599243,-15.47561,20.08696,-7.814728,353.5219,352.8109,25,-3.619987,1.628103,-2.554074,2.645198,-2.317175,0.2306318,-4.038022,1.644725,-2.416372,-0.3361894,-0.07522511,0.5168806,3
2014-02-24 18:46:01.817,3846,384.6,43.62355,3.958685,22.96976,12.75283,66.30074,9,5,1393263954,-0.6879883,-0.001998901,0.8599243,-14.21555,18.83656,-9.57925,349.1661,348.4551,25,-2.994189,1.418196,-2.75952,2.606668,-2.247402,0.3896106,-3.009925,1.408479,-2.759642,-0.02645733,0.3425662,0.3231952,3
2014-02-24 18:46:01.934,3847,384.7,43.62355,3.958685,22.96976,12.75283,66.30074,9,5,1393263954,-0.6970215,-0.06430054,0.631073,-13.77727,20.46752,-9.12389,352.1821,351.4711,25,-2.413294,1.207406,-2.890309,2.606668,-2.247402,0.3896106,-3.009925,1.408479,-2.759642,-0.02645733,0.3425662,0.3231952,3
2014-02-24 18:46:02.118,3848,384.8,43.6236,3.958826,21.88676,12.31514,65.5745,9,5,1393263955,-0.7279358,-0.09997559,0.5705109,-15.03733,20.30443,-7.473206,352.3114,351.6004,25,-1.170765,0.922919,-2.809903,2.612515,-2.189527,0.587519,-1.186512,0.9131979,-2.810023,-0.01900229,0.4899972,0.1483267,3
2014-02-24 18:46:02.260,3849,384.9,43.6236,3.958826,21.88676,12.31514,65.5745,9,5,1393263955,-0.7605133,-0.1310272,0.5898895,-14.59905,20.73935,-8.38393,350.8915,350.1805,25,-0.5394582,0.8598806,-2.654239,2.633535,-2.185541,0.6372743,-0.5552054,0.8501596,-2.654359,-0.07135991,0.4950313,0.1069649,3
2014-02-24 18:46:02.480,3850,385,43.6236,3.958826,21.88676,12.31514,65.5745,9,5,1393263955,-0.7992706,-0.1617889,0.6296539,-14.27034,21.17427,-8.725452,349.6001,348.8891,25,0.01263643,0.8951734,-2.456891,2.664099,-2.188151,0.6779109,-0.003110748,0.8854523,-2.457011,-0.1205641,0.5137639,0.1096505,3
2014-02-24 18:46:02.586,3851,385.1,43.6236,3.958826,21.88676,12.31514,65.5745,9,5,1393263955,-0.7601776,-0.148941,0.5988007,-13.39377,21.06554,-8.839294,348.4249,347.7139,25,0.2633792,1.031043,-2.2904,2.700761,-2.193709,0.7114822,0.2476321,1.021322,-2.29052,-0.1882475,0.5011169,0.1720402,3
2014-02-24 18:46:02.699,3852,385.2,43.6236,3.958826,21.88676,12.31514,65.5745,9,5,1393263955,-0.7033691,-0.1702881,0.5820465,-14.0512,20.63062,-9.294655,347.8041,347.0931,25,0.2136502,1.215763,-2.10381,2.73699,-2.196481,0.7417524,0.1979032,1.206042,-2.10393,-0.1783696,0.5091992,0.1854707,3
2014-02-24 18:46:02.844,3853,385.3,43.6236,3.958826,21.88676,12.31514,65.5745,9,5,1393263955,-0.7033691,-0.1702881,0.5820465,-15.20169,20.46752,-9.237736,349.4743,348.7633,25,0.05778021,1.118177,-1.683209,2.768851,-2.19509,0.7705595,0.0707892,1.251923,-1.913209,-0.1779981,0.5475957,0.1793922,3
2014-02-24 18:46:02.941,3854,385.4,43.62365,3.958955,21.02004,11.86778,64.64901,9,5,1393263956,-0.7025757,-0.202301,0.5705872,-14.54426,19.59768,-9.12389,348.9244,348.2134,25,0.05924308,0.8430287,-1.366117,2.797229,-2.193298,0.796858,0.04203326,1.108456,-1.683329,-0.1355205,0.5448754,0.1745062,3
2014-02-24 18:46:03.037,3855,385.5,43.62365,3.958955,21.02004,11.86778,64.64901,9,5,1393263956,-0.7729187,-0.1967468,0.7062683,-14.59905,20.1957,-10.43306,346.2753,345.5643,25,-0.3032571,0.6123609,-1.089321,2.82146,-2.193489,0.8187781,0.04349621,0.8333079,-1.366237,-0.1476746,0.5280107,0.1721782,3
2014-02-24 18:46:03.162,3856,385.6,43.62365,3.958955,21.02004,11.86778,64.64901,9,5,1393263956,-0.8431854,-0.1629791,0.7412872,-14.7634,19.27148,-10.14846,345.9212,345.2102,25,-0.5840592,0.2324924,-0.697667,2.837017,-2.192013,0.8386954,-0.3190039,0.60264,-1.089442,-0.2218757,0.5395634,0.2754295,3
2014-02-24 18:46:03.275,3857,385.7,43.62365,3.958955,21.02004,11.86778,64.64901,9,5,1393263956,-0.9302063,-0.1633148,0.8417358,-15.80433,19.21712,-9.750019,348.8412,348.1302,25,-0.7202615,-0.1831088,-0.3781801,2.839231,-2.186774,0.8571269,-0.599806,0.2227716,-0.6977872,-0.23813,0.5792224,0.3366984,3
2014-02-24 18:46:03.753,3858,385.8,43.62365,3.958955,21.02004,11.86778,64.64901,9,5,1393263956,-1.157776,-0.2591248,0.9568481,-16.79045,18.34727,-10.5469,347.8342,347.1232,25,-0.5331835,-0.5946719,0.135589,2.831281,-2.181385,0.8721142,-0.7360082,-0.1928295,-0.3783003,-0.3709916,0.6132705,0.4244747,3
2014-02-24 18:46:03.979,3859,385.9,43.62365,3.958955,21.02004,11.86778,64.64901,9,5,1393263956,-1.362061,-0.2072296,1.291565,-15.91389,17.91235,-10.66074,347.4966,346.7856,25,0.0283592,-1.014977,0.7551007,2.816509,-2.17799,0.8803906,-0.5489302,-0.6043926,0.1354688,-0.5130113,0.5694191,0.5154656,3
2014-02-24 18:46:04.122,3860,386,43.62369,3.95908,21.27075,11.04069,62.89156,9,5,1393263957,-1.262909,-0.005157471,1.258072,-15.31125,17.2056,-10.37614,347.8466,347.1356,25,0.06917454,-0.9863291,1.181051,2.803253,-2.18453,0.8745167,0.01261261,-1.024697,0.7549805,-0.6334556,0.5081089,0.5874692,3
2014-02-24 18:46:04.235,3861,386.1,43.62369,3.95908,21.27075,11.04069,62.89156,9,5,1393263957,-1.078003,0.03538513,0.9575348,-15.80432,16.60759,-11.45762,346.3657,345.6547,25,-0.3784315,-0.7342255,1.105078,2.787908,-2.192225,0.8574639,0.05342801,-0.9960498,1.180931,-0.830037,0.5489559,0.9105998,3
2014-02-24 18:46:04.461,3862,386.2,43.62369,3.95908,21.27075,11.04069,62.89156,9,5,1393263957,-1.078003,0.03538513,0.9575348,-15.74953,16.22703,-10.48998,347.8853,347.1743,25,-0.4652188,-0.4071672,0.9837413,2.73519,-2.178087,0.8325662,-0.4809653,-0.4168878,0.9836211,-0.5978177,0.8110109,0.7694408,3
2014-02-24 18:46:04.597,3863,386.3,43.62369,3.95908,21.27075,11.04069,62.89156,9,5,1393263957,-1.06546,-0.4778137,0.8024902,-17.00959,14.8679,-10.43306,347.728,347.017,25,0.718744,-0.5476136,1.132565,2.73519,-2.178087,0.8325662,-0.4809653,-0.4168878,0.9836211,-0.5978177,0.8110109,0.7694408,3
2014-02-24 18:46:04.698,3864,386.4,43.62369,3.95908,21.27075,11.04069,62.89156,9,5,1393263957,-1.06546,-0.4778137,0.8024902,-16.35217,13.88933,-11.45762,345.7797,345.0687,25,2.02582,-0.822863,1.598281,2.73502,-2.200066,0.7763668,2.010074,-0.8325834,1.59816,-0.4488598,0.3521201,0.3060246,3
2014-02-24 18:46:04.795,3865,386.5,43.62369,3.95908,21.27075,11.04069,62.89156,9,5,1393263957,-1.215714,-0.6954041,1.014008,-15.74954,13.40004,-10.94534,345.7972,345.0862,25,2.407733,-1.052204,2.033545,2.753967,-2.231056,0.7218548,2.391987,-1.061924,2.033425,-0.4726263,0.1829643,0.3421421,3
2014-02-24 18:46:04.899,3866,386.6,43.62369,3.95908,21.27075,11.04069,62.89156,9,5,1393263957,-1.167114,-0.7242126,0.9035797,-15.31126,12.5302,-10.94534,345.8802,345.1692,25,1.646004,-1.200506,2.364357,2.757869,-2.255457,0.6662811,1.630258,-1.210227,2.364237,-0.6067543,-0.0773373,0.5168535,3
2014-02-24 18:46:05.012,3867,386.7,43.62369,3.95908,21.27075,11.04069,62.89156,9,5,1393263957,-1.060272,-0.6518707,0.7550659,-14.70862,12.14964,-9.750015,346.1392,345.4282,25,0.5272769,-1.524693,2.587877,2.737118,-2.269006,0.6198991,0.5115308,-1.534414,2.587757,-0.5436433,-0.1432596,0.3803422,3
2014-02-24 18:46:05.198,3868,386.8,43.62374,3.959181,21.58366,10.03295,59.9584,9,5,1393263958,-0.9072876,-0.3697052,0.517746,-14.92776,11.60599,-9.522331,346.5708,345.8598,25,-0.7558233,-2.194639,3.104123,2.641652,-2.290002,0.5454249,-0.7715692,-2.20436,3.104002,-0.4304065,-0.02226474,0.1616516,3
2014-02-24 18:46:05.526,3869,386.9,43.62374,3.959181,21.58366,10.03295,59.9584,9,5,1393263958,-0.7898865,-0.2121735,0.4545593,-13.17464,9.213934,-10.88842,342.7956,342.0846,25,-0.6373813,-2.278861,3.230432,2.522103,-2.313398,0.4773746,-0.6531281,-2.288577,3.230315,-0.2115097,0.1432258,-0.1471341,3
2014-02-24 18:46:05.622,3870,387,43.62374,3.959181,21.58366,10.03295,59.9584,9,5,1393263958,-0.7898865,-0.2121735,0.4545593,-11.36672,8.507183,-9.35157,342.7071,341.9961,25,0.510635,-2.005073,3.196556,2.462166,-2.312395,0.4243912,-0.1061299,-2.219251,3.29122,-0.1736969,0.1359787,-0.1650612,3
2014-02-24 18:46:05.721,3871,387.1,43.62374,3.959181,21.58366,10.03295,59.9584,9,5,1393263958,-0.7855377,-0.1833038,0.4573364,-10.59973,7.528608,-9.57925,342.4646,341.7536,25,1.082463,-1.851044,2.914307,2.420428,-2.332784,0.3748146,0.4948807,-2.014761,3.19646,-0.1166474,0.1539266,-0.1878735,3
2014-02-24 18:46:05.848,3872,387.2,43.62374,3.959181,21.58366,10.03295,59.9584,9,5,1393263958,-0.7599945,-0.2194061,0.5105591,-8.517899,6.332574,-9.351574,341.5181,340.8071,25,1.572257,-1.676541,2.57828,2.390392,-2.358237,0.3234086,1.066709,-1.860732,2.914211,-0.11646,0.1344964,-0.2144805,3
2014-02-24 18:46:05.937,3873,387.3,43.62374,3.959181,21.58366,10.03295,59.9584,9,5,1393263958,-0.7621765,-0.2972717,0.4964752,-7.915262,5.734555,-8.042408,337.3817,336.6707,25,1.908067,-1.445321,2.254299,2.37125,-2.3853,0.2698813,1.556503,-1.686229,2.578184,-0.1091178,0.08105493,-0.2328089,3
2014-02-24 18:46:06.095,3874,387.4,43.62374,3.959181,21.58366,10.03295,59.9584,9,5,1393263958,-0.7479706,-0.352417,0.5067902,-7.970047,5.897652,-7.871651,338.4859,337.7749,25,2.075838,-1.264526,2.023044,2.360787,-2.411098,0.215588,1.892313,-1.45501,2.254203,-0.1183341,-0.03937401,-0.2403123,3
2014-02-24 18:46:06.206,3875,387.5,43.6238,3.959241,20.12,8.805721,39.96955,9,5,1393263959,-0.7529755,-0.4421082,0.5025177,-3.36809,4.049235,-9.123894,330.9363,330.2253,25,2.1079,-1.133108,1.842584,2.355826,-2.435154,0.1613721,2.060084,-1.274214,2.022948,-0.12905,-0.1661858,-0.2288385,3
2014-02-24 18:46:06.559,3876,387.6,43.6238,3.959241,20.12,8.805721,39.96955,9,5,1393263959,-0.7876434,-0.5237579,0.5544128,-0.1905556,2.418282,-8.554695,325.3446,324.6336,26,1.966766,-0.96823,1.619075,2.350629,-2.495173,0.01004935,1.951012,-0.9779181,1.618979,-0.150674,-0.432059,-0.2956877,3
2014-02-24 18:46:06.692,3877,387.7,43.6238,3.959241,20.12,8.805721,39.96955,9,5,1393263959,-0.8065338,-0.5479279,0.6031494,-0.4644794,1.82026,-7.359364,318.2911,317.5801,26,1.841822,-0.9674867,1.548654,2.347819,-2.513301,-0.03558375,1.826068,-0.9771748,1.548558,-0.200252,-0.5593342,-0.2541078,3
2014-02-24 18:46:06.768,3878,387.8,43.6238,3.959241,20.12,8.805721,39.96955,9,5,1393263959,-0.821991,-0.5384064,0.6292267,-0.3549099,2.255182,-7.928566,316.9481,316.2371,26,1.692689,-1.018287,1.433926,2.344209,-2.532207,-0.0778543,1.676935,-1.027975,1.43383,-0.2268706,-0.6180894,-0.2377278,3
2014-02-24 18:46:06.894,3879,387.9,43.6238,3.959241,20.12,8.805721,39.96955,9,5,1393263959,-0.8438721,-0.5400848,0.6055756,0.357296,1.874626,-7.757809,314.9651,314.2541,26,1.455279,-1.085931,1.282148,2.339685,-2.552614,-0.1155489,1.439526,-1.095619,1.282052,-0.2618828,-0.6619381,-0.206335,3
2014-02-24 18:46:06.988,3880,388,43.6238,3.959241,20.12,8.805721,39.96955,9,5,1393263959,-0.9055786,-0.6153717,0.6278687,-0.4096947,1.439704,-8.327011,312.9735,312.2625,26,1.249947,-1.17039,1.12263,2.334459,-2.574756,-0.14792,1.234193,-1.180078,1.122534,-0.2989146,-0.68269,-0.2140605,3
2014-02-24 18:46:07.132,3881,388.1,43.62388,3.959273,19.27425,7.81215,15.06343,9,5,1393263960,-0.9055786,-0.6153717,0.6278687,-0.5740471,-0.6805391,-7.473209,308.4221,307.7111,26,1.466263,-1.257013,0.7114467,2.330233,-2.598209,-0.1769351,1.218462,-1.249595,0.9482687,-0.3506715,-0.729709,-0.2351636,3
2014-02-24 18:46:07.240,3882,388.2,43.62388,3.959273,19.27425,7.81215,15.06343,9,5,1393263960,-0.8827057,-0.5492859,0.5915375,0.08337212,-1.550381,-7.017849,304.8577,304.1467,26,1.466263,-1.257013,0.7114467,2.329905,-2.621848,-0.2063947,1.450509,-1.266701,0.7113504,-0.4194608,-0.8203042,-0.221656,3
2014-02-24 18:46:07.384,3883,388.3,43.62388,3.959273,19.27425,7.81215,15.06343,9,5,1393263960,-0.8827057,-0.5492859,0.5915375,-0.3549137,-3.290071,-6.676323,302.652,301.941,26,1.037364,-0.6444373,-0.5139906,2.336833,-2.641799,-0.2341344,1.42609,-1.05675,0.1999388,-0.489169,-0.8339908,-0.1865743,3
2014-02-24 18:46:07.559,3884,388.4,43.62388,3.959273,19.27425,7.81215,15.06343,9,5,1393263960,-0.7966766,-0.5314331,0.4314728,-1.231472,-3.942451,-6.220966,300.2573,299.5463,26,0.7259654,-0.2134958,-1.178128,2.351766,-2.653395,-0.251393,1.02161,-0.6541251,-0.514087,-0.4284145,-0.7980394,-0.2638813,3
2014-02-24 18:46:07.648,3885,388.5,43.62388,3.959273,19.27425,7.81215,15.06343,9,5,1393263960,-0.7303467,-0.5554199,0.3573151,-2.820242,-4.323011,-7.074764,297.5536,296.8426,26,0.6686338,0.2269122,-1.611161,2.374937,-2.654657,-0.2564977,0.7102121,-0.2231835,-1.178224,-0.386912,-0.7785814,-0.3429714,3
2014-02-24 18:46:07.777,3886,388.6,43.62388,3.959273,19.27425,7.81215,15.06343,9,5,1393263960,-0.7329712,-0.5859985,0.3965149,-1.560183,-5.682142,-6.448647,295.3943,294.6833,26,0.6478187,0.6861855,-1.845772,2.40581,-2.645963,-0.2543834,0.6528804,0.2172245,-1.611257,-0.3017583,-0.7911995,-0.4662438,3
2014-02-24 18:46:07.885,3887,388.7,43.62388,3.959273,19.27425,7.81215,15.06343,9,5,1393263960,-0.7516632,-0.5849457,0.4850464,-1.505398,-6.171425,-6.277882,293.1596,292.4486,26,0.2501952,1.081695,-2.03763,2.441552,-2.627562,-0.2491277,0.6320655,0.6764979,-1.845869,-0.2473347,-0.8221049,-0.4921872,3
2014-02-24 18:46:07.971,3888,388.8,43.62388,3.959273,19.27425,7.81215,15.06343,9,5,1393263960,-0.7351074,-0.5750275,0.5261383,-1.669748,-7.204363,-6.562485,291.6867,290.9757,26,-0.531584,1.47448,-2.200303,2.478191,-2.601573,-0.2375188,0.234442,1.072007,-2.037726,-0.2466808,-0.8206037,-0.3826448,3
2014-02-24 18:46:08.102,3889,388.9,43.62388,3.959273,19.27425,7.81215,15.06343,9,5,1393263960,-0.7211456,-0.5459442,0.5914459,-2.655886,-10.68374,-5.993282,286.1172,285.4062,26,-1.278985,1.707984,-2.329419,2.510493,-2.569745,-0.2126847,-0.5473371,1.464793,-2.2004,-0.2226707,-0.7960305,-0.3369087,3
2014-02-24 18:46:08.215,3890,389,43.62396,3.959249,19.16272,7.190996,347.3806,9,5,1393263961,-0.7087402,-0.4303741,0.7438507,-4.792507,-14.54367,-5.936367,278.0004,277.2894,26,-1.911154,1.785449,-2.380826,2.535653,-2.534581,-0.1731597,-1.294738,1.698297,-2.329515,-0.1732221,-0.7473232,-0.2829346,3
2014-02-24 18:46:08.399,3891,389.1,43.62396,3.959249,19.16272,7.190996,347.3806,9,5,1393263961,-0.6407776,-0.3388214,0.7829742,-5.942993,-16.66391,-8.38393,275.93,275.219,26,-2.4285,1.74916,-2.310362,2.553084,-2.499037,-0.1216353,-1.926907,1.775762,-2.380922,-0.1263297,-0.6672798,-0.203206,3
2014-02-24 18:46:08.554,3892,389.2,43.62396,3.959249,19.16272,7.190996,347.3806,9,5,1393263961,-0.6407776,-0.3388214,0.7829742,-6.16214,-16.99011,-8.61161,271.0793,270.3683,26,-2.908095,1.698833,-2.188955,2.561399,-2.433622,0.004249777,-2.923848,1.689146,-2.189051,-0.01339334,-0.3830793,0.00486547,3
2014-02-24 18:46:08.682,3893,389.3,43.62396,3.959249,19.16272,7.190996,347.3806,9,5,1393263961,-0.5784302,-0.2475739,0.7635193,-8.408329,-17.80558,-10.2623,267.7928,267.0818,26,-3.183379,1.563998,-2.060069,2.552409,-2.403811,0.07610814,-3.199133,1.55431,-2.060168,0.06311086,-0.2177123,0.0354489,3
2014-02-24 18:46:08.762,3894,389.4,43.62396,3.959249,19.16272,7.190996,347.3806,9,5,1393263961,-0.5570374,-0.1702423,0.7612457,-9.120535,-18.72979,-11.00226,266.0825,265.3715,26,-3.145395,1.347095,-2.007143,2.539421,-2.377796,0.1488581,-3.161164,1.3374,-2.007217,0.1055894,-0.09926491,0.04929126,3
2014-02-24 18:46:08.867,3895,389.5,43.62396,3.959249,19.16272,7.190996,347.3806,9,5,1393263961,-0.5213928,-0.1022491,0.7572479,-9.558817,-18.72979,-10.31922,264.562,263.851,26,-2.93168,1.103393,-2.073098,2.526783,-2.354236,0.2165746,-2.947449,1.093697,-2.073173,0.1349021,0.0446432,0.07201138,3
2014-02-24 18:46:08.972,3896,389.6,43.62396,3.959249,19.16272,7.190996,347.3806,9,5,1393263961,-0.5690613,-0.1524811,0.7005005,-11.4763,-18.78416,-10.60382,264.0319,263.3209,26,-2.708521,0.8464935,-2.239721,2.517351,-2.334665,0.2818313,-2.72429,0.8367977,-2.239795,0.1722814,0.175866,0.09281731,3
2014-02-24 18:46:09.089,3897,389.7,43.62402,3.959179,18.35886,7.545461,322.1034,9,5,1393263962,-0.6890564,-0.2352295,0.7504578,-14.92776,-18.07741,-13.62059,259.7059,258.9949,26,-2.403979,0.6206204,-2.431673,2.512864,-2.320356,0.3465824,-2.419748,0.6109247,-2.431748,0.1194027,0.1872044,0.05969538,3
2014-02-24 18:46:09.312,3898,389.8,43.62402,3.959179,18.35886,7.545461,322.1034,9,5,1393263962,-0.8107452,-0.2303772,0.7675323,-15.58518,-17.64249,-14.98668,259.038,258.327,26,-1.920686,0.5079527,-2.529165,2.519752,-2.306002,0.4661111,-1.936455,0.498257,-2.529239,-0.1033284,0.1881241,0.1690931,3
2014-02-24 18:46:09.560,3899,389.9,43.62402,3.959179,18.35886,7.545461,322.1034,9,5,1393263962,-0.8291626,-0.2462311,0.7235565,-15.69476,-13.18454,-15.21436,251.9245,251.2135,26,-2.014533,0.6365277,-2.660363,2.524986,-2.297374,0.5279282,-2.030301,0.6268321,-2.660437,-0.2328362,0.2177645,0.1571932,3
2014-02-24 18:46:09.647,3900,390,43.62402,3.959179,18.35886,7.545461,322.1034,9,5,1393263962,-0.8291626,-0.2462311,0.7235565,-14.92776,-12.3147,-13.96211,248.0363,247.3253,25,-1.697947,0.7825558,-2.420606,2.52984,-2.285544,0.5900258,-1.991274,0.746342,-2.63542,-0.1831807,0.3260053,0.2229212,3
2014-02-24 18:46:09.755,3901,390.1,43.62402,3.959179,18.35886,7.545461,322.1034,9,5,1393263962,-0.8795471,-0.150238,0.8753815,-15.09211,-12.47779,-13.90519,246.5045,245.7935,25,-1.420032,0.7420118,-2.087898,2.535652,-2.274461,0.6476794,-1.713716,0.7728602,-2.420681,-0.2210983,0.3571063,0.2075703,3
2014-02-24 18:46:09.885,3902,390.2,43.62402,3.959179,18.35886,7.545461,322.1034,9,5,1393263962,-0.9070587,-0.1491852,0.9335632,-10.49017,-10.62937,-13.67751,245.8557,245.1447,25,-1.06628,0.6640102,-1.693094,2.541346,-2.26396,0.6975509,-1.4358,0.7323163,-2.087972,-0.2259559,0.4811335,0.3074897,3
2014-02-24 18:46:09.993,3903,390.3,43.62407,3.959097,19.25069,8.875325,318.1086,9,5,1393263963,-0.9070587,-0.1491852,0.9335632,-8.627468,-9.650801,-11.85606,241.4188,240.7078,25,-0.7839249,0.5560526,-1.290471,2.552598,-2.248023,0.7698373,-0.7996932,0.5463572,-1.290545,-0.3329664,0.5362589,0.4468209,3
2014-02-24 18:46:10.085,3904,390.4,43.62407,3.959097,19.25069,8.875325,318.1086,9,5,1393263963,-0.9136505,-0.1162872,1.049332,-8.627468,-10.41191,-12.42526,239.4996,238.7886,25,-0.7307365,0.4669941,-0.8550414,2.552598,-2.248023,0.7698373,-0.7996932,0.5463572,-1.290545,-0.3329664,0.5362589,0.4468209,3
2014-02-24 18:46:10.296,3905,390.5,43.62407,3.959097,19.25069,8.875325,318.1086,9,5,1393263963,-1.111649,-0.2990417,1.235641,-7.696121,-9.487701,-9.066975,230.1039,229.3929,25,-0.2413064,0.01450943,0.7729639,2.482466,-2.163022,0.8317527,-0.2570744,0.00481419,0.7728896,-0.549955,0.3942645,0.7429737,3
2014-02-24 18:46:10.509,3906,390.6,43.62407,3.959097,19.25069,8.875325,318.1086,9,5,1393263963,-0.9946899,-0.1215363,1.173279,-6.764772,-8.998415,-8.896214,230.5228,229.8118,25,-0.1075954,-0.03265249,0.9835216,2.465261,-2.150624,0.8188888,-0.1233635,-0.04234771,0.9834473,-0.5264735,0.4020029,0.8491077,3
2014-02-24 18:46:10.653,3907,390.7,43.62407,3.959097,19.25069,8.875325,318.1086,9,5,1393263963,-0.9022217,-0.1383972,0.9218445,-5.176003,-7.313095,-9.977703,235.6039,234.8929,25,-0.2231023,-0.1163402,0.9761902,2.446254,-2.13888,0.8051296,-0.2388703,-0.1260354,0.9761159,-0.481048,0.5006599,0.86274,3
2014-02-24 18:46:10.763,3908,390.8,43.62413,3.959012,19.48678,9.852164,316.7664,9,5,1393263964,-0.9022217,-0.1383972,0.9218445,-4.682934,-6.932543,-10.2623,233.9076,233.1966,25,0.6742756,-0.9463508,1.062124,2.429814,-2.132046,0.7922768,-0.02983551,-0.431142,0.8895991,-0.3455501,0.6463411,0.7012256,3
2014-02-24 18:46:10.846,3909,390.9,43.62413,3.959012,19.48678,9.852164,316.7664,9,5,1393263964,-1.079773,-0.4879303,1.012085,-4.682934,-6.715078,-11.05918,236.6326,235.9216,25,0.6742756,-0.9463508,1.062124,2.424937,-2.142885,0.7729825,0.6585078,-0.9560459,1.06205,-0.2708755,0.5061041,0.5067591,3
2014-02-24 18:46:10.947,3910,391,43.62413,3.959012,19.48678,9.852164,316.7664,9,5,1393263964,-1.079773,-0.4879303,1.012085,-5.176003,-6.008331,-11.22994,237.2312,236.5202,25,1.425121,-1.986426,1.952279,2.427851,-2.169725,0.7422193,1.209473,-1.547941,1.494265,-0.3557994,0.3622502,0.4942716,3
2014-02-24 18:46:11.080,3911,391.1,43.62413,3.959012,19.48678,9.852164,316.7664,9,5,1393263964,-1.232788,-0.5837097,1.090042,-5.230789,-6.497618,-10.03461,232.4025,231.6915,25,0.9859973,-2.221885,2.270617,2.430192,-2.205778,0.7001232,1.409353,-1.996121,1.952205,-0.4640757,0.1563816,0.5584562,3
2014-02-24 18:46:11.167,3912,391.2,43.62413,3.959012,19.48678,9.852164,316.7664,9,5,1393263964,-1.219498,-0.5550232,0.9631805,-5.504715,-6.22579,-9.408493,231.577,230.866,25,0.3644746,-2.320438,2.45096,2.421153,-2.2404,0.6547778,0.9702297,-2.23158,2.270543,-0.6108786,0.02527331,0.5977329,3
2014-02-24 18:46:11.292,3913,391.3,43.62413,3.959012,19.48678,9.852164,316.7664,9,5,1393263964,-1.11824,-0.4966125,0.798111,-6.600418,-5.899601,-10.43306,234.9227,234.2117,25,0.04015648,-2.400364,2.548339,2.396557,-2.268798,0.6135579,0.348707,-2.330133,2.450886,-0.6291642,-0.02044187,0.5605187,3
2014-02-24 18:46:11.568,3914,391.4,43.62413,3.959012,19.48678,9.852164,316.7664,9,5,1393263964,-0.9993134,-0.4430847,0.7044983,-6.545635,-4.214281,-12.31142,242.1128,241.4018,25,0.04538879,-2.376777,2.658431,2.361557,-2.2935,0.5766857,0.02438892,-2.410059,2.548265,-0.5578161,0.02187213,0.3328206,3
2014-02-24 18:46:11.653,3915,391.5,43.62413,3.959012,19.48678,9.852164,316.7664,9,5,1393263964,-0.9442596,-0.3133698,0.603714,-7.531763,-3.344437,-12.99446,244.9499,244.2389,25,0.1091036,-2.276398,2.676833,2.323117,-2.318765,0.5398653,0.0296213,-2.386472,2.658357,-0.486269,0.05915596,0.2046825,3
2014-02-24 18:46:11.767,3916,391.6,43.62413,3.959012,19.48678,9.852164,316.7664,9,5,1393263964,-0.8548889,-0.2754059,0.4767151,-7.531763,-2.909513,-12.76679,246.4216,245.7106,25,0.4329493,-1.951487,2.600521,2.284283,-2.342917,0.5032125,0.09333613,-2.286093,2.676759,-0.3716912,0.03915756,0.09332501,3
2014-02-24 18:46:11.889,3917,391.7,43.6242,3.958926,19.95823,11.02273,319.532,9,5,1393263965,-0.7719574,-0.2446442,0.4354858,-8.901396,-2.855145,-13.73443,248.4649,247.7539,25,0.8106068,-1.697156,2.575858,2.249708,-2.365779,0.4643762,0.4171819,-1.961182,2.600446,-0.3181232,0.1344954,-0.03454144,3
2014-02-24 18:46:12.089,3918,391.8,43.6242,3.958926,19.95823,11.02273,319.532,9,5,1393263965,-0.6954803,-0.2884827,0.4045258,-10.7093,-2.692051,-14.36055,249.5195,248.8085,25,1.621403,-1.132781,2.352902,2.197334,-2.406137,0.3757651,1.235652,-1.422993,2.497476,-0.1618214,0.1118574,-0.232923,3
2014-02-24 18:46:12.284,3919,391.9,43.6242,3.958926,19.95823,11.02273,319.532,9,5,1393263965,-0.6690674,-0.3420715,0.3886261,-10.59973,-2.257132,-14.92975,250.97,250.259,25,2.123902,-0.766046,2.0902,2.163924,-2.45281,0.2189177,2.108135,-0.7757407,2.090126,-0.06629399,-0.0985616,-0.3653502,3
2014-02-24 18:46:12.525,3920,392,43.6242,3.958926,19.95823,11.02273,319.532,9,5,1393263965,-0.6670074,-0.4368286,0.3971558,-10.16145,-2.257132,-14.92975,252.5346,251.8236,25,2.178419,-0.772787,2.045039,2.159383,-2.466407,0.163506,2.162652,-0.7824816,2.044964,-0.0523616,-0.1792931,-0.3815539,3
2014-02-24 18:46:12.636,3921,392.1,43.6242,3.958926,19.95823,11.02273,319.532,9,5,1393263965,-0.6517487,-0.4930115,0.4026337,-9.339674,-1.985307,-14.75899,253.9058,253.1948,25,2.066902,-0.844286,1.998914,2.154032,-2.480905,0.1094094,2.051136,-0.8539805,1.99884,-0.05701641,-0.3276374,-0.3876934,3
2014-02-24 18:46:12.720,3922,392.2,43.6242,3.958926,19.95823,11.02273,319.532,9,5,1393263965,-0.6484833,-0.5421448,0.3776703,-9.997097,-2.420229,-15.10052,252.6892,251.9782,25,1.763333,-0.9477373,1.968853,2.14597,-2.497386,0.05918445,1.747566,-0.9574318,1.968779,-0.05223591,-0.4338616,-0.3955429,3
2014-02-24 18:46:12.844,3923,392.3,43.6242,3.958926,19.95823,11.02273,319.532,9,5,1393263965,-0.6781311,-0.5682526,0.3970184,-9.668383,-2.528955,-14.98668,252.1538,251.4428,25,1.407798,-1.088665,1.979717,2.133197,-2.516353,0.01466989,1.392031,-1.09836,1.979643,-0.06388025,-0.5043736,-0.4156856,3
2014-02-24 18:46:12.922,3924,392.4,43.6242,3.958926,19.95823,11.02273,319.532,9,5,1393263965,-0.7334747,-0.5923004,0.4882507,-11.64065,-2.094036,-16.35276,253.9989,253.2879,25,1.254119,-1.288091,1.993092,2.11669,-2.53932,-0.02629089,1.238353,-1.297785,1.993017,-0.09479652,-0.5870941,-0.4460951,3
2014-02-24 18:46:13.404,3925,392.5,43.62429,3.958858,19.72102,11.89184,333.5591,9,5,1393263966,-0.8014984,-0.6192932,0.54422,-11.31194,-1.65911,-17.14964,255.0338,254.3228,25,1.156818,-1.381658,1.866375,2.099046,-2.565347,-0.06443706,1.141051,-1.391353,1.8663,-0.1556836,-0.6309971,-0.414655,3
2014-02-24 18:46:13.583,3926,392.6,43.62429,3.958858,19.72102,11.89184,333.5591,9,5,1393263966,-0.8014984,-0.6192932,0.54422,-11.03801,-2.039669,-15.72663,255.435,254.724,25,0.7855364,-1.337613,1.210131,2.082545,-2.593495,-0.09853235,1.027426,-1.434992,1.620456,-0.2149374,-0.6906734,-0.3611266,3
2014-02-24 18:46:13.686,3927,392.7,43.62429,3.958858,19.72102,11.89184,333.5591,9,5,1393263966,-0.796875,-0.6014709,0.5421906,-11.14758,-1.387287,-16.86504,255.5725,254.8615,25,0.7855364,-1.337613,1.210131,2.068826,-2.621018,-0.1255879,0.7697697,-1.347308,1.210057,-0.308037,-0.7445512,-0.3164811,3
2014-02-24 18:46:13.909,3928,392.8,43.62429,3.958858,19.72102,11.89184,333.5591,9,5,1393263966,-0.7548828,-0.5222015,0.459198,-11.85979,-1.876576,-17.60501,256.0964,255.3854,25,-0.04807645,0.3034475,-1.555444,2.069809,-2.679981,-0.1465031,0.1866416,-0.1620329,-0.963284,-0.3780444,-0.7511584,-0.3749873,3
2014-02-24 18:46:14.112,3929,392.9,43.62429,3.958858,19.72102,11.89184,333.5591,9,5,1393263966,-0.6992493,-0.5413971,0.4590149,-11.805,-1.822209,-18.45881,260.9124,260.2014,25,-0.4914741,1.082376,-2.231285,2.121505,-2.66033,-0.115629,-0.4000804,0.7236765,-2.039227,-0.2950753,-0.6375731,-0.4212942,3
2014-02-24 18:46:14.310,3930,393,43.62429,3.958858,19.72102,11.89184,333.5591,9,5,1393263966,-0.8055878,-0.6074066,0.6591797,-12.51721,-3.507532,-17.94652,256.0345,255.3235,25,-0.4548192,1.212047,-2.06679,2.213653,-2.59085,-0.03314281,-0.4705853,1.202353,-2.066864,-0.2374655,-0.6131538,-0.267272,3
2014-02-24 18:46:14.559,3931,393.1,43.62439,3.958787,20.18318,12.61291,334.4439,9,5,1393263967,-0.9431458,-0.6159668,0.9756165,-12.68157,-3.344433,-17.43425,256.2435,255.5325,25,-0.8240556,1.124383,-2.043673,2.213653,-2.59085,-0.03314281,-0.4705853,1.202353,-2.066864,-0.2374655,-0.6131538,-0.267272,3
2014-02-24 18:46:14.650,3932,393.2,43.62439,3.958787,20.18318,12.61291,334.4439,9,5,1393263967,-0.9431458,-0.6159668,0.9756165,-13.17464,-2.963881,-17.83269,257.8143,257.1033,25,-1.531473,1.113152,-2.058571,2.258347,-2.549366,0.03832306,-1.547239,1.103458,-2.058645,-0.3585357,-0.5877544,0.07766321,3
2014-02-24 18:46:14.752,3933,393.3,43.62439,3.958787,20.18318,12.61291,334.4439,9,5,1393263967,-0.9170532,-0.5423584,1.029022,-12.572,-3.126977,-18.11729,257.1871,256.4761,25,-2.380672,1.248266,-2.062181,2.267928,-2.527968,0.09214347,-2.396438,1.238572,-2.062255,-0.375659,-0.4966099,0.2002454,3
2014-02-24 18:46:14.856,3934,393.4,43.62439,3.958787,20.18318,12.61291,334.4439,9,5,1393263967,-0.772171,-0.3672333,0.9981842,-12.35286,-2.692051,-18.45881,258.9662,258.2552,25,-2.929219,1.429523,-1.970678,2.267923,-2.502803,0.1559226,-2.944994,1.419824,-1.970752,-0.3280622,-0.3870668,0.2359434,3
2014-02-24 18:46:14.935,3935,393.5,43.62439,3.958787,20.18318,12.61291,334.4439,9,5,1393263967,-0.7116089,-0.2605591,0.8995972,-12.1885,-2.637686,-18.40188,258.4427,257.7317,25,-3.151347,1.524664,-1.906873,2.261178,-2.473823,0.2236728,-3.167122,1.514965,-1.906947,-0.1683601,-0.1454209,0.2325397,3
2014-02-24 18:46:15.078,3936,393.6,43.62439,3.958787,20.18318,12.61291,334.4439,9,5,1393263967,-0.6111755,-0.1447449,0.8101807,-12.68157,-1.71348,-18.4588,261.1721,260.4611,25,-3.181717,1.589703,-1.965282,2.251124,-2.442075,0.2925217,-3.197493,1.580004,-1.965355,-0.09511066,0.02780869,0.1669486,3
2014-02-24 18:46:15.168,3937,393.7,43.62439,3.958787,20.18318,12.61291,334.4439,9,5,1393263967,-0.5636902,-0.08560181,0.7215271,-11.91458,-3.235703,-17.77577,256.9055,256.1945,25,-2.947944,1.650314,-2.123171,2.242132,-2.409246,0.3604091,-2.963719,1.640615,-2.123244,-0.02886649,0.1573294,0.1590713,3
2014-02-24 18:46:15.296,3938,393.8,43.62439,3.958787,20.18318,12.61291,334.4439,9,5,1393263967,-0.5207977,-0.05697632,0.6720734,-13.33899,-2.148399,-17.54808,258.2961,257.5851,25,-2.61873,1.73928,-2.370748,2.237985,-2.376361,0.4269516,-2.634505,1.729581,-2.370821,0.02204669,0.304723,0.08714215,3
2014-02-24 18:46:15.485,3939,393.9,43.62439,3.958787,20.18318,12.61291,334.4439,9,5,1393263967,-0.534317,-0.1050873,0.6039886,-13.01028,-0.9523678,-18.00345,258.6478,257.9368,25,-2.029996,1.788553,-2.445345,2.24038,-2.344848,0.4890062,-2.045771,1.778854,-2.445418,0.09251932,0.4179147,0.02058441,3
2014-02-24 18:46:15.622,3940,394,43.62449,3.958719,21.01955,12.92193,335.4285,9,5,1393263968,-0.534317,-0.1050873,0.6039886,-12.572,-2.583322,-18.91417,261.2029,260.4919,25,-1.122819,1.875706,-2.341286,2.249935,-2.314949,0.5443745,-1.536333,1.867674,-2.458988,0.08838381,0.4438169,0.01255629,3
2014-02-24 18:46:15.721,3941,394.1,43.62449,3.958719,21.01955,12.92193,335.4285,9,5,1393263968,-0.5547333,-0.1443024,0.6342926,-12.572,-2.039672,-17.66193,262.0327,261.3217,25,-0.8924282,1.871697,-2.071566,2.264399,-2.287956,0.5936632,-1.138594,1.866007,-2.341359,0.0904026,0.4543139,0.05919903,3
2014-02-24 18:46:15.843,3942,394.2,43.62449,3.958719,21.01955,12.92193,335.4285,9,5,1393263968,-0.5627747,-0.1967926,0.6609192,-12.68157,-2.257132,-17.43424,261.8882,261.1772,25,-0.7690732,1.725338,-1.782715,2.279555,-2.262018,0.6364298,-0.9082028,1.861998,-2.071639,0.0648942,0.4500257,0.1216173,3
2014-02-24 18:46:15.950,3943,394.3,43.62449,3.958719,21.01955,12.92193,335.4285,9,5,1393263968,-0.5813141,-0.2271576,0.682373,-12.79114,-2.583322,-18.4588,261.2106,260.4996,25,-0.6920277,1.512521,-1.53941,2.292289,-2.236776,0.6735384,-0.7848478,1.715639,-1.782788,0.05182186,0.426963,0.1780112,3
2014-02-24 18:46:16.076,3944,394.4,43.62449,3.958719,21.01955,12.92193,335.4285,9,5,1393263968,-0.6069183,-0.3383636,0.6780243,-13.55813,-2.148399,-18.80033,261.0069,260.2959,25,-0.5986067,1.151157,-1.320307,2.30206,-2.213437,0.7059382,-0.7078023,1.502822,-1.539483,0.03866923,0.4352624,0.2195051,3
2014-02-24 18:46:16.168,3945,394.5,43.62449,3.958719,21.01955,12.92193,335.4285,9,5,1393263968,-0.7394714,-0.4163971,0.7863007,-13.55813,-2.365862,-18.45881,262.8412,262.1302,25,-0.3542175,0.760769,-1.049027,2.309487,-2.194359,0.7341893,-0.6143812,1.141458,-1.32038,0.007767473,0.4182766,0.2576975,3
2014-02-24 18:46:16.293,3946,394.6,43.62449,3.958719,21.01955,12.92193,335.4285,9,5,1393263968,-0.8513336,-0.473053,0.8839264,-12.73635,-3.290073,-18.74341,262.5882,261.8772,25,-0.2771131,0.4720464,-0.8014626,2.316968,-2.182889,0.7565473,-0.3699919,0.7510702,-1.049101,-0.1168681,0.3149852,0.3255512,3
2014-02-24 18:46:16.503,3947,394.7,43.62461,3.958652,20.87319,13.01298,336.0449,9,5,1393263969,-0.9336243,-0.4497833,0.9491425,-13.50335,-1.985307,-19.19877,262.5605,261.8495,25,-0.2640708,0.3515812,-0.5702329,2.32348,-2.177241,0.7738011,-0.2928874,0.4623477,-0.8015356,-0.1517572,0.2824619,0.378639,3
2014-02-24 18:46:16.621,3948,394.8,43.62461,3.958652,20.87319,13.01298,336.0449,9,5,1393263969,-1.015137,-0.3677216,1.005142,-13.44856,-2.583322,-18.57265,262.5384,261.8274,25,-0.2384112,0.2897735,-0.3863783,2.327234,-2.172699,0.7865709,-0.2798451,0.3418825,-0.5703059,-0.2691779,0.2348826,0.4840239,3
2014-02-24 18:46:16.751,3949,394.9,43.62461,3.958652,20.87319,13.01298,336.0449,9,5,1393263969,-1.090622,-0.3707581,1.043304,-13.44856,-3.67063,-18.00344,262.1848,261.4738,25,-0.08110444,0.2877833,-0.3613859,2.327732,-2.167475,0.7964143,-0.2541854,0.2800749,-0.3864513,-0.3551801,0.26507,0.5562212,3
2014-02-24 18:46:16.838,3950,395,43.62461,3.958652,20.87319,13.01298,336.0449,9,5,1393263969,-1.090622,-0.3707581,1.043304,-13.06506,-2.855148,-18.06037,262.6273,261.9163,25,0.1746821,0.1393462,-0.3187673,2.3358,-2.164666,0.8083636,0.1589079,0.1296476,-0.3188404,-0.4720542,0.4041423,0.6403685,3
2014-02-24 18:46:16.936,3951,395.1,43.62461,3.958652,20.87319,13.01298,336.0449,9,5,1393263969,-1.278595,-0.6308594,1.188385,-12.73635,-3.507529,-19.08493,261.5202,260.8092,25,0.6118253,-0.1110972,-0.1666588,2.3358,-2.164666,0.8083636,0.1589079,0.1296476,-0.3188404,-0.4720542,0.4041423,0.6403685,3
2014-02-24 18:46:17.086,3952,395.2,43.62461,3.958652,20.87319,13.01298,336.0449,9,5,1393263969,-1.278595,-0.6308594,1.188385,-13.01028,-3.561896,-19.02801,260.9171,260.2061,25,0.8679213,-0.2381692,0.1385296,2.36597,-2.191207,0.798433,0.8521473,-0.2478676,0.1384566,-0.6427739,0.1504981,0.7498206,3
2014-02-24 18:46:17.166,3953,395.3,43.62461,3.958652,20.87319,13.01298,336.0449,9,5,1393263969,-1.227264,-0.6164703,1.2659,-13.06506,-2.746418,-18.85725,264.1523,263.4413,25,0.6021144,-0.3850228,0.3145489,2.377867,-2.206689,0.7867614,0.5863404,-0.3947212,0.3144759,-0.7104741,0.07721072,0.7690101,3
2014-02-24 18:46:17.299,3954,395.4,43.62472,3.958587,20.02982,13.41593,336.6954,9,5,1393263970,-0.9512177,-0.3493042,0.9911041,-13.44856,-3.018244,-18.80033,263.5941,262.8831,25,-1.269739,-0.4396277,0.9587334,2.37281,-2.210042,0.7785888,-0.2747524,-0.3425853,0.5766832,-0.655928,0.08580519,0.8411836,3
2014-02-24 18:46:17.551,3955,395.5,43.62472,3.958587,20.02982,13.41593,336.6954,9,5,1393263970,-0.8022766,-0.3061371,0.8023376,-13.55813,-3.126973,-17.88961,262.9128,262.2018,25,-1.163783,-0.9129569,1.622484,2.340227,-2.194128,0.7770476,-1.285513,-0.4493261,0.9586604,-0.3723166,0.3518733,0.5749025,3
2014-02-24 18:46:17.662,3956,395.6,43.62472,3.958587,20.02982,13.41593,336.6954,9,5,1393263970,-0.8207855,-0.3287201,0.7944794,-13.06506,-2.963878,-18.62957,262.8097,262.0987,25,-0.2521936,-1.417097,2.335333,2.291916,-2.174042,0.7704577,-1.179557,-0.9226552,1.622411,-0.2719485,0.3871681,0.4589096,3
2014-02-24 18:46:17.763,3957,395.7,43.62472,3.958587,20.02982,13.41593,336.6954,9,5,1393263970,-0.9129333,-0.3639679,0.8765717,-12.02415,-1.930937,-18.45881,263.9607,263.2497,25,0.5016197,-1.765067,2.601707,2.248302,-2.167156,0.745038,-0.2679673,-1.426796,2.33526,-0.1825003,0.3564055,0.358526,3
2014-02-24 18:46:17.851,3958,395.8,43.62472,3.958587,20.02982,13.41593,336.6954,9,5,1393263970,-0.9917908,-0.4446869,0.7826233,-11.805,-2.257129,-18.00344,263.9728,263.2618,25,0.7127977,-1.943055,2.535086,2.217849,-2.178,0.7033935,0.4858461,-1.774765,2.601634,-0.2279077,0.3142289,0.4135756,3
2014-02-24 18:46:17.974,3959,395.9,43.62472,3.958587,20.02982,13.41593,336.6954,9,5,1393263970,-0.9902191,-0.4814606,0.6736755,-13.28421,-3.833722,-17.94652,263.7637,263.0527,25,0.9006334,-1.937866,2.435953,2.194555,-2.198319,0.6576034,0.6970241,-1.952753,2.535013,-0.2722591,0.2472539,0.4118735,3
2014-02-24 18:46:18.065,3960,396,43.62472,3.958587,20.02982,13.41593,336.6954,9,5,1393263970,-1.003937,-0.5322571,0.6426849,-13.06507,-3.507529,-18.28804,263.6265,262.9155,25,1.386336,-2.005182,2.338042,2.174984,-2.222568,0.6118045,0.8848599,-1.947565,2.43588,-0.3409851,0.1296587,0.286056,3
2014-02-24 18:46:18.192,3961,396.1,43.62472,3.958587,20.02982,13.41593,336.6954,9,5,1393263970,-0.9319611,-0.5423126,0.5772552,-13.06506,-2.855151,-19.31261,262.2224,261.5114,25,1.67212,-1.924039,2.288379,2.163125,-2.253316,0.5633672,1.370562,-2.01488,2.337969,-0.3341527,0.05257547,0.1404004,3
2014-02-24 18:46:18.346,3962,396.2,43.62484,3.958521,19.93094,13.75722,337.1628,9,5,1393263971,-0.7987976,-0.4580536,0.5011292,-11.14758,-3.561896,-19.14185,259.9109,259.1999,25,1.73353,-1.860057,2.293037,2.157213,-2.287116,0.5116413,1.656346,-1.933737,2.288306,-0.3462941,-0.04264811,0.07015616,3
2014-02-24 18:46:18.557,3963,396.3,43.62484,3.958521,19.93094,13.75722,337.1628,9,5,1393263971,-0.7987976,-0.4580536,0.5011292,-10.43538,-2.963878,-18.40189,260.9319,260.2209,25,1.88148,-2.002815,2.583262,2.143735,-2.351961,0.4024252,1.865706,-2.012513,2.583189,-0.2262863,-0.1431391,-0.1090552,3
2014-02-24 18:46:18.660,3964,396.4,43.62484,3.958521,19.93094,13.75722,337.1628,9,5,1393263971,-0.8397522,-0.4466248,0.4381561,-10.49016,-2.257129,-18.57265,260.9921,260.2811,25,1.730952,-1.57234,2.415726,2.133512,-2.380737,0.3446907,1.715178,-1.582038,2.415653,-0.2765695,-0.1082919,-0.1762137,3
2014-02-24 18:46:18.761,3965,396.5,43.62484,3.958521,19.93094,13.75722,337.1628,9,5,1393263971,-0.7961884,-0.3894196,0.3416595,-9.723171,-3.018241,-18.68649,261.0698,260.3588,25,1.770805,-1.296282,2.314874,2.122671,-2.40383,0.2920246,1.755032,-1.30598,2.314801,-0.1955956,-0.1587331,-0.2704909,3
2014-02-24 18:46:18.837,3966,396.6,43.62484,3.958521,19.93094,13.75722,337.1628,9,5,1393263971,-0.6970215,-0.3347778,0.3424225,-8.901392,-3.724992,-17.83269,259.6711,258.9601,25,1.963971,-1.046851,2.280275,2.113929,-2.422777,0.2374137,1.948198,-1.056548,2.280202,-0.156166,-0.1542299,-0.3898165,3
2014-02-24 18:46:18.938,3967,396.7,43.62484,3.958521,19.93094,13.75722,337.1628,9,5,1393263971,-0.6376801,-0.2903137,0.3310699,-9.558817,-4.051185,-17.37733,257.9761,257.2651,25,2.070669,-0.7401026,2.125802,2.1067,-2.438899,0.1810306,2.089763,-0.8664613,2.244513,-0.06130689,-0.1547344,-0.4082115,3
2014-02-24 18:46:19.072,3968,396.8,43.62484,3.958521,19.93094,13.75722,337.1628,9,5,1393263971,-0.5441437,-0.2993774,0.3322296,-11.03802,-4.105549,-17.20657,257.9193,257.2083,25,1.964608,-0.7056708,1.997752,2.100358,-2.452371,0.125461,2.054896,-0.7498004,2.125729,-0.006741575,-0.1651816,-0.4346053,3
2014-02-24 18:46:19.187,3969,396.9,43.62484,3.958521,19.93094,13.75722,337.1628,9,5,1393263971,-0.5315094,-0.3256073,0.3315887,-11.0928,-3.181337,-18.97109,262.4904,261.7794,25,1.764912,-0.7227891,1.891594,2.094232,-2.465125,0.07267617,1.948835,-0.7153687,1.997679,0.04640193,-0.1960188,-0.4392908,3
2014-02-24 18:46:19.272,3970,397,43.62496,3.958454,19.92246,14.24713,337.5187,9,5,1393263972,-0.5123596,-0.3641663,0.2998962,-12.40765,-2.963881,-17.60501,261.8645,261.1535,25,1.431912,-0.7382653,1.835756,2.087243,-2.478479,0.02347223,1.74914,-0.7324869,1.891521,0.08142275,-0.2811106,-0.4545035,3
2014-02-24 18:46:19.517,3971,397.1,43.62496,3.958454,19.92246,14.24713,337.5187,9,5,1393263972,-0.5001984,-0.3586884,0.2687836,-12.35286,-3.670627,-18.00345,261.8808,261.1698,25,1.095897,-0.7600129,1.849165,2.077465,-2.492069,-0.02027907,1.416139,-0.747963,1.835683,0.09575655,-0.3565814,-0.4974563,3
2014-02-24 18:46:19.646,3972,397.2,43.62496,3.958454,19.92246,14.24713,337.5187,9,5,1393263972,-0.5041504,-0.3616028,0.2677917,-12.1885,-3.833722,-17.71884,261.8494,261.1384,25,0.8276916,-0.7926883,1.84808,2.063446,-2.50696,-0.05885765,1.080124,-0.7697107,1.849092,0.0794951,-0.4229899,-0.5039991,3
2014-02-24 18:46:19.748,3973,397.3,43.62496,3.958454,19.92246,14.24713,337.5187,9,5,1393263972,-0.5282898,-0.3600464,0.269455,-12.35286,-4.214278,-18.34497,261.8018,261.0908,25,0.6424503,-0.7618412,1.773267,2.045423,-2.523022,-0.09262531,0.8119189,-0.802386,1.848007,0.07718679,-0.4511813,-0.5424324,3
2014-02-24 18:46:19.856,3974,397.4,43.62496,3.958454,19.92246,14.24713,337.5187,9,5,1393263972,-0.5718994,-0.3996429,0.3131409,-13.01028,-2.909513,-18.91417,264.2511,263.5401,25,0.5428558,-0.7288015,1.60658,2.025133,-2.539944,-0.1224384,0.6266777,-0.7715389,1.773194,0.05761473,-0.4837354,-0.5504403,3
2014-02-24 18:46:19.963,3975,397.5,43.62496,3.958454,19.92246,14.24713,337.5187,9,5,1393263972,-0.5718994,-0.3996429,0.3131409,-13.55813,-3.018244,-19.25569,265.1474,264.4364,25,0.5299025,-0.6525733,1.37109,1.98691,-2.57246,-0.171296,0.5141299,-0.6622709,1.371017,-0.01505144,-0.5518835,-0.5352709,3
2014-02-24 18:46:20.050,3976,397.6,43.62496,3.958454,19.92246,14.24713,337.5187,9,5,1393263972,-0.6134186,-0.4559326,0.4037781,-13.39377,-3.398803,-19.42645,263.8049,263.0939,25,0.533507,-0.5620535,1.06406,1.98691,-2.57246,-0.171296,0.5141299,-0.6622709,1.371017,-0.01505144,-0.5518835,-0.5352709,3
2014-02-24 18:46:20.138,3977,397.7,43.62496,3.958454,19.92246,14.24713,337.5187,9,5,1393263972,-0.6134186,-0.4559326,0.4037781,-12.79114,-3.235707,-19.82489,264.0631,263.3521,25,0.429284,-0.375457,0.6858433,1.964189,-2.59671,-0.2066511,0.4135116,-0.3851545,0.6857703,-0.1033978,-0.6482376,-0.4371974,3
2014-02-24 18:46:20.262,3978,397.8,43.62496,3.958454,19.92246,14.24713,337.5187,9,5,1393263972,-0.6081085,-0.4748688,0.421524,-12.46243,-3.126973,-19.02801,264.0616,263.3506,25,0.3092218,-0.1846093,0.2874904,1.960466,-2.60249,-0.2161293,0.2934494,-0.1943067,0.2874174,-0.1119962,-0.6703833,-0.4344262,3
2014-02-24 18:46:20.418,3979,397.9,43.62496,3.958454,19.92246,14.24713,337.5187,9,5,1393263972,-0.6146393,-0.4674225,0.4682159,-12.40764,-3.18134,-18.85725,264.0544,263.3434,25,0.1813844,0.05863881,-0.07038975,1.96153,-2.603166,-0.2202086,0.1656122,0.04894136,-0.07046276,-0.1077056,-0.693302,-0.416261,3
2014-02-24 18:46:20.601,3980,398,43.62508,3.958387,19.70564,14.64796,337.7137,9,5,1393263973,-0.5678406,-0.454361,0.48526,-13.55813,-3.344433,-17.3204,261.6945,260.9835,25,-0.008080564,0.3366073,-0.4209893,1.966935,-2.597786,-0.2182192,-0.02385278,0.3269099,-0.4210623,-0.1095127,-0.6839139,-0.3672352,3
2014-02-24 18:46:20.680,3981,398.1,43.62508,3.958387,19.70564,14.64796,337.7137,9,5,1393263973,-0.5965729,-0.4970703,0.5632629,-12.79114,-4.105552,-19.02801,261.6158,260.9048,25,-0.2273687,0.6123673,-0.7354873,1.975574,-2.586576,-0.2096058,-0.2431409,0.6026699,-0.7355604,-0.08734427,-0.670675,-0.3502875,3
2014-02-24 18:46:20.784,3982,398.2,43.62508,3.958387,19.70564,14.64796,337.7137,9,5,1393263973,-0.7216644,-0.6664276,0.7590942,-13.39378,-3.833722,-19.08493,261.2244,260.5134,25,-0.1615926,0.7209222,-0.9728829,1.987411,-2.571308,-0.1971043,-0.1773647,0.7112249,-0.9729558,-0.05921993,-0.6734459,-0.3081001,3
2014-02-24 18:46:20.886,3983,398.3,43.62508,3.958387,19.70564,14.64796,337.7137,9,5,1393263973,-0.7216644,-0.6664276,0.7590942,-12.24329,-4.323009,-19.71105,261.6476,260.9366,25,-0.1521405,0.8182634,-1.851226,2.006534,-2.55566,-0.1863789,0.1922712,0.5990992,-1.31907,-0.1192436,-0.7610921,-0.1737631,3
2014-02-24 18:46:21.038,3984,398.4,43.62508,3.958387,19.70564,14.64796,337.7137,9,5,1393263973,-0.8464508,-0.3860474,1.202286,-12.51721,-3.833725,-18.28804,261.8763,261.1653,25,-2.459723,1.571324,-2.834479,2.186306,-2.402762,0.1428394,-2.475503,1.561622,-2.83455,-0.458099,-0.495158,0.4301829,3
2014-02-24 18:46:21.122,3985,398.5,43.62508,3.958387,19.70564,14.64796,337.7137,9,5,1393263973,-0.8464508,-0.3860474,1.202286,-12.46243,-4.214281,-18.00344,261.9558,261.2448,25,-3.428616,1.951739,-2.378255,2.186115,-2.370439,0.2165997,-3.12242,1.839487,-2.614721,-0.3366564,-0.3477426,0.5217558,3
2014-02-24 18:46:21.243,3986,398.6,43.62508,3.958387,19.70564,14.64796,337.7137,9,5,1393263973,-0.649353,-0.1437683,1.100372,-13.33899,-3.34444,-18.00344,262.3614,261.6504,25,-3.31393,1.750951,-2.22621,2.173534,-2.331308,0.2931947,-3.444396,1.942037,-2.378327,-0.1528843,-0.09703536,0.5424088,3
2014-02-24 18:46:21.367,3987,398.7,43.62508,3.958387,19.70564,14.64796,337.7137,9,5,1393263973,-0.4837036,0.1258087,0.9569244,-12.95549,-3.290071,-17.94652,262.7369,262.0259,25,-2.854739,1.454205,-2.358502,2.153952,-2.290446,0.3673005,-3.329711,1.741249,-2.226282,0.05252308,0.215329,0.4852146,3
2014-02-24 18:46:21.561,3988,398.8,43.62521,3.958318,19.37683,15.06725,337.4406,9,5,1393263974,-0.5075836,0.1221771,0.7957458,-12.62678,-3.072608,-18.51573,263.2356,262.5246,25,-2.035993,1.075001,-2.660156,2.13633,-2.254252,0.4367878,-2.87052,1.444503,-2.358574,0.1630464,0.4121211,0.4797199,3
2014-02-24 18:46:21.662,3989,398.9,43.62521,3.958318,19.37683,15.06725,337.4406,9,5,1393263974,-0.5275269,0.05999756,0.689682,-12.13371,-3.235703,-18.80033,262.2314,261.5204,25,-1.227194,0.9313697,-2.832816,2.130388,-2.229269,0.5016855,-2.051773,1.065299,-2.660228,0.2157575,0.6045765,0.2859277,3
2014-02-24 18:46:21.746,3990,399,43.62521,3.958318,19.37683,15.06725,337.4406,9,5,1393263974,-0.5644684,-0.03311157,0.6655273,-12.73635,-2.963881,-18.51573,263.2601,262.5491,25,-0.6447297,0.8188256,-2.868355,2.141021,-2.217023,0.5605078,-1.242974,0.9216678,-2.832888,0.221336,0.6423494,0.2464183,3
2014-02-24 18:46:21.896,3991,399.1,43.62521,3.958318,19.37683,15.06725,337.4406,9,5,1393263974,-0.6354065,-0.101181,0.6905823,-13.11985,-2.800781,-18.45881,263.3621,262.6511,25,-0.1977283,0.7122153,-2.739844,2.163784,-2.213611,0.6129649,-0.6605101,0.8091236,-2.868427,0.1079865,0.5947958,0.1955187,3
2014-02-24 18:46:22.128,3992,399.2,43.62521,3.958318,19.37683,15.06725,337.4406,9,5,1393263974,-0.7427216,-0.2247925,0.7848511,-12.62678,-4.159908,-17.94652,259.2976,258.5866,25,0.03668025,0.5811254,-2.491134,2.196041,-2.219163,0.6587768,-0.2135085,0.7025134,-2.739916,0.0658088,0.5790384,0.1880098,3
2014-02-24 18:46:22.302,3993,399.3,43.62521,3.958318,19.37683,15.06725,337.4406,9,5,1393263974,-0.8085175,-0.2569733,0.8214111,-12.84593,-2.855148,-20.33718,262.8861,262.1751,25,-0.03584642,0.4153727,-2.171128,2.232782,-2.23059,0.6976047,0.02090004,0.5714236,-2.491206,-0.02987271,0.5412027,0.220825,3
2014-02-24 18:46:22.547,3994,399.4,43.62534,3.958247,20.95382,15.28895,337.6338,9,5,1393263975,-0.8828583,-0.3031158,0.8306274,-12.79114,-3.126973,-19.25569,261.6275,260.9165,25,-0.3166211,0.2924545,-1.821866,2.267659,-2.244504,0.7312455,-0.05162656,0.4056709,-2.1712,-0.161007,0.4430047,0.3204644,3
2014-02-24 18:46:22.652,3995,399.5,43.62534,3.958247,20.95382,15.28895,337.6338,9,5,1393263975,-0.8828583,-0.3031158,0.8306274,-12.40764,-2.528958,-18.51573,263.2086,262.4976,25,-0.6806899,0.107389,-1.510337,2.310054,-2.264141,0.7920964,-0.6964699,0.09768728,-1.510409,-0.3118762,0.4278765,0.3683157,3
2014-02-24 18:46:22.759,3996,399.6,43.62534,3.958247,20.95382,15.28895,337.6338,9,5,1393263975,-0.9670258,-0.1783905,0.9877014,-12.35286,-2.800781,-18.34497,262.0508,261.3398,25,-1.078895,-0.1245875,-1.079022,2.310054,-2.264141,0.7920964,-0.6964699,0.09768728,-1.510409,-0.3118762,0.4278765,0.3683157,3
2014-02-24 18:46:22.847,3997,399.7,43.62534,3.958247,20.95382,15.28895,337.6338,9,5,1393263975,-0.9670258,-0.1783905,0.9877014,-13.6677,-3.018244,-18.34497,260.7851,260.0741,25,-1.462838,-0.1748288,-0.6129766,2.29778,-2.258715,0.8478156,-1.478618,-0.1845305,-0.6130487,-0.4506274,0.5271807,0.5329033,3
2014-02-24 18:46:22.944,3998,399.8,43.62534,3.958247,20.95382,15.28895,337.6338,9,5,1393263975,-0.9702454,-0.03659058,0.9944305,-13.33899,-1.930943,-18.57265,264.3043,263.5933,25,-1.743751,-0.2148939,-0.1073289,2.265395,-2.238295,0.8721699,-1.75953,-0.2245956,-0.1074009,-0.4619006,0.5873359,0.5895662,3
2014-02-24 18:46:23.070,3999,399.9,43.62534,3.958247,20.95382,15.28895,337.6338,9,5,1393263975,-1.082306,-0.06962585,1.045074,-13.28421,-1.44165,-18.97109,265.1803,264.4693,25,-1.457473,-0.2550467,0.4084607,2.224144,-2.21125,0.8870452,-1.473253,-0.2647483,0.4083886,-0.4637285,0.738618,0.616949,3
2014-02-24 18:46:23.210,4000,400,43.62534,3.958247,20.95382,15.28895,337.6338,9,5,1393263975,-1.180023,-0.1647491,1.108047,-13.61292,-3.072608,-19.19877,260.9013,260.1903,25,-0.7725229,-0.2955925,0.774407,2.187012,-2.187846,0.8892463,-0.7883026,-0.3052941,0.774335,-0.5684869,0.7069713,0.6805379,3
2014-02-24 18:46:23.386,4001,400.1,43.62534,3.958247,20.95382,15.28895,337.6338,9,5,1393263975,-1.232697,-0.2167664,1.199493,-12.62679,-3.072611,-19.42645,259.8186,259.1076,25,0.3202398,-0.2780348,1.068624,2.167988,-2.178842,0.875747,0.3044601,-0.2877364,1.068552,-0.6199158,0.6451431,0.7042478,3
2014-02-24 18:46:23.560,4002,400.2,43.62547,3.958166,19.93625,15.38361,338.0353,9,5,1393263976,-1.08432,-0.2052307,1.048981,-12.73635,-2.963881,-19.76797,259.9139,259.2029,25,1.067092,-0.1011996,1.203114,2.16799,-2.18247,0.8488197,1.051313,-0.1109011,1.203042,-0.6736301,0.5538609,0.7625321,3
2014-02-24 18:46:23.638,4003,400.3,43.62547,3.958166,19.93625,15.38361,338.0353,9,5,1393263976,-1.08432,-0.2052307,1.048981,-13.33899,-3.45317,-19.48337,260.7682,260.0573,25,1.228963,0.2072238,0.9212868,2.177325,-2.188386,0.8189726,1.212377,0.1552909,1.027199,-0.5909246,0.5463167,0.7550227,3
2014-02-24 18:46:23.759,4004,400.4,43.62547,3.958166,19.93625,15.38361,338.0353,9,5,1393263976,-1.010529,-0.5099945,0.799469,-14.54426,-3.344433,-19.82489,261.1138,260.4028,25,1.663914,0.008652611,1.184313,2.188654,-2.192784,0.7917427,1.213183,0.1975223,0.9212147,-0.5132965,0.5063481,0.6396059,3
2014-02-24 18:46:23.836,4005,400.5,43.62547,3.958166,19.93625,15.38361,338.0353,9,5,1393263976,-1.068558,-0.6221161,0.8435211,-14.0512,-2.963878,-19.54029,262.6101,261.8991,25,2.170815,-0.4082645,1.712938,2.203172,-2.201146,0.7597864,1.648134,-0.001048797,1.184241,-0.4300292,0.3468934,0.4293644,3
2014-02-24 18:46:23.938,4006,400.6,43.62547,3.958166,19.93625,15.38361,338.0353,9,5,1393263976,-1.068558,-0.6221161,0.8435211,-13.94163,-2.746418,-19.19877,263.6557,262.9447,25,2.30826,-0.8877269,2.287894,2.233779,-2.23947,0.6589784,2.292481,-0.8974282,2.287822,-0.4482036,-0.009806603,0.3533805,3
2014-02-24 18:46:24.066,4007,400.7,43.62547,3.958166,19.93625,15.38361,338.0353,9,5,1393263976,-1.130295,-0.6808319,0.812027,-14.4347,-3.126973,-19.48337,263.017,262.306,25,1.914039,-1.373541,2.721726,2.233779,-2.23947,0.6589784,2.292481,-0.8974282,2.287822,-0.4482036,-0.009806603,0.3533805,3
2014-02-24 18:46:24.139,4008,400.8,43.62547,3.958166,19.93625,15.38361,338.0353,9,5,1393263976,-1.130295,-0.6808319,0.812027,-13.28421,-4.051182,-19.08493,261.0679,260.3569,25,1.363219,-1.787869,3.032525,2.218364,-2.284712,0.5372214,1.347439,-1.79757,3.032453,-0.4827435,-0.1955704,0.3042466,3
2014-02-24 18:46:24.264,4009,400.9,43.62547,3.958166,19.93625,15.38361,338.0353,9,5,1393263976,-1.069687,-0.535141,0.7277832,-12.572,-3.670627,-19.59721,262.6618,261.9508,25,0.9251263,-2.127353,3.23927,2.190414,-2.308589,0.4801168,0.9093471,-2.137054,3.239198,-0.4739983,-0.2189491,0.2154206,3
2014-02-24 18:46:24.419,4010,401,43.62547,3.958166,19.93625,15.38361,338.0353,9,5,1393263976,-1.044479,-0.4313812,0.6668396,-12.40764,-3.724992,-19.65413,263.1905,262.4795,25,0.7164409,-2.282201,3.352568,2.155207,-2.334864,0.4252312,0.7006618,-2.291902,3.352496,-0.4119605,-0.1226096,0.09753425,3
2014-02-24 18:46:24.600,4011,401.1,43.62547,3.958166,19.93625,15.38361,338.0353,9,5,1393263976,-0.9546509,-0.3830872,0.5875397,-14.70862,-3.942451,-20.56485,264.5235,263.8125,25,0.6151822,-2.205649,3.384868,2.116477,-2.361992,0.3722338,0.5994032,-2.215351,3.384796,-0.389627,-0.06768409,0.004349737,3
2014-02-24 18:46:24.684,4012,401.2,43.6256,3.958097,20.32977,15.17927,338.7175,9,5,1393263977,-0.8526459,-0.2932739,0.497345,-13.72249,-3.398803,-19.76797,265.6171,264.9061,25,0.6263403,-1.99848,3.343068,2.07654,-2.387351,0.3207827,0.6105614,-2.008181,3.342996,-0.3048435,-0.06777775,-0.1040746,3
2014-02-24 18:46:24.786,4013,401.3,43.6256,3.958097,20.32977,15.17927,338.7175,9,5,1393263977,-0.7938385,-0.2697296,0.4851685,-13.94163,-3.942451,-19.88181,263.9097,263.1987,25,0.8480394,-1.680002,3.269357,2.038781,-2.408689,0.2691385,0.8322597,-1.689701,3.269284,-0.2374399,-0.0485216,-0.204684,3
2014-02-24 18:46:24.993,4014,401.4,43.6256,3.958097,20.32977,15.17927,338.7175,9,5,1393263977,-0.7003784,-0.3031311,0.4328613,-13.11985,-3.453167,-18.68649,265.6055,264.8945,25,1.25025,-1.010039,3.036753,1.970664,-2.421694,0.1651783,1.234455,-1.019712,3.036667,-0.1245673,-0.09483389,-0.2699741,3
2014-02-24 18:46:25.108,4015,401.5,43.6256,3.958097,20.32977,15.17927,338.7175,9,5,1393263977,-0.7003784,-0.3031311,0.4328613,-14.21556,-4.323011,-18.45881,263.2262,262.5152,25,1.693764,-0.6642922,2.61532,1.946355,-2.434646,0.1103504,1.468522,-0.8020318,2.818593,-0.09918628,-0.1430015,-0.3071764,3
2014-02-24 18:46:25.289,4016,401.6,43.6256,3.958097,20.32977,15.17927,338.7175,9,5,1393263977,-0.7080841,-0.4613647,0.4622192,-14.21556,-3.888089,-19.93873,263.1479,262.4369,25,1.852849,-0.627265,2.414712,1.912122,-2.458093,-0.0004674716,1.848645,-0.6429361,2.503953,-0.04976416,-0.3889257,-0.3572613,3
2014-02-24 18:46:25.547,4017,401.7,43.6256,3.958097,20.32977,15.17927,338.7175,9,5,1393263977,-0.7170715,-0.510025,0.4673462,-14.16077,-3.833722,-19.99565,263.3467,262.6357,25,1.732622,-0.6138312,2.367675,1.898295,-2.470318,-0.05605635,1.837055,-0.6369373,2.414627,-0.08707656,-0.5173917,-0.3195803,3
2014-02-24 18:46:25.636,4018,401.8,43.62573,3.958026,22.3295,15.13628,338.3754,9,5,1393263978,-0.7363281,-0.5582123,0.5016022,-14.16077,-4.051185,-19.99565,263.3303,262.6193,25,1.514757,-0.665334,2.231178,1.883557,-2.483116,-0.1090719,1.716828,-0.6235034,2.36759,-0.09564184,-0.5782619,-0.3199928,3
2014-02-24 18:46:25.760,4019,401.9,43.62573,3.958026,22.3295,15.13628,338.3754,9,5,1393263978,-0.7670288,-0.583313,0.52388,-15.03733,-3.724992,-20.10949,264.3904,263.6794,25,1.246619,-0.6947578,2.069346,1.867668,-2.497545,-0.1582649,1.498963,-0.6750063,2.231092,-0.1389087,-0.6880769,-0.298955,3
2014-02-24 18:46:25.866,4020,402,43.62573,3.958026,22.3295,15.13628,338.3754,9,5,1393263978,-0.7796021,-0.6088715,0.5375671,-13.94163,-5.138487,-18.28804,258.326,257.6151,25,1.026956,-0.6948523,1.843174,1.850059,-2.513578,-0.2019394,1.230825,-0.7044299,2.069261,-0.1815409,-0.7751547,-0.2756624,3
2014-02-24 18:46:25.976,4021,402.1,43.62573,3.958026,22.3295,15.13628,338.3754,9,5,1393263978,-0.7858429,-0.6016998,0.544281,-13.77727,-4.540471,-18.57265,260.8317,260.1207,25,0.80013,-0.6465407,1.58244,1.832208,-2.530557,-0.2393484,1.011162,-0.7045244,1.843089,-0.2183504,-0.8410277,-0.2590843,3
2014-02-24 18:46:26.069,4022,402.2,43.62573,3.958026,22.3295,15.13628,338.3754,9,5,1393263978,-0.7542725,-0.5764618,0.5444641,-12.79114,-4.105549,-18.80033,262.1706,261.4596,25,0.5749682,-0.5793979,1.265229,1.814994,-2.547462,-0.2705891,0.7843362,-0.6562128,1.582354,-0.2401821,-0.8761706,-0.2609172,3
2014-02-24 18:46:26.171,4023,402.3,43.62573,3.958026,22.3295,15.13628,338.3754,9,5,1393263978,-0.7247772,-0.539444,0.5133209,-12.68157,-4.323009,-18.68649,261.4424,260.7314,25,0.238521,-0.4209632,0.84869,1.799459,-2.563251,-0.2950354,0.5591745,-0.5890699,1.265144,-0.2628262,-0.8924735,-0.2569082,3
2014-02-24 18:46:26.279,4024,402.4,43.62573,3.958026,22.3295,15.13628,338.3754,9,5,1393263978,-0.7247772,-0.539444,0.5133209,-13.11985,-4.431738,-18.34497,260.8547,260.1437,25,0.08825636,-0.2286358,0.3808193,1.778359,-2.58445,-0.317684,0.07246277,-0.2383078,0.3807338,-0.2343132,-0.8654069,-0.2793815,3
2014-02-24 18:46:26.518,4025,402.5,43.62573,3.958026,22.3295,15.13628,338.3754,9,5,1393263978,-0.6752319,-0.5076752,0.5068207,-13.11985,-4.323011,-19.02801,262.4575,261.7465,25,0.2877609,-0.006744988,-0.1285582,1.778359,-2.58445,-0.317684,0.07246277,-0.2383078,0.3807338,-0.2343132,-0.8654069,-0.2793815,3
2014-02-24 18:46:26.701,4026,402.6,43.62586,3.957953,22.908,14.65309,337.6413,9,5,1393263979,-0.6282043,-0.4919891,0.4779968,-15.85911,-3.996819,-19.14185,262.1557,261.4447,25,0.1496774,0.6653945,-1.413958,1.811805,-2.562188,-0.3119764,0.133884,0.6557227,-1.414044,-0.130988,-0.811289,-0.3107848,3
2014-02-24 18:46:26.835,4027,402.7,43.62586,3.957953,22.908,14.65309,337.6413,9,5,1393263979,-0.6230164,-0.503952,0.4937286,-14.4347,-4.540471,-19.36954,258.5679,257.8569,25,-0.1291372,0.957975,-1.977891,1.840409,-2.537916,-0.2930413,-0.1449386,0.9482967,-1.977975,-0.0847314,-0.7808543,-0.3101618,3
2014-02-24 18:46:27.032,4028,402.8,43.62586,3.957953,22.908,14.65309,337.6413,9,5,1393263979,-0.7280884,-0.5302429,0.6712189,-13.94163,-4.594831,-18.74341,258.597,257.886,25,-0.6876463,1.198954,-2.488871,1.902072,-2.479821,-0.2275307,-0.7034476,1.189276,-2.488955,-0.04123087,-0.7166157,-0.1990529,3
2014-02-24 18:46:27.121,4029,402.9,43.62586,3.957953,22.908,14.65309,337.6413,9,5,1393263979,-0.8294525,-0.5660706,0.7824707,-14.0512,-5.247217,-18.17421,255.7749,255.0639,25,-0.8134817,1.086151,-2.584001,1.930601,-2.452796,-0.1863738,-0.829283,1.076473,-2.584085,-0.04516729,-0.6973969,-0.1571099,3
2014-02-24 18:46:27.251,4030,403,43.62586,3.957953,22.908,14.65309,337.6413,9,5,1393263979,-0.8294525,-0.5660706,0.7824707,-15.03733,-5.682138,-18.28804,254.6396,253.9286,25,-1.33191,0.8345385,-2.651046,1.957124,-2.430336,-0.1420601,-0.9850563,0.9140284,-2.621535,-0.1349637,-0.6941798,-0.02551556,3
2014-02-24 18:46:27.398,4031,403.1,43.62598,3.957884,20.75641,14.43075,336.5425,9,5,1393263980,-0.9002991,-0.4682312,0.9828033,-16.84524,-4.431738,-19.82489,262.6919,261.9809,25,-1.33191,0.8345385,-2.651046,1.97955,-2.411787,-0.09298415,-1.347712,0.8248605,-2.651129,-0.2091869,-0.6585393,0.09547064,3
2014-02-24 18:46:27.576,4032,403.2,43.62598,3.957884,20.75641,14.43075,336.5425,9,5,1393263980,-0.9002991,-0.4682312,0.9828033,-15.31126,-5.953968,-19.71105,257.6927,256.9817,25,-2.590357,1.117693,-2.740977,1.99498,-2.394574,-0.03528408,-1.999475,0.9213277,-2.716987,-0.245102,-0.5852646,0.1845244,3
2014-02-24 18:46:27.650,4033,403.3,43.62598,3.957884,20.75641,14.43075,336.5425,9,5,1393263980,-0.8238525,-0.3314819,0.9553833,-14.87298,-5.627775,-19.59721,258.2744,257.5634,25,-2.840184,1.259574,-2.758838,2.00122,-2.375068,0.03202421,-2.606158,1.108015,-2.74106,-0.2070186,-0.4362125,0.2628471,3
2014-02-24 18:46:27.779,4034,403.4,43.62598,3.957884,20.75641,14.43075,336.5425,9,5,1393263980,-0.6460876,-0.1734619,0.8714294,-14.87297,-5.192854,-19.25569,259.7672,259.0562,25,-2.891782,1.388149,-2.788744,2.001396,-2.35273,0.104711,-2.855985,1.249896,-2.758922,-0.1181865,-0.2269622,0.2545901,3
2014-02-24 18:46:27.887,4035,403.5,43.62598,3.957884,20.75641,14.43075,336.5425,9,5,1393263980,-0.546051,-0.08357239,0.7792664,-13.83206,-4.268644,-19.19877,262.5038,261.7928,25,-2.632929,1.381778,-2.842504,1.998302,-2.327346,0.179525,-2.907583,1.378471,-2.788827,0.006979834,-0.04404825,0.2386017,3
2014-02-24 18:46:27.970,4036,403.6,43.62598,3.957884,20.75641,14.43075,336.5425,9,5,1393263980,-0.5588531,-0.07377625,0.7136993,-14.37991,-4.486104,-16.23892,260.7029,259.9919,25,-2.193944,1.354816,-2.951816,1.995798,-2.301108,0.2529515,-2.64873,1.3721,-2.842588,0.1325151,0.1320375,0.1760567,3
2014-02-24 18:46:28.110,4037,403.7,43.62598,3.957884,20.75641,14.43075,336.5425,9,5,1393263980,-0.53862,-0.03240967,0.7028961,-13.6677,-4.757934,-17.20656,259.9979,259.2869,25,-1.68267,1.284487,-3.167935,1.99791,-2.276692,0.3228107,-2.209744,1.345138,-2.951899,0.1838801,0.2362245,0.1290245,3
2014-02-24 18:46:28.222,4038,403.8,43.62598,3.957884,20.75641,14.43075,336.5425,9,5,1393263980,-0.59935,-0.1301727,0.6541595,-13.39377,-4.486104,-16.69428,260.8173,260.1063,25,-1.172322,1.30789,-3.284091,2.0083,-2.256271,0.3894879,-1.698471,1.274809,-3.168019,0.1735527,0.3366086,0.1436351,3
2014-02-24 18:46:28.415,4039,403.9,43.6261,3.957811,19.60016,13.24558,335.1561,9,5,1393263981,-0.6226654,-0.2163391,0.6720734,-14.32512,-3.45317,-18.91417,264.2246,263.5136,25,-0.6957415,1.1675,-3.15614,2.027993,-2.240099,0.4527935,-1.188122,1.298213,-3.284175,0.1666042,0.4050695,0.1449796,3
2014-02-24 18:46:28.571,4040,404,43.6261,3.957811,19.60016,13.24558,335.1561,9,5,1393263981,-0.731369,-0.2331543,0.76651,-13.55813,-2.692051,-18.00344,265.6406,264.9296,25,-0.3421475,0.9707867,-2.723812,2.055357,-2.229944,0.5103536,-0.7115421,1.157822,-3.156224,0.09043054,0.3583131,0.1197585,3
2014-02-24 18:46:28.701,4041,404.1,43.6261,3.957811,19.60016,13.24558,335.1561,9,5,1393263981,-0.8139954,-0.2915497,0.8518219,-13.50334,-3.3988,-17.71884,263.3132,262.6022,25,-0.2648354,0.6219416,-2.340751,2.085527,-2.226011,0.5585977,-0.357948,0.9611089,-2.723896,0.04972769,0.3136585,0.1553625,3
2014-02-24 18:46:28.779,4042,404.2,43.6261,3.957811,19.60016,13.24558,335.1561,9,5,1393263981,-0.8139954,-0.2915497,0.8518219,-14.0512,-4.268644,-17.83269,260.3461,259.6351,25,-0.3768663,0.3801636,-1.993401,2.137453,-2.233038,0.6330857,-0.3926667,0.370486,-1.993485,-0.1389324,0.3117891,0.3018371,3
2014-02-24 18:46:28.894,4043,404.3,43.6261,3.957811,19.60016,13.24558,335.1561,9,5,1393263981,-0.8931885,-0.3494263,0.8786316,-15.85911,-5.084123,-18.00344,257.9039,257.1929,25,-0.7767924,0.2266097,-1.817432,2.152719,-2.23715,0.6679243,-0.7925928,0.2169321,-1.817516,-0.2281626,0.2847935,0.3908651,3
2014-02-24 18:46:29.000,4044,404.4,43.6261,3.957811,19.60016,13.24558,335.1561,9,5,1393263981,-0.9405365,-0.3062744,0.9060822,-16.18782,-5.845234,-19.14185,257.1388,256.4278,25,-1.195202,0.06388311,-1.636858,2.15821,-2.238399,0.7051613,-1.211002,0.05420555,-1.636942,-0.2951707,0.2987304,0.4071789,3
2014-02-24 18:46:29.094,4045,404.5,43.6261,3.957811,19.60016,13.24558,335.1561,9,5,1393263981,-0.9797668,-0.2633514,0.9248199,-15.47561,-6.878176,-18.28805,254.3352,253.6242,25,-1.571662,-0.04534484,-1.326189,2.15181,-2.234186,0.7433642,-1.587462,-0.05502236,-1.326273,-0.3604808,0.370494,0.4527391,3
2014-02-24 18:46:29.199,4046,404.6,43.6261,3.957811,19.60016,13.24558,335.1561,9,5,1393263981,-1.005142,-0.177597,0.9785004,-15.1469,-6.33452,-18.51573,256.6687,255.9577,25,-1.73049,-0.07454108,-0.8546675,2.133512,-2.22226,0.7777669,-1.74629,-0.08421855,-0.8547512,-0.413203,0.4383387,0.4928056,3
2014-02-24 18:46:29.339,4047,404.7,43.6261,3.957811,19.60016,13.24558,335.1561,9,5,1393263981,-1.011887,0.008728027,1.060913,-14.65383,-6.49762,-19.02801,257.2211,256.5101,25,-1.599298,-0.08641372,-0.3382974,2.106217,-2.204727,0.8044676,-1.615098,-0.09609117,-0.3383811,-0.4260342,0.4962794,0.5331863,3
2014-02-24 18:46:29.555,4048,404.8,43.62622,3.95773,15.61264,13.66059,334.5037,9,10,1393263982,-1.079834,-0.01251221,1.084686,-15.1469,-6.551987,-17.83269,254.2529,253.5419,25,-1.248126,-0.09413103,0.06048838,2.076434,-2.185266,0.8206338,-1.263926,-0.1038084,0.06040468,-0.4684777,0.6855423,0.6398324,3
2014-02-24 18:46:29.663,4049,404.9,43.62622,3.95773,15.61264,13.66059,334.5037,9,10,1393263982,-1.154373,-0.1052856,1.130325,-16.24261,-7.313099,-17.71885,252.6029,251.8919,25,-0.6594549,-0.01407294,0.2929443,2.051882,-2.167788,0.8273754,-0.6752549,-0.0237503,0.2928606,-0.4689286,0.7362033,0.6695904,3
2014-02-24 18:46:29.763,4050,405,43.62622,3.95773,15.61264,13.66059,334.5037,9,10,1393263982,-1.154373,-0.1052856,1.130325,-16.29739,-7.150002,-18.68649,253.1534,252.4424,25,1.298553,0.009874202,0.4112331,2.045639,-2.16403,0.8218017,0.4017238,-0.0292425,0.4123587,-0.5549756,0.690046,0.7340143,3
2014-02-24 18:46:29.854,4051,405.1,43.62622,3.95773,15.61264,13.66059,334.5037,9,10,1393263982,-0.9762115,-0.1731262,1.132889,-16.46175,-6.660715,-19.65413,255.5156,254.8046,25,1.298553,0.009874202,0.4112331,2.061563,-2.176331,0.8047033,1.282753,0.0001969044,0.4111494,-0.5843228,0.6153393,0.7356834,3
2014-02-24 18:46:29.974,4052,405.2,43.62622,3.95773,15.61264,13.66059,334.5037,9,10,1393263982,-0.9762115,-0.1731262,1.132889,-16.62611,-6.062695,-18.80033,256.3961,255.6851,25,0.7576749,0.7363217,-0.07146806,2.088144,-2.192491,0.7860196,1.32905,0.2657509,0.1239373,-0.5671567,0.5446585,0.7954131,3
2014-02-24 18:46:30.065,4053,405.3,43.62622,3.95773,15.61264,13.66059,334.5037,9,10,1393263982,-0.7684174,-0.2626801,0.7058411,-16.51653,-6.280153,-19.14185,255.6189,254.9079,25,0.6824161,0.6533762,0.1174888,2.108956,-2.196742,0.7756138,0.7418752,0.7266445,-0.07155175,-0.397586,0.5270282,0.7145872,3
2014-02-24 18:46:30.168,4054,405.4,43.62622,3.95773,15.61264,13.66059,334.5037,9,10,1393263982,-0.7909241,-0.4121399,0.6657104,-15.96868,-6.171425,-19.25569,255.4648,254.7538,25,1.175247,0.1485764,0.7254342,2.122258,-2.192715,0.7687044,0.6666164,0.643699,0.1174051,-0.2325188,0.4942615,0.3972326,3
2014-02-24 18:46:30.285,4055,405.5,43.62622,3.95773,15.61264,13.66059,334.5037,9,10,1393263982,-0.92453,-0.5398712,0.7987518,-14.32512,-5.845234,-18.00344,254.6381,253.9271,25,1.508239,-0.5850438,1.504178,2.135348,-2.195096,0.7511574,1.159447,0.1388993,0.7253505,-0.1703805,0.3484093,0.2196798,3
2014-02-24 18:46:30.543,4056,405.6,43.62632,3.957663,17.43012,13.04387,333.2808,9,10,1393263983,-1.055466,-0.6409912,0.8954926,-16.40696,-5.953964,-17.43424,253.8737,253.1627,25,1.29535,-1.287098,2.219887,2.14603,-2.208035,0.7174911,1.49244,-0.5947208,1.504094,-0.2514093,0.1744184,0.2737549,3
2014-02-24 18:46:30.653,4057,405.7,43.62632,3.957663,17.43012,13.04387,333.2808,9,10,1393263983,-1.124832,-0.5378571,0.868576,-16.35218,-6.334524,-17.37732,252.9016,252.1906,25,0.6044225,-1.870137,2.687011,2.144483,-2.226533,0.6726421,1.27955,-1.296775,2.219804,-0.3045763,0.08318356,0.321824,3
2014-02-24 18:46:30.763,4058,405.8,43.62632,3.957663,17.43012,13.04387,333.2808,9,10,1393263983,-1.08754,-0.4510345,0.7142639,-14.48948,-6.33452,-18.28805,254.591,253.88,25,-0.09652707,-2.195049,2.984937,2.124277,-2.245636,0.6251255,0.588623,-1.879815,2.686927,-0.4223171,-0.05579216,0.3888714,3
2014-02-24 18:46:30.863,4059,405.9,43.62632,3.957663,17.43012,13.04387,333.2808,9,10,1393263983,-0.9945526,-0.3492737,0.5868225,-15.69475,-5.573412,-18.51573,255.06,254.349,25,-0.4648153,-2.318655,3.0483,2.085431,-2.263347,0.5812916,-0.1123265,-2.204726,2.984854,-0.4816189,0.01124675,0.3349453,3
2014-02-24 18:46:30.948,4060,406,43.62632,3.957663,17.43012,13.04387,333.2808,9,10,1393263983,-0.9503021,-0.2615204,0.5818024,-15.25647,-5.682142,-18.62957,255.3913,254.6803,25,-0.2044184,-2.369393,3.114644,2.035933,-2.280099,0.5428196,-0.4806147,-2.328332,3.048217,-0.437799,0.06551783,0.1565806,3
2014-02-24 18:46:31.093,4061,406.1,43.62632,3.957663,17.43012,13.04387,333.2808,9,10,1393263983,-0.9503021,-0.2615204,0.5818024,-14.48948,-6.660715,-17.26348,254.4088,253.6978,25,0.2767096,-2.078067,3.223175,1.942325,-2.319825,0.4592683,0.2609104,-2.087744,3.223092,-0.3261582,0.1446168,-0.0257278,3
2014-02-24 18:46:31.172,4062,406.2,43.62632,3.957663,17.43012,13.04387,333.2808,9,10,1393263983,-0.9070587,-0.2010345,0.5252838,-13.17463,-6.008335,-17.14964,255.3789,254.6679,25,0.7306779,-1.588832,3.160587,1.904825,-2.336601,0.4086441,0.7148786,-1.598507,3.160504,-0.2654073,0.1740225,-0.08058052,3
2014-02-24 18:46:31.281,4063,406.3,43.62632,3.957663,17.43012,13.04387,333.2808,9,10,1393263983,-0.7761993,-0.1623077,0.4943237,-14.43469,-5.627779,-16.7512,255.3996,254.6886,25,1.401645,-1.147027,3.052448,1.877687,-2.350824,0.3529605,1.385846,-1.156703,3.052365,-0.2399888,0.1446428,-0.1346593,3
2014-02-24 18:46:31.541,4064,406.4,43.62632,3.957663,17.43012,13.04387,333.2808,9,10,1393263983,-0.7604675,-0.1974792,0.5084381,-15.5304,-6.280157,-16.40968,252.734,252.023,25,2.095066,-0.7393103,2.912011,1.861772,-2.362032,0.2897022,2.079267,-0.7489856,2.911928,-0.1025256,0.1233591,-0.1872613,3
2014-02-24 18:46:31.638,4065,406.5,43.62641,3.95759,18.48867,13.15577,331.4449,9,10,1393263984,-0.7268066,-0.2680206,0.5142212,-16.02346,-5.682142,-18.06037,254.9004,254.1894,25,2.56784,-0.4677067,2.687492,1.855833,-2.370996,0.2216266,2.552041,-0.4773821,2.687409,-0.08094079,0.02233752,-0.1915076,3
2014-02-24 18:46:31.776,4066,406.6,43.62641,3.95759,18.48867,13.15577,331.4449,9,10,1393263984,-0.7212067,-0.4736938,0.5119019,-16.07825,-5.410318,-17.09272,253.6705,252.9595,25,2.969198,-0.1887614,2.315576,1.862009,-2.382121,0.08264952,2.953399,-0.1984367,2.315493,-0.04183905,-0.2184242,-0.2170479,3
2014-02-24 18:46:31.885,4067,406.7,43.62641,3.95759,18.48867,13.15577,331.4449,9,10,1393263984,-0.7215881,-0.5455322,0.5085144,-15.09211,-4.975393,-16.97888,254.6005,253.8895,25,2.864254,-0.1881712,2.206637,1.868871,-2.38603,0.01452283,2.848455,-0.1978465,2.206554,-0.03854126,-0.4161875,-0.2172351,3
2014-02-24 18:46:31.963,4068,406.8,43.62641,3.95759,18.48867,13.15577,331.4449,9,10,1393263984,-0.7215881,-0.5455322,0.5085144,-15.25647,-5.355946,-16.58044,253.4721,252.7611,25,2.121393,-0.3900972,2.190914,1.873124,-2.39044,-0.04912093,2.510509,-0.2756012,2.163007,-0.04171476,-0.5616286,-0.2159218,3
2014-02-24 18:46:32.080,4069,406.9,43.62641,3.95759,18.48867,13.15577,331.4449,9,10,1393263984,-0.7324219,-0.5982361,0.5009918,-15.36604,-5.247217,-16.58044,252.9642,252.2532,25,1.768183,-0.6033255,2.229487,1.872008,-2.397074,-0.1075272,2.105594,-0.3997724,2.190831,-0.04788343,-0.6528523,-0.222652,3
2014-02-24 18:46:32.213,4070,407,43.62641,3.95759,18.48867,13.15577,331.4449,9,10,1393263984,-0.7563324,-0.6203003,0.5457153,-15.91389,-6.22579,-17.71884,250.3159,249.6049,25,1.534326,-0.7771394,2.262958,1.865192,-2.407656,-0.1611949,1.752384,-0.6130007,2.229404,-0.07130685,-0.7587339,-0.2319252,3
2014-02-24 18:46:32.551,4071,407.1,43.62651,3.957502,12.3961,13.07208,330.0494,9,10,1393263985,-0.7827148,-0.5940399,0.6466675,-15.91389,-6.443251,-17.14964,248.6432,247.9322,25,0.7619157,-0.7621583,1.76034,1.838254,-2.442591,-0.2567863,1.177846,-0.83723,2.097032,-0.1637923,-0.8543916,-0.1561265,3
2014-02-24 18:46:32.667,4072,407.2,43.62651,3.957502,12.3961,13.07208,330.0494,9,10,1393263985,-0.7312775,-0.5534363,0.6274567,-14.87297,-6.280157,-17.32041,247.743,247.032,25,0.4694562,-0.6664747,1.391761,1.821189,-2.462152,-0.2922743,0.7461171,-0.7718334,1.760257,-0.193242,-0.877822,-0.08671467,3
2014-02-24 18:46:32.778,4073,407.3,43.62651,3.957502,12.3961,13.07208,330.0494,9,10,1393263985,-0.7037506,-0.5212555,0.6080322,-16.07825,-5.845234,-17.20656,247.8394,247.1284,25,0.3338824,-0.5328261,0.9422003,1.804343,-2.480532,-0.3180436,0.4536576,-0.6761497,1.391678,-0.1837272,-0.8912306,-0.1176444,3
2014-02-24 18:46:32.874,4074,407.4,43.62651,3.957502,12.3961,13.07208,330.0494,9,10,1393263985,-0.70047,-0.5372467,0.6179352,-15.91389,-6.117062,-16.01123,247.8678,247.1568,25,0.5042182,-0.303594,0.3867195,1.791007,-2.496191,-0.3358493,0.3180838,-0.542501,0.9421172,-0.146961,-0.8573422,-0.1150662,3
2014-02-24 18:46:32.981,4075,407.5,43.62651,3.957502,12.3961,13.07208,330.0494,9,10,1393263985,-0.6755219,-0.5151672,0.5712433,-15.85911,-6.062698,-16.63737,249.436,248.725,25,0.6720133,0.03995594,-0.3282706,1.78633,-2.50501,-0.3486704,0.4884197,-0.3132689,0.3866364,-0.1450693,-0.862904,-0.1477135,3
2014-02-24 18:46:33.100,4076,407.6,43.62651,3.957502,12.3961,13.07208,330.0494,9,10,1393263985,-0.6062012,-0.4904327,0.4850769,-14.92776,-5.464682,-17.14964,250.8029,250.0919,25,0.7085697,0.3673594,-1.093634,1.794153,-2.504779,-0.357158,0.6562071,0.0302747,-0.3283518,-0.143358,-0.8868597,-0.1353224,3
2014-02-24 18:46:33.181,4077,407.7,43.62651,3.957502,12.3961,13.07208,330.0494,9,10,1393263985,-0.6062012,-0.4904327,0.4850769,-14.10598,-4.540474,-17.54808,254.1632,253.4522,25,0.3557714,0.7465312,-1.955919,1.846892,-2.471444,-0.3473026,0.3399653,0.73685,-1.956,-0.04116397,-0.8480378,-0.2119728,3
2014-02-24 18:46:33.351,4078,407.8,43.62651,3.957502,12.3961,13.07208,330.0494,9,10,1393263985,-0.6354675,-0.4476166,0.5175629,-13.61292,-4.812293,-16.69428,251.7822,251.0712,25,-0.02320199,0.9685536,-2.60107,1.846892,-2.471444,-0.3473026,0.3399653,0.73685,-1.956,-0.04116397,-0.8480378,-0.2119728,3
2014-02-24 18:46:33.532,4079,407.9,43.62662,3.95742,14.54638,13.5577,329.2129,9,10,1393263986,-0.6354675,-0.4476166,0.5175629,-15.31125,-5.845234,-17.20657,247.6029,246.8919,25,-0.3146389,1.038413,-2.94006,1.923274,-2.412075,-0.2827375,-0.3304449,1.028731,-2.940141,0.02111961,-0.7421203,-0.2214352,3
2014-02-24 18:46:33.668,4080,408,43.62662,3.95742,14.54638,13.5577,329.2129,9,10,1393263986,-0.6955872,-0.4815521,0.605896,-15.5304,-4.866663,-17.8896,252.1963,251.4853,25,-0.4937445,0.9266839,-2.991134,1.959924,-2.384712,-0.2389285,-0.5095504,0.9170029,-2.991215,0.009420156,-0.6904734,-0.1480107,3
2014-02-24 18:46:33.771,4081,408.1,43.62662,3.95742,14.54638,13.5577,329.2129,9,10,1393263986,-0.8545685,-0.5664825,0.7860718,-14.92776,-5.464678,-17.94653,250.9635,250.2525,25,-0.7306281,0.7907615,-2.893542,1.991604,-2.362364,-0.1923041,-0.746434,0.7810804,-2.893623,-0.005809872,-0.6726731,-0.09244493,3
2014-02-24 18:46:33.880,4082,408.2,43.62662,3.95742,14.54638,13.5577,329.2129,9,10,1393263986,-0.9161224,-0.5394135,0.8895416,-14.65383,-6.062693,-18.34497,250.4283,249.7173,25,-1.195101,0.6451087,-2.80156,2.015996,-2.345734,-0.1416496,-1.210907,0.6354277,-2.801641,-0.1472596,-0.707659,0.09340782,3
2014-02-24 18:46:33.984,4083,408.3,43.62662,3.95742,14.54638,13.5577,329.2129,9,10,1393263986,-0.8907471,-0.4289551,0.9270477,-14.70862,-5.899597,-17.71884,250.5321,249.8211,25,-1.984505,0.6747614,-2.727315,2.029069,-2.332166,-0.08285136,-2.000311,0.6650805,-2.727396,-0.1947137,-0.62217,0.2019947,3
2014-02-24 18:46:34.233,4084,408.4,43.62662,3.95742,14.54638,13.5577,329.2129,9,10,1393263986,-0.7605743,-0.2665558,0.8844604,-14.76341,-5.953968,-17.43424,250.6002,249.8892,25,-2.928606,0.9046252,-2.270557,2.020361,-2.301535,0.05563535,-3.025805,0.9023397,-2.401707,-0.09451407,-0.2969171,0.2314549,3
2014-02-24 18:46:34.482,4085,408.5,43.62662,3.95742,14.54638,13.5577,329.2129,9,10,1393263986,-0.5955353,0.08659363,0.7091522,-14.54426,-5.736509,-16.06816,249.9138,249.2028,25,-2.928606,0.9046252,-2.270557,2.006647,-2.283585,0.1248361,-2.944412,0.8949444,-2.270638,0.07893159,0.03608744,0.1718981,3
2014-02-24 18:46:34.582,4086,408.6,43.62662,3.95742,14.54638,13.5577,329.2129,9,10,1393263986,-0.5955353,0.08659363,0.7091522,-15.25647,-5.355947,-16.92196,252.0361,251.3251,25,-1.920256,0.7157525,-2.76581,1.995856,-2.265874,0.1903358,-2.556026,0.8835866,-2.364165,0.1311485,0.1781566,0.1499294,3
2014-02-24 18:46:34.718,4087,408.7,43.62672,3.957329,16.41251,13.3306,328.1472,9,10,1393263987,-0.5930481,0.08506775,0.6448364,-16.07825,-4.97539,-16.97888,253.2736,252.5626,25,-1.208973,0.7424526,-3.230828,1.995208,-2.251966,0.2534327,-1.936062,0.7060717,-2.765892,0.1564873,0.3373221,0.09956443,3
2014-02-24 18:46:34.911,4088,408.8,43.62672,3.957329,16.41251,13.3306,328.1472,9,10,1393263987,-0.6898041,-0.16716,0.6416779,-15.85911,-5.410313,-16.52352,251.6313,250.9203,25,-0.01125718,0.6627923,-3.573996,2.040246,-2.239556,0.3738396,-0.4584297,0.7149958,-3.499054,0.1333401,0.4161873,0.03177291,3
2014-02-24 18:46:35.035,4089,408.9,43.62672,3.957329,16.41251,13.3306,328.1472,9,10,1393263987,-0.7775879,-0.2770386,0.6268463,-15.63997,-5.953964,-16.06816,251.4337,250.7227,25,0.1577593,0.6128791,-3.316148,2.082506,-2.242946,0.4276766,-0.02706246,0.6531117,-3.574078,0.073916,0.3699274,0.04355118,3
2014-02-24 18:46:35.122,4090,409,43.62672,3.957329,16.41251,13.3306,328.1472,9,10,1393263987,-0.8355255,-0.3433838,0.6529999,-14.37991,-5.573412,-17.49117,250.5951,249.8841,25,0.1736637,0.4831427,-2.829063,2.129069,-2.252488,0.4688614,0.1419585,0.603199,-3.316219,-0.03987994,0.2286805,0.06193025,3
2014-02-24 18:46:35.252,4091,409.1,43.62672,3.957329,16.41251,13.3306,328.1472,9,10,1393263987,-0.897644,-0.3245544,0.7184448,-14.27034,-4.703568,-17.49117,250.7471,250.0361,25,0.05503236,0.3957923,-2.297933,2.172037,-2.262726,0.50889,0.1578639,0.4734631,-2.829132,-0.1051435,0.2101696,0.06966878,3
2014-02-24 18:46:35.405,4092,409.2,43.62672,3.957329,16.41251,13.3306,328.1472,9,10,1393263987,-0.9147339,-0.2919464,0.7589874,-14.0512,-4.812297,-16.92196,250.9792,250.2682,25,-0.2881423,0.3546833,-2.005204,2.207988,-2.273021,0.5432397,0.03923264,0.3861128,-2.298001,-0.1820195,0.1735282,0.1000696,3
2014-02-24 18:46:35.581,4093,409.3,43.62672,3.957329,16.41251,13.3306,328.1472,9,10,1393263987,-0.9866028,-0.2545929,0.871994,-14.70862,-5.790871,-17.49117,250.3098,249.5988,25,-0.7679278,0.2886941,-1.857839,2.235218,-2.280636,0.5746884,-0.303942,0.3450038,-2.005273,-0.2610164,0.2190188,0.1714226,3
2014-02-24 18:46:35.666,4094,409.4,43.62672,3.957329,16.41251,13.3306,328.1472,9,10,1393263987,-0.9837494,-0.2125397,0.9019318,-14.98254,-5.519043,-18.11729,251.222,250.511,25,-1.055132,0.09686476,-1.615892,2.252848,-2.284874,0.609059,-0.7837274,0.2790147,-1.857907,-0.2949205,0.2801495,0.2218304,3
2014-02-24 18:46:35.770,4095,409.5,43.62682,3.957244,15.02369,13.53688,327.5893,9,10,1393263988,-0.9837494,-0.2125397,0.9019318,-14.92776,-5.029757,-17.37733,253.9359,253.2249,25,-1.513903,0.08641318,-1.488809,2.261839,-2.285642,0.6833195,-1.529703,0.07673381,-1.488878,-0.3968284,0.4097215,0.3820067,3
2014-02-24 18:46:35.869,4096,409.6,43.62682,3.957244,15.02369,13.53688,327.5893,9,10,1393263988,-1.02417,-0.07766724,0.9394989,-14.70862,-5.138487,-18.62957,253.0596,252.3486,25,-1.854465,0.09498537,-1.222349,2.261839,-2.285642,0.6833195,-1.529703,0.07673381,-1.488878,-0.3968284,0.4097215,0.3820067,3
2014-02-24 18:46:35.978,4097,409.7,43.62682,3.957244,15.02369,13.53688,327.5893,9,10,1393263988,-1.170822,-0.0684967,1.064529,-13.83205,-5.247219,-18.06037,252.6657,251.9547,25,-1.294603,0.008091482,-0.2940606,2.207766,-2.245749,0.78616,-1.310402,-0.001587789,-0.2941292,-0.4725263,0.6299781,0.4979929,3
2014-02-24 18:46:36.110,4098,409.8,43.62682,3.957244,15.02369,13.53688,327.5893,9,10,1393263988,-1.257812,-0.02099609,1.151917,-14.27033,-5.029759,-18.74341,253.6909,252.9799,25,-0.455485,-0.06655107,0.3376478,2.189584,-2.234184,0.793476,-0.4712842,-0.0762303,0.3375793,-0.6182037,0.6442989,0.632632,3
2014-02-24 18:46:36.316,4099,409.9,43.62682,3.957244,15.02369,13.53688,327.5893,9,10,1393263988,-0.9550171,0.06242371,0.943161,-13.61292,-4.703568,-17.0358,252.5128,251.8018,25,0.4232163,0.4961738,0.6948749,2.174531,-2.216434,0.7708067,0.4074171,0.4864946,0.6948064,-0.648569,0.7118966,0.7311766,3
2014-02-24 18:46:36.544,4100,410,43.62682,3.957244,15.02369,13.53688,327.5893,9,10,1393263988,-0.8650818,-0.09631348,0.7902985,-14.81819,-4.594831,-18.17421,252.399,251.688,25,0.5941046,0.7624614,0.5214709,2.176025,-2.20499,0.7565265,0.5783056,0.7527823,0.5214024,-0.4548187,0.7744429,0.6144784,3
2014-02-24 18:46:36.651,4101,410.1,43.62682,3.957244,15.02369,13.53688,327.5893,9,10,1393263988,-0.8650818,-0.09631348,0.7902985,-14.32512,-3.996819,-18.34497,254.7857,254.0747,25,1.71022,0.3455966,1.037177,2.18541,-2.197695,0.7389945,1.071126,0.6643529,0.611463,-0.2858929,0.6639014,0.4133598,3
2014-02-24 18:46:36.749,4102,410.2,43.62692,3.95716,13.96,13.29973,328.4508,9,10,1393263989,-1.080383,-0.5508423,0.8682098,-14.81819,-3.616262,-18.40189,256.0758,255.3648,25,1.71022,0.3455966,1.037177,2.202617,-2.200296,0.7098285,1.694421,0.3359175,1.037109,-0.256828,0.4606484,0.3307384,3
2014-02-24 18:46:36.846,4103,410.3,43.62692,3.95716,13.96,13.29973,328.4508,9,10,1393263989,-1.080383,-0.5508423,0.8682098,-13.55813,-4.431741,-16.7512,252.1189,251.4079,25,1.783254,-0.6839645,2.052107,2.220124,-2.210783,0.6684754,1.972681,-0.1554413,1.54784,-0.3298553,0.2394649,0.3470376,3
2014-02-24 18:46:36.941,4104,410.4,43.62692,3.95716,13.96,13.29973,328.4508,9,10,1393263989,-1.144943,-0.6417847,0.9198303,-13.11985,-4.975393,-17.09272,250.6842,249.9732,25,0.9894426,-1.174308,2.445777,2.229002,-2.22526,0.6192731,1.767455,-0.6936435,2.052039,-0.4343377,0.02960107,0.3725179,3
2014-02-24 18:46:37.063,4105,410.5,43.62692,3.95716,13.96,13.29973,328.4508,9,10,1393263989,-1.145889,-0.5764618,0.8461914,-13.33899,-5.192856,-17.3204,250.1366,249.4256,25,0.09059355,-1.499821,2.717174,2.220257,-2.239195,0.5703425,0.9736439,-1.183987,2.445709,-0.4843516,-0.1018643,0.3981937,3
2014-02-24 18:46:37.168,4106,410.6,43.62692,3.95716,13.96,13.29973,328.4508,9,10,1393263989,-1.073029,-0.4234924,0.7054596,-14.43469,-4.105549,-18.45881,254.0052,253.2942,25,-0.3673154,-1.693295,2.917611,2.191278,-2.250195,0.5275744,0.07479483,-1.5095,2.717105,-0.4779577,-0.1244601,0.3514103,3
2014-02-24 18:46:37.250,4107,410.7,43.62692,3.95716,13.96,13.29973,328.4508,9,10,1393263989,-0.9445496,-0.3062592,0.6231689,-14.0512,-4.486104,-18.97109,254.7475,254.0365,25,-0.3464759,-1.785806,3.093507,2.148622,-2.259904,0.4897106,-0.3831141,-1.702974,2.917542,-0.4417776,-0.03434445,0.2077581,3
2014-02-24 18:46:37.484,4108,410.8,43.62692,3.95716,13.96,13.29973,328.4508,9,10,1393263989,-0.8354797,-0.2644348,0.5353699,-14.27034,-5.029753,-18.17421,252.4324,251.7214,25,-0.283453,-1.554565,3.177492,2.101971,-2.271221,0.4513,-0.3622745,-1.795485,3.093439,-0.3122541,0.1384367,0.08438674,3
2014-02-24 18:46:37.610,4109,410.9,43.62692,3.95716,13.96,13.29973,328.4508,9,10,1393263989,-0.7527618,-0.2637024,0.4787903,-13.33899,-4.975393,-17.54808,251.7417,251.0307,25,0.1583066,-1.300908,3.290705,2.054749,-2.281419,0.4108503,-0.2992516,-1.564244,3.177424,-0.2496693,0.09312984,0.02514732,3
2014-02-24 18:46:37.817,4110,411,43.62692,3.95716,13.96,13.29973,328.4508,9,10,1393263989,-0.6519928,-0.2292023,0.4562836,-14.0512,-4.812293,-17.37732,251.2982,250.5872,25,1.021614,-0.939425,3.300163,1.972165,-2.296383,0.3105639,0.5565481,-1.140348,3.344573,-0.0404404,0.04189321,-0.15304,3
2014-02-24 18:46:37.932,4111,411.1,43.62703,3.957071,13.72572,13.15345,328.3182,9,10,1393263990,-0.6596832,-0.2898865,0.4605408,-15.20169,-5.084126,-17.54808,252.2426,251.5316,25,1.373705,-0.8033745,3.107481,1.941219,-2.306772,0.25383,1.005814,-0.9490954,3.300097,0.0282946,0.01687538,-0.1763658,3
2014-02-24 18:46:38.039,4112,411.2,43.62703,3.957071,13.72572,13.15345,328.3182,9,10,1393263990,-0.6596832,-0.2898865,0.4605408,-14.76341,-4.431738,-18.00344,252.9142,252.2032,25,1.659584,-0.7020261,2.89104,1.90029,-2.328507,0.1345637,1.643785,-0.7116964,2.890975,0.07545021,-0.1211368,-0.2205985,3
2014-02-24 18:46:38.118,4113,411.3,43.62703,3.957071,13.72572,13.15345,328.3182,9,10,1393263990,-0.6759644,-0.3244324,0.4586487,-13.83206,-5.138487,-18.06037,250.9562,250.2452,25,1.854569,-0.6139907,2.656259,1.888976,-2.339548,0.07459702,1.83877,-0.623661,2.656194,0.06941045,-0.2314719,-0.2198251,3
2014-02-24 18:46:38.252,4114,411.4,43.62703,3.957071,13.72572,13.15345,328.3182,9,10,1393263990,-0.6732025,-0.4091644,0.4758759,-14.27034,-5.247219,-17.71885,249.8724,249.1614,25,1.787555,-0.5609794,2.262107,1.881484,-2.350209,0.0169558,1.850636,-0.5825418,2.40017,0.03526017,-0.3074774,-0.2441117,3
2014-02-24 18:46:38.497,4115,411.5,43.62703,3.957071,13.72572,13.15345,328.3182,9,10,1393263990,-0.6754303,-0.4860077,0.4647217,-13.94163,-4.159911,-17.49117,252.4323,251.7213,25,1.670158,-0.546755,2.169339,1.874804,-2.360824,-0.03725036,1.771756,-0.5706497,2.262042,0.0301346,-0.4464062,-0.2340044,3
2014-02-24 18:46:38.621,4116,411.6,43.62703,3.957071,13.72572,13.15345,328.3182,9,10,1393263990,-0.6790619,-0.5097351,0.4863129,-14.59905,-4.594833,-16.92196,251.1759,250.4649,25,1.519194,-0.6366004,2.134745,1.867688,-2.371686,-0.08859082,1.654359,-0.5564252,2.169273,0.01790793,-0.5744827,-0.2504386,3
2014-02-24 18:46:38.826,4117,411.7,43.62712,3.956995,16.78537,13.31176,328.8119,9,10,1393263991,-0.7841492,-0.5106354,0.5865326,-14.37991,-3.833725,-18.97109,251.4533,250.7423,25,1.086698,-0.742606,1.766789,1.847836,-2.398622,-0.1820901,1.289029,-0.7122738,2.024166,-0.04240808,-0.6759891,-0.2091347,3
2014-02-24 18:46:38.915,4118,411.8,43.62712,3.956995,16.78537,13.31176,328.8119,9,10,1393263991,-0.7891388,-0.5095825,0.5796509,-13.6677,-3.888086,-16.86504,255.2064,254.4954,25,0.7413977,-0.7234048,1.096959,1.825504,-2.431382,-0.2539133,0.8926141,-0.7562071,1.445964,-0.1570587,-0.7627599,-0.1493647,3
2014-02-24 18:46:39.061,4119,411.9,43.62712,3.956995,16.78537,13.31176,328.8119,9,10,1393263991,-0.7285156,-0.4654388,0.5263672,-13.55813,-4.6492,-17.77576,254.0184,253.3074,25,0.4151884,-0.2700493,0.1309729,1.811811,-2.46077,-0.2981849,0.5011671,-0.5636415,0.6731138,-0.1665776,-0.7968374,-0.1619541,3
2014-02-24 18:46:39.181,4120,412,43.62712,3.956995,16.78537,13.31176,328.8119,9,10,1393263991,-0.7373047,-0.52211,0.5266876,-14.76341,-4.866663,-18.00344,252.3045,251.5935,25,0.6781151,-0.02002484,-0.4648801,1.811665,-2.468105,-0.3082632,0.3993822,-0.2797259,0.1309091,-0.1342003,-0.7688431,-0.2184383,3
2014-02-24 18:46:39.295,4121,412.1,43.62712,3.956995,16.78537,13.31176,328.8119,9,10,1393263991,-0.7186127,-0.5035858,0.5248108,-15.31125,-4.757931,-17.88961,252.6269,251.9159,25,0.8102063,0.2349686,-1.164099,1.822066,-2.467298,-0.3132755,0.662309,-0.02970137,-0.4649439,-0.1433453,-0.8302864,-0.2164406,3
2014-02-24 18:46:39.517,4122,412.2,43.62712,3.956995,16.78537,13.31176,328.8119,9,10,1393263991,-0.671463,-0.4860535,0.4716034,-15.1469,-4.594833,-18.40189,253.8875,253.1765,25,0.5544395,0.4995933,-1.986794,1.845181,-2.45771,-0.3142093,0.7944002,0.2252921,-1.164162,-0.1265266,-0.8273293,-0.2016076,3
2014-02-24 18:46:39.622,4123,412.3,43.62712,3.956995,16.78537,13.31176,328.8119,9,10,1393263991,-0.6887054,-0.4767303,0.4664459,-14.59905,-4.812297,-19.19877,254.4797,253.7687,25,0.1380948,0.6742301,-2.568493,1.87863,-2.440469,-0.3037346,0.5386335,0.4899169,-1.986858,-0.1062068,-0.7956527,-0.2092742,3
2014-02-24 18:46:39.746,4124,412.4,43.62712,3.956995,16.78537,13.31176,328.8119,9,10,1393263991,-0.7631378,-0.4847107,0.5124664,-14.37991,-4.594837,-19.54029,255.781,255.07,25,-0.2459179,0.7685654,-2.875764,1.917221,-2.418328,-0.2789423,0.1222888,0.6645537,-2.568557,-0.03145542,-0.7524509,-0.2403262,3
2014-02-24 18:46:39.851,4125,412.5,43.62712,3.956995,16.78537,13.31176,328.8119,9,10,1393263991,-0.8563538,-0.5169525,0.5945282,-14.32512,-4.866663,-20.05257,255.6316,254.9206,25,-0.5237263,0.7333142,-2.906244,1.955388,-2.394862,-0.2424047,-0.2617238,0.758889,-2.875828,-0.02932108,-0.7167681,-0.2460105,3
2014-02-24 18:46:39.968,4126,412.6,43.62723,3.956908,16.93374,13.5329,328.3436,9,10,1393263992,-0.9832916,-0.582962,0.7271729,-15.69475,-5.138487,-17.49116,251.448,250.737,25,-0.7831616,0.6100665,-2.760895,1.989955,-2.373389,-0.1991771,-0.5395322,0.7236378,-2.906308,-0.08203073,-0.6825735,-0.1924757,3
2014-02-24 18:46:40.081,4127,412.7,43.62723,3.956908,16.93374,13.5329,328.3436,9,10,1393263992,-1.072968,-0.6352692,0.9391632,-16.46175,-5.790867,-18.62957,251.0101,250.2991,25,-1.157421,0.4410331,-2.561065,2.018797,-2.356151,-0.1530296,-0.7989674,0.6003902,-2.760958,-0.1574797,-0.6693856,-0.1042845,3
2014-02-24 18:46:40.170,4128,412.8,43.62723,3.956908,16.93374,13.5329,328.3436,9,10,1393263992,-1.03215,-0.4630127,1.157791,-16.79045,-5.899597,-18.28805,250.4319,249.7209,25,-1.889022,0.4010545,-2.320177,2.039944,-2.344322,-0.1047682,-1.173226,0.4313568,-2.561129,-0.2717631,-0.6875387,0.03234133,3
2014-02-24 18:46:40.302,4129,412.9,43.62723,3.956908,16.93374,13.5329,328.3436,9,10,1393263992,-1.03215,-0.4630127,1.157791,-17.22874,-6.008331,-19.19877,251.2178,250.5069,25,-2.901227,0.5910329,-2.108864,2.043665,-2.327105,0.01021943,-2.917033,0.5813567,-2.108928,-0.3111463,-0.583195,0.3564128,3
2014-02-24 18:46:40.546,4130,413,43.62723,3.956908,16.93374,13.5329,328.3436,9,10,1393263992,-0.8752899,-0.2773743,1.102661,-15.91389,-6.660713,-18.17421,251.7407,251.0297,25,-3.734769,0.8512059,-1.937579,2.021943,-2.31231,0.0815847,-3.750574,0.8415298,-1.937643,-0.2220222,-0.3205596,0.4557932,3
2014-02-24 18:46:40.668,4131,413.1,43.62723,3.956908,16.93374,13.5329,328.3436,9,10,1393263992,-0.7005615,-0.06556702,0.9967957,-17.11917,-7.421825,-18.17421,251.222,250.511,25,-4.091287,0.9739529,-1.693503,1.988232,-2.2908,0.1563533,-4.107092,0.9642767,-1.693567,-0.1326571,-0.1216572,0.4513173,3
2014-02-24 18:46:40.779,4132,413.2,43.62723,3.956908,16.93374,13.5329,328.3436,9,10,1393263992,-0.58992,0.09669495,0.879837,-17.39309,-6.280157,-18.68649,254.1952,253.4842,25,-3.761353,0.9469839,-1.556336,1.950928,-2.265796,0.2265334,-3.777158,0.9373078,-1.556399,0.04786926,0.1590339,0.3727718,3
2014-02-24 18:46:40.879,4133,413.3,43.62723,3.956908,16.93374,13.5329,328.3436,9,10,1393263992,-0.6251068,0.1296997,0.7806702,-18.32444,-6.334524,-18.17421,253.9629,253.2519,25,-3.053891,0.8731874,-1.686073,1.920961,-2.243181,0.2875011,-3.069695,0.8635101,-1.686134,0.1603075,0.3802517,0.282548,3
2014-02-24 18:46:40.979,4134,413.4,43.62734,3.956813,17.51104,13.47538,327.6677,9,10,1393263993,-0.5843964,0.09208679,0.6770477,-17.77659,-6.117062,-18.74341,253.9919,253.2809,25,-2.331083,0.8679146,-2.049781,1.903513,-2.221515,0.3457543,-2.346887,0.8582373,-2.049841,0.1610533,0.4722072,0.2745883,3
2014-02-24 18:46:41.084,4135,413.5,43.62734,3.956813,17.51104,13.47538,327.6677,9,10,1393263993,-0.5876312,0.03283691,0.6091919,-17.61224,-6.932539,-19.14185,253.9498,253.2388,25,-1.552799,1.071345,-2.305893,1.900286,-2.202121,0.3995044,-1.568603,1.061668,-2.305954,0.1725878,0.4981232,0.1870055,3
2014-02-24 18:46:41.189,4136,413.6,43.62734,3.956813,17.51104,13.47538,327.6677,9,10,1393263993,-0.5808411,-0.07443237,0.5544586,-17.28352,-6.280153,-18.80033,254.7575,254.0465,25,-0.7986551,1.218735,-2.45963,1.91108,-2.185219,0.4477597,-0.8144585,1.209057,-2.45969,0.1618179,0.5066624,0.1274078,3
2014-02-24 18:46:41.535,4137,413.7,43.62734,3.956813,17.51104,13.47538,327.6677,9,10,1393263993,-0.5752563,-0.1385498,0.5384216,-16.68088,-7.313099,-17.83269,249.2128,248.5018,25,0.6408098,1.235943,-1.975554,1.962639,-2.161632,0.5270344,0.2618453,1.294788,-2.270703,0.136941,0.42854,0.07299452,3
2014-02-24 18:46:41.657,4138,413.8,43.62734,3.956813,17.51104,13.47538,327.6677,9,10,1393263993,-0.6099091,-0.1792297,0.5987854,-16.07825,-7.041269,-18.45881,249.4325,248.7215,25,0.7184583,1.109704,-1.819899,1.996897,-2.155843,0.5538066,0.6250066,1.226266,-1.975615,0.1338177,0.3873789,0.068727,3
2014-02-24 18:46:41.774,4139,413.9,43.62745,3.956714,14.62362,13.59905,325.7379,9,10,1393263994,-0.6413116,-0.2202454,0.6260376,-17.11916,-6.986904,-17.83269,248.4137,247.7027,25,0.5581538,0.9095614,-1.747926,2.032259,-2.15334,0.5758584,0.7026551,1.100027,-1.81996,0.09048177,0.3653252,0.1373609,3
2014-02-24 18:46:41.883,4140,414,43.62745,3.956714,14.62362,13.59905,325.7379,9,10,1393263994,-0.6736603,-0.2642059,0.6523285,-16.95481,-7.041269,-17.32041,248.0189,247.3079,25,0.2365127,0.6585034,-1.651198,2.065563,-2.153411,0.5971464,0.5423506,0.8998843,-1.747987,0.06483358,0.36653,0.1544596,3
2014-02-24 18:46:41.965,4141,414.1,43.62745,3.956714,14.62362,13.59905,325.7379,9,10,1393263994,-0.7251892,-0.2978973,0.6646576,-17.55745,-6.986906,-16.4666,247.3539,246.6429,25,-0.2148186,0.3593797,-1.487206,2.093436,-2.155486,0.619808,0.2207096,0.6488263,-1.651259,0.02690206,0.3330456,0.1924495,3
2014-02-24 18:46:42.084,4142,414.2,43.62745,3.956714,14.62362,13.59905,325.7379,9,10,1393263994,-0.896759,-0.240509,0.7549133,-17.72181,-7.041269,-17.09272,248.0614,247.3504,25,-0.6199692,-0.009006012,-1.24115,2.11212,-2.157805,0.6445178,-0.2306216,0.3497027,-1.487266,-0.03996316,0.319502,0.2288401,3
2014-02-24 18:46:42.209,4143,414.3,43.62745,3.956714,14.62362,13.59905,325.7379,9,10,1393263994,-0.9693756,-0.1975861,0.8093414,-17.61224,-7.476192,-17.09272,246.4922,245.7812,25,-1.022865,-0.273023,-0.9855329,2.119934,-2.160562,0.6702835,-0.6357722,-0.01868297,-1.241211,-0.07392392,0.3233109,0.2288206,3
2014-02-24 18:46:42.529,4144,414.4,43.62745,3.956714,14.62362,13.59905,325.7379,9,10,1393263994,-1.067688,-0.1095581,0.9489899,-16.40696,-8.563496,-16.97888,244.5909,243.8799,25,-1.303786,-0.5825881,-0.5898726,2.116757,-2.161964,0.6962513,-1.038668,-0.2826999,-0.9855937,-0.2597173,0.400837,0.3273001,3
2014-02-24 18:46:42.722,4145,414.5,43.62745,3.956714,14.62362,13.59905,325.7379,9,10,1393263994,-1.067688,-0.1095581,0.9489899,-17.28352,-8.346035,-14.47439,243.5215,242.8105,25,-1.49995,-0.7882587,-0.03956232,2.074423,-2.156132,0.7398093,-1.515753,-0.7979355,-0.0396232,-0.3831847,0.5204911,0.4513306,3
2014-02-24 18:46:42.888,4146,414.6,43.62754,3.956611,17.66171,13.7372,323.4345,9,5,1393263995,-1.31105,-0.09197998,1.241562,-17.7218,-8.889685,-15.6128,243.204,242.493,25,-0.6820438,-1.125097,1.276077,2.004317,-2.146449,0.7419112,-0.6978465,-1.134774,1.276016,-0.6643879,0.5477379,0.7823172,3
2014-02-24 18:46:43.112,4147,414.7,43.62754,3.956611,17.66171,13.7372,323.4345,9,5,1393263995,-0.9501801,-0.4606781,0.7685852,-18.05052,-8.237307,-17.43424,250.2655,249.5545,25,1.010859,-0.3047924,0.8843029,1.943744,-2.143131,0.6955165,0.01216015,-0.1854133,0.676459,-0.3843465,0.639897,0.6420503,3
2014-02-24 18:46:43.432,4148,414.8,43.62754,3.956611,17.66171,13.7372,323.4345,9,5,1393263995,-1.220016,-0.6696625,0.9728088,-17.06438,-9.650801,-15.72664,243.1142,242.4032,25,2.641103,-0.8677258,2.058621,1.96269,-2.16742,0.6412743,2.092036,-0.5621376,1.457942,-0.2275179,0.3387261,0.3185367,3
2014-02-24 18:46:43.585,4149,414.9,43.62754,3.956611,17.66171,13.7372,323.4345,9,5,1393263995,-1.220016,-0.6696625,0.9728088,-17.44787,-9.92263,-16.69428,244.4049,243.6939,25,2.228819,-1.076714,2.401594,1.998127,-2.220169,0.5252924,2.213016,-1.08639,2.401533,-0.5465747,-0.1428516,0.4551407,3
2014-02-24 18:46:43.810,4150,415,43.62754,3.956611,17.66171,13.7372,323.4345,9,5,1393263995,-0.945755,-0.4495239,0.6739502,-17.50266,-9.650801,-16.29584,244.7805,244.0695,25,0.5269669,-1.502881,2.622854,1.971675,-2.257237,0.4232008,0.5111647,-1.512558,2.622793,-0.390283,-0.2490175,0.2256229,3
2014-02-24 18:46:44.032,4151,415.1,43.62763,3.95648,15.18428,13.48196,320.5542,9,5,1393263996,-0.8582306,-0.3316193,0.4165955,-17.50266,-9.976994,-15.27128,242.8392,242.1282,25,-0.4419154,-1.569797,2.841783,1.898371,-2.294822,0.3485765,-0.4577174,-1.579474,2.841722,-0.2158765,-0.008628903,0.06850154,3
2014-02-24 18:46:44.121,4152,415.2,43.62763,3.95648,15.18428,13.48196,320.5542,9,5,1393263996,-0.7745514,-0.1952362,0.3609772,-17.66702,-9.596437,-15.3282,242.7885,242.0775,25,-0.3744724,-1.526028,2.864293,1.854394,-2.310273,0.3150767,-0.3902744,-1.535705,2.864232,-0.1667966,-0.04396188,-0.157756,3
2014-02-24 18:46:44.248,4153,415.3,43.62763,3.95648,15.18428,13.48196,320.5542,9,5,1393263996,-0.6723175,-0.1211395,0.4376984,-17.44788,-9.270245,-16.01123,242.7342,242.0232,25,0.1981733,-1.329464,3.082554,1.813995,-2.325263,0.2749366,0.1823713,-1.33914,3.082493,-0.01659358,0.08531343,-0.2498291,3
2014-02-24 18:46:44.482,4154,415.4,43.62763,3.95648,15.18428,13.48196,320.5542,9,5,1393263996,-0.6487579,-0.1250763,0.381424,-18.8175,-9.97699,-14.36056,235.0721,234.3611,25,0.8967162,-1.066729,3.091392,1.781752,-2.339906,0.2241881,0.8809143,-1.076405,3.091331,-0.02674619,0.09041785,-0.2409573,3
2014-02-24 18:46:44.594,4155,415.5,43.62763,3.95648,15.18428,13.48196,320.5542,9,5,1393263996,-0.6487579,-0.1250763,0.381424,-18.43401,-9.705166,-14.75899,235.2587,234.5477,25,1.860812,-0.8199865,2.82843,1.757495,-2.352265,0.1692881,1.322161,-0.7737263,2.956536,0.02741481,0.04734117,-0.2565559,3
2014-02-24 18:46:44.692,4156,415.6,43.62763,3.95648,15.18428,13.48196,320.5542,9,5,1393263996,-0.6457214,-0.2422638,0.4642487,-18.32444,-8.509129,-14.87283,239.3012,238.5902,25,1.905885,-0.6585968,2.5563,1.740943,-2.366069,0.1090695,1.84501,-0.8296627,2.828369,0.04717224,-0.01622294,-0.3283874,3
2014-02-24 18:46:44.779,4157,415.7,43.62763,3.95648,15.18428,13.48196,320.5542,9,5,1393263996,-0.6637115,-0.3229523,0.4236755,-18.1053,-8.509129,-15.66972,240.4992,239.7882,25,1.95416,-0.5838693,2.35778,1.729898,-2.378923,0.04921198,1.890083,-0.668273,2.556239,0.04429588,-0.1930717,-0.2578706,3
2014-02-24 18:46:44.884,4158,415.8,43.62763,3.95648,15.18428,13.48196,320.5542,9,5,1393263996,-0.6765594,-0.4234161,0.4281464,-17.66702,-8.29167,-15.66972,240.398,239.687,25,1.908702,-0.5900284,2.19786,1.721706,-2.390176,-0.007861459,1.938358,-0.5935454,2.357719,0.01894206,-0.3308136,-0.3070243,3
2014-02-24 18:46:44.987,4159,415.9,43.62763,3.95648,15.18428,13.48196,320.5542,9,5,1393263996,-0.7031555,-0.4955597,0.4410706,-17.0096,-8.074207,-15.10051,239.8541,239.1431,25,1.753027,-0.6812497,2.137427,1.715209,-2.401351,-0.06252845,1.892901,-0.5997045,2.1978,-0.01256629,-0.4348327,-0.3121189,3
2014-02-24 18:46:45.202,4160,416,43.62772,3.956355,19.62074,13.58089,317.5651,9,10,1393263997,-0.7336121,-0.5491791,0.5171814,-18.65315,-8.835325,-14.07595,234.0092,233.2982,25,1.487723,-0.7540362,1.93616,1.699324,-2.429093,-0.1626464,1.602952,-0.748495,2.012289,-0.07177321,-0.6760752,-0.2969136,3
2014-02-24 18:46:45.402,4161,416.1,43.62772,3.956355,19.62074,13.58089,317.5651,9,10,1393263997,-0.7666931,-0.5650787,0.5608063,-19.69407,-8.889688,-14.92975,235.1607,234.4497,25,1.431399,-0.7842578,1.754083,1.68945,-2.444829,-0.2078334,1.471921,-0.7637122,1.9361,-0.07418906,-0.7604939,-0.2698894,3
2014-02-24 18:46:45.562,4162,416.2,43.62772,3.956355,19.62074,13.58089,317.5651,9,10,1393263997,-0.7732391,-0.5859375,0.5579529,-19.25579,-9.32461,-14.4744,233.245,232.534,25,1.281958,-0.7579356,1.361746,1.679862,-2.461728,-0.2502201,1.415598,-0.7939337,1.754022,-0.1245027,-0.7967963,-0.2362584,3
2014-02-24 18:46:45.674,4163,416.3,43.62772,3.956355,19.62074,13.58089,317.5651,9,10,1393263997,-0.7732391,-0.5859375,0.5579529,-18.8175,-9.868263,-14.01904,230.3654,229.6544,25,1.014107,-0.6259137,0.8358515,1.670004,-2.491878,-0.315403,0.9982984,-0.635596,0.8357919,-0.1965347,-0.8801154,-0.1884052,3
2014-02-24 18:46:45.777,4164,416.4,43.62772,3.956355,19.62074,13.58089,317.5651,9,10,1393263997,-0.7564392,-0.6055603,0.5144043,-17.44788,-9.705166,-14.07595,232.462,231.751,25,0.7703175,-0.443435,0.2181936,1.670004,-2.491878,-0.315403,0.9982984,-0.635596,0.8357919,-0.1965347,-0.8801154,-0.1884052,3
2014-02-24 18:46:45.853,4165,416.5,43.62772,3.956355,19.62074,13.58089,317.5651,9,10,1393263997,-0.7564392,-0.6055603,0.5144043,-17.28352,-9.759529,-13.90519,232.7968,232.0858,25,0.5034946,-0.11544,-0.4644529,1.683338,-2.502177,-0.3393527,0.4876859,-0.1251223,-0.4645125,-0.1737393,-0.9329591,-0.2488841,3
2014-02-24 18:46:45.980,4166,416.6,43.62772,3.956355,19.62074,13.58089,317.5651,9,10,1393263997,-0.7285309,-0.6303864,0.4807892,-18.76272,-9.052786,-12.36834,228.9658,228.2548,25,0.3937606,0.268513,-1.103906,1.701857,-2.494061,-0.3362097,0.377952,0.2588307,-1.103965,-0.1794548,-0.9546978,-0.2509672,3
2014-02-24 18:46:46.091,4167,416.7,43.62781,3.956219,20.25369,13.4987,314.4907,9,5,1393263998,-0.7133636,-0.6230164,0.4409332,-19.09143,-8.944056,-13.62059,233.1253,232.4143,25,0.1361083,0.5791297,-1.700658,1.727962,-2.476958,-0.3228744,0.1202998,0.5694475,-1.700718,-0.1436298,-0.9476801,-0.2656794,3
2014-02-24 18:46:46.200,4168,416.8,43.62781,3.956219,20.25369,13.4987,314.4907,9,5,1393263998,-0.6954498,-0.5725098,0.4465942,-17.28352,-9.433338,-14.4744,234.6456,233.9346,25,-0.1567467,0.8686227,-2.353852,1.759428,-2.45295,-0.2970233,-0.1725552,0.8589406,-2.353911,-0.1057007,-0.9156915,-0.2973669,3
2014-02-24 18:46:46.286,4169,416.9,43.62781,3.956219,20.25369,13.4987,314.4907,9,5,1393263998,-0.7597046,-0.5144653,0.5468445,-17.17395,-8.889688,-14.4744,235.5616,234.8506,25,-0.6035005,0.9487959,-2.812918,1.793116,-2.426593,-0.2589977,-0.6193089,0.9391138,-2.812978,-0.0616994,-0.8286216,-0.2833147,3
2014-02-24 18:46:46.546,4170,417,43.62781,3.956219,20.25369,13.4987,314.4907,9,5,1393263998,-0.8488464,-0.5107269,0.6491852,-17.22874,-10.46628,-13.73442,230.8066,230.0956,25,-1.104731,1.022166,-3.077706,1.824009,-2.400139,-0.2086739,-1.12054,1.012484,-3.077765,-0.06322818,-0.7279148,-0.243431,3
2014-02-24 18:46:46.661,4171,417.1,43.62781,3.956219,20.25369,13.4987,314.4907,9,5,1393263998,-0.8488464,-0.5107269,0.6491852,-17.44787,-10.03136,-14.07595,231.8245,231.1135,25,-1.610091,0.8369298,-2.793341,1.849127,-2.376868,-0.1516093,-1.432256,0.9787771,-3.024122,-0.1266541,-0.6739631,-0.1172271,3
2014-02-24 18:46:46.763,4172,417.2,43.62781,3.956219,20.25369,13.4987,314.4907,9,5,1393263998,-1.062805,-0.5907288,0.9233246,-17.88616,-10.24882,-13.50675,229.7955,229.0845,25,-1.610091,0.8369298,-2.793341,1.867254,-2.358052,-0.09318854,-1.625899,0.8272478,-2.793401,-0.1976153,-0.605276,-0.008949555,3
2014-02-24 18:46:46.862,4173,417.3,43.62781,3.956219,20.25369,13.4987,314.4907,9,5,1393263998,-1.062805,-0.5907288,0.9233246,-18.1053,-10.46628,-13.50675,228.1821,227.4711,25,-2.093556,0.6386087,-2.323287,1.879609,-2.343703,-0.03620872,-1.733472,0.6696532,-2.553582,-0.2381525,-0.5686868,0.06742121,3
2014-02-24 18:46:46.944,4174,417.4,43.62781,3.956219,20.25369,13.4987,314.4907,9,5,1393263998,-1.130356,-0.5186157,1.164871,-17.06438,-9.324608,-13.44983,230.7056,229.9946,25,-2.813566,0.7997153,-2.176926,1.884681,-2.331864,0.02097007,-2.109365,0.6289268,-2.323347,-0.3388641,-0.5697602,0.2337815,3
2014-02-24 18:46:47.070,4175,417.5,43.62781,3.956219,20.25369,13.4987,314.4907,9,5,1393263998,-0.9943542,-0.3551941,1.148651,-17.28352,-8.998419,-13.56367,231.8663,231.1553,25,-3.458121,1.043656,-2.09165,1.878392,-2.318075,0.08351711,-2.829374,0.7900335,-2.176986,-0.3993718,-0.4351957,0.4875948,3
2014-02-24 18:46:47.197,4176,417.6,43.62789,3.956079,18.37394,13.50786,312.0323,9,5,1393263999,-0.7999115,-0.177597,1.060852,-17.50266,-9.976994,-13.44983,228.0123,227.3013,25,-3.643522,1.226433,-2.01779,1.859836,-2.298131,0.153633,-3.473929,1.033974,-2.091709,-0.3370898,-0.2690745,0.5048305,3
2014-02-24 18:46:47.281,4177,417.7,43.62789,3.956079,18.37394,13.50786,312.0323,9,5,1393263999,-0.6652222,0.04075623,0.9125519,-16.84524,-9.759529,-13.33599,228.2604,227.5494,25,-3.311446,1.281223,-2.005749,1.833364,-2.271524,0.226655,-3.65933,1.216751,-2.017849,-0.1650586,-0.03483267,0.485532,3
2014-02-24 18:46:47.546,4178,417.8,43.62789,3.956079,18.37394,13.50786,312.0323,9,5,1393263999,-0.5797424,0.1646423,0.7868042,-17.72181,-8.998419,-12.88063,227.8438,227.1328,25,-2.630653,1.289466,-2.197546,1.80568,-2.240954,0.2965527,-3.327253,1.271541,-2.005809,0.01783939,0.2322275,0.3838613,3
2014-02-24 18:46:47.663,4179,417.9,43.62789,3.956079,18.37394,13.50786,312.0323,9,5,1393263999,-0.5049744,0.1371002,0.6600952,-17.17395,-9.107149,-12.76678,224.6372,223.9262,25,-1.829665,1.347622,-2.500119,1.785426,-2.210637,0.3609248,-2.646461,1.279784,-2.197605,0.1353174,0.4671075,0.2857154,3
2014-02-24 18:46:47.755,4180,418,43.62789,3.956079,18.37394,13.50786,312.0323,9,5,1393263999,-0.5087738,0.06568909,0.5708313,-16.62609,-8.998419,-13.79136,225.1122,224.4012,25,-1.068507,1.463652,-2.755543,1.778492,-2.183644,0.420449,-1.845473,1.33794,-2.500179,0.1670269,0.5728127,0.2617017,3
2014-02-24 18:46:47.869,4181,418.1,43.62789,3.956079,18.37394,13.50786,312.0323,9,5,1393263999,-0.4702606,-0.02137756,0.5095062,-17.55745,-9.922626,-12.14067,224.9946,224.2836,25,-0.4528103,1.490598,-2.813239,1.786699,-2.161228,0.4757308,-1.084314,1.45397,-2.755602,0.2334836,0.5950884,0.1651945,3
2014-02-24 18:46:47.995,4182,418.2,43.62789,3.956079,18.37394,13.50786,312.0323,9,5,1393263999,-0.4900208,-0.1188812,0.4875641,-18.37922,-9.324608,-12.42527,224.791,224.08,25,0.01593689,1.469457,-2.647815,1.80752,-2.143978,0.5261974,-0.468618,1.480917,-2.813299,0.2177489,0.5679379,0.1018847,3
2014-02-24 18:46:48.111,4183,418.3,43.62796,3.955945,20.66643,13.34653,310.0043,9,5,1393264000,-0.4900208,-0.1188812,0.4875641,-17.61223,-9.54207,-13.22215,224.7426,224.0316,25,0.4194716,1.221477,-2.296624,1.870213,-2.125366,0.606845,0.403664,1.211795,-2.296684,0.2448773,0.4726224,0.06991401,3
2014-02-24 18:46:48.364,4184,418.4,43.62796,3.955945,20.66643,13.34653,310.0043,9,5,1393264000,-0.7250366,-0.3048706,0.6647186,-17.33831,-10.57501,-12.70987,222.1345,221.4235,25,0.8565472,0.5865165,-1.469746,1.941115,-2.134697,0.650216,0.8407397,0.576835,-1.469806,0.0786961,0.3556331,0.1340672,3
2014-02-24 18:46:48.538,4185,418.5,43.62796,3.955945,20.66643,13.34653,310.0043,9,5,1393264000,-0.8600922,-0.3618774,0.778656,-18.59836,-10.08572,-12.42526,222.1323,221.4213,25,0.6940254,0.2288396,-1.251965,1.973047,-2.147931,0.6629431,0.6782179,0.2191581,-1.252024,-0.06451473,0.3105686,0.2346658,3
2014-02-24 18:46:48.651,4186,418.6,43.62796,3.955945,20.66643,13.34653,310.0043,9,5,1393264000,-0.916748,-0.3894806,0.7859955,-19.201,-10.03136,-11.91298,219.66,218.949,25,0.01568682,0.08575033,-1.342721,1.995762,-2.159797,0.6801706,-0.0001204735,0.07606892,-1.342781,-0.2136326,0.2670482,0.3467504,3
2014-02-24 18:46:48.778,4187,418.7,43.62796,3.955945,20.66643,13.34653,310.0043,9,5,1393264000,-1.035553,-0.3865356,0.8265381,-18.48879,-10.30318,-11.85606,218.7599,218.0489,25,-0.7776423,0.009110941,-1.375402,2.004059,-2.164494,0.706732,-0.7934495,-0.0005704415,-1.375462,-0.258671,0.2713307,0.37641,3
2014-02-24 18:46:48.881,4188,418.8,43.62796,3.955945,20.66643,13.34653,310.0043,9,5,1393264000,-1.123901,-0.3299255,0.931427,-16.46175,-10.03136,-12.36834,223.2166,222.5056,25,-1.246745,-0.1469753,-1.166053,1.99892,-2.163492,0.737034,-1.262552,-0.1566567,-1.166112,-0.3942986,0.2976287,0.3741425,3
2014-02-24 18:46:48.967,4189,418.9,43.62796,3.955945,20.66643,13.34653,310.0043,9,5,1393264000,-1.225571,-0.1946411,0.9711914,-15.74953,-10.08573,-11.4007,219.6576,218.9466,25,-1.388828,-0.4054538,-0.7519614,1.98265,-2.158147,0.7661063,-1.404635,-0.415135,-0.752021,-0.463414,0.3275204,0.4452697,3
2014-02-24 18:46:49.089,4190,419,43.62804,3.9558,14.99643,13.44804,308.3396,9,5,1393264001,-1.225571,-0.1946411,0.9711914,-16.95481,-11.28176,-11.62838,216.639,215.928,25,-1.092696,-0.646652,0.5530403,1.958369,-2.149949,0.7849408,-1.293193,-0.4666416,-0.07004537,-0.578053,0.4550743,0.5889788,3
2014-02-24 18:46:49.221,4191,419.1,43.62804,3.9558,14.99643,13.44804,308.3396,9,5,1393264001,-1.275696,-0.07546997,1.155045,-15.5304,-10.52065,-11.17302,218.213,217.502,25,-0.4246554,-0.5449232,1.010111,1.926821,-2.138274,0.7924026,-1.108503,-0.6563332,0.5529807,-0.6334875,0.5174012,0.5937881,3
2014-02-24 18:46:49.413,4192,419.2,43.62804,3.9558,14.99643,13.44804,308.3396,9,5,1393264001,-1.156296,-0.09655762,1.08931,-14.87297,-10.84684,-12.19758,221.0152,220.3042,25,0.5067186,-0.3597422,1.302315,1.898994,-2.129786,0.7857858,-0.4404624,-0.5546044,1.010051,-0.6764494,0.6319109,0.7801898,3
2014-02-24 18:46:49.586,4193,419.3,43.62804,3.9558,14.99643,13.44804,308.3396,9,5,1393264001,-1.252975,-0.08338928,1.233398,-14.32512,-9.868259,-12.76678,225.8547,225.1437,25,1.364425,-0.2048796,1.275023,1.885292,-2.128236,0.7658805,0.4909117,-0.3694233,1.302256,-0.5446395,0.5966142,0.7080102,3
2014-02-24 18:46:49.694,4194,419.4,43.62804,3.9558,14.99643,13.44804,308.3396,9,5,1393264001,-1.015793,-0.1474457,1.112762,-14.16077,-10.9012,-13.16523,224.6605,223.9495,25,1.153621,0.4672135,0.7643486,1.890363,-2.137307,0.7333962,1.348618,-0.2145608,1.274963,-0.589125,0.5755244,0.7435014,3
2014-02-24 18:46:49.811,4195,419.5,43.62804,3.9558,14.99643,13.44804,308.3396,9,5,1393264001,-0.8360138,-0.2481689,0.8502808,-13.88684,-11.17303,-12.19758,221.3555,220.6445,25,1.00183,0.7448829,0.6241001,1.904263,-2.142611,0.7058253,1.137814,0.4575325,0.7642889,-0.4969735,0.5436817,0.8142567,3
2014-02-24 18:46:49.984,4196,419.6,43.62804,3.9558,14.99643,13.44804,308.3396,9,5,1393264001,-0.8845062,-0.4742737,0.7518921,-14.37991,-11.55359,-11.22994,217.3796,216.6686,25,2.004786,-0.1311463,1.659368,1.929655,-2.134814,0.6609359,1.38172,0.5113821,1.027709,-0.1688653,0.365687,0.4282692,3
2014-02-24 18:46:50.201,4197,419.7,43.62811,3.955665,16.20848,13.36004,307.0094,9,5,1393264002,-1.073471,-0.6328583,0.8620605,-13.83206,-11.00993,-12.25451,220.8168,220.1058,25,1.662673,-1.42624,2.467607,1.966451,-2.18634,0.5110118,1.646867,-1.435921,2.467548,-0.3391277,-0.09561098,0.3300552,3
2014-02-24 18:46:50.514,4198,419.8,43.62811,3.955665,16.20848,13.36004,307.0094,9,5,1393264002,-1.01236,-0.4955597,0.583786,-14.43469,-10.52064,-12.53911,221.9866,221.2756,25,0.04205424,-2.232093,2.896301,1.919906,-2.23569,0.4166374,0.02624789,-2.241774,2.896241,-0.3559167,-0.2173367,0.1309792,3
2014-02-24 18:46:50.714,4199,419.9,43.62811,3.955665,16.20848,13.36004,307.0094,9,5,1393264002,-0.8352051,-0.1983337,0.4334564,-12.73635,-10.46628,-12.59602,221.8499,221.1389,25,-0.195716,-2.079529,3.211613,1.785829,-2.317813,0.2889698,-0.2115247,-2.089202,3.211552,-0.1458233,0.01653222,-0.1589564,3
2014-02-24 18:46:50.932,4200,420,43.62811,3.955665,16.20848,13.36004,307.0094,9,5,1393264002,-0.6866608,-0.1352234,0.3790894,-14.27034,-10.46628,-11.1161,216.2989,215.5879,25,0.8196248,-1.27944,3.070439,1.708568,-2.35882,0.194189,0.8038141,-1.289109,3.070377,-0.08600748,0.04412132,-0.2765224,3
2014-02-24 18:46:51.051,4201,420.1,43.62811,3.955665,16.20848,13.36004,307.0094,9,5,1393264002,-0.6866608,-0.1352234,0.3790894,-15.09212,-9.54207,-11.85606,216.4394,215.7284,25,2.084304,-0.6232564,2.551804,1.685094,-2.373645,0.1402838,1.45121,-0.8564315,2.835405,0.03003001,0.01691458,-0.3358369,3
2014-02-24 18:46:51.144,4202,420.2,43.62811,3.955665,16.20848,13.36004,307.0094,9,5,1393264002,-0.6331787,-0.2996521,0.4316559,-14.92776,-10.14009,-12.93755,220.6305,219.9195,25,2.084304,-0.6232564,2.551804,1.673371,-2.385515,0.08089549,2.068493,-0.6329249,2.551742,0.019828,-0.08961812,-0.3172402,3
2014-02-24 18:46:51.245,4203,420.3,43.62818,3.955529,16.7797,13.19008,306.1799,9,5,1393264003,-0.6331787,-0.2996521,0.4316559,-17.50266,-9.976994,-13.33599,221.4454,220.7344,25,2.320602,-0.2571924,2.035507,1.669299,-2.393713,0.02068026,2.241642,-0.3698972,2.251695,0.006493469,-0.1862151,-0.2927141,3
2014-02-24 18:46:51.386,4204,420.4,43.62818,3.955529,16.7797,13.19008,306.1799,9,5,1393264003,-0.6745148,-0.3990784,0.4884796,-17.77659,-9.487701,-13.05139,221.023,220.312,25,2.137606,-0.2001576,1.831418,1.668839,-2.399364,-0.03707201,2.304792,-0.2668608,2.035445,0.04228895,-0.3367156,-0.3048017,3
2014-02-24 18:46:51.566,4205,420.5,43.62818,3.955529,16.7797,13.19008,306.1799,9,5,1393264003,-0.692276,-0.5024567,0.4860992,-18.21487,-9.487705,-11.79914,216.9465,216.2355,25,1.910489,-0.2658202,1.775914,1.670537,-2.403704,-0.09110374,2.121795,-0.209826,1.831356,-0.004577271,-0.4900561,-0.2483425,3
2014-02-24 18:46:51.666,4206,420.6,43.62818,3.955529,16.7797,13.19008,306.1799,9,5,1393264003,-0.72052,-0.5466003,0.5036621,-17.11917,-9.922626,-11.45762,215.8582,215.1472,25,1.662115,-0.3913129,1.771234,1.670507,-2.408149,-0.1410915,1.894671,-0.2754954,1.775853,-0.003754341,-0.6228016,-0.2628961,3
2014-02-24 18:46:51.751,4207,420.7,43.62818,3.955529,16.7797,13.19008,306.1799,9,5,1393264003,-0.7371521,-0.579834,0.5456543,-15.47561,-10.35755,-12.02682,217.5221,216.8111,25,1.427878,-0.5365332,1.695323,1.667405,-2.415153,-0.1870942,1.646298,-0.400988,1.771173,-0.03320073,-0.7104797,-0.2393663,3
2014-02-24 18:46:51.874,4208,420.8,43.62818,3.955529,16.7797,13.19008,306.1799,9,5,1393264003,-0.7655334,-0.5730896,0.5638123,-15.74953,-10.84684,-12.65294,218.8679,218.1569,25,1.16896,-0.6151612,1.46602,1.661609,-2.42554,-0.2292545,1.412061,-0.5462083,1.695262,-0.09098741,-0.7964044,-0.2085113,3
2014-02-24 18:46:51.982,4209,420.9,43.62818,3.955529,16.7797,13.19008,306.1799,9,5,1393264003,-0.7583618,-0.5245667,0.5313416,-15.63997,-10.52065,-12.08374,218.8606,218.1496,25,0.8470879,-0.6296307,1.099406,1.654432,-2.438346,-0.2660899,1.153143,-0.6248363,1.465959,-0.1314942,-0.8363253,-0.1817189,3
2014-02-24 18:46:52.071,4210,421,43.62818,3.955529,16.7797,13.19008,306.1799,9,5,1393264003,-0.7424622,-0.4730682,0.5321045,-15.58518,-9.378975,-12.02682,221.142,220.431,25,0.6436101,-0.5517535,0.6861035,1.647803,-2.452062,-0.2943634,0.8312706,-0.6393057,1.099345,-0.1567222,-0.8632203,-0.1745461,3
2014-02-24 18:46:52.195,4211,421.1,43.62818,3.955529,16.7797,13.19008,306.1799,9,5,1393264003,-0.7655182,-0.5194244,0.5331879,-16.84524,-9.759533,-11.74222,219.3787,218.6677,25,0.5081913,-0.4125963,0.216548,1.643564,-2.464444,-0.3143208,0.6277929,-0.5614284,0.6860428,-0.1624864,-0.8337373,-0.2098372,3
2014-02-24 18:46:52.282,4212,421.2,43.62825,3.955403,17.10718,13.18012,305.4585,9,5,1393264004,-0.77005,-0.5432281,0.5411072,-17.11917,-10.14009,-11.91298,218.8187,218.1077,25,0.4525182,-0.1096546,-0.4004785,1.643942,-2.473433,-0.3267274,0.4923742,-0.4222713,0.2164874,-0.1556948,-0.7940136,-0.2113323,3
2014-02-24 18:46:52.546,4213,421.3,43.62825,3.955403,17.10718,13.18012,305.4585,9,5,1393264004,-0.7790222,-0.5450439,0.5390625,-18.37922,-9.759537,-11.51454,217.4425,216.7315,25,0.5526968,0.2299967,-0.9706149,1.651842,-2.475119,-0.3311633,0.4367011,-0.1193295,-0.4005391,-0.1706375,-0.8069395,-0.2180762,3
2014-02-24 18:46:52.650,4214,421.4,43.62825,3.955403,17.10718,13.18012,305.4585,9,5,1393264004,-0.7442627,-0.5210419,0.5129547,-17.22874,-9.378975,-11.91298,217.6852,216.9742,25,0.3458725,0.523652,-1.611292,1.669695,-2.467649,-0.3298202,0.5368797,0.2203218,-0.9706755,-0.1655307,-0.8654684,-0.2087183,3
2014-02-24 18:46:52.754,4215,421.5,43.62825,3.955403,17.10718,13.18012,305.4585,9,5,1393264004,-0.7442627,-0.5210419,0.5129547,-17.17395,-9.107151,-12.31142,217.8107,217.0997,25,-0.08054731,0.8252289,-2.183769,1.726537,-2.428822,-0.2970887,-0.09636419,0.8155541,-2.18383,-0.08473636,-0.8195168,-0.20806,3
2014-02-24 18:46:52.853,4216,421.6,43.62825,3.955403,17.10718,13.18012,305.4585,9,5,1393264004,-0.779953,-0.5128632,0.5680695,-15.63997,-10.08572,-11.85606,219.8553,219.1443,25,-0.6239054,0.9913092,-2.578908,1.756328,-2.402978,-0.2606917,-0.6397223,0.9816344,-2.578968,-0.09374689,-0.7787908,-0.2014644,3
2014-02-24 18:46:52.935,4217,421.7,43.62825,3.955403,17.10718,13.18012,305.4585,9,5,1393264004,-0.8804932,-0.5397949,0.6734314,-18.32444,-8.835318,-12.48219,223.102,222.391,25,-1.055693,1.029673,-2.752357,1.782127,-2.377941,-0.213814,-1.07151,1.019998,-2.752418,-0.1041369,-0.7250518,-0.1377978,3
2014-02-24 18:46:53.075,4218,421.8,43.62831,3.955275,15.92968,13.09639,304.8196,9,5,1393264005,-0.9779816,-0.5735931,0.7964172,-17.99573,-8.835318,-12.8237,224.1036,223.3926,25,-1.321015,0.8993269,-2.638669,1.802197,-2.356485,-0.1621638,-1.336832,0.8896521,-2.63873,-0.1828659,-0.7012489,-0.02460072,3
2014-02-24 18:46:53.179,4219,421.9,43.62831,3.955275,15.92968,13.09639,304.8196,9,5,1393264005,-1.070221,-0.5784607,0.9407196,-16.79045,-9.161512,-13.16523,224.8419,224.1309,25,-1.621977,0.7438347,-2.37492,1.814408,-2.339902,-0.1094474,-1.637794,0.7341601,-2.374981,-0.2106167,-0.6604986,0.04896397,3
2014-02-24 18:46:53.272,4220,422,43.62831,3.955275,15.92968,13.09639,304.8196,9,5,1393264005,-1.034271,-0.4267731,1.058014,-16.73567,-10.08573,-12.65295,220.872,220.161,25,-2.117581,0.6436656,-2.092466,1.816849,-2.327323,-0.05507054,-2.133398,0.6339909,-2.092526,-0.306379,-0.6407971,0.1943866,3
2014-02-24 18:46:53.547,4221,422.1,43.62831,3.955275,15.92968,13.09639,304.8196,9,5,1393264005,-1.034271,-0.4267731,1.058014,-16.95481,-9.759529,-12.88063,221.7994,221.0884,25,-3.490376,0.9272211,-1.737718,1.806777,-2.31509,0.004474094,-2.852392,0.7024896,-1.905365,-0.3412536,-0.4903074,0.3630359,3
2014-02-24 18:46:53.646,4222,422.2,43.62831,3.955275,15.92968,13.09639,304.8196,9,5,1393264005,-0.7328949,-0.1213074,0.9158936,-16.18782,-9.759533,-11.62838,218.6479,217.937,25,-3.490376,0.9272211,-1.737718,1.783965,-2.29872,0.07041813,-3.506192,0.9175465,-1.737779,-0.2174205,-0.2983229,0.3723081,3
2014-02-24 18:46:53.745,4223,422.3,43.62831,3.955275,15.92968,13.09639,304.8196,9,5,1393264005,-0.7328949,-0.1213074,0.9158936,-18.1053,-10.35755,-12.25451,216.9251,216.2141,25,-3.5223,1.294905,-1.650111,1.751902,-2.276019,0.1388775,-3.779385,1.111387,-1.613253,-0.1576224,-0.1407739,0.3705346,3
2014-02-24 18:46:53.849,4224,422.4,43.62831,3.955275,15.92968,13.09639,304.8196,9,5,1393264005,-0.6012421,-0.001358032,0.8004456,-17.94094,-10.62937,-12.99446,217.6691,216.9581,25,-2.954773,1.433651,-1.854826,1.717861,-2.247254,0.2057065,-3.538117,1.28523,-1.650171,0.03045957,0.08295146,0.3030573,3
2014-02-24 18:46:53.936,4225,422.5,43.62831,3.955275,15.92968,13.09639,304.8196,9,5,1393264005,-0.5042572,0.1080627,0.6495819,-17.50266,-10.52065,-12.88063,218.6381,217.9271,25,-2.18226,1.529116,-2.141614,1.702784,-2.266994,0.2270701,-2.970539,1.423938,-1.854809,0.1463478,0.2237658,0.1756026,3
2014-02-24 18:46:54.076,4226,422.6,43.62831,3.955275,15.92968,13.09639,304.8196,9,5,1393264005,-0.4727325,0.065979,0.5849152,-17.7218,-9.759533,-12.08375,217.9601,217.2491,25,-1.33953,1.577499,-2.430787,1.690036,-2.236093,0.2857236,-2.198026,1.519403,-2.141597,0.1979838,0.3309698,0.1576118,3
2014-02-24 18:46:54.155,4227,422.7,43.62831,3.955275,15.92968,13.09639,304.8196,9,5,1393264005,-0.4597473,-0.01329041,0.5593109,-17.50266,-9.759533,-12.19759,218.2408,217.5298,25,-0.5837761,1.552456,-2.605115,1.691908,-2.207846,0.3389875,-1.355296,1.567786,-2.43077,0.2803097,0.4318671,0.06751808,3
2014-02-24 18:46:54.290,4228,422.8,43.62831,3.955275,15.92968,13.09639,304.8196,9,5,1393264005,-0.4736633,-0.09220886,0.5021973,-16.6261,-8.998419,-12.31142,221.416,220.705,25,-0.03144607,1.485554,-2.573348,1.707719,-2.184532,0.3871315,-0.599542,1.542743,-2.605098,0.3004456,0.3971871,0.04044148,3
2014-02-24 18:46:54.514,4229,422.9,43.62837,3.95514,17.10268,13.10416,304.4378,9,5,1393264006,-0.5157471,-0.179184,0.484787,-17.39309,-10.30319,-12.31143,218.7535,218.0425,25,0.3575547,1.288098,-2.410488,1.73371,-2.166746,0.4293412,-0.04721189,1.475841,-2.573331,0.2927543,0.4029815,0.04895901,3
2014-02-24 18:46:54.705,4230,423,43.62837,3.95514,17.10268,13.10416,304.4378,9,5,1393264006,-0.7655945,-0.3592377,0.6100311,-19.14621,-9.542074,-14.36055,221.6799,220.9689,25,0.6560881,0.8018997,-2.124849,1.801166,-2.150897,0.4960661,0.5928609,1.029033,-2.22614,0.2198412,0.2967855,0.002746665,3
2014-02-24 18:46:54.821,4231,423.1,43.62837,3.95514,17.10268,13.10416,304.4378,9,5,1393264006,-0.8699799,-0.4652863,0.6573792,-18.26965,-9.650805,-13.56367,221.8163,221.1053,25,0.3723421,0.6135644,-2.158583,1.837886,-2.152475,0.5229397,0.6403225,0.7921868,-2.124831,0.0639173,0.2371916,0.0779559,3
2014-02-24 18:46:54.946,4232,423.2,43.62837,3.95514,17.10268,13.10416,304.4378,9,5,1393264006,-0.8699799,-0.4652863,0.6573792,-16.95481,-10.30319,-11.85606,218.2773,217.5663,25,-0.08295507,0.4244104,-2.129437,1.900192,-2.163575,0.5836913,-0.09872057,0.4146976,-2.12942,-0.1127218,0.1449341,0.1544798,3
2014-02-24 18:46:55.051,4233,423.3,43.62837,3.95514,17.10268,13.10416,304.4378,9,5,1393264006,-1.058044,-0.4510651,0.8004303,-16.68088,-10.46628,-11.91298,216.8913,216.1803,25,-0.6658614,0.2939935,-2.002375,1.900192,-2.163575,0.5836913,-0.09872057,0.4146976,-2.12942,-0.1127218,0.1449341,0.1544798,3
2014-02-24 18:46:55.145,4234,423.4,43.62837,3.95514,17.10268,13.10416,304.4378,9,5,1393264006,-1.058044,-0.4510651,0.8004303,-19.03665,-10.52065,-11.28686,216.6491,215.9381,25,-1.335954,0.1492236,-1.74345,1.920811,-2.165134,0.6601419,-1.35172,0.1395109,-1.743432,-0.2935155,0.1132137,0.2788151,3
2014-02-24 18:46:55.245,4235,423.5,43.62843,3.955001,21.85466,13.25286,304.1572,9,5,1393264007,-1.175293,-0.2797852,0.9431458,-18.1053,-10.24882,-13.05138,216.8669,216.1559,25,-1.853444,-0.1403473,-1.312718,1.906854,-2.1565,0.7011042,-1.86921,-0.1500599,-1.312701,-0.421277,0.1939968,0.3780296,3
2014-02-24 18:46:55.406,4236,423.6,43.62843,3.955001,21.85466,13.25286,304.1572,9,5,1393264007,-1.264847,-0.1692505,1.051498,-18.16008,-10.52064,-12.99446,217.3898,216.6788,25,-1.974562,-0.4313818,-0.5954458,1.878111,-2.144626,0.7342456,-1.990328,-0.4410944,-0.5954286,-0.551858,0.3902422,0.5401666,3
2014-02-24 18:46:55.577,4237,423.7,43.62843,3.955001,21.85466,13.25286,304.1572,9,5,1393264007,-1.298874,-0.1246338,1.182465,-17.33831,-10.24882,-12.02682,219.4214,218.7104,25,-1.920804,-0.7336646,0.1060199,1.837492,-2.128924,0.7570317,-1.936569,-0.7433772,0.1060371,-0.6482739,0.5175164,0.6665449,3
2014-02-24 18:46:55.675,4238,423.8,43.62843,3.955001,21.85466,13.25286,304.1572,9,5,1393264007,-1.303986,-0.04243469,1.219849,-17.83138,-10.19445,-11.62838,217.6866,216.9756,25,-1.401338,-0.7996469,0.8530571,1.793944,-2.113881,0.7636428,-1.417103,-0.8093594,0.8530743,-0.6634064,0.5362534,0.7588755,3
2014-02-24 18:46:55.766,4239,423.9,43.62843,3.955001,21.85466,13.25286,304.1572,9,5,1393264007,-1.153183,0.009628296,1.025131,-18.16008,-11.60795,-11.28686,217.8855,217.1745,25,-0.8844475,-0.6336212,1.275201,1.754979,-2.100584,0.755437,-0.9002126,-0.6433337,1.275218,-0.6962091,0.6166219,0.8392268,3
2014-02-24 18:46:55.888,4240,424,43.62843,3.955001,21.85466,13.25286,304.1572,9,5,1393264007,-1.153183,0.009628296,1.025131,-16.40696,-10.52065,-12.19758,221.0757,220.3647,25,0.1052431,0.2452462,0.9464874,1.725193,-2.087069,0.7410381,-0.4719525,-0.1770679,1.199703,-0.6016595,0.6620536,0.8356358,3
2014-02-24 18:46:56.008,4241,424.1,43.62849,3.954871,22.58794,13.03737,304.5341,9,5,1393264008,-0.8616943,-0.2909851,0.7810516,-17.00959,-11.44486,-10.88842,214.5284,213.8174,25,1.678284,0.01699816,1.079963,1.711401,-2.071173,0.7060865,0.8936186,0.2388529,0.8709063,-0.226742,0.5484886,0.4610155,3
2014-02-24 18:46:56.208,4242,424.2,43.62849,3.954871,22.58794,13.03737,304.5341,9,5,1393264008,-1.002777,-0.7178192,0.7835388,-16.6261,-11.0643,-12.65295,221.0785,220.3675,25,2.301765,-0.9340915,1.881217,1.755971,-2.101423,0.637945,2.199127,-0.4107852,1.435282,-0.2136834,0.2105514,0.3434751,3
2014-02-24 18:46:56.548,4243,424.3,43.62849,3.954871,22.58794,13.03737,304.5341,9,5,1393264008,-0.9430695,-0.5156708,0.5028076,-16.29739,-9.97699,-11.74222,219.1612,218.4502,25,0.1629548,-2.00303,2.367329,1.785711,-2.186289,0.4887174,0.8535317,-1.855637,2.340923,-0.3908172,-0.2005348,0.1951075,3
2014-02-24 18:46:56.637,4244,424.4,43.62849,3.954871,22.58794,13.03737,304.5341,9,5,1393264008,-0.8962402,-0.4158478,0.3777771,-17.06438,-10.52064,-12.31142,217.5084,216.7974,25,-0.3610418,-2.10575,2.357432,1.763175,-2.215074,0.4485741,0.1471903,-2.012742,2.367346,-0.4136613,-0.1243786,-0.00906462,3
2014-02-24 18:46:56.761,4245,424.5,43.62849,3.954871,22.58794,13.03737,304.5341,9,5,1393264008,-0.8119049,-0.2967224,0.2842407,-16.90002,-10.68373,-11.34378,214.4301,213.7191,25,-0.2953187,-2.156605,2.454754,1.729494,-2.238954,0.4171,-0.3768063,-2.115462,2.357449,-0.2254019,-0.11056,-0.06361854,3
2014-02-24 18:46:56.860,4246,424.6,43.62849,3.954871,22.58794,13.03737,304.5341,9,5,1393264008,-0.7385101,-0.2310638,0.3470459,-17.94094,-9.650799,-11.17302,215.1507,214.4397,25,-0.06576437,-1.950447,2.643817,1.693058,-2.265355,0.3863533,-0.3110832,-2.166317,2.454772,-0.1845388,-0.03903473,-0.2150913,3
2014-02-24 18:46:56.945,4247,424.7,43.62857,3.95472,25.37392,12.89371,304.1823,9,5,1393264009,-0.7385101,-0.2310638,0.3470459,-18.16008,-9.433338,-11.74222,217.0339,216.3229,25,0.3530736,-1.725639,2.856807,1.622855,-2.313512,0.3114845,0.3373093,-1.735351,2.856824,-0.0817256,0.04634023,-0.3145696,3
2014-02-24 18:46:57.083,4248,424.8,43.62857,3.95472,25.37392,12.89371,304.1823,9,5,1393264009,-0.7020569,-0.197998,0.3403778,-18.21487,-9.596437,-12.36834,217.2068,216.4958,25,0.7562656,-1.416392,3.013684,1.591511,-2.333239,0.263819,0.7405013,-1.426104,3.013701,-0.02267905,0.04919099,-0.3294667,3
2014-02-24 18:46:57.167,4249,424.9,43.62857,3.95472,25.37392,12.89371,304.1823,9,5,1393264009,-0.6972504,-0.2135162,0.4176025,-17.83137,-10.08572,-13.44983,219.732,219.021,25,1.189992,-1.299293,2.924032,1.565749,-2.351316,0.2109338,1.174227,-1.309005,2.92405,0.01286836,0.004066108,-0.3307993,3
2014-02-24 18:46:57.292,4250,425,43.62857,3.95472,25.37392,12.89371,304.1823,9,5,1393264009,-0.700531,-0.334198,0.4125977,-17.33831,-9.813896,-11.00226,214.1827,213.4717,25,1.37281,-1.025831,2.64392,1.546121,-2.368602,0.1575954,1.357046,-1.035543,2.643937,-0.007624712,-0.05657242,-0.2893523,3
2014-02-24 18:46:57.519,4251,425.1,43.62857,3.95472,25.37392,12.89371,304.1823,9,5,1393264009,-0.6990967,-0.3941956,0.3974457,-17.55745,-10.35755,-11.22994,214.4753,213.7643,25,1.445106,-0.865513,2.353292,1.531055,-2.383889,0.1071188,1.429342,-0.8752249,2.35331,-0.01721479,-0.2272839,-0.3096546,3
2014-02-24 18:46:57.644,4252,425.2,43.62857,3.95472,25.37392,12.89371,304.1823,9,5,1393264009,-0.6964111,-0.4700775,0.3980408,-18.54358,-9.705166,-11.91298,217.2912,216.5802,25,1.470295,-0.7640825,2.114404,1.519576,-2.398154,0.05922808,1.454531,-0.7737944,2.114421,-0.0234604,-0.3350021,-0.3374093,3
2014-02-24 18:46:57.742,4253,425.3,43.62857,3.95472,25.37392,12.89371,304.1823,9,5,1393264009,-0.6964111,-0.4700775,0.3980408,-18.98186,-9.487707,-12.02682,217.3817,216.6707,25,1.432498,-0.7275168,1.761752,1.510428,-2.411779,0.01439699,1.440274,-0.7416551,1.894599,-0.03962218,-0.420479,-0.3387886,3
2014-02-24 18:46:57.843,4254,425.4,43.62857,3.95472,25.37392,12.89371,304.1823,9,5,1393264009,-0.7297058,-0.552124,0.399231,-17.39309,-10.19445,-11.4007,217.3723,216.6613,25,1.320305,-0.7112659,1.633819,1.502753,-2.425546,-0.02783744,1.416725,-0.7372336,1.761767,-0.03740446,-0.531969,-0.367487,3
2014-02-24 18:46:57.946,4255,425.5,43.62857,3.95472,25.37392,12.89371,304.1823,9,5,1393264009,-0.778244,-0.5995331,0.4546204,-16.18782,-10.08572,-12.42526,217.4165,216.7055,25,1.175117,-0.7011539,1.478649,1.495365,-2.439534,-0.06749274,1.304532,-0.7209826,1.633835,-0.08172292,-0.6036964,-0.3626211,3
2014-02-24 18:46:58.062,4256,425.6,43.62863,3.954587,21.65937,12.96215,304.034,9,5,1393264010,-0.7849121,-0.6260834,0.4878998,-17.50266,-9.107149,-11.62838,217.7347,217.0237,25,1.046566,-0.6383376,1.236314,1.487773,-2.453538,-0.103122,1.159344,-0.7108706,1.478664,-0.09804376,-0.6550633,-0.3691482,3
2014-02-24 18:46:58.160,4257,425.7,43.62863,3.954587,21.65937,12.96215,304.034,9,5,1393264010,-0.7607727,-0.639328,0.5224152,-16.73568,-7.150002,-11.85606,223.7335,223.0225,25,0.8424407,-0.5100185,0.8952461,1.481174,-2.466826,-0.1343924,1.030793,-0.6480543,1.236329,-0.1591617,-0.7335212,-0.3191912,3
2014-02-24 18:46:58.284,4258,425.8,43.62863,3.954587,21.65937,12.96215,304.034,9,5,1393264010,-0.7591553,-0.5920868,0.5747528,-16.24261,-8.726593,-12.25451,220.5992,219.8882,25,0.6518915,-0.3589922,0.5458751,1.476699,-2.477978,-0.1594316,0.8266679,-0.5197352,0.8952615,-0.1767558,-0.7848404,-0.2898805,3
2014-02-24 18:46:58.517,4259,425.9,43.62863,3.954587,21.65937,12.96215,304.034,9,5,1393264010,-0.7591553,-0.5920868,0.5747528,-17.06438,-8.563496,-10.71766,213.0501,212.3391,25,0.5059798,-0.1921085,0.1521999,1.47657,-2.490873,-0.1892445,0.4902072,-0.201825,0.1522154,-0.1622122,-0.8163671,-0.2346902,3
2014-02-24 18:46:58.682,4260,426,43.62863,3.954587,21.65937,12.96215,304.034,9,5,1393264010,-0.7330627,-0.5399323,0.5551758,-15.63997,-9.107151,-11.85606,217.27,216.559,25,0.6840973,0.2336109,-0.7863833,1.499686,-2.484817,-0.1960332,0.6683248,0.2238944,-0.7863678,-0.1552631,-0.741121,-0.20624,3
2014-02-24 18:46:58.786,4261,426.1,43.62863,3.954587,21.65937,12.96215,304.034,9,5,1393264010,-0.721405,-0.5086212,0.5072937,-15.63997,-9.107151,-11.74222,216.9744,216.2634,25,0.6425909,0.545176,-1.330625,1.524311,-2.472225,-0.1927876,0.6268185,0.5354595,-1.33061,-0.1240678,-0.7315279,-0.2145101,3
2014-02-24 18:46:58.993,4262,426.2,43.6287,3.954448,21.3898,12.83062,304.5326,9,5,1393264011,-0.7422791,-0.558136,0.4927673,-16.84524,-9.215881,-12.31142,218.5447,217.8337,25,0.119924,0.8982709,-2.030052,1.584681,-2.432096,-0.1591685,0.1041517,0.8885545,-2.030036,-0.05171338,-0.6671032,-0.294189,3
2014-02-24 18:46:59.103,4263,426.3,43.6287,3.954448,21.3898,12.83062,304.5326,9,5,1393264011,-0.8812561,-0.6268616,0.6301575,-17.50266,-8.998419,-11.51455,217.8235,217.1125,25,-0.08827021,0.7870927,-1.984043,1.612942,-2.412422,-0.1341179,-0.1040425,0.7773764,-1.984027,-0.04126992,-0.6640812,-0.27527,3
2014-02-24 18:46:59.286,4264,426.4,43.6287,3.954448,21.3898,12.83062,304.5326,9,5,1393264011,-0.9539337,-0.641449,0.7328186,-18.37923,-8.889688,-11.62838,218.8127,218.1017,25,-1.449162,0.2356003,-1.604607,1.651602,-2.390439,-0.076221,-0.803458,0.2710488,-1.696047,-0.2367814,-0.7228299,-0.0530293,3
2014-02-24 18:46:59.559,4265,426.5,43.6287,3.954448,21.3898,12.83062,304.5326,9,5,1393264011,-0.9051056,-0.4664307,0.8042755,-16.84524,-8.672226,-11.51455,220.0981,219.3871,25,-1.449162,0.2356003,-1.604607,1.65858,-2.385946,-0.03916747,-1.464934,0.225884,-1.604592,-0.2883991,-0.6649051,0.04616765,3
2014-02-24 18:46:59.664,4266,426.6,43.6287,3.954448,21.3898,12.83062,304.5326,9,5,1393264011,-0.9051056,-0.4664307,0.8042755,-15.85911,-9.215881,-12.5391,221.3353,220.6243,25,-2.524576,0.574969,-1.360166,1.65522,-2.380814,0.006115024,-2.13288,0.3247528,-1.495835,-0.2821155,-0.5826454,0.06744683,3
2014-02-24 18:46:59.762,4267,426.7,43.6287,3.954448,21.3898,12.83062,304.5326,9,5,1393264011,-0.7832336,-0.2382202,0.7337646,-16.18782,-8.454769,-12.31142,223.2909,222.5799,25,-2.512058,0.8149307,-1.270886,1.643041,-2.371658,0.05681037,-2.540348,0.5652528,-1.360151,-0.21014,-0.4096509,0.08747783,3
2014-02-24 18:46:59.867,4268,426.8,43.6287,3.954448,21.3898,12.83062,304.5326,9,5,1393264011,-0.6004639,-0.1339417,0.6834259,-17.22874,-9.161516,-11.45762,219.044,218.333,25,-2.255566,0.9987081,-1.213906,1.62672,-2.356916,0.1079454,-2.52783,0.8052146,-1.27087,-0.08074976,-0.1304844,0.03026669,3
2014-02-24 18:46:59.969,4269,426.9,43.6287,3.954448,21.3898,12.83062,304.5326,9,5,1393264011,-0.5110474,-0.07255554,0.6196442,-18.43401,-9.270245,-12.70987,221.4089,220.6979,25,-1.85244,1.199184,-1.33634,1.610739,-2.337613,0.1554302,-2.271338,0.9889919,-1.213891,0.06578187,-0.03278648,0.02611184,3
2014-02-24 18:47:00.076,4270,427,43.62876,3.954316,16.62632,12.82881,305.0483,9,5,1393264012,-0.446991,-0.01715088,0.6160736,-18.48879,-8.998419,-12.76679,221.9997,221.2887,25,-1.305496,1.287632,-1.574782,1.599636,-2.314765,0.198688,-1.868212,1.189468,-1.336324,0.2314582,0.148662,0.00751181,3
2014-02-24 18:47:00.202,4271,427.1,43.62876,3.954316,16.62632,12.82881,305.0483,9,5,1393264012,-0.4048157,-0.02397156,0.630249,-17.28352,-9.650801,-12.88063,221.3486,220.6376,25,-0.902226,1.432417,-1.85856,1.603428,-2.267505,0.2758759,-0.9179977,1.422701,-1.858545,0.2909661,0.255239,-0.001359125,3
2014-02-24 18:47:00.286,4272,427.2,43.62876,3.954316,16.62632,12.82881,305.0483,9,5,1393264012,-0.4159241,0.07096863,0.4860382,-17.22874,-8.944052,-13.05139,223.1571,222.4461,25,0.03149534,2.217401,-2.251416,1.622463,-2.238859,0.310653,0.01572369,2.207685,-2.2514,0.3426315,0.2817089,0.04043362,3
2014-02-24 18:47:00.479,4273,427.3,43.62876,3.954316,16.62632,12.82881,305.0483,9,5,1393264012,-0.3697815,-0.2979889,0.37323,-17.39309,-9.759529,-12.08375,218.1642,217.4532,25,0.9742927,1.890164,-2.836277,1.663878,-2.214445,0.342467,0.9585211,1.880448,-2.836262,0.3375359,0.4067804,-0.07923035,3
2014-02-24 18:47:00.603,4274,427.4,43.62876,3.954316,16.62632,12.82881,305.0483,9,5,1393264012,-0.4547729,-0.374527,0.4274292,-18.16008,-8.672226,-11.51454,219.1573,218.4464,25,1.340812,1.589764,-2.768823,1.717919,-2.201045,0.3711945,1.325041,1.580048,-2.768808,0.3830787,0.06473993,-0.175978,3
2014-02-24 18:47:00.784,4275,427.5,43.62876,3.954316,16.62632,12.82881,305.0483,9,5,1393264012,-0.65625,-0.4504395,0.4803009,-16.62609,-8.672226,-13.44983,225.4246,224.7136,25,0.7272757,1.11281,-2.149488,1.805871,-2.183274,0.4193816,0.7115043,1.103094,-2.149473,0.2550862,0.0610959,-0.1470552,3
2014-02-24 18:47:00.910,4276,427.6,43.62882,3.954184,15.75961,12.58953,305.3803,9,5,1393264013,-0.65625,-0.4504395,0.4803009,-16.84524,-8.78096,-12.5391,222.6695,221.9585,25,-0.03325409,0.6111885,-2.065088,1.83843,-2.179123,0.4462323,0.3309824,0.852534,-2.075603,0.1694962,-0.006281157,-0.09874053,3
2014-02-24 18:47:01.079,4277,427.7,43.62882,3.954184,15.75961,12.58953,305.3803,9,5,1393264013,-0.8949432,-0.5137024,0.6477051,-18.16008,-8.237305,-12.19758,220.6305,219.9195,25,-0.6166712,0.07817975,-1.965776,1.884964,-2.179304,0.5107648,-0.3528907,0.3511437,-2.036221,-0.0561906,-0.01440558,0.04405453,3
2014-02-24 18:47:01.205,4278,427.8,43.62882,3.954184,15.75961,12.58953,305.3803,9,5,1393264013,-1.061249,-0.5337524,0.8058929,-18.43401,-7.965477,-12.25451,221.0126,220.3016,25,-0.7582377,-0.1967312,-1.765025,1.900419,-2.183461,0.5471305,-0.6324424,0.06846406,-1.965761,-0.1357366,0.01177015,0.1006925,3
2014-02-24 18:47:01.521,4279,427.9,43.62882,3.954184,15.75961,12.58953,305.3803,9,5,1393264013,-1.477112,-0.5467682,1.027451,-15.63997,-7.584925,-12.5391,225.2963,224.5853,25,-1.220094,-0.3898269,-1.22912,1.913593,-2.196052,0.6202983,-1.243745,-0.2533155,-1.645888,-0.4737973,0.02866565,0.3952402,3
2014-02-24 18:47:01.647,4280,428,43.62888,3.954058,17.77177,12.50926,305.9921,9,5,1393264014,-1.483688,-0.4406433,1.197281,-18.4888,-8.563496,-12.08374,219.2209,218.5099,25,-1.053601,-0.4168987,-0.6629924,1.908672,-2.199628,0.6555265,-1.235865,-0.3995424,-1.229105,-0.7609631,0.0447879,0.5085257,3
2014-02-24 18:47:01.746,4281,428.1,43.62888,3.954058,17.77177,12.50926,305.9921,9,5,1393264014,-1.368271,-0.2586517,1.197281,-18.4888,-8.346035,-12.5391,219.2741,218.5631,25,-0.9351307,-0.1160118,-0.142758,1.899193,-2.201494,0.6812327,-1.069372,-0.4266143,-0.6629769,-0.849758,0.08298285,0.5693667,3
2014-02-24 18:47:01.837,4282,428.2,43.62888,3.954058,17.77177,12.50926,305.9921,9,5,1393264014,-0.9606171,-0.03155518,0.8911285,-18.76272,-8.835318,-11.45762,219.2153,218.5043,25,-0.9331674,0.3748306,0.1480933,1.884457,-2.196861,0.696905,-0.9509016,-0.1257273,-0.1427425,-0.8622935,0.2012041,0.7479477,3
2014-02-24 18:47:01.959,4283,428.3,43.62888,3.954058,17.77177,12.50926,305.9921,9,5,1393264014,-0.8048248,-0.1357117,0.767868,-18.1053,-8.509127,-11.6853,219.4104,218.6994,25,-0.6678422,0.7928745,0.294373,1.864594,-2.180825,0.7063123,-0.9489382,0.3651151,0.1481088,-0.7447277,0.390381,0.761448,3
2014-02-24 18:47:02.060,4284,428.4,43.62888,3.954058,17.77177,12.50926,305.9921,9,5,1393264014,-0.8048248,-0.1357117,0.767868,-17.28352,-8.346037,-12.65295,224.7417,224.0307,25,0.1313111,0.8122252,0.528271,1.83443,-2.133636,0.7067907,0.1155404,0.8025098,0.5282865,-0.2005284,0.5796334,0.3953178,3
2014-02-24 18:47:02.158,4285,428.5,43.62888,3.954058,17.77177,12.50926,305.9921,9,5,1393264014,-0.8310089,-0.4513092,0.781601,-17.50266,-8.128576,-12.99446,225.8098,225.0988,25,1.044105,0.5694675,0.9007253,1.83443,-2.133636,0.7067907,0.1155404,0.8025098,0.5282865,-0.2005284,0.5796334,0.3953178,3
2014-02-24 18:47:02.252,4286,428.6,43.62888,3.954058,17.77177,12.50926,305.9921,9,5,1393264014,-0.8310089,-0.4513092,0.781601,-17.11917,-7.85675,-13.05139,226.6833,225.9724,25,1.504886,0.2635605,1.181471,1.85189,-2.125156,0.6579081,1.489115,0.2538452,1.181486,-0.1817524,0.227445,0.3545625,3
2014-02-24 18:47:02.402,4287,428.7,43.62888,3.954058,17.77177,12.50926,305.9921,9,5,1393264014,-0.8887024,-0.5871887,0.8521729,-17.28352,-8.128574,-13.90519,227.3282,226.6172,25,1.610263,-0.2536696,1.3154,1.867341,-2.135522,0.6220948,1.594492,-0.2633848,1.315415,-0.1445268,0.1314296,0.3466782,3
2014-02-24 18:47:02.573,4288,428.8,43.62888,3.954058,17.77177,12.50926,305.9921,9,5,1393264014,-0.8955078,-0.5892487,0.6833649,-17.33831,-8.617863,-12.48219,220.9675,220.2565,25,1.211667,-0.7130451,1.373536,1.877351,-2.151542,0.5859401,1.195897,-0.7227604,1.373552,-0.1921085,-0.03420583,0.3950439,3
2014-02-24 18:47:02.681,4289,428.9,43.62888,3.954058,17.77177,12.50926,305.9921,9,5,1393264014,-0.8473969,-0.4936523,0.53302,-16.6261,-7.693651,-13.56367,228.3925,227.6815,25,0.4192686,-1.156168,1.433597,1.872637,-2.167905,0.5577327,0.4034982,-1.165883,1.433613,-0.1938635,-0.05998483,0.2063165,3
2014-02-24 18:47:02.784,4290,429,43.62888,3.954058,17.77177,12.50926,305.9921,9,5,1393264014,-0.8473969,-0.4936523,0.53302,-17.22874,-8.400402,-13.50675,228.3468,227.6358,25,0.2127096,-1.572018,1.931896,1.857036,-2.185694,0.5320634,0.1365747,-1.518892,1.626884,-0.1746856,-0.04702393,0.09938311,3
2014-02-24 18:47:03.079,4291,429.1,43.62895,3.953943,21.65521,12.41748,306.3596,9,5,1393264015,-0.6905365,-0.2669983,0.4922028,-16.6261,-8.889685,-12.53911,223.6348,222.9238,25,0.388841,-1.57067,2.215121,1.83711,-2.205263,0.5027223,0.1969393,-1.581733,1.931912,-0.120004,0.05835091,-0.007156958,3
2014-02-24 18:47:03.201,4292,429.2,43.62895,3.953943,21.65521,12.41748,306.3596,9,5,1393264015,-0.7400665,-0.2597351,0.5159607,-17.94094,-8.237307,-12.5391,220.9856,220.2746,25,0.5759184,-1.256742,2.314741,1.815314,-2.224326,0.4680514,0.3730707,-1.580385,2.215136,-0.0752601,0.1373206,-0.05601501,3
2014-02-24 18:47:03.333,4293,429.3,43.62895,3.953943,21.65521,12.41748,306.3596,9,5,1393264015,-0.6228027,-0.2650757,0.4168854,-18.26966,-8.019844,-12.76678,222.7056,221.9946,25,0.6262378,-0.9143447,2.279036,1.794573,-2.241217,0.4278755,0.5601482,-1.266457,2.314757,-0.03520148,0.1593236,-0.05726249,3
2014-02-24 18:47:03.560,4294,429.4,43.62895,3.953943,21.65521,12.41748,306.3596,9,5,1393264015,-0.547821,-0.247879,0.4049377,-16.90002,-8.509129,-13.39291,224.0567,223.3457,25,0.8884113,-0.6316504,2.227178,1.774366,-2.25306,0.3882013,0.6104677,-0.9240597,2.279051,-0.02167099,0.118789,-0.06767216,3
2014-02-24 18:47:03.654,4295,429.5,43.62895,3.953943,21.65521,12.41748,306.3596,9,5,1393264015,-0.5436554,-0.253952,0.4050293,-16.18782,-8.237305,-12.08374,221.8059,221.0949,25,1.145951,-0.4670093,2.157659,1.757672,-2.261091,0.3465946,0.8726413,-0.6413654,2.227194,0.1024045,0.07462117,-0.182014,3
2014-02-24 18:47:03.768,4296,429.6,43.62895,3.953943,21.65521,12.41748,306.3596,9,5,1393264015,-0.5378723,-0.2841187,0.393631,-16.18782,-8.67223,-11.85606,220.6552,219.9442,25,1.319992,-0.3677104,2.076244,1.745725,-2.267911,0.3028441,1.130181,-0.4767242,2.157675,0.1839859,0.05035709,-0.2078541,3
2014-02-24 18:47:03.892,4297,429.7,43.62895,3.953943,21.65521,12.41748,306.3596,9,5,1393264015,-0.5857239,-0.3995209,0.4261017,-17.11917,-8.400398,-12.25451,221.3506,220.6396,25,1.547029,-0.3360102,1.994825,1.737852,-2.273666,0.2576953,1.304213,-0.3774303,2.076258,0.1878693,0.01100197,-0.217244,3
2014-02-24 18:47:03.987,4298,429.8,43.62901,3.953815,18.33311,12.30817,306.9032,9,10,1393264016,-0.5933838,-0.466095,0.4401703,-18.21487,-7.748018,-13.50676,225.0169,224.3059,25,1.715405,-0.3300642,1.867343,1.733758,-2.285664,0.1643903,1.699626,-0.339784,1.867357,0.191654,-0.1509548,-0.2412999,3
2014-02-24 18:47:04.179,4299,429.9,43.62901,3.953815,18.33311,12.30817,306.9032,9,10,1393264016,-0.5883484,-0.512085,0.440567,-18.65315,-8.291674,-14.07595,225.5891,224.8781,25,1.475417,-0.4860698,1.439549,1.7386,-2.300056,0.07542874,1.608447,-0.4027868,1.587896,0.1501639,-0.3907377,-0.2242529,3
2014-02-24 18:47:04.281,4300,430,43.62901,3.953815,18.33311,12.30817,306.9032,9,10,1393264016,-0.6330414,-0.5349884,0.4480133,-18.21487,-8.400398,-13.84827,225.7822,225.0712,25,1.321032,-0.576287,1.219575,1.740902,-2.30905,0.03590918,1.459638,-0.4957894,1.439563,0.1508197,-0.4761835,-0.2319965,3
2014-02-24 18:47:04.561,4301,430.1,43.62901,3.953815,18.33311,12.30817,306.9032,9,10,1393264016,-0.6997986,-0.6160126,0.4878235,-17.3383,-8.509129,-11.91298,222.2174,221.5064,25,1.27354,-0.7300489,1.029403,1.743282,-2.31943,0.0007290696,1.305254,-0.5860066,1.219589,0.09957815,-0.5342593,-0.2326247,3
2014-02-24 18:47:04.685,4302,430.2,43.62901,3.953815,18.33311,12.30817,306.9032,9,10,1393264016,-0.7095337,-0.6590118,0.5806885,-17.44788,-8.835321,-12.8237,222.0964,221.3854,25,1.16747,-0.7998365,0.7662897,1.746482,-2.331945,-0.03035921,1.257761,-0.7397685,1.029417,0.07939264,-0.6000414,-0.2451916,3
2014-02-24 18:47:04.767,4303,430.3,43.62901,3.953815,18.33311,12.30817,306.9032,9,10,1393264016,-0.8111267,-0.6243744,0.6407166,-17.99573,-8.509129,-12.25451,221.1383,220.4273,25,0.9210199,-0.8230587,0.5084113,1.751498,-2.34631,-0.05796992,1.151691,-0.809556,0.7663036,-0.03530691,-0.6824644,-0.1589137,3
2014-02-24 18:47:04.871,4304,430.4,43.62901,3.953815,18.33311,12.30817,306.9032,9,10,1393264016,-0.8324127,-0.6071014,0.6179047,-18.65315,-8.182938,-12.93754,224.5114,223.8004,25,0.6128064,-0.7311312,0.1103896,1.756758,-2.361506,-0.07929331,0.9052417,-0.8327783,0.5084252,-0.102305,-0.7287769,-0.08030766,3
2014-02-24 18:47:04.997,4305,430.5,43.62908,3.953694,19.38862,11.98443,307.4115,9,10,1393264017,-0.8943481,-0.5865021,0.6511688,-18.92707,-8.346035,-13.56367,226.5747,225.8637,25,0.6684412,-0.6044076,-0.3970949,1.762236,-2.376015,-0.09209745,0.5970283,-0.7408507,0.1104035,-0.12111,-0.7163417,-0.07721028,3
2014-02-24 18:47:05.081,4306,430.6,43.62908,3.953694,19.38862,11.98443,307.4115,9,10,1393264017,-0.9200287,-0.5599976,0.6506805,-18.26966,-8.563499,-12.88063,222.1006,221.3896,25,0.9279878,-0.3773564,-1.02795,1.772751,-2.387317,-0.09746294,0.6526631,-0.614127,-0.397081,-0.1509017,-0.7044101,-0.1074048,3
2014-02-24 18:47:05.189,4307,430.7,43.62908,3.953694,19.38862,11.98443,307.4115,9,10,1393264017,-0.8907471,-0.5608215,0.6266327,-18.70794,-7.911118,-12.42526,221.1169,220.4059,25,0.9956893,-0.04095409,-1.689869,1.793942,-2.394047,-0.09862313,0.9122098,-0.3870758,-1.027936,-0.2178106,-0.6849654,-0.07862703,3
2014-02-24 18:47:05.510,4308,430.8,43.62908,3.953694,19.38862,11.98443,307.4115,9,10,1393264017,-0.8550415,-0.5582275,0.6826477,-19.09143,-8.291674,-13.16523,222.4599,221.7489,25,0.3895837,0.5659785,-2.457095,1.865537,-2.387628,-0.0796576,0.806766,0.3040034,-2.243994,-0.229471,-0.641875,-0.09246795,3
2014-02-24 18:47:05.711,4309,430.9,43.62908,3.953694,19.38862,11.98443,307.4115,9,10,1393264017,-0.8598022,-0.5573578,0.7879028,-19.25578,-8.998419,-13.44983,222.736,222.025,25,-0.7077084,0.5982829,-1.895475,1.957817,-2.351325,0.008691378,-0.7234861,0.5885636,-1.895461,-0.1445264,-0.5495363,-0.02098057,3
2014-02-24 18:47:05.904,4310,431,43.62915,3.953572,22.20797,12.26129,306.8014,9,10,1393264018,-0.7662506,-0.3506775,0.9610748,-19.69407,-9.868259,-11.96991,218.0223,217.3113,25,-1.857499,0.3209623,-0.8820366,1.955688,-2.335177,0.0793165,-1.873276,0.3112431,-0.8820227,-0.09214941,-0.3804987,0.227551,3
2014-02-24 18:47:06.032,4311,431.1,43.62915,3.953572,22.20797,12.26129,306.8014,9,10,1393264018,-0.6453857,-0.1244202,0.7559814,-20.13235,-9.54207,-13.10831,221.7269,221.0159,25,-2.332511,0.2891964,-0.5695503,1.934956,-2.328248,0.1163468,-2.348289,0.2794773,-0.5695364,-0.08882397,-0.3223463,0.2826762,3
2014-02-24 18:47:06.132,4312,431.2,43.62915,3.953572,22.20797,12.26129,306.8014,9,10,1393264018,-0.4910736,-0.03092957,0.6419983,-19.69407,-9.43334,-13.10831,222.4261,221.7151,25,-2.455629,0.3676377,-0.4213406,1.906969,-2.318342,0.1541346,-2.471406,0.3579186,-0.4213267,0.02527893,-0.1201719,0.2436699,3
2014-02-24 18:47:06.246,4313,431.3,43.62915,3.953572,22.20797,12.26129,306.8014,9,10,1393264018,-0.4910736,-0.03092957,0.6419983,-19.52972,-9.270247,-12.70987,221.9135,221.2025,25,-1.275355,0.5076728,-0.7715138,1.881753,-2.306953,0.188459,-2.019175,0.3992653,-0.5053694,0.1952797,0.1148356,0.03491691,3
2014-02-24 18:47:06.365,4314,431.4,43.62915,3.953572,22.20797,12.26129,306.8014,9,10,1393264018,-0.4398651,-0.005706787,0.5653381,-19.03665,-9.324614,-12.99446,222.7323,222.0213,25,-0.5895554,0.6267329,-1.142656,1.867844,-2.295744,0.2171358,-1.291132,0.4979538,-0.7714999,0.2398841,0.184504,-0.005527194,3
2014-02-24 18:47:06.559,4315,431.5,43.62915,3.953572,22.20797,12.26129,306.8014,9,10,1393264018,-0.4146881,-0.03274536,0.4917145,-17.44788,-10.79247,-11.34378,219.6184,218.9074,25,0.01504793,0.8550393,-1.380736,1.868319,-2.285167,0.2417532,-0.6053327,0.6170139,-1.142642,0.2936703,0.2336984,-0.07075225,3
2014-02-24 18:47:06.672,4316,431.6,43.62915,3.953572,22.20797,12.26129,306.8014,9,10,1393264018,-0.4074402,-0.07409668,0.4521027,-18.59836,-9.107149,-12.08375,218.8106,218.0996,25,0.4636854,1.04343,-1.499095,1.881434,-2.274116,0.2625836,-0.0007293109,0.8453203,-1.380722,0.3218678,0.2268311,-0.1328698,3
2014-02-24 18:47:06.768,4317,431.7,43.62922,3.953467,21.57297,11.91957,305.8987,9,10,1393264019,-0.3987732,-0.1334991,0.4038849,-19.09143,-8.400398,-12.82371,222.5193,221.8083,25,0.6626366,1.185643,-1.624095,1.904034,-2.26231,0.2798018,0.4479082,1.033711,-1.499081,0.3264006,0.2153589,-0.1385382,3
2014-02-24 18:47:06.866,4318,431.8,43.62922,3.953467,21.57297,11.91957,305.8987,9,10,1393264019,-0.3993988,-0.1875305,0.3798828,-19.5845,-8.998419,-12.88063,221.4993,220.7883,25,0.7824415,1.25405,-1.689305,1.932176,-2.249238,0.2957374,0.6468595,1.175924,-1.624081,0.340349,0.1781945,-0.1713198,3
2014-02-24 18:47:06.968,4319,431.9,43.62922,3.953467,21.57297,11.91957,305.8987,9,10,1393264019,-0.3972321,-0.2355499,0.3695374,-19.201,-9.270245,-12.59603,220.2287,219.5177,25,0.8441635,1.195466,-1.704564,1.963652,-2.23581,0.3114906,0.7666644,1.244331,-1.689291,0.3518238,0.1519063,-0.1940493,3
2014-02-24 18:47:07.088,4320,432,43.62922,3.953467,21.57297,11.91957,305.8987,9,10,1393264019,-0.4123688,-0.2810211,0.3794556,-18.65315,-8.509132,-11.68531,219.7202,219.0092,25,0.7751847,1.070477,-1.677026,1.996694,-2.223484,0.3275425,0.8283864,1.185747,-1.70455,0.352819,0.1341866,-0.1951533,3
2014-02-24 18:47:07.178,4321,432.1,43.62922,3.953467,21.57297,11.91957,305.8987,9,10,1393264019,-0.4544678,-0.3309174,0.3861542,-18.16008,-9.215881,-11.74222,217.9215,217.2105,25,0.5928676,0.8847468,-1.624174,2.059227,-2.206203,0.3609787,0.5770907,0.8750281,-1.62416,0.3405917,0.07216894,-0.1757987,3
2014-02-24 18:47:07.282,4322,432.2,43.62922,3.953467,21.57297,11.91957,305.8987,9,10,1393264019,-0.5256653,-0.3479614,0.4303436,-18.54358,-9.596437,-11.00226,214.6301,213.9191,25,0.3145734,0.6280873,-1.560995,2.084579,-2.202095,0.3803468,0.2987966,0.6183686,-1.560981,0.2951037,0.04032517,-0.1618618,3
2014-02-24 18:47:07.524,4323,432.3,43.62922,3.953467,21.57297,11.91957,305.8987,9,10,1393264019,-0.6732483,-0.3681335,0.4941254,-18.98186,-9.052786,-10.54691,213.9183,213.2073,25,0.01265294,0.3477162,-1.463791,2.10413,-2.201333,0.401601,-0.003123836,0.3379975,-1.463777,0.2508932,0.05196422,-0.1393335,3
2014-02-24 18:47:07.621,4324,432.4,43.62922,3.953467,21.57297,11.91957,305.8987,9,10,1393264019,-0.6732483,-0.3681335,0.4941254,-19.25578,-8.67223,-11.28686,217.3229,216.6119,25,-0.2944953,-0.1859744,-1.290259,2.118607,-2.20407,0.4244666,-0.1978403,0.05377619,-1.384275,0.1326776,0.05667121,-0.1000313,3
2014-02-24 18:47:07.745,4325,432.5,43.62922,3.953467,21.57297,11.91957,305.8987,9,10,1393264019,-1.031143,-0.4885406,0.8059082,-18.92707,-9.32461,-11.74222,217.3746,216.6636,25,-0.2944953,-0.1859744,-1.290259,2.130323,-2.210762,0.4473117,-0.3102719,-0.195693,-1.290245,-0.02289535,0.0334039,-0.005898203,3
2014-02-24 18:47:07.849,4326,432.6,43.62922,3.953467,21.57297,11.91957,305.8987,9,10,1393264019,-1.031143,-0.4885406,0.8059082,-18.76272,-9.596441,-11.57146,216.2301,215.5191,25,-0.6198094,-0.4811499,-1.037112,2.139343,-2.220468,0.4701951,-0.4572757,-0.366069,-1.1938,-0.1327054,0.03954705,0.05270132,3
2014-02-24 18:47:07.948,4327,432.7,43.62922,3.953467,21.57297,11.91957,305.8987,9,10,1393264019,-1.237671,-0.462738,0.9730225,-18.26965,-9.215881,-11.85606,217.5701,216.8591,25,-0.840165,-0.5721072,-0.8600287,2.143834,-2.230785,0.4928368,-0.635586,-0.4908684,-1.037098,-0.3351587,-0.01541366,0.2657634,3
2014-02-24 18:47:08.063,4328,432.8,43.62928,3.953346,21.57297,11.91957,305.8987,9,10,1393264020,-1.381668,-0.4464111,1.127289,-18.87229,-10.79247,-10.77458,214.2852,213.5742,25,-0.9357568,-0.5640106,-0.6052883,2.143109,-2.241027,0.5152033,-0.8559415,-0.5818257,-0.8600149,-0.5557199,0.0299737,0.4324876,3
2014-02-24 18:47:08.160,4329,432.9,43.62928,3.953346,21.57297,11.91957,305.8987,9,10,1393264020,-1.402786,-0.3766022,1.195801,-18.54358,-10.14009,-10.31922,214.2083,213.4973,25,-0.8744013,-0.4024609,-0.3047873,2.137009,-2.248914,0.5363808,-0.9515332,-0.5737291,-0.6052744,-0.6450178,0.04650512,0.5021684,3
2014-02-24 18:47:08.255,4330,433,43.62928,3.953346,21.57297,11.91957,305.8987,9,10,1393264020,-1.116013,-0.1746826,1.175186,-18.21487,-10.24882,-10.43306,214.0751,213.3641,25,-0.929093,-0.05811763,-0.1373997,2.127306,-2.252937,0.5532032,-0.8901777,-0.4121793,-0.3047734,-0.7187943,0.09609404,0.6190659,3
2014-02-24 18:47:08.529,4331,433.1,43.62928,3.953346,21.57297,11.91957,305.8987,9,10,1393264020,-0.9332275,-0.09580994,1.058716,-17.28352,-9.97699,-10.60382,213.5801,212.8691,25,-1.086837,0.4107849,-0.02735359,2.114375,-2.250093,0.5668864,-0.9448693,-0.06783599,-0.1373858,-0.6846114,0.2121332,0.7002815,3
2014-02-24 18:47:08.641,4332,433.2,43.62928,3.953346,21.57297,11.91957,305.8987,9,10,1393264020,-0.754776,-0.1132355,0.8590088,-15.96868,-9.107145,-10.60382,215.8914,215.1805,25,-1.111042,0.8064973,0.01430251,2.09747,-2.236368,0.5797836,-1.102614,0.4010665,-0.02733968,-0.4579881,0.3731603,0.6585897,3
2014-02-24 18:47:08.751,4333,433.3,43.62928,3.953346,21.57297,11.91957,305.8987,9,10,1393264020,-0.6986389,-0.2236938,0.7951202,-16.18782,-9.107145,-10.94534,216.5885,215.8775,25,-0.649109,0.8572739,0.2505198,2.077255,-2.212601,0.5925292,-1.126818,0.796779,0.01431642,-0.2687595,0.4626509,0.5621238,3
2014-02-24 18:47:08.857,4334,433.4,43.62931,3.95323,21.76401,10.80457,297.9147,9,10,1393264021,-0.7840271,-0.3633118,0.8156433,-17.83137,-8.019844,-9.351574,211.9052,211.1942,25,0.1328758,0.5267093,0.6824031,2.059287,-2.186532,0.6001924,-0.6648851,0.8475557,0.2505338,-0.08110295,0.4515658,0.3823914,3
2014-02-24 18:47:08.936,4335,433.5,43.62931,3.95323,21.76401,10.80457,297.9147,9,10,1393264021,-0.9010162,-0.4812469,0.838562,-15.63997,-8.128571,-9.920776,214.6613,213.9503,25,0.5520762,0.0741946,0.9536223,2.049404,-2.168576,0.5942571,0.1170997,0.5169911,0.682417,-0.01375808,0.3361996,0.3287967,3
2014-02-24 18:47:09.068,4336,433.6,43.62931,3.95323,21.76401,10.80457,297.9147,9,10,1393264021,-0.9010162,-0.4812469,0.838562,-15.25647,-8.617859,-9.977695,214.5862,213.8752,25,0.9052894,-0.5093096,1.491782,2.04492,-2.167413,0.5477731,0.8895134,-0.5190278,1.491796,-0.1172053,0.06682324,0.3683969,3
2014-02-24 18:47:09.162,4337,433.7,43.62931,3.95323,21.76401,10.80457,297.9147,9,10,1393264021,-0.9942627,-0.3553772,0.7078094,-14.98254,-8.237305,-10.2623,214.551,213.84,25,0.9633428,-1.024006,1.846948,2.04492,-2.167413,0.5477731,0.8895134,-0.5190278,1.491796,-0.1172053,0.06682324,0.3683969,3
2014-02-24 18:47:09.238,4338,433.8,43.62931,3.95323,21.76401,10.80457,297.9147,9,10,1393264021,-0.9942627,-0.3553772,0.7078094,-14.59905,-8.726593,-10.20538,214.5172,213.8062,25,0.7309672,-1.275034,1.861243,2.031373,-2.200382,0.4733148,0.7151913,-1.284752,1.861257,-0.2597599,0.02398488,0.2790687,3
2014-02-24 18:47:09.400,4339,433.9,43.62931,3.95323,21.76401,10.80457,297.9147,9,10,1393264021,-0.7388458,-0.2697754,0.373642,-14.21556,-8.237301,-8.440853,214.3043,213.5933,25,0.3302272,-1.106526,1.632859,2.017684,-2.216743,0.4424652,0.3144514,-1.116244,1.632873,-0.2726317,0.07279134,0.1638238,3
2014-02-24 18:47:09.572,4340,434,43.62931,3.95323,21.76401,10.80457,297.9147,9,10,1393264021,-0.7388458,-0.2697754,0.373642,-14.16077,-8.29167,-8.270088,205.4847,204.7737,25,0.6106818,-0.5596697,1.71468,2.001162,-2.226572,0.419365,0.174011,-0.8976257,1.467501,-0.2059893,0.02774028,-0.07741334,3
2014-02-24 18:47:09.693,4341,434.1,43.62931,3.95323,21.76401,10.80457,297.9147,9,10,1393264021,-0.603775,-0.1990967,0.357132,-13.61292,-7.421829,-8.497768,209.4118,208.7008,25,0.9815536,-0.4053624,2.087438,1.988404,-2.234401,0.3907116,0.5949061,-0.5693876,1.714694,-0.01043687,0.1110711,-0.1958985,3
2014-02-24 18:47:09.789,4342,434.2,43.62931,3.95323,21.76401,10.80457,297.9147,9,10,1393264021,-0.3738556,-0.1943817,0.3402557,-13.17464,-7.965479,-8.383934,207.8186,207.1076,25,1.205665,-0.3900506,2.369814,1.977146,-2.239028,0.3527617,0.9657779,-0.4150803,2.087452,0.02850103,0.09881718,-0.2300505,3
2014-02-24 18:47:09.981,4343,434.3,43.62931,3.95323,21.76401,10.80457,297.9147,9,10,1393264021,-0.4996948,-0.2674255,0.3363953,-11.64065,-7.530558,-7.473209,205.1808,204.4698,25,1.027604,-0.2412153,2.30213,1.954851,-2.247361,0.2579144,1.129124,-0.2424308,2.402901,0.1744703,0.04942176,-0.1143197,3
2014-02-24 18:47:10.110,4344,434.4,43.62936,3.953102,24.51421,11.70141,298.8608,9,10,1393264022,-0.4242249,-0.2946167,0.3959808,-12.24328,-7.802385,-6.733246,200.6892,199.9782,25,1.189925,-0.3440889,2.179171,1.941871,-2.249146,0.2117843,1.01182,-0.250938,2.302143,0.2000102,-0.01364175,-0.2371613,3
2014-02-24 18:47:10.235,4345,434.5,43.62936,3.953102,24.51421,11.70141,298.8608,9,10,1393264022,-0.5043488,-0.3974762,0.4114227,-10.92844,-8.128574,-9.35157,211.8463,211.1353,25,0.861588,-0.5247133,1.876291,1.923783,-2.25993,0.1224877,1.132396,-0.485621,2.035777,0.3417898,-0.172435,-0.2351239,3
2014-02-24 18:47:10.321,4346,434.6,43.62936,3.953102,24.51421,11.70141,298.8608,9,10,1393264022,-0.5691833,-0.4130707,0.3990936,-11.0928,-7.421825,-8.725452,211.2269,210.5159,25,0.7447639,-0.6367064,1.73197,1.914253,-2.268408,0.08353566,0.8458043,-0.5344359,1.876304,0.2565805,-0.2780727,-0.2338989,3
2014-02-24 18:47:10.560,4347,434.7,43.62936,3.953102,24.51421,11.70141,298.8608,9,10,1393264022,-0.5691833,-0.4130707,0.3990936,-10.10667,-7.748014,-8.15625,209.4897,208.7787,25,0.7509403,-0.6458173,1.578441,1.893737,-2.290751,0.01708222,0.7351567,-0.6555399,1.578454,0.1873946,-0.3880852,-0.258208,3
2014-02-24 18:47:10.658,4348,434.8,43.62936,3.953102,24.51421,11.70141,298.8608,9,10,1393264022,-0.6272278,-0.4363403,0.4483337,-11.25715,-8.454765,-7.871651,204.8643,204.1533,25,0.8067743,-0.6334677,1.367697,1.886548,-2.302853,-0.01259663,0.7909907,-0.6431902,1.36771,0.1484513,-0.4318773,-0.247083,3
2014-02-24 18:47:10.788,4349,434.9,43.62936,3.953102,24.51421,11.70141,298.8608,9,10,1393264022,-0.7026978,-0.4950256,0.5151978,-11.69544,-8.019846,-8.668533,208.2264,207.5154,25,0.9070255,-0.619761,1.142117,1.882821,-2.314759,-0.04019106,0.891242,-0.6294835,1.14213,0.1079684,-0.4765206,-0.2283287,3
2014-02-24 18:47:10.918,4350,435,43.62942,3.952974,24.05553,11.92875,302.0798,9,5,1393264023,-0.7760925,-0.5040131,0.5621948,-9.668385,-8.182938,-8.953133,209.8474,209.1364,25,1.046941,-0.577731,0.8767555,1.883715,-2.325937,-0.06584623,1.031158,-0.5874534,0.8767681,0.02389917,-0.5608243,-0.1687083,3
2014-02-24 18:47:11.116,4351,435.1,43.62942,3.952974,24.05553,11.92875,302.0798,9,5,1393264023,-0.7833557,-0.5456085,0.5838776,-9.723171,-6.932543,-9.579254,214.8231,214.1121,25,1.25486,-0.5345231,0.267142,1.901417,-2.345571,-0.1111063,1.239076,-0.5442454,0.2671546,-0.06920048,-0.6135786,-0.1008965,3
2014-02-24 18:47:11.300,4352,435.2,43.62942,3.952974,24.05553,11.92875,302.0798,9,5,1393264023,-0.900589,-0.6173553,0.7820282,-9.504034,-7.693655,-9.010056,212.0119,211.3009,25,1.026791,0.1031964,-0.8416473,1.938178,-2.345487,-0.125366,1.011008,0.09347416,-0.8416347,-0.01168937,-0.6792371,-0.139562,3
2014-02-24 18:47:11.557,4353,435.3,43.62942,3.952974,24.05553,11.92875,302.0798,9,5,1393264023,-0.900589,-0.6173553,0.7820282,-9.010965,-6.33452,-9.180813,214.4327,213.7217,25,0.7741788,0.4090496,-1.756217,1.967591,-2.338151,-0.1254291,1.159465,0.2340508,-1.265072,-0.1446081,-0.7470334,0.004030365,3
2014-02-24 18:47:11.663,4354,435.4,43.62942,3.952974,24.05553,11.92875,302.0798,9,5,1393264023,-0.8700867,-0.5276489,0.72612,-10.38059,-4.975393,-11.62838,222.0589,221.3479,25,0.01782241,0.5758716,-2.136985,2.001259,-2.328616,-0.1168046,0.7583957,0.3993274,-1.756204,-0.1792016,-0.7338945,0.09937249,3
2014-02-24 18:47:11.779,4355,435.5,43.62942,3.952974,24.05553,11.92875,302.0798,9,5,1393264023,-0.862793,-0.513443,0.6432037,-10.54495,-4.377374,-12.02682,224.9923,224.2813,25,-0.5026253,0.6216186,-2.151816,2.03069,-2.315999,-0.09304024,0.002039375,0.5661494,-2.136972,-0.1383151,-0.620555,0.05093203,3
2014-02-24 18:47:11.894,4356,435.6,43.6295,3.952868,23.56818,11.40252,316.6954,9,5,1393264024,-0.9098663,-0.513504,0.6280212,-9.942312,-4.105549,-12.76678,227.4922,226.7812,25,-0.8813944,0.5371282,-1.863699,2.053299,-2.302897,-0.05885995,-0.5184082,0.6118965,-2.151803,-0.1203094,-0.572269,-0.02407252,3
2014-02-24 18:47:11.993,4357,435.7,43.6295,3.952868,23.56818,11.40252,316.6954,9,5,1393264024,-0.9898834,-0.5529785,0.8546295,-10.38059,-3.996819,-11.74223,224.7543,224.0433,25,-1.016376,0.1838881,-1.400517,2.067754,-2.292472,-0.02184423,-0.8971774,0.527406,-1.863686,-0.168318,-0.5332713,-0.04915798,3
2014-02-24 18:47:12.080,4358,435.8,43.6295,3.952868,23.56818,11.40252,316.6954,9,5,1393264024,-0.982605,-0.5035553,0.9479828,-10.59973,-3.670627,-12.42527,226.5118,225.8008,25,-1.326004,0.02627528,-0.8259576,2.073724,-2.287737,0.01229897,-1.032159,0.174166,-1.400505,-0.1996369,-0.5184173,0.07789275,3
2014-02-24 18:47:12.210,4359,435.9,43.6295,3.952868,23.56818,11.40252,316.6954,9,5,1393264024,-0.9468842,-0.3604431,0.983429,-11.42151,-3.616262,-12.02682,225.3459,224.6349,25,-1.768849,0.1271159,-0.4030114,2.069369,-2.286081,0.04175016,-1.341786,0.01655326,-0.825945,-0.2538842,-0.5047555,0.2079136,3
2014-02-24 18:47:12.552,4360,436,43.6295,3.952868,23.56818,11.40252,316.6954,9,5,1393264024,-0.6333618,-0.01339722,0.6948395,-10.7093,-3.344437,-14.13287,231.9408,231.2298,25,-1.886346,0.5082233,-0.5392475,2.028367,-2.277358,0.09812136,-2.120479,0.3423501,-0.295802,-0.1899439,-0.2624791,0.3373296,3
2014-02-24 18:47:12.673,4361,436.1,43.6295,3.952868,23.56818,11.40252,316.6954,9,5,1393264024,-0.5509338,0.01101685,0.6009827,-10.54494,-3.724989,-14.07595,232.3416,231.6306,25,-1.24249,0.619063,-1.047965,2.004176,-2.266027,0.1286597,-1.902128,0.4985014,-0.5392349,-0.06470475,-0.07295838,0.2469488,3
2014-02-24 18:47:12.789,4362,436.2,43.6295,3.952868,23.56818,11.40252,316.6954,9,5,1393264024,-0.5509338,0.01101685,0.6009827,-11.31194,-3.833719,-14.64515,232.582,231.871,25,-0.3952293,0.675632,-1.594085,1.997931,-2.24277,0.1875127,-0.4110118,0.6659102,-1.594073,0.1753402,0.1997672,0.04447825,3
2014-02-24 18:47:12.999,4363,436.3,43.62959,3.952768,22.18821,11.32159,319.0042,9,5,1393264025,-0.448288,-0.05885315,0.5012512,-12.62678,-3.072611,-15.78356,239.028,238.317,25,0.8124987,0.7825936,-2.138408,2.055129,-2.227078,0.2374803,0.7967163,0.7728719,-2.138395,0.2695269,0.2078496,-0.04580898,3
2014-02-24 18:47:13.085,4364,436.4,43.62959,3.952768,22.18821,11.32159,319.0042,9,5,1393264025,-0.4372559,-0.1225739,0.4179688,-11.4763,-2.583322,-14.58823,239.9044,239.1934,25,0.9370891,0.8862651,-2.192186,2.094434,-2.220753,0.2591814,0.9213068,0.8765433,-2.192173,0.3212319,0.1974362,-0.08368888,3
2014-02-24 18:47:13.182,4365,436.5,43.62959,3.952768,22.18821,11.32159,319.0042,9,5,1393264025,-0.4544678,-0.152298,0.3907013,-11.75022,-2.963881,-15.66972,240.9971,240.2861,25,1.032541,0.8694071,-2.124238,2.134954,-2.21552,0.2801359,1.016759,0.8596854,-2.124225,0.330853,0.1539124,-0.1595814,3
2014-02-24 18:47:13.378,4366,436.6,43.62959,3.952768,22.18821,11.32159,319.0042,9,5,1393264025,-0.4709778,-0.1769104,0.3877716,-11.805,-3.561896,-15.49896,239.6888,238.9778,25,1.002024,0.7863694,-1.989986,2.174422,-2.211562,0.2995172,0.9862415,0.7766477,-1.989973,0.3114806,0.1427609,-0.1804934,3
2014-02-24 18:47:13.638,4367,436.7,43.62959,3.952768,22.18821,11.32159,319.0042,9,5,1393264025,-0.4956512,-0.1982117,0.3964081,-13.50334,-4.159914,-15.78356,239.1396,238.4286,25,0.9047821,0.6668646,-1.816134,2.211081,-2.209568,0.3173296,0.8889999,0.6571429,-1.816121,0.3025705,0.1449163,-0.1727655,3
2014-02-24 18:47:13.742,4368,436.8,43.62959,3.952768,22.18821,11.32159,319.0042,9,5,1393264025,-0.5583496,-0.2276459,0.4124756,-14.48948,-3.290071,-17.94653,245.2415,244.5305,25,0.7483498,0.4870293,-1.617626,2.243546,-2.209875,0.3338141,0.7325677,0.4773077,-1.617614,0.2745137,0.1401184,-0.1680388,3
2014-02-24 18:47:13.865,4369,436.9,43.62959,3.952768,22.18821,11.32159,319.0042,9,5,1393264025,-0.5583496,-0.2276459,0.4124756,-14.32512,-4.214278,-18.57264,244.1317,243.4207,25,0.3590325,0.1279827,-1.352739,2.271279,-2.212429,0.3491467,0.565247,0.2938098,-1.441464,0.2074961,0.1190431,-0.1663667,3
2014-02-24 18:47:13.965,4370,437,43.62959,3.952768,22.18821,11.32159,319.0042,9,5,1393264025,-0.6002502,-0.2454834,0.4355316,-14.16077,-4.594833,-18.85725,244.1835,243.4725,25,0.1039847,0.05163071,-1.300481,2.294657,-2.217364,0.3649636,0.3432505,0.1182612,-1.352727,0.1872374,0.1292694,-0.1502957,3
2014-02-24 18:47:14.062,4371,437.1,43.62959,3.952768,22.18821,11.32159,319.0042,9,5,1393264025,-0.656601,-0.2539062,0.4778748,-13.77727,-4.757934,-18.11729,244.692,243.981,25,-0.1229757,0.01985573,-1.228446,2.313619,-2.22299,0.3824206,0.08820279,0.04190922,-1.300469,0.1370945,0.1276839,-0.1275571,3
2014-02-24 18:47:14.149,4372,437.2,43.62967,3.952681,22.32635,11.55973,321.3129,9,5,1393264026,-0.7123413,-0.2511597,0.5444946,-14.27034,-4.92103,-17.60501,244.6404,243.9294,25,-0.227275,-0.04342045,-1.103307,2.328122,-2.228044,0.4017102,-0.1387576,0.01013429,-1.228433,0.07205353,0.1370868,-0.08443041,3
2014-02-24 18:47:14.281,4373,437.3,43.62967,3.952681,22.32635,11.55973,321.3129,9,5,1393264026,-0.8559113,-0.2928619,0.6796875,-14.65383,-5.519045,-18.11729,244.5437,243.8327,25,-0.4393643,-0.01065717,-1.054048,2.339098,-2.232778,0.4210725,-0.2430568,-0.05314185,-1.103295,0.06144504,0.137133,-0.05471801,3
2014-02-24 18:47:14.496,4374,437.4,43.62967,3.952681,22.32635,11.55973,321.3129,9,5,1393264026,-0.9437561,-0.3001709,0.7743225,-14.81819,-5.247219,-18.85725,244.5876,243.8766,25,-0.5431845,-0.05289224,-0.9912853,2.346603,-2.236429,0.4409592,-0.4551461,-0.02037854,-1.054035,-0.05047537,0.1525914,0.091938,3
2014-02-24 18:47:14.646,4375,437.5,43.62967,3.952681,22.32635,11.55973,321.3129,9,5,1393264026,-1.050354,-0.2800446,0.8792572,-14.48948,-5.355947,-17.26348,244.8919,244.1809,25,-0.6300962,-0.05053375,-0.8959481,2.350974,-2.238973,0.4620959,-0.5589662,-0.06261357,-0.9912726,-0.1876318,0.1510101,0.1608317,3
2014-02-24 18:47:14.751,4376,437.6,43.62967,3.952681,22.32635,11.55973,321.3129,9,5,1393264026,-1.185852,-0.3014984,0.9431915,-13.83206,-5.247219,-17.14964,246.9443,246.2333,25,-0.7226136,-0.01471556,-0.7212203,2.353164,-2.241304,0.4827375,-0.6458778,-0.06025506,-0.8959355,-0.249783,0.1640347,0.2239458,3
2014-02-24 18:47:14.838,4377,437.7,43.62967,3.952681,22.32635,11.55973,321.3129,9,5,1393264026,-1.281708,-0.3106232,1.039658,-14.21555,-5.301586,-17.66192,248.2538,247.5428,25,-0.5064976,-0.01592224,-0.5126657,2.351509,-2.241033,0.5027474,-0.7383952,-0.02443683,-0.7212076,-0.3636498,0.2017902,0.334948,3
2014-02-24 18:47:14.937,4378,437.8,43.62967,3.952681,22.32635,11.55973,321.3129,9,5,1393264026,-1.126236,-0.2006683,0.9996948,-15.09211,-5.410313,-17.20656,247.0424,246.3314,25,-0.3085152,0.1476923,-0.3692417,2.348924,-2.24019,0.5185753,-0.5222791,-0.02564346,-0.5126531,-0.5047553,0.1941449,0.4042621,3
2014-02-24 18:47:15.079,4379,437.9,43.62967,3.952681,22.32635,11.55973,321.3129,9,5,1393264026,-0.9435272,-0.1031952,0.8323669,-14.92776,-4.921023,-17.0358,246.5015,245.7905,25,-0.3705211,0.461267,-0.3576471,2.347945,-2.238591,0.5289389,-0.3242967,0.1379711,-0.369229,-0.60382,0.1939943,0.5050275,3
2014-02-24 18:47:15.151,4380,438,43.62967,3.952681,22.32635,11.55973,321.3129,9,5,1393264026,-0.9435272,-0.1031952,0.8323669,-15.1469,-4.594831,-17.0358,246.6054,245.8944,25,-0.4513488,0.8033566,-0.3054534,2.343206,-2.217467,0.5481555,-0.4671302,0.7936355,-0.3054408,-0.3601273,0.362865,0.4041876,3
2014-02-24 18:47:15.277,4381,438.1,43.62967,3.952681,22.32635,11.55973,321.3129,9,5,1393264026,-0.793335,-0.2262268,0.7062378,-13.6677,-4.757931,-18.11729,251.6763,250.9653,25,-0.2996003,0.8642917,-0.05941086,2.338458,-2.199053,0.5551818,-0.3153816,0.8545706,-0.05939824,-0.166482,0.4373609,0.2655696,3
2014-02-24 18:47:15.486,4382,438.2,43.62976,3.952599,22.42985,11.7984,323.2885,9,5,1393264027,-0.793335,-0.2262268,0.7062378,-13.83206,-4.594837,-18.17421,250.5857,249.8747,25,0.7394024,0.2214666,1.047833,2.334108,-2.182838,0.5520492,0.1335148,0.6468054,0.4584162,-0.1181395,0.4066658,0.247227,3
2014-02-24 18:47:15.610,4383,438.3,43.62976,3.952599,22.42985,11.7984,323.2885,9,5,1393264027,-0.9343872,-0.3836517,0.8481903,-13.83206,-5.355946,-16.58044,248.7429,248.0319,25,1.096908,-0.3229738,1.505881,2.333017,-2.17513,0.5336829,0.7236212,0.2117456,1.047846,-0.08488431,0.2824807,0.2170402,3
2014-02-24 18:47:15.788,4384,438.4,43.62976,3.952599,22.42985,11.7984,323.2885,9,5,1393264027,-1.096359,-0.3836365,0.8980103,-13.99641,-4.757934,-17.20657,251.1222,250.4112,25,0.4362577,-1.130739,1.763155,2.331487,-2.188924,0.4655783,0.987241,-0.8288174,1.778475,-0.25713,0.04079755,0.3748105,3
2014-02-24 18:47:15.987,4385,438.5,43.62976,3.952599,22.42985,11.7984,323.2885,9,5,1393264027,-0.9734039,-0.3097992,0.5936127,-13.55813,-4.975393,-16.86504,250.1433,249.4323,25,0.1940669,-1.238181,1.599989,2.302628,-2.219446,0.404859,0.01823083,-1.260366,1.612663,-0.3567561,0.0295093,0.2685336,3
2014-02-24 18:47:16.203,4386,438.6,43.62985,3.952515,22.89166,11.93344,324.4592,9,5,1393264028,-0.8059235,-0.2527924,0.5804901,-14.0512,-4.377374,-16.58044,252.2785,251.5675,25,1.003314,-0.8407325,2.049664,2.270236,-2.253146,0.350434,0.6551787,-1.217577,1.815446,-0.2444787,0.03350631,0.001321093,3
2014-02-24 18:47:16.365,4387,438.7,43.62985,3.952515,22.89166,11.93344,324.4592,9,5,1393264028,-0.7021332,-0.2525635,0.5231628,-13.55813,-5.084126,-16.86504,252.0946,251.3836,25,1.090811,-0.4223014,2.274004,2.259252,-2.26793,0.3112825,0.9875333,-0.8504533,2.049677,-0.1569091,0.07529216,-0.02591693,3
2014-02-24 18:47:16.562,4388,438.8,43.62985,3.952515,22.89166,11.93344,324.4592,9,5,1393264028,-0.6684113,-0.2333527,0.523407,-12.84593,-4.703564,-16.92196,251.881,251.17,25,1.253117,-0.2306684,2.412119,2.24731,-2.275362,0.2674252,1.07503,-0.4320222,2.274017,-0.07111268,0.01145672,-0.04419024,3
2014-02-24 18:47:16.650,4389,438.9,43.62985,3.952515,22.89166,11.93344,324.4592,9,5,1393264028,-0.6684113,-0.2333527,0.523407,-12.46243,-5.084123,-16.97888,251.7779,251.0669,25,1.410085,-0.03761422,2.449282,2.224027,-2.277447,0.1689574,1.394305,-0.04733487,2.449295,0.08545038,-0.06832607,-0.1263117,3
2014-02-24 18:47:16.752,4390,439,43.62985,3.952515,22.89166,11.93344,324.4592,9,5,1393264028,-0.5640411,-0.2727051,0.5102844,-12.79114,-4.431738,-16.63736,250.1039,249.3929,25,1.448491,0.0892159,2.39797,2.224027,-2.277447,0.1689574,1.394305,-0.04733487,2.449295,0.08545038,-0.06832607,-0.1263117,3
2014-02-24 18:47:16.872,4391,439.1,43.62985,3.952515,22.89166,11.93344,324.4592,9,5,1393264028,-0.5640411,-0.2727051,0.5102844,-14.48948,-4.051185,-16.35276,249.6163,248.9053,25,1.53242,0.09413955,2.365881,2.207253,-2.273014,0.0658514,1.516632,0.08441412,2.365892,0.191765,-0.2087934,-0.1391717,3
2014-02-24 18:47:16.955,4392,439.2,43.62994,3.952432,23.2772,12.07022,325.1726,9,5,1393264029,-0.5595398,-0.2918243,0.5016937,-12.84593,-3.616262,-17.605,252.7977,252.0867,25,1.627978,0.1291734,2.260878,2.201788,-2.270769,0.01427085,1.612189,0.119448,2.260889,0.2007408,-0.2584347,-0.1338467,3
2014-02-24 18:47:17.094,4393,439.3,43.62994,3.952432,23.2772,12.07022,325.1726,9,5,1393264029,-0.5548096,-0.3248138,0.5039368,-12.95549,-4.268641,-17.37732,250.7977,250.0867,25,1.750883,0.09622321,2.132165,2.199616,-2.268919,-0.03717575,1.735094,0.08649786,2.132176,0.2059813,-0.3289915,-0.1406426,3
2014-02-24 18:47:17.192,4394,439.4,43.62994,3.952432,23.2772,12.07022,325.1726,9,5,1393264029,-0.5796661,-0.3820953,0.5089569,-13.44856,-4.975393,-16.52352,247.5157,246.8047,25,1.806437,0.0137539,1.970441,2.200552,-2.268213,-0.08749349,1.790648,0.004028585,1.970453,0.2087624,-0.4121957,-0.1358462,3
2014-02-24 18:47:17.285,4395,439.5,43.62994,3.952432,23.2772,12.07022,325.1726,9,5,1393264029,-0.5691223,-0.3955231,0.480896,-13.39378,-5.464682,-16.35276,245.4207,244.7097,25,1.726978,-0.02141474,1.758862,2.203585,-2.268206,-0.1347408,1.711189,-0.03114003,1.758873,0.1871122,-0.4806622,-0.1266629,3
2014-02-24 18:47:17.552,4396,439.6,43.62994,3.952432,23.2772,12.07022,325.1726,9,5,1393264029,-0.5737915,-0.4026031,0.4506683,-14.37991,-4.051182,-17.26348,251.4975,250.7865,25,1.536941,-0.04741146,1.525015,2.207192,-2.268422,-0.1767986,1.521153,-0.0571367,1.525027,0.1679822,-0.5697846,-0.1214608,3
2014-02-24 18:47:17.663,4397,439.7,43.62994,3.952432,23.2772,12.07022,325.1726,9,5,1393264029,-0.5737915,-0.4026031,0.4506683,-13.83206,-4.486104,-17.60501,250.2007,249.4897,25,1.185805,-0.2355747,1.151603,2.210443,-2.269959,-0.2138411,1.346697,-0.1516592,1.353,0.1606983,-0.6092334,-0.1375093,3
2014-02-24 18:47:17.759,4398,439.8,43.62994,3.952432,23.2772,12.07022,325.1726,9,5,1393264029,-0.6238251,-0.4641113,0.4817352,-12.35286,-4.975393,-17.09273,248.7903,248.0793,25,1.185805,-0.2355747,1.151603,2.213496,-2.27381,-0.2466268,1.170017,-0.2452999,1.151615,0.1660218,-0.6467374,-0.1762884,3
2014-02-24 18:47:17.866,4399,439.9,43.62994,3.952432,23.2772,12.07022,325.1726,9,5,1393264029,-0.6238251,-0.4641113,0.4817352,-12.62679,-4.92103,-17.83269,249.7189,249.0079,25,0.6234362,-0.08857834,0.3716891,2.215985,-2.2771,-0.2714789,0.8393363,-0.1724768,0.7957955,0.1080559,-0.7039169,-0.08814651,3
2014-02-24 18:47:17.966,4400,440,43.62994,3.952432,23.2772,12.07022,325.1726,9,5,1393264029,-0.6194305,-0.4431152,0.5021057,-12.572,-4.323011,-17.43424,251.2194,250.5084,25,0.5057881,-0.001893774,-0.157012,2.219385,-2.278483,-0.2871854,0.607648,-0.09830343,0.3717007,0.1049222,-0.7473654,-0.1417185,3
2014-02-24 18:47:18.080,4401,440.1,43.62994,3.952432,23.2772,12.07022,325.1726,9,5,1393264029,-0.6766968,-0.4554443,0.5493469,-12.51722,-5.573408,-16.23892,246.7219,246.0109,25,0.500551,-0.00193958,-0.7260187,2.226421,-2.27745,-0.2943643,0.4899999,-0.01161883,-0.1570005,0.1083949,-0.7332468,-0.1192588,3
2014-02-24 18:47:18.165,4402,440.2,43.62994,3.952432,23.2772,12.07022,325.1726,9,5,1393264029,-0.7518616,-0.4792938,0.6052246,-13.55813,-6.606348,-15.95432,243.1142,242.4032,25,0.4694048,0.04995611,-1.294608,2.23963,-2.273225,-0.292685,0.4847629,-0.01166461,-0.7260072,0.07436707,-0.7338519,-0.1247008,3
2014-02-24 18:47:18.339,4403,440.3,43.63004,3.952346,23.20274,12.62317,325.916,9,5,1393264030,-0.7908325,-0.4922638,0.6243591,-15.03733,-4.812293,-17.83269,250.5952,249.8842,25,0.2834674,0.02343156,-1.882689,2.260449,-2.266973,-0.2830446,0.4536167,0.04023112,-1.294597,0.02682277,-0.7416827,-0.02676713,3
2014-02-24 18:47:18.558,4404,440.4,43.63004,3.952346,23.20274,12.62317,325.916,9,5,1393264030,-0.8438721,-0.5049286,0.6374969,-13.88684,-4.975393,-16.06816,248.8933,248.1823,25,-0.00173718,-0.005307147,-2.368469,2.28623,-2.25969,-0.2632079,0.2676794,0.01370661,-1.882678,-0.02737151,-0.7528703,0.006890973,3
2014-02-24 18:47:18.662,4405,440.5,43.63004,3.952346,23.20274,12.62317,325.916,9,5,1393264030,-0.8844147,-0.4509735,0.6639404,-13.55813,-4.105549,-16.63736,248.6944,247.9834,25,-0.4667022,-0.04317144,-2.688131,2.314377,-2.252705,-0.2326667,-0.01752512,-0.01503208,-2.368457,-0.03538071,-0.722837,0.0110659,3
2014-02-24 18:47:18.770,4406,440.6,43.63004,3.952346,23.20274,12.62317,325.916,9,5,1393264030,-0.945282,-0.4343567,0.7021332,-13.61292,-5.029757,-16.92196,249.417,248.706,25,-1.088316,-0.1134922,-2.804862,2.340976,-2.247855,-0.1918967,-0.4824901,-0.05289632,-2.68812,-0.07876024,-0.6956497,0.02249341,3
2014-02-24 18:47:18.877,4407,440.7,43.63004,3.952346,23.20274,12.62317,325.916,9,5,1393264030,-1.007065,-0.4373169,0.7892303,-13.28421,-4.377374,-17.49117,251.2362,250.5252,25,-1.656019,-0.1988604,-2.586591,2.361153,-2.246192,-0.1413404,-1.104104,-0.123217,-2.80485,-0.1117374,-0.5918438,0.04496918,3
2014-02-24 18:47:18.979,4408,440.8,43.63004,3.952346,23.20274,12.62317,325.916,9,5,1393264030,-1.053909,-0.4102325,0.9406281,-13.61292,-4.268641,-17.14964,251.2518,250.5408,25,-2.004123,-0.2614308,-2.137678,2.371161,-2.248349,-0.08517838,-1.671807,-0.2085852,-2.58658,-0.1689973,-0.5194321,0.0775179,3
2014-02-24 18:47:19.100,4409,440.9,43.63015,3.952261,23.24805,12.75501,325.9282,9,5,1393264031,-1.053909,-0.4102325,0.9406281,-13.17464,-3.507529,-17.49117,251.2909,250.5799,25,-2.161688,-0.2237796,-1.528371,2.36066,-2.25801,0.02125594,-2.177475,-0.2335043,-1.528359,-0.2798316,-0.4194958,0.228596,3
2014-02-24 18:47:19.191,4410,441,43.63015,3.952261,23.24805,12.75501,325.9282,9,5,1393264031,-1.052246,-0.2292938,1.13147,-13.11985,-3.779352,-17.09272,251.3641,250.6531,25,-2.332856,-0.05605847,-1.082351,2.342453,-2.259536,0.06577659,-2.348644,-0.06578317,-1.08234,-0.3173144,-0.2210598,0.4377852,3
2014-02-24 18:47:19.296,4411,441.1,43.63015,3.952261,23.24805,12.75501,325.9282,9,5,1393264031,-0.9259186,-0.06890869,1.075165,-13.44856,-3.670627,-16.40968,251.3804,250.6694,25,-2.506654,0.2270398,-1.08913,2.319685,-2.256018,0.1096694,-2.522441,0.2173152,-1.089118,-0.2826188,-0.1198441,0.5024272,3
2014-02-24 18:47:19.548,4412,441.2,43.63015,3.952261,23.24805,12.75501,325.9282,9,5,1393264031,-0.784729,0.01806641,0.8508606,-13.28421,-3.724992,-15.8974,250.2545,249.5435,25,-2.65933,0.6208857,-1.44168,2.296355,-2.243969,0.159458,-2.675118,0.6111611,-1.441669,-0.1539903,0.08987436,0.4596044,3
2014-02-24 18:47:19.635,4413,441.3,43.63015,3.952261,23.24805,12.75501,325.9282,9,5,1393264031,-0.6635284,0.03512573,0.6902313,-14.32512,-3.561899,-15.6128,247.7647,247.0537,25,-2.320354,0.8004929,-1.844899,2.278844,-2.226887,0.2131906,-2.336141,0.7907684,-1.844887,-0.01028471,0.2296458,0.2546474,3
2014-02-24 18:47:19.760,4414,441.4,43.63015,3.952261,23.24805,12.75501,325.9282,9,5,1393264031,-0.6069183,-0.002593994,0.6131287,-14.21555,-3.126973,-16.06816,247.949,247.238,25,-0.9178864,0.8385314,-2.265847,2.273407,-2.210583,0.2646484,-1.606599,0.8122234,-2.132539,0.06221143,0.2922401,0.1778354,3
2014-02-24 18:47:19.868,4415,441.5,43.63015,3.952261,23.24805,12.75501,325.9282,9,5,1393264031,-0.561676,-0.02130127,0.5162506,-13.44856,-3.018241,-16.7512,248.0649,247.3539,25,-0.5500442,0.928611,-2.269059,2.28078,-2.197489,0.3106991,-0.9336737,0.8288069,-2.265836,0.1531484,0.3453819,0.0747747,3
2014-02-24 18:47:19.974,4416,441.6,43.63015,3.952261,23.24805,12.75501,325.9282,9,5,1393264031,-0.5346832,-0.04032898,0.451355,-13.55813,-3.888092,-16.06816,249.4631,248.7521,25,-0.2978216,1.037076,-2.129268,2.295918,-2.186028,0.3530563,-0.5658314,0.9188865,-2.269047,0.1851695,0.3252594,0.02323976,3
2014-02-24 18:47:20.067,4417,441.7,43.63015,3.952261,23.24805,12.75501,325.9282,9,5,1393264031,-0.5106659,-0.0642395,0.3942871,-13.11985,-3.235707,-16.52353,251.7082,250.9972,25,-0.04481567,1.097309,-1.926824,2.314403,-2.174085,0.3906752,-0.3136087,1.027351,-2.129257,0.2081891,0.352111,-0.04232055,3
2014-02-24 18:47:20.194,4418,441.8,43.63025,3.952168,23.65965,12.84403,326.8507,9,5,1393264032,-0.5082855,-0.1163635,0.3644562,-12.24329,-3.018241,-18.00344,253.6341,252.9231,25,0.2292327,1.072678,-1.72687,2.33455,-2.162232,0.4233948,-0.06060278,1.087585,-1.926813,0.2221561,0.3705288,-0.05696594,3
2014-02-24 18:47:20.294,4419,441.9,43.63025,3.952168,23.65965,12.84403,326.8507,9,5,1393264032,-0.5353546,-0.1607208,0.3566589,-11.0928,-3.507529,-17.83268,252.519,251.808,25,0.4922667,0.9720554,-1.522759,2.35686,-2.151523,0.4502273,0.2134456,1.062954,-1.726858,0.2420832,0.3709307,-0.09967211,3
2014-02-24 18:47:20.488,4420,442,43.63025,3.952168,23.65965,12.84403,326.8507,9,5,1393264032,-0.5353546,-0.1607208,0.3566589,-10.92844,-4.649203,-17.77577,248.9749,248.2639,25,0.650679,0.8446189,-1.311181,2.407601,-2.139391,0.4872454,0.634892,0.8348945,-1.311169,0.2207761,0.3291708,-0.1162286,3
2014-02-24 18:47:20.643,4421,442.1,43.63025,3.952168,23.65965,12.84403,326.8507,9,5,1393264032,-0.6503296,-0.2533264,0.4398804,-10.76409,-5.029757,-16.35276,247.0467,246.3357,25,0.7881868,0.6479505,-1.090915,2.407601,-2.139391,0.4872454,0.634892,0.8348945,-1.311169,0.2207761,0.3291708,-0.1162286,3
2014-02-24 18:47:20.722,4422,442.2,43.63025,3.952168,23.65965,12.84403,326.8507,9,5,1393264032,-0.6503296,-0.2533264,0.4398804,-10.7093,-4.649203,-16.06816,247.6525,246.9415,25,0.6760435,0.5023484,-1.04834,2.458827,-2.140439,0.5078443,0.6602567,0.4926241,-1.048329,0.1080249,0.2633027,-0.04694824,3
2014-02-24 18:47:20.841,4423,442.3,43.63025,3.952168,23.65965,12.84403,326.8507,9,5,1393264032,-0.7069855,-0.2828827,0.4521332,-10.65452,-4.486104,-16.80812,247.6457,246.9347,25,0.4160752,0.4248245,-0.9961178,2.479539,-2.142132,0.5187225,0.4002885,0.4151003,-0.9961063,0.08019532,0.2424446,-0.0297412,3
2014-02-24 18:47:20.922,4424,442.4,43.63025,3.952168,23.65965,12.84403,326.8507,9,5,1393264032,-0.8231659,-0.3479462,0.4766235,-10.43538,-5.138487,-16.69428,247.5913,246.8803,25,0.1293082,0.3434303,-0.9769623,2.494869,-2.143023,0.5321533,0.1135215,0.3337062,-0.9769507,0.01745715,0.2245074,-0.0144911,3
2014-02-24 18:47:21.062,4425,442.5,43.63036,3.952079,23.63817,12.95845,326.5721,9,5,1393264033,-0.931839,-0.3618469,0.5613098,-12.29807,-4.377374,-16.80812,247.5624,246.8514,25,-0.003260508,0.2210378,-0.8468261,2.505902,-2.143724,0.5461226,-0.01904713,0.2113137,-0.8468145,-0.1050768,0.1714315,0.01337969,3
2014-02-24 18:47:21.154,4426,442.6,43.63036,3.952079,23.63817,12.95845,326.5721,9,5,1393264033,-1.014832,-0.3661804,0.6686249,-13.83206,-3.833722,-17.37733,247.6219,246.9109,25,-0.09701043,0.1594914,-0.6570826,2.513135,-2.144384,0.5583212,-0.112797,0.1497673,-0.657071,-0.1590517,0.1761864,0.05292322,3
2014-02-24 18:47:21.278,4427,442.7,43.63036,3.952079,23.63817,12.95845,326.5721,9,5,1393264033,-1.114746,-0.3097229,0.853363,-14.81819,-3.072608,-17.71885,247.723,247.012,25,-0.1450331,0.08459638,-0.3377277,2.515953,-2.144085,0.5670861,-0.1608196,0.07487232,-0.3377162,-0.2584392,0.1644501,0.1473771,3
2014-02-24 18:47:21.496,4428,442.8,43.63036,3.952079,23.63817,12.95845,326.5721,9,5,1393264033,-1.114746,-0.3097229,0.853363,-14.87298,-3.453167,-17.43424,248.048,247.3371,25,-0.4628835,0.1404937,0.1560706,2.514038,-2.14314,0.5710227,-0.1929844,-0.03712154,0.004441706,-0.3149199,0.2138326,0.2769581,3
2014-02-24 18:47:21.685,4429,442.9,43.63036,3.952079,23.63817,12.95845,326.5721,9,5,1393264033,-1.173935,-0.2322998,1.030594,-14.37991,-3.724992,-17.37732,249.9827,249.2717,25,-0.1928288,0.3754492,0.5059577,2.49284,-2.125797,0.5744205,-0.5207164,0.2699735,0.3126893,-0.4435919,0.2942792,0.5290471,3
2014-02-24 18:47:21.823,4430,443,43.63036,3.952079,23.63817,12.95845,326.5721,9,5,1393264033,-1.154999,-0.2403717,1.075745,-15.42082,-4.323009,-16.40968,246.618,245.907,25,0.228304,0.5335678,0.597616,2.48125,-2.113431,0.5708356,-0.2086151,0.3657253,0.5059693,-0.4533587,0.3080356,0.5960739,3
2014-02-24 18:47:21.930,4431,443.1,43.63036,3.952079,23.63817,12.95845,326.5721,9,5,1393264033,-1.067429,-0.2513123,1.073898,-15.69476,-3.507529,-15.55588,247.9792,247.2682,25,0.5677273,0.7186365,0.5943776,2.475728,-2.101968,0.5611084,0.2125178,0.5238439,0.5976276,-0.4249916,0.2917532,0.646871,3
2014-02-24 18:47:22.048,4432,443.2,43.63036,3.952079,23.63817,12.95845,326.5721,9,5,1393264033,-0.9005737,-0.235672,0.9957275,-15.74954,-3.779359,-16.40968,249.2903,248.5793,25,0.5497044,0.9773106,0.501351,2.477381,-2.09085,0.5474343,0.5519412,0.7089126,0.5943891,-0.3765933,0.2624263,0.6666351,3
2014-02-24 18:47:22.134,4433,443.3,43.63036,3.952079,23.63817,12.95845,326.5721,9,5,1393264033,-0.7396545,-0.223938,0.7741547,-15.91389,-3.290073,-17.14964,252.0561,251.3451,25,0.4347166,1.074324,0.5544355,2.482657,-2.077468,0.5334108,0.5339183,0.9675868,0.5013626,-0.2440984,0.2583817,0.6314915,3
2014-02-24 18:47:22.271,4434,443.4,43.63046,3.951998,23.88048,12.58777,326.9702,9,5,1393264034,-0.6358185,-0.2696228,0.7132721,-13.99641,-3.779359,-17.20656,251.9353,251.2243,25,0.6282181,0.8594418,0.8528417,2.485892,-2.059752,0.5208932,0.4189306,1.0646,0.5544471,-0.05124655,0.2696582,0.5287631,3
2014-02-24 18:47:22.487,4435,443.5,43.63046,3.951998,23.88048,12.58777,326.9702,9,5,1393264034,-0.7323151,-0.3659515,0.7509003,-16.51653,-3.453167,-16.29584,251.242,250.531,25,1.016624,0.3920842,1.282279,2.488457,-2.04326,0.5045713,0.6124241,0.8497133,0.8528523,0.1428105,0.244922,0.3371034,3
2014-02-24 18:47:22.707,4436,443.6,43.63046,3.951998,23.88048,12.58777,326.9702,9,5,1393264034,-0.9939117,-0.5440826,0.8291779,-16.95481,-4.105549,-17.8896,250.0568,249.3458,25,1.537597,-0.7678021,2.009506,2.50222,-2.03822,0.4437513,1.306547,-0.2111347,1.608931,0.07395374,0.06337892,0.3439531,3
2014-02-24 18:47:22.821,4437,443.7,43.63046,3.951998,23.88048,12.58777,326.9702,9,5,1393264034,-1.06694,-0.5007629,0.7977753,-16.84524,-4.105549,-18.23113,250.5558,249.8448,25,1.400918,-1.309806,2.255144,2.511351,-2.052767,0.4005251,1.521803,-0.7775305,2.009517,-0.04618138,-0.1143705,0.3820885,3
2014-02-24 18:47:23.027,4438,443.8,43.63046,3.951998,23.88048,12.58777,326.9702,9,5,1393264034,-0.8839111,-0.4017487,0.4373169,-16.40696,-4.757928,-16.7512,248.9428,248.2318,25,0.1179421,-1.18783,1.87562,2.514054,-2.097853,0.3063914,0.7921055,-1.308416,2.089807,-0.2227436,-0.2123418,0.3487724,3
2014-02-24 18:47:23.231,4439,443.9,43.63055,3.951921,22.51517,12.07566,326.6371,9,5,1393264035,-0.750351,-0.3119965,0.4323425,-16.90002,-4.051182,-18.17421,249.1791,248.4681,25,0.3774077,-1.159468,2.19692,2.463142,-2.150715,0.2077368,0.3616142,-1.169196,2.196931,-0.06538855,-0.1955027,-0.09885789,3
2014-02-24 18:47:23.641,4440,444,43.63055,3.951921,22.51517,12.07566,326.6371,9,5,1393264035,-0.7524414,-0.2522888,0.5411072,-16.18782,-5.627775,-17.66192,249.02,248.309,25,0.7445911,-1.061874,2.425905,2.448242,-2.168544,0.1649557,0.7287976,-1.071602,2.425915,0.06503371,-0.1477879,-0.1228001,3
2014-02-24 18:47:23.783,4441,444.1,43.63055,3.951921,22.51517,12.07566,326.6371,9,5,1393264035,-0.6303864,-0.2223511,0.5042725,-18.26965,-5.08412,-16.7512,250.0474,249.3364,25,0.7676871,-0.8168935,2.423736,2.433821,-2.183641,0.1195686,0.7518937,-0.8266217,2.423746,0.05973341,-0.1330049,-0.0299825,3
2014-02-24 18:47:24.021,4442,444.2,43.63063,3.951858,22.79868,11.74828,326.1787,9,5,1393264036,-0.5173645,-0.2781372,0.4542847,-15.31125,-5.953964,-16.63736,248.3539,247.6429,25,1.011902,-0.4647996,1.995634,2.41125,-2.20423,0.03492074,0.9961092,-0.4745277,1.995645,0.1692015,-0.1874069,-0.09906246,3
2014-02-24 18:47:24.118,4443,444.3,43.63063,3.951858,22.79868,11.74828,326.1787,9,5,1393264036,-0.5173645,-0.2781372,0.4542847,-15.53039,-5.301584,-18.11729,252.1101,251.3991,25,1.136961,-0.2485366,1.563022,2.406507,-2.211415,-0.004830056,1.082561,-0.354254,1.786488,0.2332966,-0.2478262,-0.1315588,3
2014-02-24 18:47:24.289,4444,444.4,43.63063,3.951858,22.79868,11.74828,326.1787,9,5,1393264036,-0.5082092,-0.3038483,0.3756104,-16.79046,-5.355946,-17.94653,249.991,249.28,25,1.186863,-0.184454,1.165192,2.405023,-2.220615,-0.0752882,1.115604,-0.1797215,1.326417,0.2644886,-0.3432988,-0.1755784,3
2014-02-24 18:47:24.616,4445,444.5,43.63063,3.951858,22.79868,11.74828,326.1787,9,5,1393264036,-0.4954071,-0.3321991,0.3583984,-17.94094,-4.214278,-16.97889,250.702,249.991,25,1.217113,-0.22455,1.082583,2.408318,-2.223885,-0.1063185,1.17107,-0.1941819,1.165202,0.2815173,-0.4099666,-0.2286007,3
2014-02-24 18:47:24.800,4446,444.6,43.63063,3.951858,22.79868,11.74828,326.1787,9,5,1393264036,-0.5625305,-0.3513336,0.3996887,-17.66702,-4.703564,-17.94653,249.033,248.322,25,1.091424,-0.2866318,0.809821,2.419152,-2.231327,-0.1649947,1.182344,-0.2736138,1.000678,0.2598537,-0.5177932,-0.2362158,3
2014-02-24 18:47:24.940,4447,444.7,43.63063,3.951858,22.79868,11.74828,326.1787,9,5,1393264036,-0.5775604,-0.4008179,0.410614,-17.22874,-5.355947,-18.06037,247.7617,247.0507,25,0.8917579,-0.2348021,0.5375822,2.425503,-2.235558,-0.1909361,1.075631,-0.2963596,0.8098316,0.2304633,-0.5437057,-0.2213226,3
2014-02-24 18:47:25.078,4448,444.8,43.6307,3.951786,26.7296,11.19614,325.4017,9,5,1393264037,-0.6651764,-0.4503479,0.4645844,-16.73567,-6.171425,-17.20657,244.3366,243.6256,25,0.7269082,-0.202306,0.2236352,2.432219,-2.238949,-0.2114907,0.8759651,-0.2445299,0.5375929,0.1935338,-0.5899378,-0.2030382,3
2014-02-24 18:47:25.211,4449,444.9,43.6307,3.951786,26.7296,11.19614,325.4017,9,5,1393264037,-0.6774597,-0.4878845,0.474472,-17.50266,-5.845238,-16.86504,244.6484,243.9374,25,0.5979308,-0.08707738,-0.1259678,2.439766,-2.241537,-0.2253808,0.7111155,-0.2120337,0.2236459,0.1859891,-0.6242954,-0.1952324,3
2014-02-24 18:47:25.366,4450,445,43.6307,3.951786,26.7296,11.19614,325.4017,9,5,1393264037,-0.7142029,-0.521637,0.5240326,-17.83138,-5.736506,-17.09272,244.6895,243.9785,25,0.3909885,0.04941602,-0.5762417,2.449137,-2.242627,-0.2333183,0.5821381,-0.09680507,-0.1259571,0.09630009,-0.681555,-0.1409706,3
2014-02-24 18:47:25.571,4451,445.1,43.6307,3.951786,26.7296,11.19614,325.4017,9,5,1393264037,-0.6554565,-0.4775238,0.5975342,-16.13303,-6.660713,-16.80812,243.1063,242.3953,25,0.2248073,0.2313544,-1.052376,2.460582,-2.240083,-0.2323211,0.3751959,0.03968838,-0.5762311,0.08573508,-0.7181214,-0.1292867,3
2014-02-24 18:47:25.652,4452,445.2,43.6307,3.951786,26.7296,11.19614,325.4017,9,5,1393264037,-0.8188934,-0.437027,0.7250671,-17.06438,-7.693651,-15.84048,239.6547,238.9437,25,-0.1173583,0.2851683,-1.506661,2.475213,-2.233754,-0.2230496,0.2090147,0.2216268,-1.052365,0.05444704,-0.7428417,-0.07617219,3
2014-02-24 18:47:25.794,4453,445.3,43.6307,3.951786,26.7296,11.19614,325.4017,9,5,1393264037,-0.8188934,-0.437027,0.7250671,-16.84524,-7.041267,-16.86504,239.6762,238.9652,25,-0.2348474,0.1273316,-1.71389,2.505824,-2.218668,-0.1749996,-0.2506398,0.1176041,-1.713879,-0.01757323,-0.6418049,0.07757137,3
2014-02-24 18:47:25.903,4454,445.4,43.6307,3.951786,26.7296,11.19614,325.4017,9,5,1393264037,-0.8774414,-0.3660736,0.8330994,-17.7218,-6.823807,-16.97888,239.7637,239.0527,25,-0.4196055,0.1429899,-1.846032,2.520817,-2.213285,-0.1444646,-0.4353979,0.1332624,-1.846021,-0.08070349,-0.5603902,0.1908347,3
2014-02-24 18:47:26.061,4455,445.5,43.63078,3.951713,23.33128,10.77478,324.0344,9,5,1393264038,-0.9182587,-0.3177032,0.7727814,-17.99573,-7.095638,-18.17421,240.1624,239.4514,25,-0.7479277,0.1356345,-2.02508,2.533058,-2.209026,-0.1081666,-0.76372,0.1259071,-2.025069,-0.07898367,-0.4740295,0.2408065,3
2014-02-24 18:47:26.147,4456,445.6,43.63078,3.951713,23.33128,10.77478,324.0344,9,5,1393264038,-0.8692627,-0.2541962,0.7397156,-17.0096,-7.204369,-16.92196,240.439,239.728,25,-0.9973109,0.1683256,-2.233088,2.543119,-2.205247,-0.06574439,-1.013103,0.1585982,-2.233078,-0.1146014,-0.3834003,0.1813265,3
2014-02-24 18:47:26.280,4457,445.7,43.63078,3.951713,23.33128,10.77478,324.0344,9,5,1393264038,-0.8721619,-0.2620697,0.7485199,-17.17395,-6.823812,-16.06816,240.5242,239.8132,25,-1.145472,0.1063874,-2.466182,2.552927,-2.202815,-0.01759298,-1.161264,0.09666004,-2.466172,-0.06255092,-0.2717882,0.1490324,3
2014-02-24 18:47:26.485,4458,445.8,43.63078,3.951713,23.33128,10.77478,324.0344,9,5,1393264038,-1.019836,-0.3406372,0.8741913,-18.43401,-8.182943,-16.35276,240.4508,239.7398,25,-1.160044,-0.06032646,-2.464695,2.56249,-2.202814,0.03282819,-1.175837,-0.07005382,-2.464684,-0.06313477,-0.206466,0.1423327,3
2014-02-24 18:47:26.621,4459,445.9,43.63078,3.951713,23.33128,10.77478,324.0344,9,5,1393264038,-1.127975,-0.4039154,1.031418,-19.201,-7.639288,-15.78356,240.387,239.676,25,-1.010973,-0.207497,-2.160338,2.571347,-2.206308,0.07924974,-1.026765,-0.2172243,-2.160328,-0.1375772,-0.2220112,0.1962985,3
2014-02-24 18:47:26.781,4460,446,43.63078,3.951713,23.33128,10.77478,324.0344,9,5,1393264038,-1.17041,-0.3226318,1.102493,-18.37922,-7.584925,-15.0436,240.1958,239.4848,25,-0.9301785,-0.2844163,-1.792802,2.578499,-2.211977,0.1188086,-0.9459705,-0.2941436,-1.792792,-0.2455036,-0.2740335,0.3447649,3
2014-02-24 18:47:26.866,4461,446.1,43.63078,3.951713,23.33128,10.77478,324.0344,9,5,1393264038,-1.17041,-0.3226318,1.102493,-17.28352,-7.584925,-15.38512,240.0506,239.3396,25,-1.429449,0.1383707,-1.592911,2.581967,-2.217016,0.1548745,-1.126167,-0.1545433,-1.595284,-0.3571706,-0.2326915,0.5180568,3
2014-02-24 18:47:26.970,4462,446.2,43.63078,3.951713,23.33128,10.77478,324.0344,9,5,1393264038,-1.056519,-0.1450348,1.043991,-16.90002,-6.117062,-16.35276,244.2277,243.5167,25,-1.472395,0.3687804,-1.795001,2.579605,-2.216208,0.1932466,-1.445241,0.1286435,-1.592901,-0.3864282,-0.1305858,0.5121624,3
2014-02-24 18:47:27.109,4463,446.3,43.63086,3.951621,19.5752,10.39042,322.4799,9,5,1393264039,-0.8401642,0.01557922,0.7458801,-17.77659,-7.421825,-14.75899,235.7557,235.0447,25,-0.9030969,0.4096522,-2.051534,2.576064,-2.209919,0.2357378,-1.488187,0.3590533,-1.79499,-0.2760977,0.08852567,0.4639972,3
2014-02-24 18:47:27.287,4464,446.4,43.63086,3.951621,19.5752,10.39042,322.4799,9,5,1393264039,-0.5988007,0.001983643,0.5848846,-18.65315,-6.117062,-15.21436,240.619,239.908,25,1.060189,0.4896557,-2.441697,2.600354,-2.200133,0.3148808,0.03807896,0.5240995,-2.327435,0.06469152,0.3967392,0.1511622,3
2014-02-24 18:47:27.553,4465,446.5,43.63086,3.951621,19.5752,10.39042,322.4799,9,5,1393264039,-0.5666656,-0.07391357,0.5351257,-17.11917,-6.551985,-15.3282,240.2991,239.5881,25,1.535257,0.6099033,-2.31865,2.639802,-2.204844,0.3432784,1.044397,0.4799287,-2.441686,0.1009484,0.3658424,0.03396547,3
2014-02-24 18:47:27.666,4466,446.6,43.63086,3.951621,19.5752,10.39042,322.4799,9,5,1393264039,-0.532196,-0.1472626,0.4336548,-16.68089,-6.443251,-15.10052,240.5909,239.8799,25,1.751995,0.7247702,-2.052567,2.689705,-2.211648,0.3637619,1.519466,0.6001763,-2.31864,0.161458,0.3184085,-0.003656616,3
2014-02-24 18:47:27.749,4467,446.7,43.63086,3.951621,19.5752,10.39042,322.4799,9,5,1393264039,-0.5160828,-0.1769409,0.3804169,-16.79045,-6.443254,-14.18979,239.0416,238.3306,25,1.776409,0.8294588,-1.740135,2.742273,-2.218148,0.3772023,1.736204,0.7150432,-2.052556,0.1749396,0.2944073,-0.02555366,3
2014-02-24 18:47:27.895,4468,446.8,43.63094,3.951532,23.31773,10.38594,321.0205,9,5,1393264040,-0.5068817,-0.1773071,0.3571167,-17.22874,-6.225796,-14.87283,241.0183,240.3073,25,1.75882,0.8603238,-1.548215,2.792869,-2.222247,0.3848492,1.760617,0.8197319,-1.740124,0.2048437,0.2281568,-0.1283352,3
2014-02-24 18:47:27.996,4469,446.9,43.63094,3.951532,23.31773,10.38594,321.0205,9,5,1393264040,-0.5068817,-0.1773071,0.3571167,-16.95481,-5.736506,-14.13287,241.7746,241.0636,25,1.675698,0.8184648,-1.458276,2.885992,-2.226441,0.3916593,1.659907,0.8087379,-1.458265,0.2247743,0.1975643,-0.1887792,3
2014-02-24 18:47:28.088,4470,447,43.63094,3.951532,23.31773,10.38594,321.0205,9,5,1393264040,-0.5113373,-0.1992493,0.3464966,-16.57132,-6.334524,-14.30363,239.0344,238.3234,25,1.498744,0.7115857,-1.471837,2.885992,-2.226441,0.3916593,1.659907,0.8087379,-1.458265,0.2247743,0.1975643,-0.1887792,3
2014-02-24 18:47:28.378,4471,447.1,43.63094,3.951532,23.31773,10.38594,321.0205,9,5,1393264040,-0.7960358,-0.3290253,0.5558014,-16.18782,-7.476192,-15.04359,237.7483,237.0373,25,0.2747285,0.134745,-1.27619,3.12636,-2.274697,0.4435965,0.2589375,0.1250184,-1.27618,-0.01859689,0.1483984,-0.116829,3
2014-02-24 18:47:28.565,4472,447.2,43.63094,3.951532,23.31773,10.38594,321.0205,9,5,1393264040,-0.9584961,-0.3060608,0.6064148,-16.2426,-7.204369,-14.30363,238.7729,238.0619,25,-0.08243469,0.1651352,-1.242378,-3.139508,-2.279433,0.4612677,-0.09822559,0.1554086,-1.242368,-0.08667091,0.1208954,-0.09299143,3
2014-02-24 18:47:28.675,4473,447.3,43.63094,3.951532,23.31773,10.38594,321.0205,9,5,1393264040,-0.8630524,-0.2193604,0.7483215,-16.35217,-6.443254,-14.41747,241.552,240.841,25,-0.4097132,0.2226576,-1.104138,-3.128671,-2.280764,0.4814209,-0.425504,0.212931,-1.104127,-0.2168243,0.1473957,0.02373218,3
2014-02-24 18:47:28.785,4474,447.4,43.63094,3.951532,23.31773,10.38594,321.0205,9,5,1393264040,-0.8630524,-0.2193604,0.7483215,-16.02346,-6.334524,-15.21436,242.6283,241.9173,25,-0.5569104,0.02319453,-0.6754203,-3.121295,-2.280758,0.5022218,-0.5296693,0.1913974,-1.002858,-0.221966,0.1996054,0.1664609,3
2014-02-24 18:47:28.866,4475,447.5,43.63094,3.951532,23.31773,10.38594,321.0205,9,5,1393264040,-1.049164,-0.4051666,0.9650269,-16.84524,-6.062695,-15.84048,242.6809,241.9699,25,-0.2794213,-0.2038005,-0.4136291,-3.121003,-2.276698,0.5201104,-0.5727089,0.01346334,-0.6754103,-0.2026604,0.2776156,0.1853852,3
2014-02-24 18:47:28.995,4476,447.6,43.63094,3.951532,23.31773,10.38594,321.0205,9,5,1393264040,-1.246887,-0.2778625,1.123734,-16.57132,-6.117058,-16.12508,243.4102,242.6992,25,-0.9353054,0.09690551,-0.3055535,-3.117153,-2.284585,0.5307878,-0.2952197,-0.2135317,-0.4136192,-0.3972807,0.1010462,0.4004059,3
2014-02-24 18:47:29.138,4477,447.7,43.63101,3.95144,23.69949,10.73076,319.8902,9,5,1393264041,-1.190125,-0.2513123,1.108582,-16.40696,-6.823812,-14.13288,240.2915,239.5805,25,-1.158774,0.3789337,-0.2564898,-3.124347,-2.280652,0.5443624,-0.9511037,0.0871744,-0.3055436,-0.5980601,0.2400102,0.5662111,3
2014-02-24 18:47:29.249,4478,447.8,43.63101,3.95144,23.69949,10.73076,319.8902,9,5,1393264041,-1.059616,-0.1507874,0.9308472,-18.65315,-6.551987,-14.75899,240.6647,239.9537,25,-1.39879,0.7598649,-0.1545872,-3.139006,-2.268019,0.5618392,-1.174573,0.3692026,-0.2564799,-0.609872,0.2431775,0.5812623,3
2014-02-24 18:47:29.409,4479,447.9,43.63101,3.95144,23.69949,10.73076,319.8902,9,5,1393264041,-0.8280182,0.001525879,0.7763519,-18.54358,-6.22579,-14.98668,241.7029,240.9919,25,-1.288226,1.068972,0.1250037,3.123578,-2.243551,0.5810724,-1.414588,0.7501338,-0.1545772,-0.5994753,0.281251,0.4759113,3
2014-02-24 18:47:29.594,4480,448,43.63101,3.95144,23.69949,10.73076,319.8902,9,5,1393264041,-0.6786652,0.01409912,0.7692108,-17.22874,-6.660715,-15.66972,242.0092,241.2982,25,-0.4535262,0.9065512,0.5557525,3.099243,-2.211299,0.5965254,-1.304024,1.059241,0.1250137,-0.3536025,0.4690437,0.3204458,3
2014-02-24 18:47:29.682,4481,448.1,43.63101,3.95144,23.69949,10.73076,319.8902,9,5,1393264041,-0.8286285,-0.2242889,0.8638306,-16.73567,-6.49762,-15.6128,242.2843,241.5733,25,0.2943318,0.6445358,1.088699,3.079383,-2.182519,0.6000291,-0.4693244,0.8968202,0.5557624,-0.1523626,0.5661924,0.3023885,3
2014-02-24 18:47:29.814,4482,448.2,43.63101,3.95144,23.69949,10.73076,319.8902,9,5,1393264041,-0.8324432,-0.4059296,0.8426971,-18.05051,-7.041269,-16.40968,242.3457,241.6347,25,0.404601,0.4795208,1.324817,3.068531,-2.16242,0.5858381,0.2785337,0.6348049,1.088709,0.01296181,0.5669971,0.3045002,3
2014-02-24 18:47:30.002,4483,448.3,43.63108,3.951352,24.91761,10.92127,318.454,9,5,1393264042,-0.9045715,-0.4181519,0.8595123,-19.201,-7.421831,-15.10052,240.5647,239.8537,25,0.6560458,-0.7947043,1.618868,3.048617,-2.154749,0.5042577,0.6402478,-0.8044351,1.618878,-0.110158,0.0785099,0.3735428,3
2014-02-24 18:47:30.132,4484,448.4,43.63108,3.951352,24.91761,10.92127,318.454,9,5,1393264042,-0.9793396,-0.3731232,0.7851562,-19.31057,-7.748018,-15.44204,240.6609,239.9499,25,0.3326672,-1.174331,1.797779,3.048617,-2.154749,0.5042577,0.6402478,-0.8044351,1.618878,-0.110158,0.0785099,0.3735428,3
2014-02-24 18:47:30.227,4485,448.5,43.63108,3.951352,24.91761,10.92127,318.454,9,5,1393264042,-0.9793396,-0.3731232,0.7851562,-18.37923,-8.019846,-16.63736,242.724,242.013,25,-0.07163238,-1.259402,1.895613,3.015032,-2.183245,0.4435952,-0.08743013,-1.269133,1.895623,-0.2441969,0.04143313,0.2981649,3
2014-02-24 18:47:30.379,4486,448.6,43.63108,3.951352,24.91761,10.92127,318.454,9,5,1393264042,-0.8985901,-0.3187866,0.5486908,-16.51653,-8.78096,-15.04359,238.2374,237.5264,25,-0.2721303,-1.25536,1.885436,2.988162,-2.195346,0.4181624,-0.287928,-1.26509,1.885446,-0.2380112,0.03295867,0.2508065,3
2014-02-24 18:47:30.560,4487,448.7,43.63108,3.951352,24.91761,10.92127,318.454,9,5,1393264042,-0.7424774,-0.2104797,0.5594635,-16.18782,-8.998421,-14.92975,236.6641,235.9531,25,0.03978683,-1.111961,1.942169,2.962991,-2.206937,0.3907318,0.02398917,-1.121692,1.942179,-0.154822,0.06207855,-0.0006276721,3
2014-02-24 18:47:30.670,4488,448.8,43.63108,3.951352,24.91761,10.92127,318.454,9,5,1393264042,-0.758255,-0.1850128,0.5815125,-16.18782,-9.32461,-15.04359,237.6284,236.9174,25,0.6462278,-1.050413,2.110455,2.944828,-2.221029,0.3554757,0.6304302,-1.060144,2.110465,0.003703839,0.1375566,-0.008061146,3
2014-02-24 18:47:30.780,4489,448.9,43.63108,3.951352,24.91761,10.92127,318.454,9,5,1393264042,-0.6718445,-0.2201843,0.539856,-16.79045,-9.922626,-15.10051,237.3736,236.6626,25,0.9062244,-0.6265084,2.002063,2.932778,-2.231664,0.3159016,0.8904269,-0.6362389,2.002073,-0.007860086,0.1256608,-0.001916525,3
2014-02-24 18:47:30.877,4490,449,43.63108,3.951352,24.91761,10.92127,318.454,9,5,1393264042,-0.6480408,-0.2448273,0.5159302,-17.22873,-8.617863,-15.32819,237.4808,236.7698,25,1.212703,-0.3899728,1.804443,2.926784,-2.238837,0.2759162,1.196906,-0.3997034,1.804453,0.01280502,0.06982244,-0.05321829,3
2014-02-24 18:47:30.967,4491,449.1,43.63116,3.951257,25.3193,11.06026,316.743,9,5,1393264043,-0.6480408,-0.2448273,0.5159302,-17.28352,-8.454765,-15.27127,237.2796,236.5686,25,1.331978,-0.06415076,1.613539,2.924677,-2.243878,0.2349697,1.359325,-0.2456179,1.78222,0.182736,-0.01656089,-0.08557761,3
2014-02-24 18:47:31.085,4492,449.2,43.63116,3.951257,25.3193,11.06026,316.743,9,5,1393264043,-0.5484772,-0.3165283,0.4327698,-18.1053,-7.095638,-14.07595,235.9591,235.2481,25,1.331978,-0.06415076,1.613539,2.924884,-2.246596,0.1947827,1.316181,-0.07388125,1.613549,0.1892967,-0.07394851,-0.1133262,3
2014-02-24 18:47:31.272,4493,449.3,43.63116,3.951257,25.3193,11.06026,316.743,9,5,1393264043,-0.5187683,-0.3352966,0.408844,-15.85911,-5.953964,-13.44983,238.6474,237.9364,25,1.159164,-0.04917687,1.526096,2.926232,-2.247455,0.118747,1.26015,-0.01487672,1.533836,0.2257016,-0.1980602,-0.189012,3
2014-02-24 18:47:31.523,4494,449.4,43.63116,3.951257,25.3193,11.06026,316.743,9,5,1393264043,-0.5239716,-0.3233185,0.39505,-14.81819,-6.117065,-12.36835,233.7654,233.0544,25,1.073823,-0.1411811,1.44171,2.925707,-2.24825,0.08265281,1.143367,-0.05890725,1.526106,0.2577433,-0.2527379,-0.2158269,3
2014-02-24 18:47:31.643,4495,449.5,43.63116,3.951257,25.3193,11.06026,316.743,9,5,1393264043,-0.5294342,-0.3461761,0.3902893,-15.80433,-6.117065,-12.14067,230.9066,230.1956,25,0.9171075,-0.1907108,1.351532,2.924308,-2.250204,0.04841203,1.058026,-0.1509115,1.44172,0.2572122,-0.2790452,-0.2383142,3
2014-02-24 18:47:31.722,4496,449.6,43.63116,3.951257,25.3193,11.06026,316.743,9,5,1393264043,-0.5282593,-0.354187,0.3903503,-16.24261,-6.443254,-13.62059,232.5068,231.7958,25,0.7400578,-0.252293,1.19089,2.922042,-2.253636,0.01696441,0.9013104,-0.2004411,1.351542,0.2511056,-0.3252758,-0.2337826,3
2014-02-24 18:47:31.859,4497,449.7,43.63116,3.951257,25.3193,11.06026,316.743,9,5,1393264043,-0.5285492,-0.3470612,0.4088135,-16.07825,-5.410315,-13.33599,235.7155,235.0045,25,0.6169588,-0.2906305,1.050482,2.918559,-2.258083,-0.01034515,0.7242608,-0.2620232,1.1909,0.2416484,-0.364471,-0.245065,3
2014-02-24 18:47:31.971,4498,449.8,43.63124,3.951147,22.47433,11.52495,315.6235,9,5,1393264044,-0.6190643,-0.4073792,0.4794312,-15.03733,-6.008331,-13.62059,234.1185,233.4075,25,0.6136174,-0.3680595,0.8670275,2.914723,-2.263422,-0.03379637,0.6011618,-0.3003607,1.050492,0.2408731,-0.3879769,-0.2478452,3
2014-02-24 18:47:32.068,4499,449.9,43.63124,3.951147,22.47433,11.52495,315.6235,9,5,1393264044,-0.656723,-0.4333649,0.4928284,-15.58518,-6.443256,-12.82371,230.7966,230.0856,25,0.419679,-0.3645247,0.5026399,2.911917,-2.270631,-0.05496544,0.5978205,-0.3777897,0.8670375,0.2352445,-0.4019989,-0.2343047,3
2014-02-24 18:47:32.188,4500,450,43.63124,3.951147,22.47433,11.52495,315.6235,9,5,1393264044,-0.6920471,-0.4294434,0.509964,-16.40696,-6.388889,-12.42527,230.4357,229.7247,25,0.2199846,-0.25954,0.07385878,2.911038,-2.277923,-0.06991187,0.4038822,-0.3742549,0.5026499,0.1393101,-0.4772341,-0.1686341,3
2014-02-24 18:47:32.530,4501,450.1,43.63124,3.951147,22.47433,11.52495,315.6235,9,5,1393264044,-0.7176056,-0.4128418,0.5212402,-14.92776,-5.682138,-14.87283,237.6357,236.9247,25,0.09086652,0.08305281,-0.9008843,2.926741,-2.285491,-0.06623545,0.07506988,0.07332275,-0.9008743,0.05234321,-0.4893895,-0.1353646,3
2014-02-24 18:47:32.669,4502,450.2,43.63124,3.951147,22.47433,11.52495,315.6235,9,5,1393264044,-0.8060455,-0.4800873,0.6046143,-14.65383,-5.410315,-13.10831,236.6306,235.9196,25,0.1560429,0.232789,-1.374482,2.94305,-2.28149,-0.05054419,0.1402462,0.223059,-1.374472,0.0393362,-0.4633645,-0.1302861,3
2014-02-24 18:47:32.793,4503,450.3,43.63124,3.951147,22.47433,11.52495,315.6235,9,5,1393264044,-0.8837128,-0.527771,0.6654816,-16.29739,-6.171429,-13.90519,233.8132,233.1022,25,0.3685264,0.2357084,-1.781884,2.966835,-2.276317,-0.03066436,0.3527298,0.2259784,-1.781874,-0.04512968,-0.5107468,-0.04351154,3
2014-02-24 18:47:32.892,4504,450.4,43.63124,3.951147,22.47433,11.52495,315.6235,9,5,1393264044,-0.9294281,-0.5584412,0.6964111,-16.46175,-6.008331,-13.84827,234.5253,233.8143,25,0.3967095,0.2244848,-2.221419,2.997159,-2.271706,-0.006189956,0.3809131,0.2147548,-2.221409,-0.1194717,-0.5339609,0.02058063,3
2014-02-24 18:47:32.993,4505,450.5,43.6313,3.951054,25.06768,11.89995,316.1446,9,5,1393264045,-0.9082336,-0.5131531,0.6817017,-16.35217,-5.682138,-14.07595,235.979,235.268,25,0.1059339,0.2314351,-2.632521,3.030135,-2.267954,0.02644544,0.09013749,0.2217052,-2.632511,-0.1630258,-0.5319988,0.05459474,3
2014-02-24 18:47:33.113,4506,450.6,43.6313,3.951054,25.06768,11.89995,316.1446,9,5,1393264045,-0.9325714,-0.4538116,0.6702271,-15.91389,-5.355947,-14.53131,238.5283,237.8173,25,-0.4759961,0.2833004,-2.957702,3.060485,-2.264617,0.07035521,-0.4917925,0.2735705,-2.957692,-0.1537939,-0.473404,0.05653001,3
2014-02-24 18:47:33.232,4507,450.7,43.6313,3.951054,25.06768,11.89995,316.1446,9,5,1393264045,-1.005981,-0.4745483,0.7505035,-16.07825,-6.49762,-15.95432,238.1033,237.3923,25,-0.9584025,0.2196333,-2.942945,3.084153,-2.262119,0.1228057,-0.9741988,0.2099035,-2.942935,-0.1380474,-0.3659824,0.02930859,3
2014-02-24 18:47:33.504,4508,450.8,43.6313,3.951054,25.06768,11.89995,316.1446,9,5,1393264045,-1.005981,-0.4745483,0.7505035,-16.51653,-6.171431,-14.24671,232.2591,231.5481,25,-1.349002,-0.2001877,-2.054558,3.100878,-2.262963,0.1757476,-1.219047,0.006647842,-2.611314,-0.2166184,-0.2918458,0.06486158,3
2014-02-24 18:47:33.715,4509,450.9,43.6313,3.951054,25.06768,11.89995,316.1446,9,5,1393264045,-1.116379,-0.4398041,1.069839,-15.5304,-5.301584,-14.70207,237.6174,236.9064,25,-2.051199,-0.2766984,-0.8804104,3.107472,-2.271655,0.2654716,-1.63218,-0.2746991,-1.392505,-0.3608587,-0.2598219,0.2874453,3
2014-02-24 18:47:33.924,4510,451,43.63137,3.950954,22.91444,12.14905,316.5132,9,5,1393264046,-0.7746277,0.06362915,0.8398895,-16.02346,-5.899597,-15.44204,237.2176,236.5066,25,-2.72183,0.06244394,-0.6285593,3.065006,-2.266903,0.3431321,-2.698857,-0.06193775,-0.6880595,-0.361372,-0.001864324,0.5338863,3
2014-02-24 18:47:34.047,4511,451.1,43.63137,3.950954,22.91444,12.14905,316.5132,9,5,1393264046,-0.6714935,0.1289215,0.6689606,-16.40696,-6.823809,-14.4744,232.8162,232.1052,25,-1.967973,0.1376628,-0.7358437,3.03021,-2.253913,0.3853252,-2.737626,0.05271431,-0.6285493,-0.2146418,0.3670257,0.359985,3
2014-02-24 18:47:34.139,4512,451.2,43.63137,3.950954,22.91444,12.14905,316.5132,9,5,1393264046,-0.6109161,0.09599304,0.5801544,-17.22874,-6.334524,-14.759,234.9138,234.2028,25,-0.8171281,0.3431078,-0.9567228,3.002374,-2.241425,0.4223405,-1.983769,0.1279332,-0.7358337,-0.004172654,0.5184932,0.1816798,3
2014-02-24 18:47:34.258,4513,451.3,43.63137,3.950954,22.91444,12.14905,316.5132,9,5,1393264046,-0.5895538,0.004501343,0.5459747,-17.44787,-5.464678,-14.53132,237.8913,237.1803,25,0.2988634,0.6415063,-1.142477,2.9929,-2.232905,0.4498174,-0.8329239,0.3333783,-0.9567128,0.06728355,0.5606862,0.06302664,3
2014-02-24 18:47:34.497,4514,451.4,43.63137,3.950954,22.91444,12.14905,316.5132,9,5,1393264046,-0.5138092,-0.08644104,0.4841309,-15.96868,-6.171425,-14.47439,236.5554,235.8444,25,0.9578911,0.8824861,-1.265194,3.004587,-2.228287,0.4670675,0.2830676,0.6317768,-1.142467,0.09583373,0.5462628,0.03447891,3
2014-02-24 18:47:34.677,4515,451.5,43.63137,3.950954,22.91444,12.14905,316.5132,9,5,1393264046,-0.4840393,-0.1472778,0.4420166,-15.58518,-6.117062,-14.98668,237.5309,236.8199,25,1.283732,1.067495,-1.262697,3.032189,-2.226261,0.4770864,0.9420954,0.8727566,-1.265184,0.1146881,0.4636942,0.004508888,3
2014-02-24 18:47:34.781,4516,451.6,43.63137,3.950954,22.91444,12.14905,316.5132,9,5,1393264046,-0.4840393,-0.1472778,0.4420166,-16.6261,-5.953968,-15.27127,237.4548,236.7438,25,1.453511,1.084682,-1.261234,3.106937,-2.222169,0.4855356,1.437716,1.074953,-1.261224,0.2024713,0.3468396,-0.07604883,3
2014-02-24 18:47:34.863,4517,451.7,43.63146,3.950849,19.51324,12.25215,316.5749,9,5,1393264047,-0.5080261,-0.2337341,0.4150696,-16.29739,-5.084123,-15.49896,241.6246,240.9137,25,1.520874,0.99155,-1.208061,3.106937,-2.222169,0.4855356,1.437716,1.074953,-1.261224,0.2024713,0.3468396,-0.07604883,3
2014-02-24 18:47:34.954,4518,451.8,43.63146,3.950849,19.51324,12.25215,316.5749,9,5,1393264047,-0.5080261,-0.2337341,0.4150696,-16.18782,-5.627775,-16.182,241.2621,240.5511,25,1.411306,0.82095,-1.175775,-3.095975,-2.224362,0.4880392,1.395511,0.8112207,-1.175765,0.2027747,0.2539596,-0.1161542,3
2014-02-24 18:47:35.071,4519,451.9,43.63146,3.950849,19.51324,12.25215,316.5749,9,5,1393264047,-0.526123,-0.2772369,0.4112701,-16.07825,-6.062695,-16.06816,239.9643,239.2533,25,1.181045,0.6144283,-1.125528,-3.060129,-2.228544,0.4906155,1.16525,0.604699,-1.125518,0.1815436,0.2106861,-0.1231026,3
2014-02-24 18:47:35.197,4520,452,43.63146,3.950849,19.51324,12.25215,316.5749,9,5,1393264047,-0.5693359,-0.3075104,0.3719788,-16.6261,-5.845234,-16.52352,241.5742,240.8632,25,0.8767592,0.3916796,-1.048851,-3.029753,-2.234066,0.4954882,0.8609639,0.3819503,-1.048841,0.1670948,0.1982242,-0.1303808,3
2014-02-24 18:47:35.281,4521,452.1,43.63146,3.950849,19.51324,12.25215,316.5749,9,5,1393264047,-0.5741882,-0.2714386,0.3775024,-15.96868,-5.953964,-16.182,241.0107,240.2997,25,0.4874645,0.2634708,-0.9739143,-3.006531,-2.23934,0.5030388,0.4716616,0.2537369,-0.9739049,0.1181789,0.1745797,-0.1710797,3
2014-02-24 18:47:35.545,4522,452.2,43.63146,3.950849,19.51324,12.25215,316.5749,9,5,1393264047,-0.6299133,-0.2541046,0.3943024,-16.29739,-6.497618,-14.81591,235.9227,235.2117,25,0.07229976,0.1622611,-0.8994896,-2.990461,-2.243705,0.5139005,0.056497,0.1525273,-0.8994802,0.1068141,0.2201391,-0.1652564,3
2014-02-24 18:47:35.638,4523,452.3,43.63146,3.950849,19.51324,12.25215,316.5749,9,5,1393264047,-0.7042999,-0.2621155,0.4334869,-17.06438,-6.932539,-15.15744,235.0328,234.3218,25,-0.2693372,0.1139905,-0.7955475,-2.982045,-2.24565,0.5280985,-0.2851399,0.1042567,-0.7955381,0.07735132,0.2249458,-0.1672304,3
2014-02-24 18:47:35.769,4524,452.4,43.63146,3.950849,19.51324,12.25215,316.5749,9,5,1393264047,-0.7042999,-0.2621155,0.4334869,-16.57131,-6.008331,-16.01124,238.8727,238.1617,25,-0.5726518,0.07950415,-0.5635033,-2.979454,-2.244857,0.544044,-0.4975975,0.102286,-0.6954994,0.01245614,0.2611611,-0.1283324,3
2014-02-24 18:47:35.853,4525,452.5,43.63146,3.950849,19.51324,12.25215,316.5749,9,5,1393264047,-0.8209076,-0.3072052,0.6002197,-14.87298,-5.953964,-15.6128,238.942,238.231,25,-0.758399,-0.01473394,-0.404825,-2.980524,-2.242743,0.5594423,-0.5884544,0.06977043,-0.563494,-0.06107716,0.2583137,-0.06111782,3
2014-02-24 18:47:35.970,4526,452.6,43.63146,3.950849,19.51324,12.25215,316.5749,9,5,1393264047,-1.031158,-0.3303833,0.8778839,-14.65383,-6.171425,-15.38511,238.9753,238.2643,25,-0.758399,-0.01473394,-0.404825,-2.986333,-2.239198,0.5747247,-0.7742016,-0.02446764,-0.4048156,-0.1621811,0.2363985,0.08005207,3
2014-02-24 18:47:36.110,4527,452.7,43.63153,3.950752,19.30366,12.03782,316.5435,9,5,1393264048,-1.031158,-0.3303833,0.8778839,-15.85911,-6.062698,-14.81591,238.6433,237.9323,25,-0.9145476,-0.4515856,0.2537052,-2.998112,-2.234956,0.5876535,-0.8749382,-0.1859998,-0.09685245,-0.254086,0.2152068,0.2132334,3
2014-02-24 18:47:36.366,4528,452.8,43.63153,3.950752,19.30366,12.03782,316.5435,9,5,1393264048,-1.328049,-0.2966766,1.165817,-15.85911,-4.757931,-15.6128,243.6812,242.9702,25,-0.6651141,-0.8237842,0.8110942,-3.037654,-2.231035,0.5995571,-0.7948114,-0.7421796,0.5780162,-0.465911,0.2314522,0.4524954,3
2014-02-24 18:47:36.553,4529,452.9,43.63153,3.950752,19.30366,12.03782,316.5435,9,5,1393264048,-1.184128,-0.07281494,1.114151,-15.09212,-5.736506,-15.27128,239.9322,239.2212,25,-0.7765149,-0.5375878,0.84829,-3.060241,-2.233784,0.5968583,-0.6809164,-0.8335177,0.8111036,-0.6228151,0.235707,0.5873885,3
2014-02-24 18:47:36.671,4530,453,43.63153,3.950752,19.30366,12.03782,316.5435,9,5,1393264048,-0.982193,-0.05403137,0.8920135,-14.87298,-5.519043,-14.36055,238.9234,238.2124,25,-0.8962137,-0.1250538,0.6753595,-3.084964,-2.232646,0.5927252,-0.7923172,-0.5473213,0.8482994,-0.6822532,0.3621207,0.6884071,3
2014-02-24 18:47:36.753,4531,453.1,43.63153,3.950752,19.30366,12.03782,316.5435,9,5,1393264048,-0.8124847,-0.1291046,0.6945953,-14.81819,-5.790871,-14.53131,238.9616,238.2506,25,-0.5871285,0.2620005,0.5889142,-3.11118,-2.22319,0.5917816,-0.9120159,-0.1347873,0.6753689,-0.4447131,0.4904882,0.5107343,3
2014-02-24 18:47:36.887,4532,453.2,43.63153,3.950752,19.30366,12.03782,316.5435,9,5,1393264048,-0.7542267,-0.3022003,0.6682587,-15.58518,-4.594831,-14.30363,239.5453,238.8343,25,0.2441354,0.3595954,0.7965483,-3.132893,-2.208673,0.5913077,-0.6029306,0.252267,0.5889235,-0.3152318,0.5034158,0.3976297,3
2014-02-24 18:47:36.994,4533,453.3,43.63153,3.950752,19.30366,12.03782,316.5435,9,5,1393264048,-0.8406982,-0.505127,0.7594452,-17.11917,-4.921027,-15.10052,238.7463,238.0353,25,1.024948,0.2417903,1.188805,3.139018,-2.195924,0.5819649,0.2283334,0.349862,0.7965577,-0.1350814,0.4205618,0.2057277,3
2014-02-24 18:47:37.102,4534,453.4,43.63161,3.950667,22.93785,12.37581,317.4128,9,5,1393264049,-0.8887634,-0.5149231,0.7736053,-17.33831,-4.812297,-15.3282,239.3334,238.6224,25,1.375835,-0.009118398,1.507843,3.138783,-2.190482,0.5581518,1.009146,0.2320569,1.188814,-0.0637114,0.227419,0.1756209,3
2014-02-24 18:47:37.301,4535,453.5,43.63161,3.950667,22.93785,12.37581,317.4128,9,5,1393264049,-0.9203339,-0.5011139,0.7916565,-15.85911,-5.410309,-15.6128,237.9532,237.2422,25,0.6614624,-0.6874463,1.845456,3.138031,-2.203577,0.4467043,0.6456605,-0.6971796,1.845466,-0.1760447,-0.02160246,0.2581446,3
2014-02-24 18:47:37.552,4536,453.6,43.63161,3.950667,22.93785,12.37581,317.4128,9,5,1393264049,-0.8487396,-0.4952393,0.5856628,-16.95481,-6.280159,-14.58824,232.7006,231.9896,25,-0.2354437,-0.8326743,1.697485,3.117913,-2.208976,0.4200417,-0.2512454,-0.8424075,1.697495,-0.1277518,-0.09656551,0.1177341,3
2014-02-24 18:47:37.659,4537,453.7,43.63161,3.950667,22.93785,12.37581,317.4128,9,5,1393264049,-0.791626,-0.3704987,0.4898376,-17.83138,-5.410315,-15.04359,235.389,234.678,25,-0.6806984,-1.0627,1.708357,3.088174,-2.216104,0.4008726,-0.6965001,-1.072434,1.708367,-0.1131623,-0.1050174,0.03190038,3
2014-02-24 18:47:37.737,4538,453.8,43.63161,3.950667,22.93785,12.37581,317.4128,9,5,1393264049,-0.7260284,-0.2698212,0.4069519,-17.72181,-4.649203,-15.61279,238.3948,237.6838,25,-0.938625,-1.073004,1.802175,3.052337,-2.222296,0.3848345,-0.9544266,-1.082737,1.802184,-0.05460942,0.004907104,-0.07219181,3
2014-02-24 18:47:37.868,4539,453.9,43.63161,3.950667,22.93785,12.37581,317.4128,9,5,1393264049,-0.6795959,-0.1929474,0.416687,-15.58518,-5.029759,-15.8974,238.5403,237.8293,25,-0.7991707,-1.094814,2.059465,3.014251,-2.228628,0.3660474,-0.8149723,-1.104547,2.059474,0.01286613,0.08810628,-0.1639445,3
2014-02-24 18:47:37.977,4540,454,43.6317,3.950551,22.72579,12.33729,317.8429,9,5,1393264050,-0.6942444,-0.1393585,0.4707489,-17.22874,-7.095633,-15.66972,238.6643,237.9533,25,-0.4013807,-1.086263,2.321286,2.978134,-2.236711,0.3398859,-0.4171823,-1.095996,2.321295,0.03065857,0.09422854,-0.1657652,3
2014-02-24 18:47:38.068,4541,454.1,43.6317,3.950551,22.72579,12.33729,317.8429,9,5,1393264050,-0.6708984,-0.1489258,0.4622955,-18.70793,-6.715078,-15.27128,238.6119,237.9009,25,-0.0672307,-0.9914541,2.375187,2.946161,-2.246131,0.307212,-0.08303218,-1.001187,2.375196,0.04636923,0.1380652,-0.1396357,3
2014-02-24 18:47:38.171,4542,454.2,43.6317,3.950551,22.72579,12.33729,317.8429,9,5,1393264050,-0.6708984,-0.1489258,0.4622955,-18.37923,-6.171429,-15.15743,238.5471,237.8362,25,0.4140885,-0.8635675,2.028977,2.919014,-2.255809,0.2734461,0.1395325,-0.898645,2.227349,0.07353457,0.1242839,-0.1254574,3
2014-02-24 18:47:38.288,4543,454.3,43.6317,3.950551,22.72579,12.33729,317.8429,9,5,1393264050,-0.6185303,-0.1941528,0.4417725,-16.95481,-5.410309,-15.38512,241.6173,240.9063,25,0.6562668,-0.9362692,1.917048,2.897651,-2.26683,0.2397499,0.3982871,-0.8733005,2.028986,0.07454336,0.08853392,-0.1605443,3
2014-02-24 18:47:38.540,4544,454.4,43.6317,3.950551,22.72579,12.33729,317.8429,9,5,1393264050,-0.6665955,-0.2107544,0.4784088,-17.61223,-6.497618,-16.29584,240.0826,239.3716,25,0.7361867,-0.799824,1.752249,2.881261,-2.279764,0.2054061,0.6404655,-0.9460021,1.917057,0.1245475,0.009811891,-0.1955922,3
2014-02-24 18:47:38.668,4545,454.5,43.6317,3.950551,22.72579,12.33729,317.8429,9,5,1393264050,-0.6645203,-0.2470245,0.4377289,-16.95481,-5.845234,-15.49895,240.7299,240.0189,25,0.8458633,-0.6701629,1.560821,2.868608,-2.292983,0.1712292,0.7203854,-0.8095568,1.752259,0.07279319,-0.0403607,-0.1729516,3
2014-02-24 18:47:38.754,4546,454.6,43.6317,3.950551,22.72579,12.33729,317.8429,9,5,1393264050,-0.6558533,-0.2741547,0.4370575,-16.57132,-5.355946,-14.53131,240.742,240.031,25,0.9060513,-0.5938258,1.410496,2.859185,-2.304912,0.1388308,0.8300622,-0.6798958,1.56083,0.07018036,-0.0914731,-0.1975883,3
2014-02-24 18:47:38.881,4547,454.7,43.6317,3.950551,22.72579,12.33729,317.8429,9,5,1393264050,-0.6266937,-0.2699738,0.4159088,-16.2426,-6.225794,-14.64515,237.5788,236.8678,25,0.9119292,-0.5086851,1.279507,2.852751,-2.315927,0.1077811,0.8902502,-0.6035587,1.410506,0.06664142,-0.1584034,-0.2362515,3
2014-02-24 18:47:38.979,4548,454.8,43.6317,3.950551,22.72579,12.33729,317.8429,9,5,1393264050,-0.5832062,-0.2722473,0.3764343,-16.35218,-6.117065,-15.21436,238.0536,237.3426,25,0.8601204,-0.3913033,1.12536,2.848089,-2.325673,0.07837716,0.8961281,-0.5184178,1.279516,0.07664527,-0.2051503,-0.2693072,3
2014-02-24 18:47:39.099,4549,454.9,43.6317,3.950551,22.72579,12.33729,317.8429,9,5,1393264050,-0.6067963,-0.2976074,0.3831787,-16.51653,-4.97539,-15.95432,243.2403,242.5293,25,0.8978459,-0.3465284,1.018532,2.844615,-2.333749,0.05139178,0.8443193,-0.4010361,1.125369,0.1223421,-0.216331,-0.2905183,3
2014-02-24 18:47:39.210,4550,455,43.63179,3.950435,24.05676,12.63743,318.0727,9,5,1393264051,-0.6309967,-0.3545227,0.4389038,-16.68088,-4.486101,-15.66972,244.6499,243.9389,25,1.050238,-0.375812,0.8947593,2.842307,-2.340479,0.02620932,0.8820449,-0.3562611,1.018542,0.1346789,-0.246041,-0.3192339,3
2014-02-24 18:47:39.528,4551,455.1,43.63179,3.950435,24.05676,12.63743,318.0727,9,5,1393264051,-0.7189331,-0.4027252,0.533844,-16.29739,-5.736506,-14.70207,237.3052,236.5942,25,1.140809,-0.3431747,0.494108,2.854959,-2.361581,-0.04778922,1.125008,-0.3529073,0.4941174,0.01034634,-0.4205585,-0.2268934,3
2014-02-24 18:47:39.648,4552,455.2,43.63179,3.950435,24.05676,12.63743,318.0727,9,5,1393264051,-0.8044281,-0.5041351,0.5940552,-17.00959,-5.682137,-15.21436,237.1911,236.4801,25,0.9760008,-0.2643046,0.1679776,2.854959,-2.361581,-0.04778922,1.125008,-0.3529073,0.4941174,0.01034634,-0.4205585,-0.2268934,3
2014-02-24 18:47:39.720,4553,455.3,43.63179,3.950435,24.05676,12.63743,318.0727,9,5,1393264051,-0.830307,-0.3983459,0.6573486,-16.29739,-4.97539,-15.27128,240.8337,240.1227,25,-0.4204183,0.6778768,-2.282964,2.99933,-2.335077,-0.0115654,-0.4362187,0.6681444,-2.282954,-0.1582188,-0.5205373,-0.03437908,3
2014-02-24 18:47:39.845,4554,455.4,43.63179,3.950435,24.05676,12.63743,318.0727,9,5,1393264051,-0.830307,-0.3983459,0.6573486,-15.85911,-5.519043,-14.70207,238.1533,237.4423,25,-1.011555,0.5539692,-1.900307,3.01874,-2.322342,0.0279832,-0.8318525,0.6861056,-2.207159,-0.1043534,-0.3962606,-0.03378964,3
2014-02-24 18:47:39.943,4555,455.5,43.63179,3.950435,24.05676,12.63743,318.0727,9,5,1393264051,-0.9148102,-0.3786774,0.9039459,-15.58518,-5.573408,-15.10051,238.7183,238.0073,25,-1.011555,0.5539692,-1.900307,3.031219,-2.311541,0.06801921,-1.027355,0.544237,-1.900298,-0.1026683,-0.3110921,0.004320108,3
2014-02-24 18:47:40.049,4556,455.6,43.63179,3.950435,24.05676,12.63743,318.0727,9,5,1393264051,-0.9148102,-0.3786774,0.9039459,-15.74954,-5.519043,-14.70207,237.9223,237.2113,25,-1.498255,0.3689956,-1.032731,3.036312,-2.303497,0.1047389,-1.199111,0.4090618,-1.487695,-0.1051551,-0.2631131,0.05124687,3
2014-02-24 18:47:40.142,4557,455.7,43.63179,3.950435,24.05676,12.63743,318.0727,9,5,1393264051,-0.8942871,-0.291687,0.9962158,-15.85911,-5.301584,-15.27127,239.4732,238.7622,25,-1.889,0.4324665,-0.6558444,3.031916,-2.296067,0.1387097,-1.514055,0.3592634,-1.032722,-0.1736776,-0.240412,0.2469793,3
2014-02-24 18:47:40.250,4558,455.8,43.63179,3.950435,24.05676,12.63743,318.0727,9,5,1393264051,-0.8179932,-0.1469727,0.9628754,-16.46175,-5.355947,-15.44204,239.7783,239.0673,25,-2.088673,0.5377471,-0.4793046,3.016743,-2.286515,0.1713015,-1.9048,0.4227343,-0.6558351,-0.1507097,-0.121222,0.34966,3
2014-02-24 18:47:40.455,4559,455.9,43.63187,3.950335,26.49128,12.68729,318.4048,9,10,1393264052,-0.7344818,-0.03675842,0.8733063,-16.90002,-5.790871,-15.3282,237.9752,237.2642,25,-1.839584,0.5697122,-0.5487832,2.993636,-2.272952,0.203715,-2.104473,0.528015,-0.4792952,-0.0703283,0.05533622,0.3303658,3
2014-02-24 18:47:40.592,4560,456,43.63187,3.950335,26.49128,12.68729,318.4048,9,10,1393264052,-0.6535034,0.00567627,0.7851715,-16.2426,-5.247219,-15.78356,240.4664,239.7554,25,-1.239567,0.6799191,-0.8103909,2.970755,-2.257631,0.2344688,-1.855384,0.5599802,-0.5487739,-0.02286453,0.1508902,0.2993185,3
2014-02-24 18:47:40.697,4561,456.1,43.63187,3.950335,26.49128,12.68729,318.4048,9,10,1393264052,-0.5499725,-0.01139832,0.6791992,-16.13303,-4.486108,-15.3282,241.6759,240.9649,25,-0.5763368,0.81054,-1.131418,2.956892,-2.24256,0.2622568,-1.255367,0.6701871,-0.8103815,0.06536435,0.2510974,0.2227657,3
2014-02-24 18:47:40.787,4562,456.2,43.63187,3.950335,26.49128,12.68729,318.4048,9,10,1393264052,-0.5014496,-0.05284119,0.6166687,-16.07825,-4.975393,-15.6128,241.8786,241.1676,25,-0.05134761,0.8963636,-1.393508,2.956275,-2.228418,0.2867471,-0.5921366,0.800808,-1.131409,0.1512378,0.2812467,0.1633856,3
2014-02-24 18:47:40.989,4563,456.3,43.63187,3.950335,26.49128,12.68729,318.4048,9,10,1393264052,-0.487793,-0.1406097,0.5238495,-14.98254,-4.97539,-14.92976,240.695,239.984,25,0.4962431,0.8812416,-1.544124,2.987618,-2.205095,0.3292775,0.27219,0.9188772,-1.514903,0.260764,0.2705183,0.0558933,3
2014-02-24 18:47:41.204,4564,456.4,43.63187,3.950335,26.49128,12.68729,318.4048,9,10,1393264052,-0.5134583,-0.160965,0.5285797,-16.02346,-4.486108,-14.41747,240.2005,239.4895,25,0.7083085,0.6969637,-1.263435,3.066109,-2.187249,0.3758084,0.6925016,0.6872272,-1.263426,0.2551003,0.2278187,-0.008301317,3
2014-02-24 18:47:41.523,4565,456.5,43.63195,3.950238,26.96796,12.73745,318.4978,9,5,1393264053,-0.5553131,-0.2062378,0.4855194,-15.96868,-5.192854,-15.15743,239.2117,238.5007,25,0.4751809,0.4682572,-1.007705,3.110615,-2.182829,0.3970558,0.4593742,0.4585209,-1.007696,0.2122961,0.1902022,-0.04131002,3
2014-02-24 18:47:41.642,4566,456.6,43.63195,3.950238,26.96796,12.73745,318.4978,9,5,1393264053,-0.574295,-0.2137146,0.4941406,-14.32513,-5.627775,-14.81591,237.0576,236.3466,25,0.2899461,0.3248401,-0.9048511,3.127398,-2.182526,0.4077158,0.2741394,0.3151038,-0.9048421,0.1962367,0.1902756,-0.04169019,3
2014-02-24 18:47:41.720,4567,456.7,43.63195,3.950238,26.96796,12.73745,318.4978,9,5,1393264053,-0.5813293,-0.2145233,0.4979401,-14.98255,-6.062698,-13.90519,237.0513,236.3403,25,0.01133228,0.1975474,-0.8218214,3.139185,-2.182978,0.4195766,-0.004474352,0.1878112,-0.8218125,0.1731149,0.1936592,-0.03066882,3
2014-02-24 18:47:41.854,4568,456.8,43.63195,3.950238,26.96796,12.73745,318.4978,9,5,1393264053,-0.5856781,-0.2004547,0.5007019,-16.02346,-6.008335,-14.30363,235.1014,234.3904,25,-0.3031921,0.1030297,-0.7159943,-3.138582,-2.182809,0.4332479,-0.3189987,0.09329348,-0.7159854,0.161541,0.2052975,-0.02349463,3
2014-02-24 18:47:41.959,4569,456.9,43.63195,3.950238,26.96796,12.73745,318.4978,9,5,1393264053,-0.6796417,-0.1938782,0.565918,-16.46174,-4.92103,-14.30363,238.3242,237.6132,25,-0.4712602,0.02772777,-0.6159865,-3.138387,-2.182204,0.4478439,-0.4870667,0.01799156,-0.6159775,0.1490542,0.251535,-0.02661323,3
2014-02-24 18:47:42.078,4570,457,43.63195,3.950238,26.96796,12.73745,318.4978,9,5,1393264053,-0.7326813,-0.2162781,0.6132507,-15.85911,-4.431738,-13.79135,239.0424,238.3314,25,-0.5418095,-0.08222057,-0.5487244,-3.140775,-2.182354,0.4622953,-0.5576159,-0.09195673,-0.5487154,0.0998917,0.2827803,0.02016612,3
2014-02-24 18:47:42.153,4571,457.1,43.63195,3.950238,26.96796,12.73745,318.4978,9,5,1393264053,-0.7326813,-0.2162781,0.6132507,-14.37991,-4.594833,-14.41747,239.7733,239.0623,25,-0.4287769,-0.08109964,-0.3752024,3.138803,-2.182406,0.4763909,-0.5802261,-0.07809254,-0.4939315,0.01880921,0.256579,0.08464087,3
2014-02-24 18:47:42.284,4572,457.2,43.63195,3.950238,26.96796,12.73745,318.4978,9,5,1393264053,-0.9412384,-0.1923828,0.7872009,-12.90071,-3.235703,-13.22215,242.404,241.693,25,-0.4287769,-0.08109964,-0.3752024,3.135213,-2.182364,0.4882701,-0.4445833,-0.09083574,-0.3751934,-0.009606713,0.2528208,0.1061911,3
2014-02-24 18:47:42.503,4573,457.3,43.63202,3.95015,28.75156,12.79561,319.1446,9,5,1393264054,-0.9412384,-0.1923828,0.7872009,-14.27034,-3.833719,-14.18979,240.4996,239.7887,25,-0.2703452,-0.0772378,-0.1860213,3.132286,-2.182791,0.4972807,-0.3604167,-0.09738494,-0.2828187,-0.1081765,0.2565021,0.1930935,3
2014-02-24 18:47:42.712,4574,457.4,43.63202,3.95015,28.75156,12.79561,319.1446,9,5,1393264054,-1.058517,-0.2280121,0.8768158,-15.58518,-3.3988,-13.62059,240.2433,239.5323,25,0.09606688,-0.0603989,0.1504963,3.12666,-2.183122,0.5087565,-0.2414744,-0.05069752,-0.08622312,-0.2764292,0.311112,0.3293975,3
2014-02-24 18:47:42.847,4575,457.5,43.63202,3.95015,28.75156,12.79561,319.1446,9,5,1393264054,-1.131622,-0.2655945,0.9708557,-14.16077,-2.746415,-13.62059,243.755,243.044,25,0.6084447,-0.05677407,0.3946967,3.124752,-2.183247,0.5085652,0.08026078,-0.07013484,0.1505053,-0.3071014,0.2887892,0.3407594,3
2014-02-24 18:47:42.921,4576,457.6,43.63202,3.95015,28.75156,12.79561,319.1446,9,5,1393264054,-1.182846,-0.2390289,1.035416,-13.39377,-3.18134,-13.96211,243.1283,242.4173,25,0.8972275,0.03979002,0.4282019,3.127953,-2.186244,0.4994981,0.5926387,-0.06650998,0.3947057,-0.3846235,0.223324,0.4145985,3
2014-02-24 18:47:43.060,4577,457.7,43.63202,3.95015,28.75156,12.79561,319.1446,9,5,1393264054,-0.9168091,-0.1805267,0.8488464,-13.33899,-3.235707,-14.47439,243.3036,242.5927,25,0.6303396,0.2899743,0.2214224,3.136447,-2.190485,0.4843237,0.8814215,0.03005416,0.4282109,-0.448084,0.1742433,0.5015012,3
2014-02-24 18:47:43.163,4578,457.8,43.63202,3.95015,28.75156,12.79561,319.1446,9,5,1393264054,-0.7308044,-0.1654358,0.6128998,-13.01029,-3.561899,-14.47439,242.392,241.681,25,0.2254419,0.5336248,0.03918868,-3.137497,-2.191687,0.4714332,0.6145337,0.2802384,0.2214314,-0.4582082,0.2151347,0.5171152,3
2014-02-24 18:47:43.271,4579,457.9,43.63202,3.95015,28.75156,12.79561,319.1446,9,5,1393264054,-0.7021179,-0.2603607,0.5466309,-11.69544,-3.779359,-13.79135,240.8474,240.1364,25,0.3511668,0.4371057,0.1797652,-3.132919,-2.185462,0.4665455,0.209636,0.5238889,0.03919765,-0.1871543,0.2692769,0.3337924,3
2014-02-24 18:47:43.515,4580,458,43.63202,3.95015,28.75156,12.79561,319.1446,9,5,1393264054,-0.7921295,-0.3543243,0.6555176,-14.27034,-3.398797,-14.18979,240.3308,239.6198,25,0.89462,0.1554631,0.5807252,-3.129813,-2.17768,0.4623852,0.335361,0.4273699,0.1797742,0.004367583,0.2806483,0.1024773,3
2014-02-24 18:47:43.666,4581,458.1,43.63202,3.95015,28.75156,12.79561,319.1446,9,5,1393264054,-0.9138794,-0.4597015,0.7426605,-13.83206,-1.876576,-15.66972,243.772,243.061,25,1.17608,-0.1860351,0.9774065,-3.123392,-2.175702,0.449138,0.8788142,0.1457274,0.5807341,0.02440799,0.2311557,0.05131518,3
2014-02-24 18:47:43.901,4582,458.2,43.6321,3.950055,31.98178,12.9471,320.6029,9,10,1393264055,-0.9138794,-0.4597015,0.7426605,-12.68157,-1.496017,-15.38512,244.243,243.532,25,0.9485988,-0.4505051,1.149076,-3.110206,-2.189325,0.3964966,0.9327932,-0.4602408,1.149085,-0.09870977,-0.04308644,0.1985606,3
2014-02-24 18:47:44.043,4583,458.3,43.6321,3.950055,31.98178,12.9471,320.6029,9,10,1393264055,-0.8950195,-0.4745636,0.6776428,-12.68157,-2.474588,-15.6128,245.3748,244.6638,25,0.3673213,-0.6628086,1.239413,-3.114878,-2.198735,0.3718098,0.3515157,-0.6725442,1.239422,-0.1595675,-0.1084843,0.1807974,3
2014-02-24 18:47:44.151,4584,458.4,43.6321,3.950055,31.98178,12.9471,320.6029,9,10,1393264055,-0.8946991,-0.4319611,0.6383362,-13.01028,-2.583322,-14.58823,243.3617,242.6507,25,-0.2130342,-0.8793303,1.368513,-3.130878,-2.207957,0.3523936,-0.2288398,-0.8890658,1.368522,-0.1406248,-0.1294183,0.1192851,3
2014-02-24 18:47:44.239,4585,458.5,43.6321,3.950055,31.98178,12.9471,320.6029,9,10,1393264055,-0.8694611,-0.381897,0.6021576,-12.90071,-2.800784,-14.01903,241.1742,240.4632,25,-0.6171445,-1.03817,1.454164,3.127638,-2.218069,0.3366763,-0.6329498,-1.047906,1.454173,-0.1417543,-0.1016093,0.06917738,3
2014-02-24 18:47:44.468,4586,458.6,43.6321,3.950055,31.98178,12.9471,320.6029,9,10,1393264055,-0.8486328,-0.2747498,0.5850372,-11.4763,-2.583324,-15.95432,245.3277,244.6167,25,-0.7865614,-1.117894,1.569453,3.097684,-2.228887,0.3226962,-0.8023668,-1.12763,1.569461,-0.1191364,-0.06477226,0.02211897,3
2014-02-24 18:47:44.594,4587,458.7,43.6321,3.950055,31.98178,12.9471,320.6029,9,10,1393264055,-0.8119507,-0.2116699,0.592804,-11.20237,-2.094036,-14.64515,245.8333,245.1223,25,-0.7435756,-1.085706,1.726748,3.065377,-2.239674,0.3071303,-0.759381,-1.095441,1.726756,-0.1201133,-0.006940671,-0.01090317,3
2014-02-24 18:47:44.682,4588,458.8,43.6321,3.950055,31.98178,12.9471,320.6029,9,10,1393264055,-0.778656,-0.162796,0.5567322,-10.92845,-1.387287,-15.15743,248.5322,247.8212,25,-0.5882065,-0.9432437,1.817179,3.033535,-2.249213,0.2888684,-0.6040118,-0.9529792,1.817188,-0.08604301,0.04077285,-0.00195006,3
2014-02-24 18:47:44.810,4589,458.9,43.6322,3.94995,25.81261,13.03373,323.2623,9,10,1393264056,-0.7506256,-0.158432,0.5560608,-13.17464,-1.115458,-14.18979,248.0995,247.3885,25,-0.2734246,-0.7379577,1.81468,3.004938,-2.256622,0.2674928,-0.2892298,-0.7476931,1.814688,-0.04903637,0.08207853,-0.03654051,3
2014-02-24 18:47:44.921,4590,459,43.6322,3.94995,25.81261,13.03373,323.2623,9,10,1393264056,-0.7506256,-0.158432,0.5560608,-12.62679,-2.637686,-14.41747,243.5132,242.8022,25,0.6339082,-0.3828182,1.554807,2.983358,-2.263132,0.2423853,0.1679679,-0.5795605,1.705994,-0.03139997,0.07722281,-0.06294466,3
2014-02-24 18:47:45.064,4591,459.1,43.6322,3.94995,25.81261,13.03373,323.2623,9,10,1393264056,-0.7007599,-0.230484,0.5435028,-13.77727,-1.822206,-15.0436,245.626,244.915,25,0.9273505,-0.2939627,1.469949,2.970304,-2.268703,0.2138457,0.6181031,-0.3925536,1.554816,-0.001888952,0.05378752,-0.07191715,3
2014-02-24 18:47:45.181,4592,459.2,43.6322,3.94995,25.81261,13.03373,323.2623,9,10,1393264056,-0.708374,-0.2473297,0.537674,-11.91458,-0.08251953,-15.72664,254.2709,253.5599,25,1.13105,-0.1990889,1.373612,2.963686,-2.273871,0.1827571,0.9115455,-0.3036979,1.469958,0.0493934,-0.04874258,-0.09229598,3
2014-02-24 18:47:45.280,4593,459.3,43.6322,3.94995,25.81261,13.03373,323.2623,9,10,1393264056,-0.7029877,-0.295639,0.49617,-11.53108,-0.5718088,-15.32819,253.0724,252.3615,25,1.272745,-0.09629565,1.335257,2.961504,-2.278155,0.1497211,1.115245,-0.2088241,1.373621,0.01712647,-0.09854881,-0.1071276,3
2014-02-24 18:47:45.482,4594,459.4,43.6322,3.94995,25.81261,13.03373,323.2623,9,10,1393264056,-0.6646271,-0.3015289,0.4859314,-11.31194,-1.332921,-15.21436,251.226,250.515,25,1.36315,-0.001075651,1.249559,2.961947,-2.280532,0.1162129,1.25694,-0.1060309,1.335266,0.06520068,-0.1689912,-0.1441403,3
2014-02-24 18:47:45.617,4595,459.5,43.6322,3.94995,25.81261,13.03373,323.2623,9,10,1393264056,-0.650116,-0.3140411,0.4608307,-13.01028,-0.4087162,-16.29584,255.7038,254.9928,25,1.385924,0.04829429,1.164833,2.965,-2.281831,0.08204263,1.347345,-0.01081083,1.249568,0.07920497,-0.2112775,-0.1539626,3
2014-02-24 18:47:45.721,4596,459.6,43.6322,3.94995,25.81261,13.03373,323.2623,9,10,1393264056,-0.5945892,-0.3233795,0.4449615,-13.33899,0.3523998,-18.11728,258.0823,257.3713,25,1.298008,0.1137388,1.070674,2.969663,-2.281755,0.04846856,1.370119,0.03855915,1.164842,0.1015732,-0.2614259,-0.1842193,3
2014-02-24 18:47:45.844,4597,459.7,43.63232,3.949857,27.9201,13.10381,327.2648,9,5,1393264057,-0.5622101,-0.3311768,0.4327087,-13.39377,-0.6805391,-18.28805,255.3494,254.6384,25,1.169623,0.152699,0.9634805,2.974966,-2.28033,0.0168662,1.282203,0.1040037,1.070683,0.1084422,-0.2971757,-0.1905564,3
2014-02-24 18:47:45.949,4598,459.8,43.63232,3.949857,27.9201,13.10381,327.2648,9,5,1393264057,-0.5397949,-0.340744,0.4193878,-13.11985,-1.169825,-16.7512,252.5734,251.8624,25,0.9730645,0.1756941,0.7678053,2.979942,-2.277886,-0.0120195,1.153818,0.1429639,0.9634895,0.1656113,-0.3353987,-0.2046158,3
2014-02-24 18:47:46.061,4599,459.9,43.63232,3.949857,27.9201,13.10381,327.2648,9,5,1393264057,-0.5397949,-0.340744,0.4193878,-13.01028,-0.08251953,-15.95432,255.6979,254.9869,25,0.8552241,0.1664998,0.581412,2.989053,-2.271505,-0.0562079,0.8394195,0.1567648,0.581421,0.2163031,-0.3967392,-0.2186012,3
2014-02-24 18:47:46.134,4600,460,43.63232,3.949857,27.9201,13.10381,327.2648,9,5,1393264057,-0.5523071,-0.3283081,0.444519,-12.24329,-0.1912527,-16.7512,255.9085,255.1975,25,0.7992272,0.1416197,0.3582271,2.989053,-2.271505,-0.0562079,0.8394195,0.1567648,0.581421,0.2163031,-0.3967392,-0.2186012,3
2014-02-24 18:47:46.245,4601,460.1,43.63232,3.949857,27.9201,13.10381,327.2648,9,5,1393264057,-0.5523071,-0.3283081,0.444519,-13.55813,-1.169827,-16.06816,254.6571,253.9461,25,0.7438797,0.1625189,0.04779069,3.004052,-2.265379,-0.0836247,0.7280753,0.1527839,0.04779966,0.2296557,-0.42125,-0.2028154,3
2014-02-24 18:47:46.403,4602,460.2,43.63232,3.949857,27.9201,13.10381,327.2648,9,5,1393264057,-0.5743713,-0.3336945,0.4559937,-12.07893,-0.4630795,-17.14964,256.3069,255.5959,25,0.6132525,0.2248616,-0.3939875,3.016172,-2.260868,-0.08808761,0.5974481,0.2151267,-0.3939785,0.2159034,-0.4162818,-0.1896049,3
2014-02-24 18:47:46.570,4603,460.3,43.63232,3.949857,27.9201,13.10381,327.2648,9,5,1393264057,-0.6062164,-0.3488922,0.4645081,-11.64065,-0.3543463,-18.1742,256.4042,255.6932,25,0.449242,0.2712557,-0.813642,3.031126,-2.255066,-0.08433507,0.4334376,0.2615209,-0.8136331,0.1977553,-0.4179296,-0.1738673,3
2014-02-24 18:47:46.680,4604,460.4,43.63232,3.949857,27.9201,13.10381,327.2648,9,5,1393264057,-0.6753235,-0.3680115,0.5057983,-12.1885,-0.4630766,-18.40189,256.4272,255.7162,25,0.3004858,0.2845356,-1.136632,3.04812,-2.248588,-0.07346718,0.2846815,0.2748008,-1.136623,0.1706417,-0.4222933,-0.1608749,3
2014-02-24 18:47:46.780,4605,460.5,43.63243,3.949781,29.04226,13.04592,330.5766,9,5,1393264058,-0.7733612,-0.4637756,0.6165466,-12.68157,0.1349373,-16.52353,256.7524,256.0414,25,0.1890818,0.2592625,-1.355653,3.066109,-2.242516,-0.05735495,0.1732776,0.2495277,-1.355644,0.1061423,-0.425335,-0.115511,3
2014-02-24 18:47:46.891,4606,460.6,43.63243,3.949781,29.04226,13.04592,330.5766,9,5,1393264058,-0.9732819,-0.5372925,0.7289124,-13.99641,-0.8436356,-18.80033,256.1006,255.3896,25,0.1475575,0.05138995,-1.514739,3.085159,-2.239411,-0.0377982,0.1317533,0.04165521,-1.51473,0.07518187,-0.4329003,-0.1041067,3
2014-02-24 18:47:46.995,4607,460.7,43.63243,3.949781,29.04226,13.04592,330.5766,9,5,1393264058,-0.9950714,-0.4804993,0.7906494,-14.54426,0.3523998,-19.59721,259.926,259.215,25,-0.002349441,-0.2058994,-1.654441,3.10451,-2.24119,-0.01504018,-0.01815354,-0.2156341,-1.654432,-0.1307574,-0.5241644,0.04669831,3
2014-02-24 18:47:47.111,4608,460.8,43.63243,3.949781,29.04226,13.04592,330.5766,9,5,1393264058,-0.8961487,-0.3152771,0.7622986,-13.99641,-0.4087124,-19.25569,260.2984,259.5874,25,-0.5953885,-0.3000413,-1.801165,3.119744,-2.246588,0.01432295,-0.6111926,-0.309776,-1.801156,-0.21381,-0.5102137,0.1460185,3
2014-02-24 18:47:47.294,4609,460.9,43.63243,3.949781,29.04226,13.04592,330.5766,9,5,1393264058,-0.7612152,-0.06492615,0.6235046,-13.50334,-1.115461,-18.40188,260.1298,259.4188,25,-2.850494,0.01856223,-1.6007,3.113162,-2.251061,0.1107606,-2.598397,0.02466172,-1.863394,-0.1235063,-0.2047428,0.1371538,3
2014-02-24 18:47:47.522,4610,461,43.63243,3.949781,29.04226,13.04592,330.5766,9,5,1393264058,-0.7317352,-0.00831604,0.6790161,-14.21555,-1.713477,-18.23113,260.0614,259.3504,25,-2.508997,-0.07769559,-1.209355,3.092082,-2.247413,0.1687297,-2.866298,0.008827672,-1.600691,0.007408021,0.1030041,0.006238282,3
2014-02-24 18:47:47.621,4611,461.1,43.63243,3.949781,29.04226,13.04592,330.5766,9,5,1393264058,-0.8230743,-0.04240417,0.7845306,-13.6677,-2.039669,-17.8896,259.9142,259.2032,25,-1.957708,-0.1016156,-0.9035099,3.06825,-2.243648,0.2197705,-2.524808,-0.08743466,-1.209346,0.06742159,0.1886019,0.02453825,3
2014-02-24 18:47:47.749,4612,461.2,43.63243,3.949781,29.04226,13.04592,330.5766,9,5,1393264058,-0.9292908,-0.1798248,0.9062347,-14.0512,-1.332924,-18.85724,259.8488,259.1378,25,-1.483033,-0.04324601,-0.7223809,3.04743,-2.240731,0.2597228,-1.973519,-0.1113546,-0.9035012,-0.01066186,0.2486645,0.1263005,3
2014-02-24 18:47:47.851,4613,461.3,43.63243,3.949781,29.04226,13.04592,330.5766,9,5,1393264058,-0.9578552,-0.2294922,0.9862518,-14.10598,-1.169827,-17.8896,260.9215,260.2105,25,-1.226602,0.04549851,-0.6433587,3.03146,-2.238032,0.2904927,-1.498844,-0.05298499,-0.7223721,-0.121461,0.1697709,0.2540334,3
2014-02-24 18:47:47.952,4614,461.4,43.63243,3.949781,29.04226,13.04592,330.5766,9,5,1393264058,-0.946106,-0.1035614,0.9123077,-13.94163,-0.3543491,-18.62957,264.2304,263.5194,25,-1.296797,0.1140677,-0.6470483,3.019265,-2.234308,0.3152949,-1.242413,0.03575957,-0.64335,-0.2169138,0.09252174,0.3664231,3
2014-02-24 18:47:48.073,4615,461.5,43.63254,3.94972,28.49535,13.13097,333.475,9,5,1393264059,-0.8600311,-0.02816772,0.7098846,-13.22942,-0.7349014,-18.11729,264.366,263.655,25,-1.302867,0.3233701,-0.6890349,3.007225,-2.228756,0.3395071,-1.312608,0.1043288,-0.6470396,-0.2117787,0.1035302,0.4096533,3
2014-02-24 18:47:48.156,4616,461.6,43.63254,3.94972,28.49535,13.13097,333.475,9,5,1393264059,-0.8000793,-0.03797913,0.6404266,-14.43469,-0.6261721,-17.09272,263.5689,262.8579,25,-0.866978,0.4554171,-0.8961231,2.994047,-2.220125,0.3644598,-1.318678,0.3136312,-0.6890262,-0.2019324,0.2528832,0.3473715,3
2014-02-24 18:47:48.302,4617,461.7,43.63254,3.94972,28.49535,13.13097,333.475,9,5,1393264059,-0.7086029,-0.08114624,0.6125336,-14.81819,-0.8980045,-17.605,262.8951,262.1841,25,-0.2898926,0.5583722,-0.9080077,2.986846,-2.209261,0.3886149,-0.8827886,0.4456782,-0.8961143,-0.1168962,0.3507392,0.1583595,3
2014-02-24 18:47:48.541,4618,461.8,43.63254,3.94972,28.49535,13.13097,333.475,9,5,1393264059,-0.7086029,-0.08114624,0.6125336,-13.50335,0.6242247,-18.85724,267.9293,267.2183,25,0.01067129,0.7053534,-0.817399,2.998295,-2.193216,0.4221884,-0.005139191,0.6956146,-0.8173903,-0.01271453,0.3706952,0.1042812,3
2014-02-24 18:47:48.620,4619,461.9,43.63254,3.94972,28.49535,13.13097,333.475,9,5,1393264059,-0.6062927,-0.1779938,0.505188,-13.28421,-0.5718088,-18.85725,263.729,263.018,25,0.2845646,0.8076643,-0.6175115,2.998295,-2.193216,0.4221884,-0.005139191,0.6956146,-0.8173903,-0.01271453,0.3706952,0.1042812,3
2014-02-24 18:47:48.743,4620,462,43.63254,3.94972,28.49535,13.13097,333.475,9,5,1393264059,-0.6062927,-0.1779938,0.505188,-13.61292,-0.8979988,-18.85725,262.5677,261.8568,25,0.4850458,0.7652274,-0.4474172,3.021868,-2.173903,0.4344047,0.4692354,0.7554887,-0.4474085,0.08030546,0.2942377,0.008106142,3
2014-02-24 18:47:48.840,4621,462.1,43.63254,3.94972,28.49535,13.13097,333.475,9,5,1393264059,-0.6098175,-0.1930542,0.4828491,-13.39377,-1.006728,-17.605,261.3214,260.6104,25,0.5556641,0.7540578,-0.3527812,3.035179,-2.1655,0.4350266,0.5398537,0.7443191,-0.3527725,0.1448717,0.2434408,-0.002891612,3
2014-02-24 18:47:48.941,4622,462.2,43.63254,3.94972,28.49535,13.13097,333.475,9,5,1393264059,-0.569519,-0.1930847,0.465744,-14.43469,0.02620983,-17.77576,264.2345,263.5235,25,0.5862454,0.6786238,-0.318904,3.04855,-2.158203,0.4340869,0.5704351,0.6688852,-0.3188953,0.1453638,0.227528,-0.01995491,3
2014-02-24 18:47:49.065,4623,462.3,43.63266,3.949662,28.03328,13.35528,335.6951,9,5,1393264060,-0.6065674,-0.1962891,0.4594879,-13.94163,0.5154953,-18.85725,265.8387,265.1277,25,0.5126979,0.6347607,-0.3473372,3.061182,-2.15144,0.4342093,0.4968877,0.6250221,-0.3473285,0.1578895,0.2194908,-0.008796239,3
2014-02-24 18:47:49.183,4624,462.4,43.63266,3.949662,28.03328,13.35528,335.6951,9,5,1393264060,-0.6175232,-0.1970825,0.4515686,-13.6677,0.1349401,-18.45881,264.541,263.83,25,0.5162655,0.5725682,-0.4745644,3.074599,-2.146017,0.4357829,0.5004554,0.5628296,-0.4745557,0.1643846,0.2146312,-0.03446637,3
2014-02-24 18:47:49.264,4625,462.5,43.63266,3.949662,28.03328,13.35528,335.6951,9,5,1393264060,-0.6380005,-0.1874695,0.476593,-13.94163,-0.3543463,-18.06037,263.0181,262.3071,25,0.4186947,0.5732249,-0.582261,3.088311,-2.14129,0.439802,0.4028847,0.5634864,-0.5822523,0.1672572,0.2211857,-0.03482741,3
2014-02-24 18:47:49.433,4626,462.6,43.63266,3.949662,28.03328,13.35528,335.6951,9,5,1393264060,-0.6380005,-0.1874695,0.476593,-13.28421,0.08057308,-18.51573,264.3647,263.6537,25,0.2562627,0.4337895,-0.7126752,3.101892,-2.137408,0.4464245,0.3324162,0.4862095,-0.6818892,0.1433152,0.2407032,-0.02483499,3
2014-02-24 18:47:49.625,4627,462.7,43.63266,3.949662,28.03328,13.35528,335.6951,9,5,1393264060,-0.6833038,-0.1531372,0.5304413,-13.44856,0.02620697,-17.77577,265.5945,264.8835,25,0.2562627,0.4337895,-0.7126752,3.114492,-2.13456,0.4546401,0.2404527,0.4240511,-0.7126665,0.1213883,0.2516695,-0.003496181,3
2014-02-24 18:47:49.721,4628,462.8,43.63266,3.949662,28.03328,13.35528,335.6951,9,5,1393264060,-0.6833038,-0.1531372,0.5304413,-13.17464,0.08057308,-18.74341,265.6751,264.9641,25,-0.05653784,0.3976672,-0.6766149,3.124867,-2.131788,0.464488,0.08903584,0.3731381,-0.6972007,0.1112356,0.2857794,0.02507397,3
2014-02-24 18:47:49.849,4629,462.9,43.63266,3.949662,28.03328,13.35528,335.6951,9,5,1393264060,-0.703598,-0.1524963,0.5575256,-13.17464,0.7329588,-18.85725,268.285,267.574,25,-0.2264845,0.402153,-0.6606946,3.132248,-2.127997,0.4755099,-0.07234766,0.3879288,-0.6766062,0.07127554,0.3046546,0.06029597,3
2014-02-24 18:47:49.963,4630,463,43.63266,3.949662,28.03328,13.35528,335.6951,9,5,1393264060,-0.754715,-0.1758118,0.6224365,-13.17464,0.406765,-18.51573,267.8133,267.1023,25,-0.2990546,0.3518334,-0.5048776,3.136471,-2.122676,0.4878875,-0.2422943,0.3924147,-0.6606859,0.04858905,0.3162646,0.09440818,3
2014-02-24 18:47:50.077,4631,463.1,43.63277,3.949609,27.25764,13.84306,337.8123,9,5,1393264061,-0.8078156,-0.2050018,0.6981354,-13.72249,-0.4630766,-18.17421,265.5819,264.8709,25,-0.3314445,0.2490362,-0.2883335,3.137324,-2.116178,0.4999555,-0.3148643,0.3420951,-0.5048689,0.02972375,0.3145,0.129465,3
2014-02-24 18:47:50.170,4632,463.2,43.63277,3.949609,27.25764,13.84306,337.8123,9,5,1393264061,-0.883606,-0.2125702,0.7948608,-15.20168,-0.1912527,-17.54808,267.1269,266.4159,25,-0.304459,0.120353,-0.10616,3.135262,-2.109994,0.5091667,-0.3472541,0.2392979,-0.2883248,-0.01042032,0.2960588,0.213212,3
2014-02-24 18:47:50.297,4633,463.3,43.63277,3.949609,27.25764,13.84306,337.8123,9,5,1393264061,-0.9519958,-0.2343597,0.881012,-15.03733,-0.5718088,-18.06037,266.3343,265.6233,25,-0.2978021,0.02489416,-0.001931058,3.130939,-2.104891,0.5149215,-0.3202685,0.1106148,-0.1061513,-0.1030373,0.2808271,0.3004625,3
2014-02-24 18:47:50.518,4634,463.4,43.63277,3.949609,27.25764,13.84306,337.8123,9,5,1393264061,-0.9513702,-0.2232513,0.9014282,-14.27034,0.406765,-19.08493,268.6497,267.9387,25,-0.4210655,-0.06414596,0.03763952,3.125684,-2.101408,0.5182924,-0.3136117,0.01515598,-0.00192237,-0.1343833,0.2828274,0.3552625,3
2014-02-24 18:47:50.648,4635,463.5,43.63277,3.949609,27.25764,13.84306,337.8123,9,5,1393264061,-0.9882355,-0.2354126,0.8981628,-13.28421,-0.5718088,-18.06037,265.8127,265.1017,25,-0.5596321,-0.02372104,0.1238972,3.118406,-2.098687,0.5214269,-0.436875,-0.07388411,0.03764821,-0.2029247,0.2637582,0.4442386,3
2014-02-24 18:47:50.761,4636,463.6,43.63277,3.949609,27.25764,13.84306,337.8123,9,5,1393264061,-1.011978,-0.2674408,0.9498291,-13.11985,-0.8436356,-18.45881,265.4958,264.7848,25,-0.3538215,-0.02463211,0.2373281,3.107347,-2.094031,0.5249943,-0.5754415,-0.03345915,0.1239059,-0.2018177,0.2779567,0.4690377,3
2014-02-24 18:47:50.858,4637,463.7,43.63277,3.949609,27.25764,13.84306,337.8123,9,5,1393264061,-0.9906311,-0.3267212,0.959259,-14.59905,-0.680542,-19.19877,266.9263,266.2153,25,0.04338236,0.07150082,0.2542826,3.096325,-2.089275,0.5261692,-0.3696308,-0.0343702,0.2373368,-0.2181193,0.2732662,0.4561607,3
2014-02-24 18:47:50.951,4638,463.8,43.63289,3.949552,26.39693,13.91563,339.649,9,5,1393264062,-0.9906311,-0.3267212,0.959259,-15.25647,-1.006734,-19.76797,265.9972,265.2862,25,0.3240201,0.1822582,0.2277426,3.092835,-2.084822,0.5173169,0.3082109,0.1725202,0.2277513,-0.2476092,0.1971713,0.5432627,3
2014-02-24 18:47:51.082,4639,463.9,43.63289,3.949552,26.39693,13.91563,339.649,9,5,1393264062,-0.9147949,-0.3494263,0.9505615,-14.27034,-1.115461,-18.51573,265.5935,264.8825,25,0.4466129,0.07837204,0.3003207,3.097317,-2.08421,0.5094849,0.4308037,0.06863408,0.3003294,-0.2021578,0.1301989,0.4969144,3
2014-02-24 18:47:51.186,4640,464,43.63289,3.949552,26.39693,13.91563,339.649,9,5,1393264062,-0.1435394,-1.140701,0.5673828,-12.13371,-0.9523649,-18.68649,268.6844,267.9734,25,0.37698,-0.3278588,0.4514284,3.101396,-2.088975,0.4990735,0.3611709,-0.3375968,0.4514371,-0.1520336,0.129186,0.5156758,3
2014-02-24 18:47:51.292,4641,464.1,43.63289,3.949552,26.39693,13.91563,339.649,9,5,1393264062,-0.365509,-1.17865,0.7045746,-11.58587,-1.061095,-17.43424,266.9633,266.2523,25,-0.4118677,-1.780214,1.442262,3.089722,-2.105977,0.4849401,-0.4276768,-1.789952,1.442271,0.6174611,-0.6745459,0.1161872,3
2014-02-24 18:47:51.519,4642,464.2,43.63289,3.949552,26.39693,13.91563,339.649,9,5,1393264062,-0.8316498,-0.02984619,1.250549,-12.68157,0.4611263,-18.34497,271.58,270.869,25,-1.994251,-3.305216,3.185183,3.038105,-2.134813,0.4569513,-2.01006,-3.314954,3.185191,0.3928984,-0.7374356,0.2248369,3
2014-02-24 18:47:51.716,4643,464.3,43.63289,3.949552,26.39693,13.91563,339.649,9,5,1393264062,-0.8697662,-0.1141815,0.5104523,-12.1885,-1.006731,-18.51572,266.7741,266.0631,25,-3.232685,-1.152782,1.403176,2.865956,-2.146595,0.4427705,-3.248494,-1.162519,1.403185,-0.1763144,0.5853963,0.615531,3
2014-02-24 18:47:51.845,4644,464.4,43.63289,3.949552,26.39693,13.91563,339.649,9,5,1393264062,-0.9449463,-0.2277527,0.7142792,-11.69544,-0.4087162,-18.4588,267.4185,266.7075,25,-1.012423,-1.02798,0.2712949,2.82469,-2.147985,0.4523118,-1.028232,-1.037718,0.2713036,-0.1776204,0.5577583,-0.1047036,3
2014-02-24 18:47:51.950,4645,464.5,43.63302,3.949496,24.93957,14.12727,341.0845,9,5,1393264063,-0.9449463,-0.2277527,0.7142792,-11.69544,-0.2999859,-19.02801,267.4426,266.7316,25,2.313805,-0.4343954,-0.1377696,2.833776,-2.169267,0.4473141,1.345793,-0.7878929,-0.1130518,-0.1248559,0.318364,0.002502494,3
2014-02-24 18:47:52.068,4646,464.6,43.63302,3.949496,24.93957,14.12727,341.0845,9,5,1393264063,-1.062241,-0.2887421,0.8850098,-11.91458,-0.6261721,-18.57265,267.9866,267.2756,25,1.896029,-0.4257468,-0.2134265,2.870616,-2.194541,0.4274671,2.297996,-0.4441331,-0.1377609,-0.2062866,0.1868145,0.1827568,3
2014-02-24 18:47:52.152,4647,464.7,43.63302,3.949496,24.93957,14.12727,341.0845,9,5,1393264063,-0.8996124,-0.4055176,0.8262939,-12.1885,0.5154953,-18.85725,270.7786,270.0676,25,0.7542117,-0.4560626,-0.0704217,2.908158,-2.219938,0.4058739,1.88022,-0.4354844,-0.2134178,-0.3303552,0.1060797,0.3296185,3
2014-02-24 18:47:52.283,4648,464.8,43.63302,3.949496,24.93957,14.12727,341.0845,9,5,1393264063,-0.7974243,-0.3071289,0.5429382,-12.07893,0.2980328,-18.62957,270.8881,270.1771,25,0.2121511,-0.783298,0.2091103,2.928287,-2.236414,0.3952781,0.7384031,-0.4658002,-0.07041302,-0.2380736,0.02399615,0.2738696,3
2014-02-24 18:47:52.482,4649,464.9,43.63302,3.949496,24.93957,14.12727,341.0845,9,5,1393264063,-0.7517242,-0.2471771,0.4230499,-11.36673,0.1349373,-18.80033,270.8072,270.0962,25,-0.03719557,-0.9699459,0.6378939,2.93302,-2.250313,0.389477,0.1963426,-0.7930356,0.209119,-0.2245942,0.02721134,-0.007592506,3
2014-02-24 18:47:52.628,4650,465,43.63302,3.949496,24.93957,14.12727,341.0845,9,5,1393264063,-0.7260132,-0.1878204,0.4336395,-12.40765,-0.1368866,-18.17421,267.7097,266.9987,25,0.07744286,-1.158156,0.9458401,2.926709,-2.264708,0.3827421,-0.05300403,-0.9796835,0.6379026,-0.04511343,0.08788211,-0.1212283,3
2014-02-24 18:47:52.743,4651,465.1,43.63302,3.949496,24.93957,14.12727,341.0845,9,5,1393264063,-0.7238312,-0.1538696,0.4412384,-13.61292,0.7329588,-19.19877,270.0448,269.3338,25,0.1833238,-1.069018,1.077375,2.915952,-2.281409,0.3705487,0.06163446,-1.167894,0.9458487,-0.03643155,0.1764885,-0.2018977,3
2014-02-24 18:47:52.849,4652,465.2,43.63313,3.949457,23.0882,14.25415,341.9186,9,5,1393264064,-0.6741638,-0.1544647,0.3754883,-13.55813,0.8960543,-19.14185,270.4553,269.7443,25,0.2036666,-0.8011297,1.107803,2.904516,-2.298387,0.3541463,0.1675154,-1.078756,1.077384,-0.02557713,0.1589694,-0.1901603,3
2014-02-24 18:47:52.934,4653,465.3,43.63313,3.949457,23.0882,14.25415,341.9186,9,5,1393264064,-0.6067505,-0.1541748,0.3528595,-14.32512,1.004785,-19.71105,271.2104,270.4995,25,0.418377,-0.5475411,1.147276,2.892392,-2.311438,0.3366836,0.1878583,-0.8108671,1.107812,-0.02723226,0.1764891,-0.1956392,3
2014-02-24 18:47:53.053,4654,465.4,43.63313,3.949457,23.0882,14.25415,341.9186,9,5,1393264064,-0.5977936,-0.1933289,0.3454437,-15.31125,0.787322,-19.59721,270.7963,270.0853,25,0.6374146,-0.3103943,1.110699,2.881679,-2.320137,0.317217,0.4025688,-0.5572785,1.147285,0.02144624,0.1574589,-0.2716827,3
2014-02-24 18:47:53.179,4655,465.5,43.63313,3.949457,23.0882,14.25415,341.9186,9,5,1393264064,-0.5977936,-0.1933289,0.3454437,-14.65383,-0.1912498,-19.25569,267.5127,266.8017,25,0.7530389,-0.1804071,1.096464,2.869867,-2.328567,0.2711105,0.7372308,-0.1901444,1.096473,0.1029909,0.07453373,-0.3060138,3
2014-02-24 18:47:53.283,4656,465.6,43.63313,3.949457,23.0882,14.25415,341.9186,9,5,1393264064,-0.5532074,-0.2552185,0.3395996,-15.1469,-0.5718088,-18.74341,266.3351,265.6241,25,0.7311373,-0.1219528,1.056971,2.869867,-2.328567,0.2711105,0.7372308,-0.1901444,1.096473,0.1029909,0.07453373,-0.3060138,3
2014-02-24 18:47:53.512,4657,465.7,43.63313,3.949457,23.0882,14.25415,341.9186,9,5,1393264064,-0.5532074,-0.2552185,0.3395996,-16.24261,0.5154953,-19.42645,269.4758,268.7648,25,0.6257028,-0.1322036,1.010307,2.861428,-2.331732,0.2254797,0.6098948,-0.1419408,1.010316,0.1486395,-0.03254486,-0.3306515,3
2014-02-24 18:47:53.731,4658,465.8,43.63313,3.949457,23.0882,14.25415,341.9186,9,5,1393264064,-0.5738373,-0.2815399,0.3609924,-14.98255,0.02620983,-21.19098,268.8444,268.1334,25,0.241468,-0.3227722,1.077689,2.844328,-2.337412,0.1859415,0.2256601,-0.3325094,1.077698,0.1383128,-0.1126592,-0.3117947,3
2014-02-24 18:47:53.842,4659,465.9,43.63313,3.949457,23.0882,14.25415,341.9186,9,5,1393264064,-0.6072388,-0.287384,0.4152832,-15.03733,0.08057594,-20.45102,269.5107,268.7997,25,-0.03238564,-0.3967412,1.020645,2.831202,-2.342001,0.1712799,-0.04819345,-0.4064783,1.020653,0.1327415,-0.1110963,-0.3258084,3
2014-02-24 18:47:53.945,4660,466,43.63313,3.949457,23.0882,14.25415,341.9186,9,5,1393264064,-0.6705933,-0.341507,0.4598083,-15.09212,0.1349401,-18.91417,269.7714,269.0604,25,-0.204127,-0.4846216,0.9682359,2.816166,-2.348304,0.1602313,-0.2199418,-0.4943631,0.9682444,0.1237777,-0.1317284,-0.3168783,3
2014-02-24 18:47:54.067,4661,466.1,43.63326,3.949412,21.09769,14.39243,342.5896,9,5,1393264065,-0.7340851,-0.3905945,0.5111389,-15.42083,0.3524027,-19.71105,271.9399,271.2289,25,-0.4156385,-0.5045756,0.8021638,2.799696,-2.355048,0.1534109,-0.4314531,-0.5143171,0.8021724,0.07013182,-0.1329567,-0.2673826,3
2014-02-24 18:47:54.147,4662,466.2,43.63326,3.949412,21.09769,14.39243,342.5896,9,5,1393264065,-0.7340851,-0.3905945,0.5111389,-14.98254,-0.7349052,-19.14185,271.685,270.974,25,-0.3841173,-0.4191222,0.5435488,2.78433,-2.362539,0.1499752,-0.4340164,-0.5290321,0.6650374,0.02331756,-0.2088627,-0.2183005,3
2014-02-24 18:47:54.252,4663,466.3,43.63326,3.949412,21.09769,14.39243,342.5896,9,5,1393264065,-0.9011993,-0.3659668,0.6387329,-15.74954,-0.7349052,-18.68649,268.7714,268.0604,25,-0.3841173,-0.4191222,0.5435488,2.770958,-2.369287,0.1473459,-0.3999319,-0.4288636,0.5435573,-0.04385743,-0.2437812,-0.197403,3
2014-02-24 18:47:54.420,4664,466.4,43.63326,3.949412,21.09769,14.39243,342.5896,9,5,1393264065,-0.9011993,-0.3659668,0.6387329,-16.51653,-0.1912527,-19.48337,269.5807,268.8697,25,-0.1064599,-0.1382258,0.251371,2.760121,-2.374227,0.1465278,-0.3557654,-0.2880974,0.3865845,-0.1484789,-0.237663,-0.1094593,3
2014-02-24 18:47:54.600,4665,466.5,43.63326,3.949412,21.09769,14.39243,342.5896,9,5,1393264065,-1.009445,-0.3529968,0.7173615,-14.48948,-0.3543463,-20.45102,269.3317,268.6207,25,0.3793846,-0.03247592,0.1095403,2.753119,-2.376935,0.1457357,-0.1222743,-0.1479672,0.2513795,-0.2162483,-0.2207465,-0.07523704,3
2014-02-24 18:47:54.683,4666,466.6,43.63326,3.949412,21.09769,14.39243,342.5896,9,5,1393264065,-1.097214,-0.3740234,0.8471985,-14.43469,-0.7349052,-19.36953,269.3444,268.6334,25,0.8050909,0.125784,-0.2116923,2.753114,-2.378691,0.1412129,0.3635702,-0.04221726,0.1095489,-0.325302,-0.2122528,0.001722418,3
2014-02-24 18:47:54.889,4667,466.7,43.63326,3.949412,21.09769,14.39243,342.5896,9,5,1393264065,-0.92659,-0.3406219,0.8898926,-15.74954,-1.061098,-19.25569,269.365,268.654,25,0.6392122,0.6332214,-1.23063,2.781671,-2.377258,0.1278718,0.9568004,0.3286179,-0.7212778,-0.4373115,-0.2894228,0.1819846,3
2014-02-24 18:47:55.133,4668,466.8,43.63337,3.949362,20.94029,13.89016,341.8817,9,5,1393264066,-0.6814423,-0.2241974,0.9192047,-16.40696,0.1349401,-19.36953,273.453,272.742,25,0.6358817,0.8991895,-0.7077053,2.883805,-2.310241,0.1963602,0.6200677,0.8894483,-0.7076967,0.06551088,-0.032774,0.09566395,3
2014-02-24 18:47:55.242,4669,466.9,43.63337,3.949362,20.94029,13.89016,341.8817,9,5,1393264066,-0.6603088,-0.1768646,0.9064178,-15.96868,-0.5174417,-19.93873,273.4174,272.7064,25,0.5744601,0.7142473,-0.3885784,2.898852,-2.298769,0.1955651,0.5586462,0.7045062,-0.3885698,0.0485486,-0.0305174,0.1689506,3
2014-02-24 18:47:55.370,4670,467,43.63337,3.949362,20.94029,13.89016,341.8817,9,5,1393264066,-0.6650085,-0.1800232,0.8693085,-15.96868,-0.8436356,-19.02801,270.5893,269.8783,25,0.2898073,0.5427248,-0.1608826,2.907385,-2.289368,0.1939006,0.2739935,0.5329838,-0.1608741,0.05587079,-0.02041638,0.2858047,3
2014-02-24 18:47:55.539,4671,467.1,43.63337,3.949362,20.94029,13.89016,341.8817,9,5,1393264066,-0.6137085,-0.1871338,0.734375,-15.47561,-1.767843,-18.17421,267.688,266.977,25,0.04288861,0.4204191,-0.1937346,2.910898,-2.281652,0.1948422,0.02707485,0.4106781,-0.1937261,0.05529353,0.008324237,0.2582097,3
2014-02-24 18:47:55.650,4672,467.2,43.63337,3.949362,20.94029,13.89016,341.8817,9,5,1393264066,-0.6137085,-0.1871338,0.734375,-16.02346,-1.876573,-18.85725,266.2436,265.5326,25,0.2605823,0.5816615,-0.5087831,2.914389,-2.274024,0.1993905,-0.01100886,0.4781683,-0.3636783,0.08263804,0.01804879,0.2354378,3
2014-02-24 18:47:55.776,4673,467.3,43.63337,3.949362,20.94029,13.89016,341.8817,9,5,1393264066,-0.5356293,-0.1945038,0.6475677,-16.40696,-1.278558,-19.36953,266.3282,265.6172,25,0.4992793,0.6649498,-0.670365,2.921962,-2.265633,0.2044711,0.2447687,0.5719206,-0.5087746,0.1384479,0.01591551,0.1074525,3
2014-02-24 18:47:55.889,4674,467.4,43.6335,3.949303,21.76191,13.4995,340.9342,9,5,1393264067,-0.4169464,-0.1807709,0.5717773,-16.51653,-1.278558,-19.82489,266.527,265.816,25,0.6350006,0.7607279,-0.7298244,2.935395,-2.256737,0.208158,0.4834657,0.6552089,-0.6703565,0.2214901,0.01215427,0.02783986,3
2014-02-24 18:47:55.971,4675,467.5,43.6335,3.949303,21.76191,13.4995,340.9342,9,5,1393264067,-0.3496246,-0.1676636,0.5227203,-16.40696,-1.278558,-19.82489,269.2927,268.5817,25,0.7205595,0.7245181,-0.8049013,2.952624,-2.247321,0.2114516,0.6191871,0.7509871,-0.7298158,0.3454396,0.02910853,-0.04036504,3
2014-02-24 18:47:56.084,4676,467.6,43.6335,3.949303,21.76191,13.4995,340.9342,9,5,1393264067,-0.3065643,-0.1509552,0.4850464,-16.07825,-1.496017,-19.59721,268.5984,267.8875,25,0.7621256,0.6638947,-0.9141825,2.971942,-2.238012,0.2149352,0.704746,0.7147772,-0.8048928,0.3866589,0.0414854,-0.06070871,3
2014-02-24 18:47:56.317,4677,467.7,43.6335,3.949303,21.76191,13.4995,340.9342,9,5,1393264067,-0.34729,-0.1270599,0.4883118,-16.18782,-2.148402,-19.36954,264.8604,264.1494,25,0.4508881,0.4450374,-1.195409,3.015923,-2.223715,0.2255446,0.7129822,0.5543027,-1.037869,0.4584307,0.08279854,-0.1169925,3
2014-02-24 18:47:56.547,4678,467.8,43.6335,3.949303,21.76191,13.4995,340.9342,9,5,1393264067,-0.446991,-0.07769775,0.5209198,-13.99641,-1.822206,-18.23113,267.4193,266.7083,25,0.1973059,0.3129947,-1.163709,3.037378,-2.219126,0.2364722,0.4350748,0.4352967,-1.1954,0.4325647,0.1032778,-0.07524042,3
2014-02-24 18:47:56.660,4679,467.9,43.6335,3.949303,21.76191,13.4995,340.9342,9,5,1393264067,-0.5047455,-0.06225586,0.546463,-14.16077,-1.87657,-17.605,267.1323,266.4213,25,-0.002517486,0.07419807,-1.068277,3.055339,-2.216992,0.2509926,0.1814926,0.303254,-1.163701,0.4260741,0.1213057,-0.0949741,3
2014-02-24 18:47:56.768,4680,468,43.6335,3.949303,21.76191,13.4995,340.9342,9,5,1393264067,-0.5047455,-0.06225586,0.546463,-16.35217,-3.18134,-17.83269,262.3173,261.6063,25,-0.2464859,-0.1220705,-0.9983179,3.078415,-2.221435,0.2838416,-0.2622991,-0.1318111,-0.9983094,0.283283,0.2171946,-0.0434646,3
2014-02-24 18:47:56.850,4681,468.1,43.6335,3.949303,21.76191,13.4995,340.9342,9,5,1393264067,-0.63974,-0.04420471,0.5555115,-17.00959,-2.420226,-18.06037,263.9555,263.2445,25,-0.4538682,-0.3403762,-0.8843881,3.078415,-2.221435,0.2838416,-0.2622991,-0.1318111,-0.9983094,0.283283,0.2171946,-0.0434646,3
2014-02-24 18:47:56.938,4682,468.2,43.6335,3.949303,21.76191,13.4995,340.9342,9,5,1393264067,-0.63974,-0.04420471,0.5555115,-17.06438,-2.039669,-18.11729,265.7065,264.9955,25,-0.6947727,-0.4703451,-0.7470071,3.083513,-2.236253,0.3209954,-0.7105857,-0.4800856,-0.7469985,0.1383772,0.2496085,-0.03665671,3
2014-02-24 18:47:57.075,4683,468.3,43.63361,3.949242,25.76555,12.97749,339.6492,9,5,1393264068,-0.7535095,-0.03356934,0.5687561,-16.62609,-2.148399,-18.80033,265.2333,264.5223,25,-0.8509476,-0.5021321,-0.6027314,3.078777,-2.244119,0.3401578,-0.8667606,-0.5118726,-0.6027229,0.03470601,0.3008294,-0.03022404,3
2014-02-24 18:47:57.184,4684,468.4,43.63361,3.949242,25.76555,12.97749,339.6492,9,5,1393264068,-0.8066864,-0.00994873,0.6323395,-16.46174,-1.876573,-18.85725,266.3779,265.6669,25,-0.7892097,-0.5040509,-0.4765975,3.071927,-2.251122,0.3578505,-0.8050225,-0.5137913,-0.4765889,-0.02538656,0.3166923,-0.02044142,3
2014-02-24 18:47:57.280,4685,468.5,43.63361,3.949242,25.76555,12.97749,339.6492,9,5,1393264068,-0.8579559,-0.02923584,0.7060089,-15.85911,-2.148399,-18.34497,266.852,266.141,25,-0.5762961,-0.443501,-0.3378896,3.066252,-2.257922,0.3712588,-0.5921089,-0.4532414,-0.3378811,-0.08628244,0.35284,0.04123673,3
2014-02-24 18:47:57.515,4686,468.6,43.63361,3.949242,25.76555,12.97749,339.6492,9,5,1393264068,-0.9274902,-0.08210754,0.7680206,-15.85911,-3.344433,-17.8896,265.179,264.468,25,-0.4689169,-0.4055574,-0.2316487,3.061751,-2.264208,0.3813566,-0.4847296,-0.4152977,-0.2316401,-0.1441357,0.3429441,0.1127613,3
2014-02-24 18:47:57.638,4687,468.7,43.63361,3.949242,25.76555,12.97749,339.6492,9,5,1393264068,-1.058151,-0.1219788,0.9170074,-16.40696,-1.604747,-17.43425,264.9621,264.2511,25,-0.3274756,-0.4575295,-0.06320161,3.057329,-2.270679,0.3883183,-0.3432883,-0.4672698,-0.06319308,-0.1729533,0.3341531,0.1379597,3
2014-02-24 18:47:57.749,4688,468.8,43.63361,3.949242,25.76555,12.97749,339.6492,9,5,1393264068,-1.058151,-0.1219788,0.9170074,-15.85911,-1.604747,-17.77577,265.652,264.941,25,0.1162475,-0.7614704,0.1962449,3.053694,-2.280056,0.3907918,-0.1631512,-0.6281628,0.05389892,-0.3563504,0.2762758,0.2318128,3
2014-02-24 18:47:57.845,4689,468.9,43.63361,3.949242,25.76555,12.97749,339.6492,9,5,1393264068,-1.331329,-0.2358551,1.152664,-15.91389,-2.202766,-18.74341,263.4067,262.6957,25,0.1162475,-0.7614704,0.1962449,3.051361,-2.292513,0.3891712,0.1004349,-0.7712107,0.1962534,-0.4714296,0.2153134,0.3535568,3
2014-02-24 18:47:57.945,4690,469,43.63372,3.949188,28.7692,11.98859,338.0854,9,5,1393264069,-1.331329,-0.2358551,1.152664,-16.57132,-2.202766,-17.83269,262.7486,262.0376,25,0.2626399,-0.3526869,0.2910295,3.052067,-2.30616,0.3829151,0.272305,-0.6551549,0.228446,-0.5672618,0.175216,0.4276229,3
2014-02-24 18:47:58.038,4691,469.1,43.63372,3.949188,28.7692,11.98859,338.0854,9,5,1393264069,-1.287109,-0.1011963,1.146332,-16.18782,-2.148399,-17.3204,262.2706,261.5596,25,0.07294425,0.03547331,0.2560914,3.052496,-2.315183,0.3765137,0.2468274,-0.3624271,0.291038,-0.6473464,0.1318255,0.522602,3
2014-02-24 18:47:58.161,4692,469.2,43.63372,3.949188,28.7692,11.98859,338.0854,9,5,1393264069,-0.9808502,-0.06416321,0.8735809,-15.63997,-1.822209,-18.57265,263.7635,263.0525,25,0.05305283,0.4113625,0.224077,3.050897,-2.317391,0.3705845,0.05713183,0.02573317,0.2561,-0.6029307,0.260964,0.513292,3
2014-02-24 18:47:58.282,4693,469.3,43.63372,3.949188,28.7692,11.98859,338.0854,9,5,1393264069,-0.8280945,-0.1233368,0.754837,-17.11917,-2.637689,-18.85725,260.6656,259.9546,25,0.4081505,0.4463056,0.2834565,3.047925,-2.310672,0.367231,0.03724045,0.4016224,0.2240856,-0.3732364,0.2795036,0.3498207,3
2014-02-24 18:47:58.504,4694,469.4,43.63372,3.949188,28.7692,11.98859,338.0854,9,5,1393264069,-0.8559418,-0.262558,0.7292023,-14.70862,-2.637691,-18.62956,260.5648,259.8539,25,0.8501609,0.2763299,0.4301338,3.048073,-2.303066,0.360666,0.3923382,0.4365655,0.283465,-0.1952389,0.2902296,0.182743,3
2014-02-24 18:47:58.639,4695,469.5,43.63372,3.949188,28.7692,11.98859,338.0854,9,5,1393264069,-0.880661,-0.3746185,0.7443695,-14.43469,-0.5174417,-17.54808,266.9227,266.2117,25,0.9537038,0.08571091,0.5890124,3.053219,-2.298482,0.3469876,0.8343487,0.2665898,0.4301423,-0.1325045,0.1628051,0.1003892,3
2014-02-24 18:47:58.751,4696,469.6,43.63372,3.949188,28.7692,11.98859,338.0854,9,5,1393264069,-0.9149017,-0.3923492,0.6738892,-15.31125,-1.49602,-17.54808,265.4204,264.7094,25,0.6615841,-0.1492595,0.6846942,3.060196,-2.298235,0.3280132,0.9378916,0.0759709,0.5890209,-0.148882,0.05960477,0.09969636,3
2014-02-24 18:47:58.852,4697,469.7,43.63382,3.949125,27.14841,11.55794,336.8162,9,5,1393264070,-0.8805237,-0.3787231,0.5961609,-16.07825,-1.387287,-17.09272,265.1186,264.4076,25,0.176546,-0.3373056,0.7393526,3.063018,-2.300469,0.3093195,0.6457719,-0.1589995,0.6847027,-0.1706443,-0.07020802,0.1093809,3
2014-02-24 18:47:58.936,4698,469.8,43.63382,3.949125,27.14841,11.55794,336.8162,9,5,1393264070,-0.8188019,-0.2927246,0.5406494,-15.47561,-0.571806,-18.28805,265.1096,264.3986,25,-0.2335097,-0.4476369,0.9441305,3.058769,-2.304373,0.2951329,0.160734,-0.3470455,0.7393612,-0.2042327,-0.1014823,0.03330664,3
2014-02-24 18:47:59.077,4699,469.9,43.63382,3.949125,27.14841,11.55794,336.8162,9,5,1393264070,-0.7723541,-0.1690674,0.5383301,-15.96868,-0.4087124,-18.11729,265.1491,264.4381,25,-0.4412743,-0.5432276,1.23869,3.045999,-2.308461,0.2847221,-0.2493217,-0.4573768,0.9441391,-0.1874123,-0.1090782,-0.005545707,3
2014-02-24 18:47:59.186,4700,470,43.63382,3.949125,27.14841,11.55794,336.8162,9,5,1393264070,-0.7723541,-0.1690674,0.5383301,-16.51653,-1.60475,-17.77576,265.0358,264.3248,25,-0.4728272,-0.5188408,1.484502,3.000658,-2.31592,0.2613178,-0.4886391,-0.5285806,1.484511,-0.09779513,0.01331292,-0.1116925,3
2014-02-24 18:47:59.279,4701,470.1,43.63382,3.949125,27.14841,11.55794,336.8162,9,5,1393264070,-0.6733551,0.0536499,0.6022034,-15.91389,-2.202769,-18.06036,260.67,259.959,25,-0.3706907,-0.3255296,1.606773,3.000658,-2.31592,0.2613178,-0.4886391,-0.5285806,1.484511,-0.09779513,0.01331292,-0.1116925,3
2014-02-24 18:47:59.486,4702,470.2,43.63382,3.949125,27.14841,11.55794,336.8162,9,5,1393264070,-0.6733551,0.0536499,0.6022034,-14.65383,-1.60475,-18.68649,261.211,260.5,25,-0.134692,-0.08119845,1.601963,2.949746,-2.314845,0.2263243,-0.1505038,-0.0909382,1.601971,-0.0009106766,0.2051862,-0.06365646,3
2014-02-24 18:47:59.610,4703,470.3,43.63382,3.949125,27.14841,11.55794,336.8162,9,5,1393264070,-0.680069,0.07595825,0.6302185,-14.37991,-1.224191,-18.06037,262.597,261.886,25,0.2261498,0.1714658,1.526711,2.930487,-2.309255,0.2040447,0.2103381,0.161726,1.526719,0.05081067,0.2562816,-0.05698122,3
2014-02-24 18:47:59.801,4704,470.4,43.63382,3.949125,27.14841,11.55794,336.8162,9,5,1393264070,-0.8013763,0.0345459,0.7364349,-15.03733,-1.65911,-18.74341,262.2172,261.5062,25,0.9707113,0.6943668,1.28358,2.913036,-2.290154,0.1498004,0.9548997,0.6846272,1.283589,0.03561392,0.2180121,0.0008822972,3
2014-02-24 18:47:59.932,4705,470.5,43.63382,3.949125,27.14841,11.55794,336.8162,9,5,1393264070,-0.8205719,-0.008789062,0.7492065,-14.70862,-1.65911,-18.17421,262.2034,261.4924,25,1.173598,1.075313,1.244272,2.913166,-2.273054,0.1188084,1.157779,1.065569,1.24428,-0.02442063,0.1635273,0.08053446,3
2014-02-24 18:48:00.055,4706,470.6,43.63382,3.949125,27.14841,11.55794,336.8162,9,5,1393264070,-0.8166351,-0.0790863,0.6980896,-15.85911,-0.9523678,-18.91417,262.1196,261.4086,25,1.355413,1.440397,1.226032,2.916871,-2.249254,0.08605431,1.339595,1.430653,1.22604,-0.04629941,0.1009628,0.1003462,3
2014-02-24 18:48:00.163,4707,470.7,43.63391,3.949073,31.61752,10.44287,336.0431,9,5,1393264071,-0.8239899,-0.1010742,0.6718292,-15.47561,-0.680542,-18.74341,262.1984,261.4874,25,1.56709,1.854303,1.615843,2.922814,-2.219511,0.05092162,1.455142,1.723812,1.348639,-0.02474385,0.04211056,0.1458269,3
2014-02-24 18:48:00.295,4708,470.8,43.63391,3.949073,31.61752,10.44287,336.0431,9,5,1393264071,-0.8975525,-0.09529114,0.6923828,-15.25647,-1.441653,-17.37733,259.5325,258.8215,25,1.664133,1.80888,1.795531,2.928797,-2.185539,0.01131609,1.551272,1.844559,1.615852,0.0002344347,-0.06777046,0.1213782,3
2014-02-24 18:48:00.538,4709,470.9,43.63391,3.949073,31.61752,10.44287,336.0431,9,5,1393264071,-0.9653625,-0.05033875,0.6269073,-17.28352,-1.169827,-17.88961,257.8771,257.1661,25,1.559006,1.81652,1.860141,2.935583,-2.151723,-0.03240359,1.648315,1.799136,1.79554,0.01152588,-0.1334721,0.1233187,3
2014-02-24 18:48:00.652,4710,471,43.63391,3.949073,31.61752,10.44287,336.0431,9,5,1393264071,-0.9653625,-0.05033875,0.6269073,-16.40696,-1.169827,-18.80033,258.0247,257.3138,25,1.282028,1.959324,1.700063,2.947758,-2.082266,-0.1191,1.26621,1.94958,1.700072,-0.116787,-0.1753982,0.1895142,3
2014-02-24 18:48:00.759,4711,471.1,43.63391,3.949073,31.61752,10.44287,336.0431,9,5,1393264071,-1.029144,0.01887512,0.4822693,-15.96868,-1.387287,-18.91417,258.0487,257.3377,25,1.097636,2.052736,1.510857,2.947758,-2.082266,-0.1191,1.26621,1.94958,1.700072,-0.116787,-0.1753982,0.1895142,3
2014-02-24 18:48:00.830,4712,471.2,43.63391,3.949073,31.61752,10.44287,336.0431,9,5,1393264071,-1.029144,0.01887512,0.4822693,-14.87297,-1.278555,-19.48337,258.0936,257.3826,25,1.080247,2.17268,1.360534,2.958914,-2.003634,-0.1873109,1.06443,2.162937,1.360543,-0.138144,-0.1869346,0.1171084,3
2014-02-24 18:48:00.934,4713,471.3,43.63391,3.949073,31.61752,10.44287,336.0431,9,5,1393264071,-1.02681,0.138504,0.342926,-13.94163,-2.311496,-18.28804,258.0656,257.3546,25,0.9135961,2.256825,1.413248,2.973454,-1.91749,-0.247886,0.8977783,2.247082,1.413256,-0.09207655,-0.2165465,0.09163236,3
2014-02-24 18:48:01.072,4714,471.4,43.63391,3.949073,31.61752,10.44287,336.0431,9,5,1393264071,-1.033676,0.1921692,0.2926941,-13.83206,-1.550384,-17.83269,257.5096,256.7986,25,0.7999393,2.357146,1.453409,2.979597,-1.872698,-0.2784054,0.7841216,2.347402,1.453417,-0.1088004,-0.1363188,0.05703896,3
2014-02-24 18:48:01.184,4715,471.5,43.63391,3.949073,31.61752,10.44287,336.0431,9,5,1393264071,-1.138535,0.2124786,0.2913361,-13.61292,-2.855151,-17.71884,255.3519,254.6409,25,0.8695828,2.325261,1.367579,2.987332,-1.827485,-0.3076037,0.8537652,2.315518,1.367588,-0.1118404,-0.1106065,0.05073175,3
2014-02-24 18:48:01.270,4716,471.6,43.63399,3.949028,28.96715,9.182501,335.5146,9,5,1393264072,-1.211975,0.3284149,0.2311096,-15.42083,-1.71348,-18.80033,259.6199,258.9089,25,0.9079015,2.337838,1.344362,2.998198,-1.78065,-0.3357834,0.8920838,2.328095,1.344371,-0.1399764,-0.1097213,0.0974152,3
2014-02-24 18:48:01.523,4717,471.7,43.63399,3.949028,28.96715,9.182501,335.5146,9,5,1393264072,-1.211975,0.3284149,0.2311096,-14.0512,-1.985307,-19.99565,261.2766,260.5656,25,0.7721699,2.254444,1.251197,3.010282,-1.733274,-0.3632926,0.8603537,2.324196,1.31243,-0.2669407,-0.1099467,0.1246728,3
2014-02-24 18:48:01.637,4718,471.8,43.63399,3.949028,28.96715,9.182501,335.5146,9,5,1393264072,-1.136398,0.4103699,0.07435608,-10.81888,-0.5174417,-17.43424,265.8008,265.0898,25,0.7721699,2.254444,1.251197,3.022572,-1.686212,-0.3888488,0.7563525,2.2447,1.251206,-0.3549039,0.001247701,0.08247831,3
2014-02-24 18:48:01.745,4719,471.9,43.63399,3.949028,28.96715,9.182501,335.5146,9,5,1393264072,-1.136398,0.4103699,0.07435608,-13.77728,-2.800781,-17.3204,257.8329,257.1219,25,0.4520055,2.503602,1.393501,3.033474,-1.640242,-0.4127294,0.5991536,2.26017,1.210832,-0.3661773,0.02908,0.09869865,3
2014-02-24 18:48:01.846,4720,472,43.63399,3.949028,28.96715,9.182501,335.5146,9,5,1393264072,-1.025223,0.3954773,0.01333618,-13.50335,-1.76784,-16.01124,260.3722,259.6612,25,0.403735,2.586305,1.719528,3.042446,-1.591785,-0.4374672,0.4361882,2.493859,1.39351,-0.2307702,-0.01327669,0.05534574,3
2014-02-24 18:48:01.960,4721,472.1,43.63399,3.949028,28.96715,9.182501,335.5146,9,5,1393264072,-0.9246826,0.3940735,-0.005004883,-13.06506,-3.61626,-18.06037,254.7943,254.0833,25,0.4232993,2.296771,1.77885,3.05018,-1.541348,-0.4666247,0.3879177,2.576562,1.719536,-0.1325182,-0.05439712,0.03963287,3
2014-02-24 18:48:02.080,4722,472.2,43.63408,3.948976,28.14116,9.086094,334.9336,9,5,1393264073,-0.8875122,0.3561401,-0.02963257,-13.6677,-2.148402,-18.34497,259.7252,259.0142,25,0.1553688,1.917261,1.492569,3.061288,-1.490874,-0.499762,0.4074821,2.287028,1.778859,-0.08086979,-0.1254721,0.04649786,3
2014-02-24 18:48:02.171,4723,472.3,43.63408,3.948976,28.14116,9.086094,334.9336,9,5,1393264073,-0.8903656,0.2877045,-0.1208344,-16.35217,-2.855148,-19.99565,259.0349,258.3239,25,-0.3498906,1.578943,1.483979,3.070196,-1.44838,-0.5290257,0.1395517,1.907517,1.492578,-0.04516934,-0.09214056,0.1044415,3
2014-02-24 18:48:02.297,4724,472.4,43.63408,3.948976,28.14116,9.086094,334.9336,9,5,1393264073,-0.9282074,0.335144,-0.02702332,-15.03733,-1.659113,-17.71884,260.6685,259.9575,25,-0.8749917,1.338058,1.631444,3.071205,-1.416692,-0.5561252,-0.3657077,1.569199,1.483987,-0.03482701,-0.2309785,0.09159184,3
2014-02-24 18:48:02.539,4725,472.5,43.63408,3.948976,28.14116,9.086094,334.9336,9,5,1393264073,-0.8930664,0.4387665,-0.07321167,-17.61224,-1.604747,-18.34497,254.86,254.149,25,-1.271171,1.478735,1.603976,3.061713,-1.394972,-0.5872494,-0.8908087,1.328314,1.631452,-0.1405106,-0.2584648,0.0746313,3
2014-02-24 18:48:02.638,4726,472.6,43.63408,3.948976,28.14116,9.086094,334.9336,9,5,1393264073,-0.7854614,0.4830627,-0.09767151,-16.02346,-1.767847,-18.40189,260.8727,260.1617,25,-1.107942,1.779197,1.459493,3.042687,-1.380194,-0.6210747,-1.286988,1.468992,1.603984,-0.1296816,-0.2467655,0.1270475,3
2014-02-24 18:48:02.767,4727,472.7,43.63408,3.948976,28.14116,9.086094,334.9336,9,5,1393264073,-0.6099854,0.500885,-0.124054,-16.90002,-2.963881,-17.71884,257.7938,257.0828,25,-0.6606557,1.828374,1.225168,3.022252,-1.362107,-0.6532139,-1.123759,1.769454,1.459501,-0.1161618,-0.1689753,0.09131551,3
2014-02-24 18:48:02.851,4728,472.8,43.63408,3.948976,28.14116,9.086094,334.9336,9,5,1393264073,-0.4239044,0.441803,-0.1282806,-14.37991,-2.202763,-18.62957,257.969,257.258,25,-0.4910262,1.880722,1.08786,3.009584,-1.336129,-0.6805342,-0.6764725,1.818631,1.225177,-0.02952752,-0.1461456,0.08305147,3
2014-02-24 18:48:02.977,4729,472.9,43.63408,3.948976,28.14116,9.086094,334.9336,9,5,1393264073,-0.4239044,0.441803,-0.1282806,-15.69475,-2.420226,-16.12508,258.056,257.345,25,-0.462733,1.688499,1.118162,3.000533,-1.27552,-0.7255398,-0.4785498,1.678756,1.118171,0.2502632,-0.2447924,0.08033762,3
2014-02-24 18:48:03.095,4730,473,43.63416,3.94892,27.6659,9.125063,334.5137,9,5,1393264074,-0.3900146,0.4373779,-0.08396912,-14.81819,-2.311496,-17.71884,258.0857,257.3747,25,-0.7197563,1.421468,1.139416,3.000533,-1.27552,-0.7255398,-0.4785498,1.678756,1.118171,0.2502632,-0.2447924,0.08033762,3
2014-02-24 18:48:03.163,4731,473.1,43.63416,3.94892,27.6659,9.125063,334.5137,9,5,1393264074,-0.3900146,0.4373779,-0.08396912,-16.35217,-2.094036,-16.35276,258.1735,257.4625,25,-0.9156118,1.263938,1.188342,2.983238,-1.235047,-0.7750451,-0.9314284,1.254195,1.188351,0.2815409,-0.2643082,0.1484609,3
2014-02-24 18:48:03.295,4732,473.2,43.63416,3.94892,27.6659,9.125063,334.5137,9,5,1393264074,-0.4265747,0.5059509,-0.0975647,-15.31125,-1.822206,-17.43424,258.2715,257.5605,25,-0.9918514,1.297261,1.176727,2.969159,-1.221616,-0.8020279,-1.007668,1.287518,1.176736,0.26328,-0.2813895,0.1538952,3
2014-02-24 18:48:03.552,4733,473.3,43.63416,3.94892,27.6659,9.125063,334.5137,9,5,1393264074,-0.4145203,0.508606,-0.1052551,-13.6677,-2.039669,-18.45881,260.6981,259.9871,25,-0.90931,1.504967,1.13326,2.955586,-1.205174,-0.828411,-0.9251265,1.495224,1.133269,0.2047869,-0.2309071,0.1441432,3
2014-02-24 18:48:03.660,4734,473.4,43.63416,3.94892,27.6659,9.125063,334.5137,9,5,1393264074,-0.3832703,0.5351562,-0.06509399,-15.31126,-2.474594,-16.86504,259.5351,258.8241,25,-0.7240746,1.689137,1.024143,2.945717,-1.182561,-0.8525293,-0.7398911,1.679394,1.024152,0.2035115,-0.2395654,0.1409965,3
2014-02-24 18:48:03.762,4735,473.5,43.63416,3.94892,27.6659,9.125063,334.5137,9,5,1393264074,-0.3922729,0.4904022,-0.07365417,-14.21555,-2.365862,-15.84048,259.0106,258.2996,25,-0.6677725,1.835824,0.8871722,2.937657,-1.155633,-0.8734803,-0.6835889,1.826081,0.8871806,0.1873121,-0.2711309,0.1715764,3
2014-02-24 18:48:03.878,4736,473.6,43.63416,3.94892,27.6659,9.125063,334.5137,9,5,1393264074,-0.3535614,0.6002502,-0.07400513,-13.99641,-3.126973,-15.84048,256.5081,255.7971,25,-0.7726017,1.877056,0.7578944,2.927276,-1.128798,-0.8924798,-0.788418,1.867313,0.7579028,0.1801419,-0.2924699,0.1772936,3
2014-02-24 18:48:03.978,4737,473.7,43.63416,3.94892,27.6659,9.125063,334.5137,9,5,1393264074,-0.3535614,0.6002502,-0.07400513,-14.48948,-2.855145,-16.80812,257.2056,256.4946,25,-0.8126284,1.784559,0.8522611,2.915622,-1.103476,-0.9128189,-0.843257,1.840407,0.847968,0.2052519,-0.2261825,0.1999243,3
2014-02-24 18:48:04.157,4738,473.8,43.63423,3.94887,27.35738,9.803339,334.0428,9,5,1393264075,-0.2468567,0.7469788,-0.1489563,-14.32512,-1.93094,-17.54808,261.7159,261.0049,25,-0.8126284,1.784559,0.8522611,2.904859,-1.078723,-0.9343878,-0.8284447,1.774817,0.8522695,0.1702375,-0.2039852,0.2067797,3
2014-02-24 18:48:04.648,4739,473.9,43.63423,3.94887,27.35738,9.803339,334.0428,9,5,1393264075,-0.2468567,0.7469788,-0.1489563,-14.21555,-2.257129,-18.00344,260.9837,260.2727,25,-0.4775921,1.668915,0.5246187,2.895957,-1.053695,-0.9546757,-0.7355692,1.729672,0.7867353,0.1433568,-0.1402383,0.1681253,3
2014-02-24 18:48:04.840,4740,474,43.63423,3.94887,27.35738,9.803339,334.0428,9,5,1393264075,-0.3915405,0.7639465,-0.04347229,-14.81819,-2.202769,-17.49117,260.2503,259.5393,25,-0.9170004,1.061129,0.6307359,2.881054,-1.008788,-0.986482,-0.9328164,1.051386,0.6307443,0.07523932,-0.07014401,0.2504827,3
2014-02-24 18:48:04.969,4741,474.1,43.63423,3.94887,27.35738,9.803339,334.0428,9,5,1393264075,-0.3103333,0.805191,-0.1579132,-15.69476,-1.767847,-16.92196,261.2024,260.4914,25,-1.099272,0.8855426,0.6764501,2.881054,-1.008788,-0.986482,-0.9328164,1.051386,0.6307443,0.07523932,-0.07014401,0.2504827,3
2014-02-24 18:48:05.079,4742,474.2,43.63423,3.94887,27.35738,9.803339,334.0428,9,5,1393264075,-0.3103333,0.805191,-0.1579132,-15.63997,-2.148399,-17.09272,260.3843,259.6733,25,-0.9353735,0.344155,0.4252245,2.841599,-1.015766,-1.024643,-0.9511895,0.3344125,0.425233,0.1606414,-0.1041472,-0.05999986,3
2014-02-24 18:48:05.184,4743,474.3,43.63423,3.94887,27.35738,9.803339,334.0428,9,5,1393264075,-0.5547638,1.148773,-0.03651428,-12.51722,-1.224191,-17.26348,262.5788,261.8678,25,-1.262679,-0.1111175,0.6447217,2.814991,-1.036832,-1.04435,-1.278495,-0.12086,0.6447302,0.01532905,0.01656669,0.06088954,3
2014-02-24 18:48:05.285,4744,474.4,43.63423,3.94887,27.35738,9.803339,334.0428,9,5,1393264075,-0.3209229,1.099747,-0.159256,-14.7634,-2.257134,-16.182,257.3252,256.6142,25,-0.8318525,0.2476766,0.8764607,2.799806,-1.049242,-1.070657,-0.8476683,0.2379342,0.8764691,-0.1389742,0.2712572,0.2024097,3
2014-02-24 18:48:05.543,4745,474.5,43.63431,3.948808,25.47897,10.44944,333.4123,9,5,1393264076,-0.2434998,1.221893,-0.135849,-14.98255,-0.6261759,-16.7512,260.744,260.033,25,-0.0584207,0.203976,0.1933564,2.795749,-1.047136,-1.081133,-0.07423643,0.1942336,0.1933649,0.08637955,0.2172556,0.0759338,3
2014-02-24 18:48:05.646,4746,474.6,43.63431,3.948808,25.47897,10.44944,333.4123,9,5,1393264076,-0.5692139,1.163055,-0.3118134,-14.54426,-0.9523678,-16.7512,262.6189,261.9079,25,0.1630539,-0.8552744,-0.09918597,2.799238,-1.052305,-1.079167,0.1472382,-0.8650168,-0.0991775,0.1665191,0.3403286,0.09809155,3
2014-02-24 18:48:05.766,4747,474.7,43.63431,3.948808,25.47897,10.44944,333.4123,9,5,1393264076,-0.7109985,1.059021,-0.3790131,-14.32512,-1.061095,-17.3204,262.7141,262.0031,25,-0.1111595,-1.226465,0.2373113,2.800985,-1.073127,-1.080504,-0.1269752,-1.236207,0.2373198,0.04656152,0.3231116,0.03204072,3
2014-02-24 18:48:05.852,4748,474.8,43.63431,3.948808,25.47897,10.44944,333.4123,9,5,1393264076,-0.5218658,1.025223,-0.1873474,-14.54426,-0.9523611,-17.77577,262.6956,261.9846,25,-0.1910243,-0.7831941,0.6111315,2.802979,-1.089559,-1.09074,-0.2068398,-0.7929364,0.61114,-0.2713338,0.2122285,-0.1710417,3
2014-02-24 18:48:05.978,4749,474.9,43.63431,3.948808,25.47897,10.44944,333.4123,9,5,1393264076,-0.3433685,1.03421,-0.1844025,-14.65383,-1.49602,-17.09272,261.2142,260.5032,25,-0.142057,-0.4010651,0.5844105,2.808396,-1.09468,-1.101963,-0.1578725,-0.4108074,0.5844189,-0.2371407,0.1409544,-0.08895636,3
2014-02-24 18:48:06.092,4750,475,43.63431,3.948808,25.47897,10.44944,333.4123,9,5,1393264076,-0.3433685,1.03421,-0.1844025,-15.31126,-1.278561,-17.09272,261.203,260.492,25,-0.2794151,-0.5735935,0.4017701,2.812767,-1.095917,-1.11343,-0.1826558,-0.2670566,0.583951,-0.03664306,0.1268444,0.003908968,3
2014-02-24 18:48:06.189,4751,475.1,43.63431,3.948808,25.47897,10.44944,333.4123,9,5,1393264076,-0.3052979,1.029495,-0.302887,-15.09212,-1.387287,-18.23113,261.789,261.078,25,-0.475186,-1.227363,-0.09230037,2.813252,-1.103328,-1.123685,-0.2952305,-0.5833357,0.4017785,0.04260686,0.1325104,0.01043196,3
2014-02-24 18:48:06.283,4752,475.2,43.63431,3.948808,25.47897,10.44944,333.4123,9,5,1393264076,-0.3817596,1.006943,-0.3484955,-14.70862,-2.094032,-18.28805,259.6782,258.9672,25,-1.007337,-1.668187,-0.5635257,2.799612,-1.134753,-1.129046,-0.4910013,-1.237105,-0.0922919,0.08222133,0.1254905,-0.1223201,3
2014-02-24 18:48:06.545,4753,475.3,43.63439,3.948756,25.48024,11.05294,333.8004,9,5,1393264077,-0.7027588,0.9386597,-0.1663818,-15.58518,-1.550384,-17.605,260.3225,259.6115,25,-1.411045,-1.743726,-0.6921891,2.759073,-1.199497,-1.12834,-1.023152,-1.677929,-0.5635172,0.01722459,0.10324,-0.1931476,3
2014-02-24 18:48:06.649,4754,475.4,43.63439,3.948756,25.48024,11.05294,333.8004,9,5,1393264077,-0.7832489,0.913269,-0.06178284,-16.62609,-1.278558,-18.23112,261.1578,260.4468,25,-0.9637256,-0.9991046,-0.2763599,2.696111,-1.28941,-1.124028,-1.42686,-1.753468,-0.6921806,-0.1927423,-0.01566348,-0.1073342,3
2014-02-24 18:48:06.759,4755,475.5,43.63439,3.948756,25.48024,11.05294,333.8004,9,5,1393264077,-0.4813843,0.7078094,-0.08114624,-16.95481,-0.5174417,-17.77576,263.4146,262.7036,25,-0.3161266,-0.1238349,-0.2997976,2.641029,-1.364384,-1.121714,-0.979542,-1.008852,-0.276378,-0.3395875,0.07969926,0.004473337,3
2014-02-24 18:48:06.865,4756,475.6,43.63439,3.948756,25.48024,11.05294,333.8004,9,5,1393264077,-0.3217163,0.6086578,-0.05519104,-15.91389,-0.5718088,-18.85725,263.7257,263.0147,25,-0.1385725,-0.08894026,-0.5013803,2.616377,-1.39427,-1.119608,-0.3319429,-0.1335826,-0.2998157,-0.1620496,-0.0125395,-0.07351279,3
2014-02-24 18:48:06.947,4757,475.7,43.63439,3.948756,25.48024,11.05294,333.8004,9,5,1393264077,-0.3208466,0.5804749,0.05033875,-15.96868,-1.387287,-18.80033,261.1675,260.4565,25,-0.4778782,-0.3149566,-0.658457,2.607426,-1.40358,-1.112694,-0.1543888,-0.098688,-0.5013983,-0.04530568,-0.1890838,-0.007539602,3
2014-02-24 18:48:07.089,4758,475.8,43.63439,3.948756,25.48024,11.05294,333.8004,9,5,1393264077,-0.2833099,0.6388245,0.09617615,-14.10598,-1.822212,-17.43424,259.2781,258.5671,25,-0.6908429,-0.3346238,-0.6450602,2.588473,-1.424248,-1.102228,-0.4936944,-0.3247043,-0.658475,0.1250526,-0.2835577,0.01075505,3
2014-02-24 18:48:07.165,4759,475.9,43.63439,3.948756,25.48024,11.05294,333.8004,9,5,1393264077,-0.3386078,0.7172394,0.1456757,-15.25647,-2.202763,-17.37733,260.6845,259.9735,25,-0.443342,-0.6305354,-0.4685209,2.558348,-1.458139,-1.091112,-0.706659,-0.3443714,-0.6450783,0.1377275,-0.3066656,0.1022202,3
2014-02-24 18:48:07.270,4760,476,43.63439,3.948756,25.48024,11.05294,333.8004,9,5,1393264077,-0.3386078,0.7172394,0.1456757,-15.42082,-1.713477,-17.43424,257.22,256.509,25,-0.1585907,-0.5143437,-0.2440294,2.522091,-1.510952,-1.076969,-0.1744068,-0.5240914,-0.2440475,0.08431097,-0.2646042,0.2151624,3
2014-02-24 18:48:07.486,4761,476.1,43.63448,3.948698,29.65061,11.84112,334.4739,9,5,1393264078,-0.3339539,0.5730133,0.08145142,-15.96868,-0.9523649,-17.77576,257.5043,256.7933,25,0.09730259,-0.286068,-0.5757885,2.522091,-1.510952,-1.076969,-0.1744068,-0.5240914,-0.2440475,0.08431097,-0.2646042,0.2151624,3
2014-02-24 18:48:07.584,4762,476.2,43.63448,3.948698,29.65061,11.84112,334.4739,9,5,1393264078,-0.3339539,0.5730133,0.08145142,-15.74954,-2.039672,-18.23113,259.1109,258.3999,25,0.02397324,-0.2554286,-0.642486,2.522164,-1.522028,-1.056423,0.008157298,-0.2651761,-0.6425041,0.2231551,-0.2750353,0.1157961,3
2014-02-24 18:48:07.682,4763,476.3,43.63448,3.948698,29.65061,11.84112,334.4739,9,5,1393264078,-0.2395782,0.7486115,0.09686279,-15.47561,-1.441657,-18.51573,260.9865,260.2755,25,-0.1844732,-0.29949,-0.4235142,2.51635,-1.532805,-1.046739,-0.2002891,-0.3092375,-0.4235323,0.1660826,-0.2927825,0.1004576,3
2014-02-24 18:48:07.818,4764,476.4,43.63448,3.948698,29.65061,11.84112,334.4739,9,5,1393264078,-0.188858,0.8357544,0.03050232,-14.87297,-0.5174456,-18.00344,263.8208,263.1098,25,-0.03030597,-0.589431,-0.118888,2.511394,-1.545767,-1.042397,-0.04612182,-0.5991785,-0.1189061,0.2644156,-0.1150036,0.1094802,3
2014-02-24 18:48:07.997,4765,476.5,43.63448,3.948698,29.65061,11.84112,334.4739,9,5,1393264078,-0.2662048,0.9350891,0.003509521,-15.96868,-1.061098,-17.66193,261.4449,260.7339,25,0.4831392,-1.264792,0.4005903,2.530187,-1.56829,-1.049645,0.4673235,-1.27454,0.4005722,0.2832318,0.008806223,0.002850063,3
2014-02-24 18:48:08.103,4766,476.6,43.63448,3.948698,29.65061,11.84112,334.4739,9,5,1393264078,-0.3787994,0.7952423,0.04516602,-15.63997,-1.49602,-17.43424,260.1172,259.4062,25,0.9803056,-1.254212,0.394705,2.559568,-1.566876,-1.057291,0.9644899,-1.263959,0.3946869,0.2558017,0.04129498,-0.01255483,3
2014-02-24 18:48:08.322,4767,476.7,43.63448,3.948698,29.65061,11.84112,334.4739,9,5,1393264078,-0.479187,1.060928,-0.08372498,-14.70862,-1.767843,-18.7434,259.6212,258.9102,25,0.9025179,-0.7586305,0.5040855,2.648427,-1.528178,-1.072036,0.8867023,-0.7683777,0.5040675,-0.1022668,-0.06529476,-0.05002416,3
2014-02-24 18:48:08.551,4768,476.8,43.63458,3.948628,29.15134,12.21138,334.8219,9,5,1393264079,-0.479187,1.060928,-0.08372498,-15.69475,-1.985307,-18.06037,257.7096,256.9986,25,0.6113483,-0.3424652,0.3834355,2.681539,-1.508348,-1.079794,0.8450452,-0.3613354,0.4199235,-0.06354306,0.04726218,-0.102746,3
2014-02-24 18:48:08.655,4769,476.9,43.63458,3.948628,29.15134,12.21138,334.8219,9,5,1393264079,-0.5200806,1.161133,-0.01377869,-16.29739,-1.278558,-16.29584,257.3866,256.6756,25,0.4049616,-0.57201,0.2241508,2.710064,-1.489257,-1.085265,0.5955329,-0.3522124,0.3834175,-0.01405955,0.1765011,-0.04571457,3
2014-02-24 18:48:08.768,4770,477,43.63458,3.948628,29.15134,12.21138,334.8219,9,5,1393264079,-0.5278778,1.176727,0.0484314,-16.07825,-0.9523649,-17.77576,260.3975,259.6865,25,0.3116133,-0.772138,0.2334189,2.730524,-1.480199,-1.090219,0.3891463,-0.5817571,0.2241327,-0.05968491,0.2744049,0.02804652,3
2014-02-24 18:48:08.851,4771,477.1,43.63458,3.948628,29.15134,12.21138,334.8219,9,5,1393264079,-0.5451355,1.219269,0.08303833,-15.80432,-0.4630795,-17.94652,261.7367,261.0257,25,0.4113007,-0.6388572,0.3632908,2.744949,-1.480728,-1.094379,0.295798,-0.7818851,0.2334008,-0.02008217,0.2577951,0.06027693,3
2014-02-24 18:48:08.952,4772,477.2,43.63458,3.948628,29.15134,12.21138,334.8219,9,5,1393264079,-0.4905701,1.314346,0.01664734,-15.63997,-0.8436356,-18.34497,260.9156,260.2047,25,0.6515192,-0.4198388,0.4490974,2.759768,-1.481176,-1.09936,0.3954855,-0.6486043,0.3632728,-0.1055025,0.312681,0.1246323,3
2014-02-24 18:48:09.070,4773,477.3,43.63458,3.948628,29.15134,12.21138,334.8219,9,5,1393264079,-0.5130463,1.260529,-0.0436554,-14.92776,-0.8979988,-18.51573,260.4886,259.7776,25,0.9049667,-0.319362,0.4388205,2.783834,-1.468942,-1.106327,0.635704,-0.4295859,0.4490793,-0.06859461,0.3891436,0.09628204,3
2014-02-24 18:48:09.192,4774,477.4,43.63458,3.948628,29.15134,12.21138,334.8219,9,5,1393264079,-0.5451508,1.313919,-0.07174683,-13.99641,-1.930943,-17.09272,257.2045,256.4935,25,0.9521776,-0.4948321,0.5618165,2.819178,-1.44404,-1.112869,0.8891515,-0.329109,0.4388025,-0.05202708,0.4173755,0.07253499,3
2014-02-24 18:48:09.271,4775,477.5,43.63458,3.948628,29.15134,12.21138,334.8219,9,5,1393264079,-0.5981445,1.073807,-0.0539856,-15.63997,-1.713477,-17.32041,257.7102,256.9992,25,0.9526023,-0.6898029,0.842923,2.861827,-1.41346,-1.119406,0.9363624,-0.5045791,0.5617984,-0.08221717,0.3606871,0.02469441,3
2014-02-24 18:48:09.505,4776,477.6,43.63468,3.948562,27.3375,12.6637,334.6592,9,5,1393264080,-0.5480652,0.9264374,0.001266479,-15.63997,-0.8436356,-18.23113,261.9521,261.2411,25,0.9716392,-0.5871304,0.9077976,2.905815,-1.385656,-1.130198,0.9367873,-0.6995499,0.8429049,-0.125958,0.4094226,0.006761558,3
2014-02-24 18:48:09.716,4777,477.7,43.63468,3.948562,27.3375,12.6637,334.6592,9,5,1393264080,-0.5360413,0.8715363,0.03497314,-14.32512,-1.387287,-19.14185,260.9812,260.2702,25,0.7249865,-0.06539898,1.048148,3.053403,-1.275428,-1.172511,0.7091717,-0.07514582,1.04813,-0.1762438,-0.06047551,0.2092712,3
2014-02-24 18:48:09.855,4778,477.8,43.63468,3.948562,27.3375,12.6637,334.6592,9,5,1393264080,-0.5336151,0.9198608,-0.03457642,-14.37991,-1.985303,-17.83269,257.8437,257.1327,25,0.695733,0.1231547,0.9850252,3.053403,-1.275428,-1.172511,0.7091717,-0.07514582,1.04813,-0.1762438,-0.06047551,0.2092712,3
2014-02-24 18:48:09.944,4779,477.9,43.63468,3.948562,27.3375,12.6637,334.6592,9,5,1393264080,-0.5336151,0.9198608,-0.03457642,-15.36604,-1.985303,-18.06037,257.7997,257.0887,25,0.4840146,0.1804614,0.9847786,-3.138757,-1.186975,-1.199974,0.4681999,0.1707146,0.9847606,-0.2293381,-0.08994283,0.1491124,3
2014-02-24 18:48:10.052,4780,478,43.63468,3.948562,27.3375,12.6637,334.6592,9,5,1393264080,-0.5387573,0.8898163,-0.06463623,-15.31126,-2.257126,-17.54808,256.54,255.829,25,0.3750173,0.1609207,0.7715899,-3.103084,-1.150802,-1.212261,0.3592026,0.151174,0.7715719,-0.2132088,-0.01655108,0.1085059,3
2014-02-24 18:48:10.132,4781,478.1,43.63468,3.948562,27.3375,12.6637,334.6592,9,5,1393264080,-0.4209442,0.7882996,-0.07714844,-15.69476,-2.202763,-17.26348,256.6725,255.9615,25,0.4786782,0.1636102,0.5825156,-3.067853,-1.114841,-1.219635,0.4628636,0.1538635,0.5824975,-0.2299105,-0.0491576,0.08682887,3
2014-02-24 18:48:10.238,4782,478.2,43.63468,3.948562,27.3375,12.6637,334.6592,9,5,1393264080,-0.4003601,0.7141571,-0.0607605,-15.69476,-1.115461,-18.17421,260.7367,260.0257,25,0.4670474,0.007766044,0.5229236,-3.031791,-1.079551,-1.224513,0.4512328,-0.0019806,0.5229056,-0.1216759,-0.1523411,0.08295666,3
2014-02-24 18:48:10.472,4783,478.3,43.63468,3.948562,27.3375,12.6637,334.6592,9,5,1393264080,-0.3412018,0.7002411,-0.005401611,-14.92776,-1.659117,-18.40189,259.3955,258.6845,25,0.4655262,3.675162e-05,0.4080197,-2.998832,-1.048847,-1.22793,0.4497117,-0.009709865,0.4080017,-0.1407964,-0.191093,0.09646172,3
2014-02-24 18:48:10.594,4784,478.4,43.63478,3.948489,30.37431,12.58903,333.9952,9,5,1393264081,-0.1014862,0.7157135,-0.02218628,-15.63997,-1.169827,-18.80033,261.4046,260.6936,25,0.5788926,-0.05471837,0.3967391,-2.963172,-1.015806,-1.22932,0.5630782,-0.06446494,0.396721,-0.07721634,-0.2498174,0.1319038,3
2014-02-24 18:48:10.695,4785,478.5,43.63478,3.948489,30.37431,12.58903,333.9952,9,5,1393264081,-0.1014862,0.7157135,-0.02218628,-15.1469,-1.332924,-17.83269,260.5026,259.7916,25,0.7455485,-0.5679958,0.2567109,-2.920283,-0.9773663,-1.228818,0.7146212,-0.139333,0.3848298,0.04310629,-0.2743228,0.1592565,3
2014-02-24 18:48:10.795,4786,478.6,43.63478,3.948489,30.37431,12.58903,333.9952,9,5,1393264081,-0.1647949,0.7250061,0.09985352,-14.7634,-2.257132,-18.57265,257.9475,257.2365,25,0.7455485,-0.5679958,0.2567109,-2.876825,-0.942926,-1.225565,0.7297342,-0.5777423,0.2566928,0.1723856,-0.2252838,0.1766058,3
2014-02-24 18:48:10.879,4787,478.7,43.63478,3.948489,30.37431,12.58903,333.9952,9,5,1393264081,-0.1647949,0.7250061,0.09985352,-15.1469,-2.094036,-17.71884,257.6096,256.8986,25,0.7045481,-0.9710146,0.2144993,-2.838789,-0.9239455,-1.220714,0.7001031,-1.02285,0.1845004,0.1829147,-0.2645551,0.2161024,3
2014-02-24 18:48:10.980,4788,478.8,43.63478,3.948489,30.37431,12.58903,333.9952,9,5,1393264081,-0.2207184,0.7093048,-0.0352478,-15.31125,-2.039672,-17.8896,258.2826,257.5716,25,0.6099315,-0.6717997,0.3045186,-2.803752,-0.9102628,-1.215933,0.6887339,-0.9807611,0.2144812,0.1095835,-0.212688,0.3130346,3
2014-02-24 18:48:11.103,4789,478.9,43.63478,3.948489,30.37431,12.58903,333.9952,9,5,1393264081,-0.1469116,0.7881317,-0.218338,-15.03733,-2.746415,-17.83268,258.9872,258.2762,25,0.4981968,-0.4136579,0.235232,-2.768012,-0.8917127,-1.212529,0.5941174,-0.6815461,0.3045006,0.07579248,-0.2341283,0.2681963,3
2014-02-24 18:48:11.232,4790,479,43.63478,3.948489,30.37431,12.58903,333.9952,9,5,1393264081,-0.08087158,0.8639832,-0.2854309,-14.7634,-2.039669,-18.57265,259.8967,259.1857,25,0.2706858,-0.4008236,0.216498,-2.736903,-0.8718976,-1.210328,0.4823827,-0.4234043,0.2352139,0.06718468,-0.1417558,0.09176426,3
2014-02-24 18:48:11.394,4791,479.1,43.6349,3.948416,27.36953,12.80212,334.0286,9,5,1393264082,-0.1334839,0.9250946,-0.2767334,-15.31126,-2.909511,-18.80033,257.4058,256.6948,25,-0.0003834952,-0.6278384,0.2947078,-2.71573,-0.8592291,-1.20913,0.2548718,-0.4105699,0.2164799,0.1381499,-0.1310026,-0.04083579,3
2014-02-24 18:48:11.569,4792,479.2,43.6349,3.948416,27.36953,12.80212,334.0286,9,5,1393264082,-0.1591034,0.9554749,-0.156311,-16.2426,-2.528955,-17.605,257.3533,256.6423,25,-0.111645,-0.6067565,0.2031039,-2.702844,-0.8577254,-1.212026,-0.01619747,-0.6375847,0.2946897,0.1847024,-0.07234628,-0.05574062,3
2014-02-24 18:48:11.648,4793,479.3,43.6349,3.948416,27.36953,12.80212,334.0286,9,5,1393264082,-0.08346558,0.910553,-0.0614624,-17.22874,-1.659113,-18.06037,260.4897,259.7787,25,-0.1135625,-0.4024044,0.1048963,-2.697667,-0.8649194,-1.216841,-0.1274589,-0.6165028,0.2030858,0.1303014,-0.01291466,-0.05188688,3
2014-02-24 18:48:11.755,4794,479.4,43.6349,3.948416,27.36953,12.80212,334.0286,9,5,1393264082,-0.08346558,0.910553,-0.0614624,-16.24261,-1.65911,-18.17421,260.5687,259.8577,25,-0.1905026,-0.297078,0.1688231,-2.69918,-0.8824051,-1.224772,-0.2063164,-0.3068242,0.168805,0.1715149,-0.06136447,0.09658603,3
2014-02-24 18:48:11.880,4795,479.5,43.6349,3.948416,27.36953,12.80212,334.0286,9,5,1393264082,-0.095047,0.9640045,-0.1575928,-16.51653,-2.257129,-18.23113,260.5215,259.8105,25,-0.1822734,-0.08720575,0.1844505,-2.69918,-0.8824051,-1.224772,-0.2063164,-0.3068242,0.168805,0.1715149,-0.06136447,0.09658603,3
2014-02-24 18:48:11.964,4796,479.6,43.6349,3.948416,27.36953,12.80212,334.0286,9,5,1393264082,-0.095047,0.9640045,-0.1575928,-15.36604,-2.855148,-18.62957,258.0336,257.3226,25,-0.2451717,0.1309367,0.1688133,-2.707552,-0.8927546,-1.23472,-0.2609853,0.1211906,0.1687952,0.1815509,-0.03968272,0.1435861,3
2014-02-24 18:48:12.077,4797,479.7,43.6349,3.948416,27.36953,12.80212,334.0286,9,5,1393264082,-0.1331177,1.010635,-0.1720123,-14.21556,-3.670627,-16.86504,257.0081,256.2971,25,-0.3138059,0.1765521,0.127823,-2.715477,-0.8971677,-1.240251,-0.3296194,0.1668061,0.1278049,0.1453414,0.03623605,0.02313193,3
2014-02-24 18:48:12.179,4798,479.8,43.6349,3.948416,27.36953,12.80212,334.0286,9,5,1393264082,-0.2135773,1.026184,-0.201355,-15.42083,-3.12697,-17.54808,256.8676,256.1566,25,-0.3914639,0.3323119,0.1208644,-2.728812,-0.9054357,-1.24664,-0.4072775,0.3225659,0.1208463,0.1174517,0.06271563,0.0246171,3
2014-02-24 18:48:12.270,4799,479.9,43.6349,3.948416,27.36953,12.80212,334.0286,9,5,1393264082,-0.307251,1.099792,-0.2498016,-15.5304,-2.692051,-18.11728,256.9067,256.1957,25,-0.3585872,0.5740345,0.1270331,-2.742621,-0.9101812,-1.25302,-0.3744007,0.5642885,0.127015,0.03314209,0.07625161,-0.009631585,3
2014-02-24 18:48:12.515,4800,480,43.6349,3.948416,27.36953,12.80212,334.0286,9,5,1393264082,-0.2687988,1.124023,-0.2251434,-15.69475,-2.202766,-17.49116,257.0517,256.3407,25,-0.3917459,0.9733308,0.05829659,-2.754,-0.9066082,-1.258267,-0.3362559,0.8928789,0.07725036,-0.06514644,0.1482336,-0.06027311,3
2014-02-24 18:48:12.634,4801,480.1,43.635,3.948346,25.22768,13.0933,333.4997,9,5,1393264083,-0.2628021,1.240082,-0.1605682,-16.51652,-2.909511,-17.54808,257.0348,256.3238,25,-0.3537045,0.7812769,0.1004222,-2.770862,-0.9041919,-1.263631,-0.4075593,0.9635849,0.05827854,-0.03116783,0.170829,-0.0381891,3
2014-02-24 18:48:12.744,4802,480.2,43.635,3.948346,25.22768,13.0933,333.4997,9,5,1393264083,-0.3065948,1.259247,-0.131958,-16.68088,-2.528958,-18.28804,261.2056,260.4946,25,-0.1464688,0.6974662,0.05044107,-2.787517,-0.9047131,-1.269783,-0.3695179,0.771531,0.1004042,-0.02888065,0.2130083,-0.00512096,3
2014-02-24 18:48:12.849,4803,480.3,43.635,3.948346,25.22768,13.0933,333.4997,9,5,1393264083,-0.2742615,1.305161,-0.1660767,-15.42083,-2.583322,-18.34497,261.1234,260.4124,25,0.003674896,0.5876595,0.06468605,-2.796898,-0.9002129,-1.273364,-0.1622887,0.6877161,0.05042425,-0.05111015,0.3135461,0.04940334,3
2014-02-24 18:48:12.947,4804,480.4,43.635,3.948346,25.22768,13.0933,333.4997,9,5,1393264083,-0.2945862,1.227768,-0.1686707,-15.03733,-2.094036,-18.40188,261.1244,260.4134,25,0.1866037,0.5226083,-0.02559724,-2.798673,-0.8905199,-1.275398,-0.01214497,0.5779095,0.06466923,-0.06445443,0.3629549,0.03625153,3
2014-02-24 18:48:13.069,4805,480.5,43.635,3.948346,25.22768,13.0933,333.4997,9,5,1393264083,-0.3255615,1.040909,-0.1696014,-14.43469,-1.93094,-17.77576,261.1397,260.4287,25,0.2551726,0.6682942,-0.1577484,-2.792458,-0.8747291,-1.274358,0.1707839,0.5128583,-0.02561406,-0.05010081,0.3487775,0.02122922,3
2014-02-24 18:48:13.155,4806,480.6,43.635,3.948346,25.22768,13.0933,333.4997,9,5,1393264083,-0.2771912,0.9322662,-0.2794342,-13.94163,-2.855148,-16.69428,258.2606,257.5496,25,0.07211974,1.228017,-0.4312648,-2.785099,-0.8569626,-1.27017,0.2393529,0.6585442,-0.1577652,-0.07076272,0.2726168,0.02520897,3
2014-02-24 18:48:13.294,4807,480.7,43.635,3.948346,25.22768,13.0933,333.4997,9,5,1393264083,-0.227066,0.846283,-0.4245148,-14.21555,-2.474594,-16.52352,257.2854,256.5744,25,-0.2567133,1.471424,-0.4332798,-2.791891,-0.8447658,-1.263815,0.05630005,1.218267,-0.4312817,-0.09958451,0.08765881,0.03101964,3
2014-02-24 18:48:13.557,4808,480.8,43.635,3.948346,25.22768,13.0933,333.4997,9,5,1393264083,-0.227066,0.846283,-0.4245148,-14.59905,-1.332924,-19.42645,262.4149,261.7039,25,-0.6021663,1.177748,0.027299,-2.846345,-0.8453065,-1.262918,-0.6179859,1.167998,0.02728218,0.02076181,-0.0163789,-0.08634857,3
2014-02-24 18:48:13.658,4809,480.9,43.63511,3.948272,28.3693,13.19951,332.5326,9,5,1393264084,-0.3768616,1.046921,-0.4608917,-14.87297,-1.71348,-19.71105,262.3914,261.6805,25,-0.9957695,1.119089,0.01587857,-2.846345,-0.8453065,-1.262918,-0.6179859,1.167998,0.02728218,0.02076181,-0.0163789,-0.08634857,3
2014-02-24 18:48:13.734,4810,481,43.63511,3.948272,28.3693,13.19951,332.5326,9,5,1393264084,-0.3768616,1.046921,-0.4608917,-15.96868,-1.713477,-17.09272,259.1986,258.4876,25,-1.139745,1.262731,-0.3095102,-2.950089,-0.9024344,-1.285647,-1.155564,1.252982,-0.309527,-0.1271856,0.1122341,-0.3361601,3
2014-02-24 18:48:13.952,4811,481.1,43.63511,3.948272,28.3693,13.19951,332.5326,9,5,1393264084,-0.2657013,0.9296112,-0.3348694,-16.46174,-2.202769,-17.14964,255.8459,255.1349,25,-0.9751748,1.58679,-0.623139,-3.027586,-0.9491746,-1.289923,-0.9909942,1.57704,-0.6231558,-0.1515205,0.08610693,-0.2994664,3
2014-02-24 18:48:14.073,4812,481.2,43.63511,3.948272,28.3693,13.19951,332.5326,9,5,1393264084,-0.2710876,0.8569336,-0.1929779,-13.06507,-1.224191,-17.605,259.8726,259.1616,25,-0.9157344,1.245076,-0.465556,-3.102182,-0.9951615,-1.291263,-0.9315537,1.235326,-0.4655728,-0.03425731,-0.03157305,-0.1846745,3
2014-02-24 18:48:14.174,4813,481.3,43.63511,3.948272,28.3693,13.19951,332.5326,9,5,1393264084,-0.3189087,0.6468506,-0.007659912,-13.77727,-1.169827,-16.52352,257.4896,256.7786,25,-0.56691,0.9812265,-0.3458384,3.126283,-1.028219,-1.292597,-0.5827293,0.9714768,-0.3458552,-0.03590446,-0.1046179,-0.05117678,3
2014-02-24 18:48:14.282,4814,481.4,43.63511,3.948272,28.3693,13.19951,332.5326,9,5,1393264084,-0.309021,0.6653595,0.09863281,-14.48948,-0.7892714,-16.4666,259.4404,258.7294,25,-0.5096851,0.9460406,-0.2651744,3.08726,-1.048535,-1.292486,-0.5255044,0.9362909,-0.2651912,-0.02431288,-0.1600226,0.02748924,3
2014-02-24 18:48:14.429,4815,481.5,43.63511,3.948272,28.3693,13.19951,332.5326,9,5,1393264084,-0.2662201,0.6442566,0.07391357,-14.59905,-0.7892685,-17.49116,259.7217,259.0107,25,-0.42114,1.142619,-0.2885314,3.048406,-1.066348,-1.293228,-0.4369592,1.132869,-0.2885482,-0.08846711,-0.3171475,0.1919795,3
2014-02-24 18:48:14.668,4816,481.6,43.63521,3.948194,27.31336,13.16567,332.21,9,5,1393264085,-0.2662201,0.6442566,0.07391357,-13.72248,-0.8979988,-16.4666,259.0592,258.3482,25,-0.3396673,1.26291,-0.490697,3.017568,-1.0725,-1.289149,-0.2547744,1.305065,-0.4750025,-0.03953589,-0.3038607,0.2230448,3
2014-02-24 18:48:14.791,4817,481.7,43.63521,3.948194,27.31336,13.16567,332.21,9,5,1393264085,-0.2450867,0.8106232,-0.03334045,-14.0512,-1.115458,-16.35276,257.4982,256.7872,25,-0.3396673,1.26291,-0.490697,2.985265,-1.079748,-1.283461,-0.3554863,1.253161,-0.4907138,-0.03010261,-0.3273801,0.2113799,3
2014-02-24 18:48:14.895,4818,481.8,43.63521,3.948194,27.31336,13.16567,332.21,9,5,1393264085,-0.2450867,0.8106232,-0.03334045,-14.16077,-1.332921,-16.69428,255.9919,255.2809,25,-0.5391133,0.827899,-0.4121154,2.944844,-1.097182,-1.279158,-0.4338889,1.03599,-0.5010786,0.00478983,-0.3051404,0.1671358,3
2014-02-24 18:48:14.993,4819,481.9,43.63521,3.948194,27.31336,13.16567,332.21,9,5,1393264085,-0.3395081,0.8859253,-0.1227722,-13.55813,-0.8436317,-17.54808,258.7179,258.0069,25,-0.5952207,0.9493195,-0.3399336,2.905009,-1.118622,-1.275455,-0.5549322,0.8181496,-0.4121322,0.01672773,-0.1460795,0.09383329,3
2014-02-24 18:48:15.110,4820,482,43.63521,3.948194,27.31336,13.16567,332.21,9,5,1393264085,-0.1999512,0.7393951,-0.0859375,-12.572,-0.9523611,-16.97888,259.6916,258.9806,25,-0.6465585,0.8931156,-0.3738985,2.858086,-1.147262,-1.274988,-0.6110396,0.93957,-0.3399504,-0.07375214,-0.07064146,-0.002964696,3
2014-02-24 18:48:15.282,4821,482.1,43.63521,3.948194,27.31336,13.16567,332.21,9,5,1393264085,-0.1534119,0.986908,-0.06773376,-12.02415,-0.4087124,-16.97888,261.6315,260.9205,25,-0.7702307,0.3911166,-0.5250372,2.758131,-1.212761,-1.271591,-0.7992262,0.5451392,-0.4423151,0.1403578,-0.1911972,0.08228307,3
2014-02-24 18:48:15.540,4822,482.2,43.63533,3.948114,23.50436,13.41568,333.5617,9,5,1393264086,-0.2589111,0.842926,-0.02494812,-12.51721,-0.2456198,-15.66972,259.7455,259.0345,25,-0.1615777,0.3871091,-0.6200387,2.69987,-1.260584,-1.267833,-0.7860493,0.3813673,-0.525054,0.09041426,-0.2056162,0.08701571,3
2014-02-24 18:48:15.642,4823,482.3,43.63533,3.948114,23.50436,13.41568,333.5617,9,5,1393264086,-0.2447205,0.8971252,-0.07495117,-13.33899,-0.08252239,-16.06816,259.4515,258.7405,25,-0.2723881,0.2811177,-0.4441023,2.665079,-1.286798,-1.259411,-0.1773964,0.3773598,-0.6200556,0.1406932,0.03499793,0.01811214,3
2014-02-24 18:48:15.722,4824,482.4,43.63533,3.948114,23.50436,13.41568,333.5617,9,5,1393264086,-0.320282,0.9947205,-0.05801392,-13.55813,0.5698624,-17.3204,261.5379,260.8269,25,-0.1667964,0.3115923,-0.4199235,2.643431,-1.301435,-1.251372,-0.2882067,0.2713684,-0.4441192,0.04378557,-0.1064904,0.05861747,3
2014-02-24 18:48:15.838,4825,482.5,43.63533,3.948114,23.50436,13.41568,333.5617,9,5,1393264086,-0.2896118,0.9807892,-0.09266663,-13.72248,0.6242247,-17.49117,261.62,260.909,25,-0.2690232,0.2804117,-0.2516738,2.624259,-1.314526,-1.245023,-0.182615,0.301843,-0.4199403,0.06486937,-0.05027821,0.006171082,3
2014-02-24 18:48:15.937,4826,482.6,43.63533,3.948114,23.50436,13.41568,333.5617,9,5,1393264086,-0.2009277,1.011703,-0.09675598,-13.50334,0.8416882,-17.60501,262.3513,261.6403,25,-0.3014754,0.285142,-0.1957224,2.606402,-1.325662,-1.240314,-0.2848417,0.2706625,-0.2516906,-0.005483513,0.04883457,0.02073765,3
2014-02-24 18:48:16.074,4827,482.7,43.63533,3.948114,23.50436,13.41568,333.5617,9,5,1393264086,-0.2009277,1.011703,-0.09675598,-12.90071,0.4611292,-17.09272,260.6059,259.8949,25,-0.5428654,0.1136027,-0.2960812,2.557386,-1.363603,-1.235663,-0.5586838,0.1038536,-0.296098,0.07138738,0.03755176,-0.02651892,3
2014-02-24 18:48:16.154,4828,482.8,43.63533,3.948114,23.50436,13.41568,333.5617,9,5,1393264086,-0.4172974,1.27858,-0.01054382,-14.0512,0.2980328,-17.605,260.7877,260.0767,25,-0.6110746,0.02974911,-0.3698239,2.557386,-1.363603,-1.235663,-0.5586838,0.1038536,-0.296098,0.07138738,0.03755176,-0.02651892,3
2014-02-24 18:48:16.265,4829,482.9,43.63544,3.948044,24.66721,13.52635,335.2993,9,5,1393264087,-0.4172974,1.27858,-0.01054382,-13.72249,0.406765,-17.83268,260.8209,260.1099,25,-0.632872,0.2487749,-0.5985806,2.480683,-1.433566,-1.22388,-0.6486902,0.2390259,-0.5985974,-0.04063814,0.120869,0.05170009,3
2014-02-24 18:48:16.467,4830,483,43.63544,3.948044,24.66721,13.52635,335.2993,9,5,1393264087,-0.4762268,1.360565,-0.03033447,-13.44856,0.8960514,-18.68649,261.0139,260.3029,25,-0.164704,0.548413,-0.7143186,2.455697,-1.449248,-1.211796,-0.1805222,0.538664,-0.7143354,-0.06855106,0.3423312,0.03205556,3
2014-02-24 18:48:16.591,4831,483.1,43.63544,3.948044,24.66721,13.52635,335.2993,9,5,1393264087,-0.478653,1.462494,-0.1500854,-13.17464,0.8416882,-18.17421,261.2702,260.5592,25,0.07655256,0.7608358,-0.603802,2.450833,-1.440672,-1.199319,0.06073445,0.7510869,-0.6038188,-0.1163029,0.4287732,0.01676651,3
2014-02-24 18:48:16.688,4832,483.2,43.63544,3.948044,24.66721,13.52635,335.2993,9,5,1393264087,-0.5835876,1.491714,-0.0256958,-13.50335,0.5154953,-17.605,261.2995,260.5885,25,0.2424957,0.6446314,-0.4122036,2.454991,-1.423807,-1.19004,0.2266777,0.6348825,-0.4122204,-0.1110373,0.5341102,-0.09565732,3
2014-02-24 18:48:16.783,4833,483.3,43.63544,3.948044,24.66721,13.52635,335.2993,9,5,1393264087,-0.6667023,1.041504,0.2341156,-14.81819,0.08057308,-17.83268,259.2162,258.5052,25,0.5888023,0.1059661,0.2122611,2.492278,-1.378069,-1.184961,0.5729843,0.09621726,0.2122443,-0.2525373,0.5135484,0.09310824,3
2014-02-24 18:48:16.888,4834,483.4,43.63544,3.948044,24.66721,13.52635,335.2993,9,5,1393264087,-0.6667023,1.041504,0.2341156,-15.03733,0.2980356,-17.605,259.2751,258.5641,25,0.5938767,-0.07050799,0.6762365,2.527832,-1.346363,-1.189257,0.6437685,-0.1697467,0.4771234,-0.2274887,0.2094349,0.3093539,3
2014-02-24 18:48:17.086,4835,483.5,43.63544,3.948044,24.66721,13.52635,335.2993,9,5,1393264087,-0.7059937,0.9127045,0.2336426,-13.33899,0.461132,-18.11729,262.9852,262.2742,25,0.7447612,0.7609895,0.7599,2.604107,-1.273935,-1.207571,0.6446608,0.4465887,0.7292001,-0.443529,0.009870133,0.3744834,3
2014-02-24 18:48:17.295,4836,483.6,43.63544,3.948044,24.66721,13.52635,335.2993,9,5,1393264087,-0.5140839,0.7598114,-0.1658173,-13.6677,0.787322,-18.34497,264.549,263.838,25,0.2238443,0.3599536,0.7189246,2.70371,-1.154599,-1.224446,0.6677074,0.6848254,0.7341349,-0.2867565,-0.08048002,0.2028084,3
2014-02-24 18:48:17.515,4837,483.7,43.63555,3.947989,24.69783,13.57646,337.2368,9,5,1393264088,-0.5318451,0.8292542,-0.1411743,-13.55813,0.7873249,-17.66193,265.1588,264.4478,25,-0.07278153,0.1799298,0.6028678,2.73962,-1.111752,-1.233172,0.2080267,0.350205,0.7189078,-0.2882654,-0.1968706,0.1479781,3
2014-02-24 18:48:17.705,4838,483.8,43.63555,3.947989,24.69783,13.57646,337.2368,9,5,1393264088,-0.3742371,0.7340393,-0.1249847,-15.31125,1.439704,-18.68649,267.1476,266.4366,25,0.2616207,0.1485975,0.1887595,2.762723,-1.081747,-1.251371,-0.02689247,0.2393758,0.2660865,-0.1836958,-0.110671,0.02369766,3
2014-02-24 18:48:17.905,4839,483.9,43.63555,3.947989,24.69783,13.57646,337.2368,9,5,1393264088,-0.1370239,0.6280212,-0.1165924,-14.32512,0.5698652,-18.91417,264.5773,263.8663,25,0.3713248,-0.1168552,0.05397748,2.799581,-1.041288,-1.252592,0.3768418,0.08492448,0.1224875,-0.1042205,-0.2157596,0.0330442,3
2014-02-24 18:48:18.103,4840,484,43.63555,3.947989,24.69783,13.57646,337.2368,9,5,1393264088,-0.1645355,0.6280365,-0.05937195,-14.21555,-0.6261721,-19.14185,261.4484,260.7374,25,0.06532654,-0.5906175,-0.07572592,2.832603,-1.015934,-1.247963,0.1413697,-0.3660341,-0.05837786,0.09065729,-0.3195713,0.02372107,3
2014-02-24 18:48:18.231,4841,484.1,43.63555,3.947989,24.69783,13.57646,337.2368,9,5,1393264088,-0.1645355,0.6280365,-0.05937195,-14.0512,-0.2456198,-17.605,264.149,263.438,25,0.02423557,-0.6380036,-0.008791095,2.833549,-1.036814,-1.245291,0.008418472,-0.647752,-0.008807912,0.1305394,-0.3479104,0.08921342,3
2014-02-24 18:48:18.412,4842,484.2,43.63555,3.947989,24.69783,13.57646,337.2368,9,5,1393264088,-0.1844025,0.6614685,-0.05104065,-15.63997,0.3524027,-17.3204,263.9077,263.1967,25,0.1068346,-0.4224296,-0.06054537,2.835444,-1.044946,-1.244359,0.09101754,-0.4321778,-0.06056219,0.08935893,-0.2704177,0.1429089,3
2014-02-24 18:48:18.576,4843,484.3,43.63555,3.947989,24.69783,13.57646,337.2368,9,5,1393264088,-0.182785,0.6920624,-0.0941925,-17.00959,0.6242247,-17.605,265.7366,265.0256,25,0.1019426,-0.2832541,-0.08541264,2.838536,-1.048127,-1.242096,0.08612562,-0.2930024,-0.08542945,0.09531149,-0.2849943,0.1101059,3
2014-02-24 18:48:18.678,4844,484.4,43.63567,3.947925,26.57911,13.45894,338.274,9,5,1393264089,-0.1982422,0.8216553,-0.01922607,-15.42082,0.8960543,-18.68649,267.948,267.237,25,0.04408224,-0.1580155,-0.101268,2.838437,-1.052346,-1.240433,0.02826531,-0.1677637,-0.1012848,0.0989734,-0.2538622,0.06655219,3
2014-02-24 18:48:18.756,4845,484.5,43.63567,3.947925,26.57911,13.45894,338.274,9,5,1393264089,-0.2306519,0.8021393,-0.05944824,-14.54426,0.787322,-18.80033,268.0535,267.3425,25,0.1477309,-0.03297286,-0.1554559,2.837184,-1.055454,-1.23789,0.131914,-0.04272106,-0.1554727,0.08610685,-0.1234412,0.1418273,3
2014-02-24 18:48:18.869,4846,484.6,43.63567,3.947925,26.57911,13.45894,338.274,9,5,1393264089,-0.1984558,0.8365173,-0.03494263,-14.27034,0.5154924,-19.42645,267.463,266.752,25,-0.05259956,-0.169389,-0.01292965,2.837664,-1.05529,-1.234322,0.06031549,-0.02946223,-0.1293085,0.07332584,-0.1652535,0.08417842,3
2014-02-24 18:48:18.963,4847,484.7,43.63567,3.947925,26.57911,13.45894,338.274,9,5,1393264089,-0.231369,0.8662872,-0.01800537,-13.99641,0.461132,-18.23113,267.8394,267.1284,25,-0.07914915,-0.2663318,-0.06268203,2.835915,-1.059439,-1.23374,-0.06842285,-0.1791413,-0.0129452,0.02424629,-0.1268377,0.1087211,3
2014-02-24 18:48:19.105,4848,484.8,43.63567,3.947925,26.57911,13.45894,338.274,9,5,1393264089,-0.264679,1.048691,-0.144577,-14.70862,-0.4630795,-18.62957,264.1712,263.4602,25,0.05781563,-0.3143284,-0.1019567,2.831559,-1.067997,-1.234181,-0.09497236,-0.2760841,-0.06269757,0.04274288,-0.09265105,0.07867239,3
2014-02-24 18:48:19.297,4849,484.9,43.63567,3.947925,26.57911,13.45894,338.274,9,5,1393264089,-0.3074188,1.042389,-0.1849976,-13.99641,-0.08251953,-19.02801,266.763,266.052,25,0.1248575,-0.02111541,-0.06780781,2.842268,-1.069118,-1.227018,0.5824768,-0.2443575,-0.1491755,0.03083607,0.107203,0.01750818,3
2014-02-24 18:48:19.527,4850,485,43.63567,3.947925,26.57911,13.45894,338.274,9,5,1393264089,-0.3170471,1.051987,-0.1325226,-13.99641,0.1349373,-19.48337,267.4424,266.7314,25,0.02701377,0.07271522,-0.003969974,2.852741,-1.060729,-1.222683,0.1090345,-0.03086756,-0.06782336,-0.03499931,0.1031185,0.006622077,3
2014-02-24 18:48:19.639,4851,485.1,43.63577,3.947875,30.02567,13.84912,339.4149,9,5,1393264090,-0.3170471,1.051987,-0.1325226,-13.88684,0.4611292,-18.80033,268.2159,267.5049,25,-0.3893278,0.09362663,-0.1067142,2.84096,-1.069676,-1.223459,-0.4051507,0.08387453,-0.1067297,-0.007595593,0.1213629,0.02424646,3
2014-02-24 18:48:19.717,4852,485.2,43.63577,3.947875,30.02567,13.84912,339.4149,9,5,1393264090,-0.53302,1.359436,-0.08560181,-15.74954,-1.278558,-18.00344,261.7981,261.0871,25,-0.1453934,0.2786085,-0.1706972,2.84096,-1.069676,-1.223459,-0.4051507,0.08387453,-0.1067297,-0.007595593,0.1213629,0.02424646,3
2014-02-24 18:48:19.859,4853,485.3,43.63577,3.947875,30.02567,13.84912,339.4149,9,5,1393264090,-0.5262604,1.48642,-0.1664429,-13.06507,-0.02815723,-18.28804,267.9171,267.2061,25,0.3895709,0.6726149,0.1121415,2.83932,-1.048473,-1.219047,0.3737482,0.6628629,0.1121259,-0.23442,0.4206645,0.08628755,3
2014-02-24 18:48:19.966,4854,485.4,43.63577,3.947875,30.02567,13.84912,339.4149,9,5,1393264090,-0.5429535,1.477615,-0.1928864,-13.77727,-0.7349052,-18.23113,266.6622,265.9512,25,0.6520295,0.4977592,0.246584,2.869029,-1.009506,-1.217225,0.6362067,0.4880072,0.2465684,-0.2331357,0.5482775,0.017859,3
2014-02-24 18:48:20.055,4855,485.5,43.63577,3.947875,30.02567,13.84912,339.4149,9,5,1393264090,-0.5296631,1.285797,-0.1874084,-14.59905,-1.006731,-17.83269,266.5393,265.8283,25,0.865824,0.1646262,0.336353,2.912899,-0.9631507,-1.213901,0.8500014,0.1548743,0.3363374,-0.2561252,0.5406293,0.006579793,3
2014-02-24 18:48:20.176,4856,485.6,43.63577,3.947875,30.02567,13.84912,339.4149,9,5,1393264090,-0.4628296,1.00563,-0.09387207,-14.87298,-0.4087124,-18.23113,266.5346,265.8236,25,0.7972689,-0.1464323,0.3399032,2.959225,-0.9206243,-1.209985,0.7814463,-0.1561842,0.3398877,-0.2486556,0.3501864,0.02629093,3
2014-02-24 18:48:20.281,4857,485.7,43.63588,3.947818,25.00685,13.81807,339.9658,9,5,1393264091,-0.3796692,0.9922333,-0.03039551,-15.47561,-0.02815437,-18.17421,266.5943,265.8833,25,0.6256791,-0.1676689,0.2586912,2.996755,-0.8890716,-1.206316,0.6098565,-0.1774207,0.2586757,-0.2345019,0.1351184,0.1102093,3
2014-02-24 18:48:20.487,4858,485.8,43.63588,3.947818,25.00685,13.81807,339.9658,9,5,1393264091,-0.3796692,0.9922333,-0.03039551,-14.48948,0.406765,-19.08493,270.7484,270.0374,25,0.5256801,-0.005021656,0.4262435,3.026705,-0.8640049,-1.204286,0.4764722,-0.1077788,0.3083314,-0.1512679,0.05668131,0.2027953,3
2014-02-24 18:48:20.681,4859,485.9,43.63588,3.947818,25.00685,13.81807,339.9658,9,5,1393264091,-0.1964417,0.9505005,-0.5419769,-14.87297,-0.4087124,-18.00345,268.4602,267.7492,25,0.3859432,0.01148249,0.3567001,-3.12396,-0.7343245,-1.207711,0.370121,0.001730836,0.3566845,0.01069275,0.1156858,-0.2062803,3
2014-02-24 18:48:20.794,4860,486,43.63588,3.947818,25.00685,13.81807,339.9658,9,5,1393264091,-0.2087708,0.8456268,-0.4564819,-15.74953,-0.2999859,-18.34497,268.4797,267.7687,25,0.2492503,-0.1899177,0.2482537,-3.102626,-0.7167959,-1.206979,0.2334281,-0.1996694,0.2482382,0.02581798,0.0313209,-0.2563819,3
2014-02-24 18:48:20.882,4861,486.1,43.63588,3.947818,25.00685,13.81807,339.9658,9,5,1393264091,-0.2210388,0.70755,-0.4156189,-15.8591,0.4611263,-18.57265,271.2407,270.5297,25,0.04655286,-0.2858493,0.0689306,-3.092892,-0.7126374,-1.207108,0.03073075,-0.2956009,0.06891505,0.05436048,-0.0500088,-0.2272597,3
2014-02-24 18:48:20.983,4862,486.2,43.63588,3.947818,25.00685,13.81807,339.9658,9,5,1393264091,-0.1550598,0.6097565,-0.349762,-13.72248,-0.354352,-18.97109,268.549,267.838,25,0.01151897,-0.053635,-0.1987943,-3.096941,-0.7196817,-1.206035,-0.00430306,-0.06338654,-0.1988099,0.02319023,-0.1264085,-0.1889503,3
2014-02-24 18:48:21.184,4863,486.3,43.63588,3.947818,25.00685,13.81807,339.9658,9,5,1393264091,-0.1083374,0.618042,-0.1659241,-14.54426,-0.9523649,-18.80033,266.4569,265.7459,25,-0.1405907,0.5411631,-0.6518415,-3.139409,-0.7490979,-1.199701,-0.2481897,0.4272639,-0.5473154,0.09188773,-0.3221743,-0.08420212,3
2014-02-24 18:48:21.525,4864,486.4,43.636,3.947759,30.99062,14.08274,340.4922,9,5,1393264092,-0.2019348,0.6691132,-0.1527405,-15.58518,-0.3543491,-18.40189,269.6976,268.9866,25,0.1068498,0.7218264,-0.6922863,3.086146,-0.7827333,-1.186386,-0.02061495,0.60221,-0.7169377,0.1561288,-0.3089778,0.09995542,3
2014-02-24 18:48:21.649,4865,486.5,43.636,3.947759,30.99062,14.08274,340.4922,9,5,1393264092,-0.2019348,0.6691132,-0.1527405,-15.85911,-0.6261759,-19.25569,269.3979,268.6869,25,0.06981371,0.8450543,-0.6961911,3.043413,-0.795022,-1.16608,0.05399201,0.8353029,-0.6962066,0.09451104,-0.2653598,0.1300914,3
2014-02-24 18:48:21.721,4866,486.6,43.636,3.947759,30.99062,14.08274,340.4922,9,5,1393264092,-0.1560822,0.7240601,-0.1389618,-15.25647,-1.006731,-19.54029,268.6372,267.9262,25,-0.1058575,0.8332267,-0.73061,3.043413,-0.795022,-1.16608,0.05399201,0.8353029,-0.6962066,0.09451104,-0.2653598,0.1300914,3
2014-02-24 18:48:21.901,4867,486.7,43.636,3.947759,30.99062,14.08274,340.4922,9,5,1393264092,-0.1811981,0.7627106,-0.1151581,-14.21556,0.1349401,-19.25569,271.4662,270.7552,25,0.01800963,0.5504416,-0.6363312,2.968473,-0.8226301,-1.140218,0.002188113,0.5406904,-0.6363468,0.1498434,-0.1846644,0.1449913,3
2014-02-24 18:48:22.036,4868,486.8,43.636,3.947759,30.99062,14.08274,340.4922,9,5,1393264092,-0.2608032,0.8223267,-0.1213989,-14.48948,-0.1368866,-18.28805,269.5057,268.7947,25,0.125591,0.4297005,-0.530886,2.953866,-0.8276472,-1.131761,0.1097695,0.4199493,-0.5309016,0.1317957,-0.1424517,0.172446,3
2014-02-24 18:48:22.141,4869,486.9,43.636,3.947759,30.99062,14.08274,340.4922,9,5,1393264092,-0.326889,0.8909454,-0.2153168,-14.59905,-0.1368866,-19.19877,270.8018,270.0909,25,0.4255505,0.6349277,-0.5264881,2.947664,-0.8235884,-1.120955,0.4097291,0.6251765,-0.5265036,0.05817779,-0.07818957,0.1741034,3
2014-02-24 18:48:22.250,4870,487,43.636,3.947759,30.99062,14.08274,340.4922,9,5,1393264092,-0.1014404,0.9371338,-0.3057098,-15.36604,-0.680542,-18.97109,268.9793,268.2683,25,0.6475732,1.048262,-0.5025811,2.950207,-0.804364,-1.106374,0.6317518,1.03851,-0.5025967,0.02119943,-0.04595105,0.18274,3
2014-02-24 18:48:22.412,4871,487.1,43.63612,3.947701,31.18913,14.10526,341.3506,9,5,1393264093,-0.2245483,0.9677124,-0.4565887,-14.0512,0.2980328,-18.85725,270.0378,269.3268,25,0.6494374,1.236785,-0.4574789,2.956037,-0.7769272,-1.092118,0.6336161,1.227033,-0.4574944,0.05719554,0.05378656,0.1046904,3
2014-02-24 18:48:22.576,4872,487.2,43.63612,3.947701,31.18913,14.10526,341.3506,9,5,1393264093,-0.2245483,0.9677124,-0.4565887,-12.29807,-0.6805391,-18.28805,269.9789,269.2679,25,-0.6277459,0.3280154,-0.3318363,2.955031,-0.7607309,-1.081562,0.1631762,0.6973851,-0.3301485,0.2722041,0.0509466,-0.01737271,3
2014-02-24 18:48:22.695,4873,487.3,43.63612,3.947701,31.18913,14.10526,341.3506,9,5,1393264093,-0.5464325,1.371719,-0.3608856,-12.07894,-0.571806,-17.605,267.247,266.536,25,-0.6277459,0.3280154,-0.3318363,2.935472,-0.7702571,-1.083021,-0.6435671,0.3182644,-0.3318518,0.1017901,0.08433466,-0.1202154,3
2014-02-24 18:48:22.768,4874,487.4,43.63612,3.947701,31.18913,14.10526,341.3506,9,5,1393264093,-0.5464325,1.371719,-0.3608856,-13.28421,-1.115461,-17.83269,265.2927,264.5817,25,-0.4684072,0.4023118,-0.2653366,2.902288,-0.796442,-1.092243,-1.032976,0.07469734,-0.2252894,-0.1471838,0.2269467,-0.1941708,3
2014-02-24 18:48:22.893,4875,487.5,43.63612,3.947701,31.18913,14.10526,341.3506,9,5,1393264093,-0.5587463,1.220978,-0.2731018,-12.73635,-0.5718088,-18.28805,266.2923,265.5813,25,-0.08015822,0.3131337,-0.02611522,2.873029,-0.8181326,-1.097851,-0.4842282,0.3925608,-0.2653522,-0.2139689,0.4814889,-0.04950544,3
2014-02-24 18:48:23.009,4876,487.6,43.63612,3.947701,31.18913,14.10526,341.3506,9,5,1393264093,-0.4710083,1.12793,-0.1767883,-12.40764,-1.44165,-18.51573,261.941,261.23,25,0.1015341,0.1633322,0.2011552,2.861389,-0.822074,-1.09882,-0.09597919,0.3033828,-0.02613077,-0.2256905,0.3303061,0.03637797,3
2014-02-24 18:48:23.198,4877,487.7,43.63612,3.947701,31.18913,14.10526,341.3506,9,5,1393264093,-0.4469757,1.225006,-0.3332825,-10.98322,-1.115458,-18.06037,263.812,263.101,25,0.08541583,-0.600888,0.1803043,2.876424,-0.8047522,-1.102163,0.1099299,-0.1741403,0.2995925,-0.1124441,0.2438612,0.1190906,3
2014-02-24 18:48:23.419,4878,487.8,43.63625,3.947644,30.67694,14.11576,340.3761,9,5,1393264094,-0.5107574,1.231781,-0.4218445,-12.40764,-1.332921,-17.49117,263.7906,263.0796,25,0.1581942,-0.7103125,0.1750325,2.885489,-0.8051111,-1.104005,0.06959504,-0.6106387,0.1802887,-0.07996358,0.2965276,0.0320031,3
2014-02-24 18:48:23.585,4879,487.9,43.63625,3.947644,30.67694,14.11576,340.3761,9,5,1393264094,-0.5026855,1.10759,-0.4618225,-16.68088,0.08057308,-19.19877,268.2061,267.4951,25,0.2013731,-0.6149175,0.2988655,2.893784,-0.8107628,-1.104924,0.1423734,-0.7200633,0.175017,-0.121388,0.3315761,-0.02380632,3
2014-02-24 18:48:23.664,4880,488,43.63625,3.947644,30.67694,14.11576,340.3761,9,5,1393264094,-0.4633942,0.9416809,-0.3831024,-16.95481,-0.4087124,-19.71105,267.7588,267.0478,25,0.3410172,-0.3528462,0.3375352,2.906093,-0.8121819,-1.106114,0.1855524,-0.6246682,0.29885,-0.185503,0.3378169,-0.1135626,3
2014-02-24 18:48:23.770,4881,488.1,43.63625,3.947644,30.67694,14.11576,340.3761,9,5,1393264094,-0.4254913,0.794693,-0.3123169,-16.68089,-0.6805391,-19.65413,267.099,266.388,25,0.2663552,-0.1793983,0.4137234,2.924179,-0.8047124,-1.106679,0.3251966,-0.3625969,0.3375196,-0.1801069,0.2133726,-0.15147,3
2014-02-24 18:48:23.884,4882,488.2,43.63625,3.947644,30.67694,14.11576,340.3761,9,5,1393264094,-0.435257,0.7165833,-0.2425995,-15.5304,-0.8436384,-18.57265,265.4142,264.7032,25,0.02118358,-0.06099225,0.4325019,2.944191,-0.7917581,-1.108011,0.2505347,-0.1891489,0.4137079,-0.1457106,0.04686843,-0.0694342,3
2014-02-24 18:48:23.987,4883,488.3,43.63625,3.947644,30.67694,14.11576,340.3761,9,5,1393264094,-0.435257,0.7165833,-0.2425995,-16.40696,-0.2999821,-19.36953,267.3217,266.6107,25,-0.4461551,-0.09087851,0.404842,2.963841,-0.7772158,-1.121589,-0.4619755,-0.1006291,0.4048265,-0.1370496,-0.1603587,0.03257195,3
2014-02-24 18:48:24.185,4884,488.4,43.63625,3.947644,30.67694,14.11576,340.3761,9,5,1393264094,-0.6178741,0.829834,-0.1879883,-15.20169,-1.061095,-19.59721,265.0561,264.3451,25,-0.5832387,-0.002091114,0.3005984,2.949034,-0.7906871,-1.142859,-0.599059,-0.0118416,0.3005829,-0.3048291,-0.1291534,0.1200759,3
2014-02-24 18:48:24.525,4885,488.5,43.63636,3.947586,28.71535,14.0121,339.929,9,5,1393264095,-0.6035309,0.7326202,-0.2046661,-15.80432,-1.550384,-18.85724,264.6049,263.8939,25,0.1189434,-0.4333062,0.2693202,2.941986,-0.8049068,-1.160046,-0.1750349,-0.3885329,0.2684468,-0.3270838,-0.1163151,0.04416372,3
2014-02-24 18:48:24.705,4886,488.6,43.63636,3.947586,28.71535,14.0121,339.929,9,5,1393264095,-0.3387604,0.6148376,-0.08175659,-17.0096,-2.094036,-18.51572,264.9063,264.1953,25,0.6829466,-0.3308189,0.3535088,2.969531,-0.7950698,-1.164207,0.3745461,-0.3589572,0.3203627,-0.3003501,-0.2329434,0.1099055,3
2014-02-24 18:48:24.836,4887,488.7,43.63636,3.947586,28.71535,14.0121,339.929,9,5,1393264095,-0.2639008,0.578476,-0.04647827,-16.68089,-1.44165,-19.54029,267.4943,266.7833,25,0.8422598,-0.5033654,0.308626,2.999663,-0.7736992,-1.161376,0.6671202,-0.3405734,0.3534946,-0.1307036,-0.3030941,0.1826755,3
2014-02-24 18:48:24.969,4888,488.8,43.63636,3.947586,28.71535,14.0121,339.929,9,5,1393264095,-0.2919464,0.61026,-0.1572571,-16.18782,-1.496017,-20.16641,267.7207,267.0097,25,0.7813891,-0.7218325,0.260903,3.035863,-0.7488116,-1.154971,0.8264335,-0.5131198,0.3086118,-0.02389604,-0.3356817,0.2255918,3
2014-02-24 18:48:25.218,4889,488.9,43.63636,3.947586,28.71535,14.0121,339.929,9,5,1393264095,-0.3466949,0.7037506,-0.09129333,-15.09212,-2.039669,-18.34497,268.6275,267.9165,25,0.7144183,-0.7547417,0.178463,3.069756,-0.7297592,-1.146969,0.7655628,-0.7315869,0.2608887,0.01480912,-0.3248668,0.1595482,3
2014-02-24 18:48:25.412,4890,489,43.63647,3.947534,26.1729,14.01529,339.1294,9,5,1393264096,-0.3146362,0.6835632,-0.1609955,-16.84524,-3.018241,-18.68649,268.2697,267.5587,25,0.7121754,-0.6802585,0.1401752,3.09793,-0.7185293,-1.139764,0.698592,-0.7644961,0.1784487,-0.01691211,-0.2982751,0.1572586,3
2014-02-24 18:48:25.581,4891,489.1,43.63647,3.947534,26.1729,14.01529,339.1294,9,5,1393264096,-0.2857361,0.7572784,-0.2226257,-15.25647,-2.855145,-19.42645,267.9983,267.2873,25,0.5933406,-0.5967063,0.2144702,3.123203,-0.7083912,-1.131455,0.6963492,-0.6900127,0.140161,-0.06996083,-0.2012813,0.2317168,3
2014-02-24 18:48:25.682,4892,489.2,43.63647,3.947534,26.1729,14.01529,339.1294,9,5,1393264096,-0.2430878,0.8349457,-0.2509918,-15.42083,-1.93094,-19.59721,268.0334,267.3224,25,0.5512024,-0.415606,0.2240291,-3.136495,-0.6992652,-1.124836,0.5775145,-0.6064605,0.214456,-0.03701194,-0.2186337,0.1691036,3
2014-02-24 18:48:25.780,4893,489.3,43.63647,3.947534,26.1729,14.01529,339.1294,9,5,1393264096,-0.2430878,0.8349457,-0.2509918,-15.36604,-1.985307,-19.54029,268.1132,267.4022,25,0.6343567,-0.2617051,0.1130536,-3.09386,-0.6761339,-1.113581,0.6185308,-0.2714593,0.1130393,0.01789037,-0.09694658,0.09048569,3
2014-02-24 18:48:25.912,4894,489.4,43.63647,3.947534,26.1729,14.01529,339.1294,9,5,1393264096,-0.2102051,0.8549347,-0.2800446,-16.35217,-4.486104,-18.06036,267.8055,267.0945,25,0.8071527,-0.1578738,0.03275581,-3.072706,-0.6611028,-1.103672,0.7913268,-0.1676279,0.03274156,0.06532473,-0.04476833,0.09203236,3
2014-02-24 18:48:26.036,4895,489.5,43.63647,3.947534,26.1729,14.01529,339.1294,9,5,1393264096,-0.1868591,0.8297424,-0.3819885,-16.79045,-2.855148,-19.08493,267.5591,266.8481,25,0.7893963,-0.08964547,-0.06427512,-3.053447,-0.646037,-1.091388,0.7735704,-0.09939959,-0.06428938,0.06748238,-0.03233329,0.08825586,3
2014-02-24 18:48:26.166,4896,489.6,43.63647,3.947534,26.1729,14.01529,339.1294,9,5,1393264096,-0.1932831,0.8468933,-0.375351,-15.91389,-2.963878,-20.10949,267.5312,266.8202,25,0.6813309,-0.01031735,-0.1036268,-3.039875,-0.6346672,-1.079697,0.6655051,-0.02007143,-0.103641,0.09275412,-0.05207276,-0.002227545,3
2014-02-24 18:48:26.286,4897,489.7,43.63647,3.947534,26.1729,14.01529,339.1294,9,5,1393264096,-0.1319122,0.8482971,-0.4029541,-16.18782,-3.453167,-18.34497,267.1039,266.3929,25,0.4688823,0.02498178,-0.1623213,-3.03161,-0.6272647,-1.069833,0.4530565,0.01522775,-0.1623355,0.08860332,-0.03022702,0.01349348,3
2014-02-24 18:48:26.497,4898,489.8,43.63659,3.94748,25.20006,13.92708,337.8709,9,5,1393264097,-0.1317291,0.9203796,-0.369339,-17.39309,-3.453167,-18.91417,266.2353,265.5243,25,0.2839065,-0.00548265,-0.108665,-3.028799,-0.6245254,-1.063369,0.2680808,-0.01523667,-0.1086792,0.1489214,-0.01167757,-0.01181461,3
2014-02-24 18:48:26.628,4899,489.9,43.63659,3.94748,25.20006,13.92708,337.8709,9,5,1393264097,-0.2353058,1.013596,-0.3556213,-16.6261,-4.105549,-19.14185,262.359,261.648,25,0.1470616,0.003906325,-0.07839707,-3.026926,-0.6231108,-1.059823,0.131236,-0.005847647,-0.07841133,0.1398856,0.04128992,0.007199051,3
2014-02-24 18:48:26.744,4900,490,43.63659,3.94748,25.20006,13.92708,337.8709,9,5,1393264097,-0.288208,1.082794,-0.3333282,-15.96868,-4.540471,-18.91417,260.8326,260.1216,25,-0.01248277,0.08045357,0.009652095,-3.026818,-0.6220969,-1.058916,-0.02830835,0.07069963,0.009637843,0.07127955,0.09924451,0.02445831,3
2014-02-24 18:48:26.844,4901,490.1,43.63659,3.94748,25.20006,13.92708,337.8709,9,5,1393264097,-0.288208,1.082794,-0.3333282,-16.02346,-5.029757,-18.62957,260.7994,260.0884,25,0.06530923,0.3740684,0.08378598,-3.027178,-0.6199464,-1.061034,-0.1101725,0.2031603,0.0697334,0.01705736,0.1794924,0.06334681,3
2014-02-24 18:48:26.944,4902,490.2,43.63659,3.94748,25.20006,13.92708,337.8709,9,5,1393264097,-0.3077087,1.148041,-0.3369446,-16.68088,-4.812293,-16.58044,258.0333,257.3223,25,0.155237,0.4052271,0.06674894,-3.025242,-0.6124159,-1.0621,0.04948376,0.3643146,0.08377172,-0.008235808,0.2094138,0.06519683,3
2014-02-24 18:48:27.065,4903,490.3,43.63659,3.94748,25.20006,13.92708,337.8709,9,5,1393264097,-0.3444824,1.188492,-0.3766937,-16.79045,-3.942451,-17.49116,261.9052,261.1942,25,0.2696158,0.4333349,0.0699197,-3.020656,-0.6011077,-1.061316,0.1394116,0.3954733,0.06673469,-0.03187361,0.2750427,0.06528576,3
2014-02-24 18:48:27.164,4904,490.4,43.63659,3.94748,25.20006,13.92708,337.8709,9,5,1393264097,-0.3214264,1.304138,-0.4514313,-17.28352,-3.996819,-17.09272,261.4631,260.7521,25,0.5407072,0.4758025,0.01697339,-3.013915,-0.5875813,-1.058542,0.2537904,0.4235811,0.06990544,-0.07277181,0.3168498,0.03124444,3
2014-02-24 18:48:27.261,4905,490.5,43.63659,3.94748,25.20006,13.92708,337.8709,9,5,1393264097,-0.3300629,1.276596,-0.5644379,-17.17395,-4.105552,-17.88961,261.2756,260.5646,25,0.8329396,0.3528555,-0.1901787,-3.004059,-0.5701995,-1.052789,0.5248818,0.4660487,0.01695914,-0.07414899,0.3654451,0.03397046,3
2014-02-24 18:48:27.420,4906,490.6,43.6367,3.947416,23.73552,13.7158,335.9479,9,5,1393264098,-0.3986969,1.216965,-0.6067352,-16.68088,-5.029757,-17.37733,257.2925,256.5815,25,0.9238924,0.1701867,-0.3013135,-2.993474,-0.5540291,-1.040121,0.8171143,0.3431018,-0.190193,-0.0580795,0.4455636,-0.04545384,3
2014-02-24 18:48:27.584,4907,490.7,43.6367,3.947416,23.73552,13.7158,335.9479,9,5,1393264098,-0.4222412,1.105667,-0.6179047,-17.00959,-4.051182,-16.12508,260.4591,259.7481,25,0.9789538,0.3384614,-0.2883498,-2.985324,-0.5433684,-1.023213,0.9080672,0.160433,-0.3013278,-0.1405847,0.3917439,-0.106819,3
2014-02-24 18:48:27.784,4908,490.8,43.6367,3.947416,23.73552,13.7158,335.9479,9,5,1393264098,-0.2058868,0.8964539,-0.4577942,-16.2426,-5.138487,-17.26348,257.8093,257.0983,25,0.9416879,0.4471969,-0.2616146,-2.967829,-0.5170467,-0.9865538,1.00845,0.3666195,-0.268356,-0.149593,0.271537,-0.1384363,3
2014-02-24 18:48:27.909,4909,490.9,43.6367,3.947416,23.73552,13.7158,335.9479,9,5,1393264098,-0.07485962,0.9545746,-0.4293976,-16.40696,-5.736504,-17.3204,255.8705,255.1595,25,0.9710639,0.403348,-0.3875999,-2.96005,-0.5028149,-0.9684848,0.9258629,0.4374434,-0.2616288,-0.1187835,0.1889112,-0.01704673,3
2014-02-24 18:48:28.031,4910,491,43.6367,3.947416,23.73552,13.7158,335.9479,9,5,1393264098,-0.03462219,0.9516907,-0.4299011,-15.03733,-4.921027,-16.80812,257.6678,256.9568,25,1.128469,0.1372559,-0.7905591,-2.954822,-0.4905972,-0.9504315,0.955239,0.3935945,-0.3876142,0.06800935,0.0827874,0.05497064,3
2014-02-24 18:48:28.134,4911,491.1,43.6367,3.947416,23.73552,13.7158,335.9479,9,5,1393264098,-0.02435303,0.9384918,-0.5652466,-15.03733,-5.138487,-17.37732,257.6163,256.9053,25,1.325417,-0.4400096,-1.166639,-2.956892,-0.4875806,-0.9280096,1.112644,0.1275024,-0.7905734,0.1398806,0.1027393,0.09686753,3
2014-02-24 18:48:28.219,4912,491.2,43.6367,3.947416,23.73552,13.7158,335.9479,9,5,1393264098,-0.02435303,0.9384918,-0.5652466,-15.20169,-4.323009,-17.66193,260.6085,259.8975,25,1.758672,-1.103885,-1.687416,-2.982147,-0.5272913,-0.8589398,1.742847,-1.113638,-1.687431,0.3003562,0.1745665,0.01682929,3
2014-02-24 18:48:28.479,4913,491.3,43.63681,3.947342,23.10042,13.15375,333.7514,9,5,1393264099,-0.1329193,0.7018585,-0.6525421,-14.70862,-4.159911,-17.14964,260.273,259.562,25,1.801093,-2.00201,-1.926942,-3.0003,-0.5722946,-0.812207,1.785269,-2.011764,-1.926956,0.3481869,0.2126847,0.01304231,3
2014-02-24 18:48:28.579,4914,491.4,43.63681,3.947342,23.10042,13.15375,333.7514,9,5,1393264099,-0.4251404,0.6663666,-0.6693115,-15.20169,-4.757928,-16.86504,258.1069,257.3959,25,2.070265,-2.589434,-1.798966,-3.012741,-0.6265538,-0.7628615,2.054441,-2.599187,-1.798981,0.2909354,0.01086579,-0.06698579,3
2014-02-24 18:48:28.686,4915,491.5,43.63681,3.947342,23.10042,13.15375,333.7514,9,5,1393264099,-0.5900574,0.6956635,-0.5826721,-15.58519,-5.682138,-15.8974,253.5714,252.8604,25,2.45747,-2.600534,-1.290702,-3.007488,-0.6714412,-0.7120931,2.441646,-2.610287,-1.290717,0.0457981,0.01294693,-0.07663985,3
2014-02-24 18:48:28.884,4916,491.6,43.63681,3.947342,23.10042,13.15375,333.7514,9,5,1393264099,-0.6503754,0.4882355,-0.480423,-14.87298,-5.192856,-17.09272,256.1109,255.3999,25,2.77314,-2.881845,-1.480833,-2.971886,-0.753549,-0.6091202,2.757315,-2.891599,-1.480848,-0.06878575,0.1085484,0.02971815,3
2014-02-24 18:48:29.034,4917,491.7,43.63681,3.947342,23.10042,13.15375,333.7514,9,5,1393264099,-0.6503754,0.4882355,-0.480423,-13.94163,-4.268641,-17.605,256.9022,256.1912,25,3.073625,-2.147407,-1.773699,-2.954231,-0.7976822,-0.5473307,3.187063,-2.626111,-1.861747,-0.05428458,0.06967814,0.08185185,3
2014-02-24 18:48:29.121,4918,491.8,43.63681,3.947342,23.10042,13.15375,333.7514,9,5,1393264099,-0.7352905,0.08070374,-0.5320282,-14.10598,-4.105549,-17.43425,255.4996,254.7886,25,3.073625,-2.147407,-1.773699,-2.93244,-0.8317363,-0.4814355,3.057798,-2.157165,-1.773717,-0.02369807,-0.2940456,0.1713066,3
2014-02-24 18:48:29.222,4919,491.9,43.63681,3.947342,23.10042,13.15375,333.7514,9,5,1393264099,-0.7352905,0.08070374,-0.5320282,-14.81819,-3.833722,-17.37733,256.2404,255.5294,25,0.7765333,-1.79673,-0.4958651,-2.914206,-0.8594313,-0.4324321,1.934828,-1.831938,-1.124873,-0.01592875,-0.3336921,0.1176278,3
2014-02-24 18:48:29.402,4920,492,43.63693,3.947257,24.02866,13.41319,332.1899,9,5,1393264100,-0.6858978,0.1555634,-0.5124969,-14.59905,-3.942449,-18.40189,256.005,255.294,25,-0.05549815,-1.682618,0.1191216,-2.905529,-0.8895903,-0.4061865,0.7607062,-1.806487,-0.4958847,-0.02168277,-0.3144053,0.04646366,3
2014-02-24 18:48:29.572,4921,492.1,43.63693,3.947257,24.02866,13.41319,332.1899,9,5,1393264100,-0.6524963,0.3097839,-0.468399,-13.88684,-4.6492,-18.00344,253.3847,252.6737,25,-0.2109253,-1.460344,0.2843865,-2.90383,-0.9213762,-0.402523,-0.07132515,-1.692375,0.1191021,0.04688216,-0.2361775,0.04389549,3
2014-02-24 18:48:29.654,4922,492.2,43.63693,3.947257,24.02866,13.41319,332.1899,9,5,1393264100,-0.6885681,0.4003296,-0.3377991,-13.88684,-4.323011,-18.00344,254.3218,253.6108,25,-0.07542259,-1.075678,0.2080286,-2.90432,-0.9506878,-0.4087708,-0.2267523,-1.470101,0.2843669,0.07212836,-0.1642816,0.02907917,3
2014-02-24 18:48:29.781,4923,492.3,43.63693,3.947257,24.02866,13.41319,332.1899,9,5,1393264100,-0.6522827,0.3876648,-0.3197327,-14.10598,-4.6492,-17.8896,254.7462,254.0352,25,0.05443821,-0.6564647,0.06323836,-2.90384,-0.9735777,-0.414171,-0.09124949,-1.085435,0.208009,0.07371518,-0.0357014,0.1002326,3
2014-02-24 18:48:29.900,4924,492.4,43.63693,3.947257,24.02866,13.41319,332.1899,9,5,1393264100,-0.6001892,0.3934784,-0.3211365,-13.44856,-3.996816,-19.02801,256.1068,255.3958,25,0.2806301,-0.341005,-0.1089409,-2.902772,-0.9881456,-0.4160211,0.03861137,-0.6662216,0.06321884,0.09915733,-0.0002545259,0.1764781,3
2014-02-24 18:48:29.986,4925,492.5,43.63693,3.947257,24.02866,13.41319,332.1899,9,5,1393264100,-0.5584717,0.4144745,-0.324707,-13.83206,-3.833722,-18.51573,256.6957,255.9847,25,0.6066974,-0.1755399,-0.2833896,-2.90047,-0.995585,-0.4138548,0.2648033,-0.3507619,-0.1089604,0.1159576,-0.01447689,0.1783525,3
2014-02-24 18:48:30.197,4926,492.6,43.63693,3.947257,24.02866,13.41319,332.1899,9,5,1393264100,-0.5279999,0.4651642,-0.3930206,-13.83206,-4.594837,-18.06037,252.4092,251.6982,25,1.433174,-0.6388772,-0.7671531,-2.886602,-0.9978836,-0.3914763,0.8501542,-0.2068827,-0.5399646,0.2182806,0.03292108,0.1763647,3
2014-02-24 18:48:30.365,4927,492.7,43.63704,3.947176,28.54782,13.30101,331.2115,9,5,1393264101,-0.6278229,0.4951019,-0.427536,-14.81819,-4.159914,-16.92196,252.532,251.821,25,1.274903,-0.9258304,-0.7811235,-2.873806,-1.002672,-0.3679417,1.417348,-0.648634,-0.7671726,0.2856865,0.0354917,0.1742356,3
2014-02-24 18:48:30.562,4928,492.8,43.63704,3.947176,28.54782,13.30101,331.2115,9,5,1393264101,-0.6278229,0.4951019,-0.427536,-15.36604,-4.268641,-19.08493,254.8167,254.1057,25,1.487307,-1.335955,-0.9639506,-2.845818,-1.030952,-0.3152877,1.471481,-1.345711,-0.9639701,0.2247162,0.1472159,0.05598742,3
2014-02-24 18:48:30.655,4929,492.9,43.63704,3.947176,28.54782,13.30101,331.2115,9,5,1393264101,-0.7212677,0.4972229,-0.4227905,-14.92776,-4.159918,-18.97109,254.5032,253.7922,25,2.123478,-1.461398,-1.247546,-2.825429,-1.051851,-0.2821772,2.107652,-1.471157,-1.247563,0.158296,0.2427775,0.06465275,3
2014-02-24 18:48:30.780,4930,493,43.63704,3.947176,28.54782,13.30101,331.2115,9,5,1393264101,-0.8203125,0.3819427,-0.3908997,-14.21555,-3.996821,-18.4588,254.5271,253.8161,25,2.591382,-1.478637,-1.586604,-2.798312,-1.072434,-0.2408258,2.575557,-1.4884,-1.586618,0.1317504,0.2587183,0.04140307,3
2014-02-24 18:48:30.880,4931,493.1,43.63704,3.947176,28.54782,13.30101,331.2115,9,5,1393264101,-1.142792,0.3903198,-0.09524536,-14.87298,-3.670627,-18.57265,254.5877,253.8767,25,2.851896,-1.041652,-1.760813,-2.767998,-1.090945,-0.2008176,2.836071,-1.051427,-1.760822,0.0489244,0.1824722,0.06147046,3
2014-02-24 18:48:30.971,4932,493.2,43.63704,3.947176,28.54782,13.30101,331.2115,9,5,1393264101,-1.114441,0.4488525,-0.6044769,-15.1469,-5.573412,-18.17421,254.4791,253.7681,25,3.745209,0.3746708,-1.970175,-2.729707,-1.091422,-0.1430433,3.729383,0.364893,-1.970186,-0.2645701,0.2477638,0.361268,3
2014-02-24 18:48:31.087,4933,493.3,43.63704,3.947176,28.54782,13.30101,331.2115,9,5,1393264101,-1.106598,0.01742554,-0.7796936,-14.87298,-4.105546,-16.97889,253.0659,252.3549,25,3.652046,0.3653625,-2.620881,-2.68856,-1.079252,-0.07209694,3.636214,0.3555817,-2.62089,-0.2094456,0.4098838,-0.03320557,3
2014-02-24 18:48:31.285,4934,493.4,43.63704,3.947176,28.54782,13.30101,331.2115,9,5,1393264101,-1.533997,-0.390152,-0.5222015,-14.59905,-4.486104,-18.51573,253.6,252.889,25,2.927859,-0.1333881,-2.922112,-2.636115,-1.072669,0.08116636,2.912027,-0.1431689,-2.922121,-0.3473139,-0.05721314,-0.2617369,3
2014-02-24 18:48:31.553,4935,493.5,43.63714,3.947086,29.18834,13.21169,330.4953,9,5,1393264102,-1.533997,-0.390152,-0.5222015,-14.54426,-4.105549,-18.45881,254.9981,254.2871,25,1.621348,1.292187,-2.264654,-2.617588,-1.077794,0.1486715,2.340558,-0.01105979,-2.575794,-0.5348685,-0.278496,-0.1470148,3
2014-02-24 18:48:31.661,4936,493.6,43.63714,3.947086,29.18834,13.21169,330.4953,9,5,1393264102,-1.440765,-0.3881989,-0.6537933,-15.9139,-3.616262,-17.605,254.3872,253.6762,25,1.392444,2.255122,-2.103804,-2.608013,-1.066026,0.2039614,1.605516,1.282406,-2.264663,-0.6768538,-0.1876018,-0.0486197,3
2014-02-24 18:48:31.737,4937,493.7,43.63714,3.947086,29.18834,13.21169,330.4953,9,5,1393264102,-1.184692,-0.4896088,-0.7729645,-15.96868,-3.670627,-17.8896,254.3728,253.6618,25,1.413041,2.275079,-1.611095,-2.605096,-1.030249,0.2519978,1.376613,2.245342,-2.103812,-0.610419,-0.1388597,-0.1554412,3
2014-02-24 18:48:31.867,4938,493.8,43.63714,3.947086,29.18834,13.21169,330.4953,9,5,1393264102,-1.083267,-0.4839935,-0.6508942,-15.47561,-4.268644,-18.06037,254.3303,253.6193,25,1.317702,2.122335,-1.05916,-2.60101,-0.9880973,0.2945991,1.397209,2.265298,-1.611104,-0.385684,-0.1992525,-0.2463917,3
2014-02-24 18:48:31.985,4939,493.9,43.63714,3.947086,29.18834,13.21169,330.4953,9,5,1393264102,-0.9522705,-0.2823792,-0.6469574,-13.55813,-3.996819,-17.77577,252.8028,252.0918,25,1.51602,1.718541,-0.7189786,-2.593699,-0.9501846,0.3281298,1.30187,2.112555,-1.059169,-0.3564377,-0.1772843,-0.1797641,3
2014-02-24 18:48:32.096,4940,494,43.63714,3.947086,29.18834,13.21169,330.4953,9,5,1393264102,-0.8868866,-0.4829712,-0.3150482,-13.11985,-3.670627,-18.00344,254.4321,253.7211,25,1.420188,0.652631,-0.1194231,-2.580611,-0.9192524,0.3566274,1.500189,1.708761,-0.7189876,-0.3183439,0.001581662,-0.05219396,3
2014-02-24 18:48:32.212,4941,494.1,43.63714,3.947086,29.18834,13.21169,330.4953,9,5,1393264102,-0.9461365,-0.2561798,-0.3154602,-14.81819,-4.377374,-17.71884,252.0407,251.3297,25,0.571235,0.4730304,0.350456,-2.55999,-0.9071087,0.3800746,1.404357,0.6428506,-0.119432,-0.1003978,-0.07783225,0.1822786,3
2014-02-24 18:48:32.535,4942,494.2,43.63724,3.947011,28.9551,13.17503,329.5995,9,5,1393264103,-0.687088,-0.2423706,-0.3642731,-14.59905,-4.377374,-18.06037,253.7206,253.0096,25,-0.2290374,1.437317,-0.04672889,-2.535983,-0.8937524,0.383889,-0.0009200515,0.8089035,0.3135751,-0.223439,0.1183494,0.2654324,3
2014-02-24 18:48:32.668,4943,494.3,43.63724,3.947011,28.9551,13.17503,329.5995,9,5,1393264103,-0.5812683,-0.3281403,-0.58284,-15.20168,-4.431744,-17.43424,250.5586,249.8476,25,-0.229916,1.763075,0.01225773,-2.537986,-0.8702314,0.380955,-0.2448687,1.427537,-0.04673782,-0.1622298,0.1609154,0.2883761,3
2014-02-24 18:48:32.783,4944,494.4,43.63724,3.947011,28.9551,13.17503,329.5995,9,5,1393264103,-0.4701843,-0.3028717,-0.469574,-13.72248,-4.268648,-17.71885,251.466,250.755,25,-0.3167859,1.470005,0.2993486,-2.542477,-0.8377489,0.3785216,-0.2457472,1.753295,0.0122488,0.003445425,0.1271765,0.2574974,3
2014-02-24 18:48:32.881,4945,494.5,43.63724,3.947011,28.9551,13.17503,329.5995,9,5,1393264103,-0.4313812,-0.2497101,-0.4470825,-14.0512,-4.594833,-18.40189,251.3796,250.6686,25,-0.6285947,0.9610046,0.5887325,-2.544075,-0.8072208,0.3721451,-0.3326171,1.460225,0.2993397,0.06099841,0.08060983,0.1367283,3
2014-02-24 18:48:32.972,4946,494.6,43.63724,3.947011,28.9551,13.17503,329.5995,9,5,1393264103,-0.4313812,-0.2497101,-0.4470825,-14.27034,-4.812293,-18.1742,250.7451,250.0341,25,-0.950605,0.7669105,0.7224408,-2.546789,-0.7703525,0.3385049,-0.966436,0.7571303,0.7224318,0.2209872,0.06149305,0.2250808,3
2014-02-24 18:48:33.084,4947,494.7,43.63724,3.947011,28.9551,13.17503,329.5995,9,5,1393264103,-0.4713745,-0.2480621,-0.6182556,-13.77727,-4.757931,-17.8896,251.0871,250.3761,25,-1.040675,0.920336,0.5769592,-2.551829,-0.7536511,0.3162458,-1.056506,0.9105558,0.5769503,0.2223312,0.05892549,0.206996,3
2014-02-24 18:48:33.211,4948,494.8,43.63724,3.947011,28.9551,13.17503,329.5995,9,5,1393264103,-0.5938263,-0.145813,-0.6574707,-14.27034,-4.921027,-17.71884,250.4293,249.7183,25,-0.1489405,1.516092,0.2312979,-2.553888,-0.7250425,0.3040138,-0.1647714,1.506311,0.231289,0.1613817,0.05129016,0.09589268,3
2014-02-24 18:48:33.410,4949,494.9,43.63735,3.94692,26.53944,13.06192,330.3346,9,5,1393264104,-0.6981354,-0.1758423,-0.5794525,-14.59905,-5.029757,-18.62957,250.1237,249.4127,25,-0.04924371,1.218867,-0.1824697,-2.553612,-0.6987812,0.3060165,-0.06507458,1.209087,-0.1824786,0.01957246,0.1554496,0.07258602,3
2014-02-24 18:48:33.579,4950,495,43.63735,3.94692,26.53944,13.06192,330.3346,9,5,1393264104,-0.202713,-0.3551788,-0.9401245,-15.47561,-4.812293,-18.28805,251.969,251.258,25,-1.147908,1.436483,-0.54356,-2.569737,-0.670392,0.2976324,-1.163738,1.426703,-0.5435689,-0.1041583,0.1174153,0.1696745,3
2014-02-24 18:48:33.719,4951,495.1,43.63735,3.94692,26.53944,13.06192,330.3346,9,5,1393264104,-0.4901886,-0.1971283,-0.6715088,-15.20168,-4.975388,-18.34497,251.9875,251.2765,25,-0.7673598,0.491251,-1.046846,-2.595334,-0.6470977,0.2953689,-0.7831905,0.4814709,-1.046855,0.1007832,0.04361046,-0.2002756,3
2014-02-24 18:48:33.838,4952,495.2,43.63735,3.94692,26.53944,13.06192,330.3346,9,5,1393264104,-0.4860687,-0.008972168,-0.7138062,-15.03733,-4.812293,-18.97109,251.7003,250.9893,25,-0.7316326,0.6945961,-0.1710037,-2.612056,-0.6305386,0.2899543,-0.7474633,0.6848161,-0.1710126,0.2544527,0.06529684,0.03549891,3
2014-02-24 18:48:33.951,4953,495.3,43.63735,3.94692,26.53944,13.06192,330.3346,9,5,1393264104,-0.4981384,-0.1121674,-0.8116913,-14.32512,-4.757931,-18.68649,252.6677,251.9567,25,-0.4093952,0.8705932,0.1259971,-2.61792,-0.6147847,0.2808782,-0.4252259,0.8608133,0.1259882,0.05485127,0.1623467,0.1536293,3
2014-02-24 18:48:34.072,4954,495.4,43.63735,3.94692,26.53944,13.06192,330.3346,9,5,1393264104,-0.4981384,-0.1121674,-0.8116913,-14.81819,-4.703568,-18.85725,252.6647,251.9538,25,0.2883708,1.270908,-0.09409747,-2.618826,-0.5976058,0.2776151,-0.01553899,0.9205624,-0.02550976,0.05505265,0.2650907,0.08122669,3
2014-02-24 18:48:34.149,4955,495.5,43.63745,3.946836,29.3003,12.99025,329.8452,9,5,1393264105,-0.5078735,-0.0995636,-0.754364,-15.20169,-4.97539,-18.57265,250.9258,250.2148,25,0.1448038,1.490156,-0.1773876,-2.618009,-0.5762604,0.2790651,0.2725401,1.261125,-0.09410554,0.02567364,0.1632897,-0.005624095,3
2014-02-24 18:48:34.279,4956,495.6,43.63745,3.946836,29.3003,12.99025,329.8452,9,5,1393264105,-0.5093231,-0.01908875,-0.8037262,-14.21555,-3.888086,-18.34497,253.754,253.043,25,0.04462286,1.501207,-0.1162832,-2.618331,-0.5509382,0.2836559,0.1289732,1.480374,-0.1773956,-0.005305898,0.1803038,0.06362133,3
2014-02-24 18:48:34.501,4957,495.7,43.63745,3.946836,29.3003,12.99025,329.8452,9,5,1393264105,-0.3850861,-0.06648254,-0.9014282,-13.61292,-4.268641,-17.49117,251.5366,250.8256,25,-0.01143748,1.227495,0.01019858,-2.619897,-0.5223662,0.284347,0.02879201,1.491423,-0.116291,-0.03042555,0.261442,0.02811492,3
2014-02-24 18:48:34.634,4958,495.8,43.63745,3.946836,29.3003,12.99025,329.8452,9,5,1393264105,-0.4746857,-0.1150665,-0.9986572,-15.36604,-3.18134,-17.83268,254.0978,253.3868,25,0.1300672,0.9750078,0.04921548,-2.620717,-0.4972471,0.2843587,-0.02726829,1.217711,0.01019075,-0.00961623,0.2432647,0.0005101336,3
2014-02-24 18:48:34.736,4959,495.9,43.63745,3.946836,29.3003,12.99025,329.8452,9,5,1393264105,-0.5702972,-0.1449432,-1.012222,-13.50334,-3.833725,-18.06037,252.1965,251.4855,25,-0.01756355,0.8163284,-0.2345457,-2.618961,-0.4778192,0.280911,0.1142363,0.9652205,0.04920926,-0.03053171,0.2125795,-0.06682025,3
2014-02-24 18:48:34.822,4960,496,43.63745,3.946836,29.3003,12.99025,329.8452,9,5,1393264105,-0.7650604,-0.07331848,-0.9555054,-13.2842,-2.963881,-17.71884,254.154,253.443,25,-0.3847197,0.3190129,-0.5581698,-2.620828,-0.4613384,0.2826892,-0.03339437,0.8065411,-0.2345519,-0.04958748,0.186715,-0.1574793,3
2014-02-24 18:48:34.949,4961,496.1,43.63745,3.946836,29.3003,12.99025,329.8452,9,5,1393264105,-0.7016907,-0.1714478,-0.945282,-13.01028,-3.018248,-18.45881,254.8966,254.1856,25,-1.089934,0.07550861,-1.417763,-2.629478,-0.4500277,0.2822627,-0.4005505,0.3092257,-0.558176,-0.1525204,0.1335863,-0.1474195,3
2014-02-24 18:48:35.111,4962,496.2,43.63745,3.946836,29.3003,12.99025,329.8452,9,5,1393264105,-0.4714203,-0.5106964,-1.064957,-14.70862,-2.963875,-18.28805,252.7872,252.0762,25,-2.22747,0.08855943,-1.810077,-2.655526,-0.4398245,0.2773534,-1.105765,0.06572146,-1.417769,-0.3555516,0.2004927,-0.0852583,3
2014-02-24 18:48:35.285,4963,496.3,43.63755,3.946753,28.34142,12.94964,329.5091,9,5,1393264106,-0.7003326,-0.07331848,-1.165436,-14.0512,-3.507529,-17.94653,252.6451,251.9341,25,-2.222913,-0.02412052,0.6839192,-2.743174,-0.4137506,0.2243389,-2.846745,0.2778032,-0.7162746,-0.1880608,-0.2105063,-0.106806,3
2014-02-24 18:48:35.524,4964,496.4,43.63755,3.946753,28.34142,12.94964,329.5091,9,5,1393264106,-0.7003326,-0.07331848,-1.165436,-14.27034,-3.724992,-18.06037,251.924,251.213,25,-1.164693,-0.6361631,1.084837,-2.754164,-0.4184381,0.1452367,-1.180524,-0.6459501,1.084831,-0.1577587,0.003918498,-0.3284545,3
2014-02-24 18:48:35.702,4965,496.5,43.63755,3.946753,28.34142,12.94964,329.5091,9,5,1393264106,-0.6148529,-0.2695465,-1.132782,-14.54426,-3.235703,-17.77576,253.7626,253.0516,25,-1.737558,-0.6415917,0.1045347,-2.764525,-0.4429596,0.08325781,-1.753388,-0.6513786,0.1045284,-0.2910243,-0.115935,-0.3306911,3
2014-02-24 18:48:35.838,4966,496.6,43.63755,3.946753,28.34142,12.94964,329.5091,9,5,1393264106,-0.4448853,-0.2286377,-1.019913,-13.6677,-3.996816,-16.97889,251.1891,250.4781,25,-1.678649,-0.3726085,0.235037,-2.775483,-0.452029,0.05391373,-1.69448,-0.3823954,0.2350308,-0.1786959,-0.2156589,-0.2345263,3
2014-02-24 18:48:35.953,4967,496.7,43.63755,3.946753,28.34142,12.94964,329.5091,9,5,1393264106,-0.3307953,-0.008224487,-0.9558411,-14.32512,-4.431741,-17.77577,251.334,250.623,25,-2.204905,-0.3033146,0.4780041,-2.785097,-0.4566227,0.01707661,-2.220736,-0.3131014,0.4779979,-0.004030186,-0.2115619,-0.1224969,3
2014-02-24 18:48:36.053,4968,496.8,43.63755,3.946753,28.34142,12.94964,329.5091,9,5,1393264106,-0.3798523,0.08831787,-0.995163,-14.43469,-4.431741,-18.00345,251.4586,250.7477,25,-2.70276,-0.6857474,0.473435,-2.79785,-0.4669184,-0.02943999,-2.71859,-0.6955343,0.4734287,0.07787135,-0.08447418,-0.03999871,3
2014-02-24 18:48:36.148,4969,496.9,43.63755,3.946753,28.34142,12.94964,329.5091,9,5,1393264106,-0.3798523,0.08831787,-0.995163,-13.22942,-3.561893,-18.23113,255.2525,254.5415,25,-2.039682,-0.9106014,-0.07874621,-2.817473,-0.4843799,-0.07839596,-2.732899,-0.9441726,0.150767,0.1434135,-0.02916713,-0.1051199,3
2014-02-24 18:48:36.255,4970,497,43.63755,3.946753,28.34142,12.94964,329.5091,9,5,1393264106,-0.5432129,0.05847168,-0.9402618,-13.22942,-3.888086,-18.57265,254.9152,254.2042,25,-2.039682,-0.9106014,-0.07874621,-2.838358,-0.5039385,-0.1166025,-2.055512,-0.9203881,-0.07875244,0.04837061,-0.01303648,-0.1456396,3
2014-02-24 18:48:36.469,4971,497.1,43.63765,3.94668,26.58266,12.54515,330.3315,9,5,1393264107,-0.5432129,0.05847168,-0.9402618,-13.72249,-4.594837,-17.94653,252.1572,251.4462,25,-0.3810083,0.3427952,-0.5642319,-2.854098,-0.5169842,-0.1389248,-1.09325,-0.3684652,-0.1617056,0.06415996,-0.03714472,-0.1319206,3
2014-02-24 18:48:36.551,4972,497.2,43.63765,3.94668,26.58266,12.54515,330.3315,9,5,1393264107,-0.555603,-0.03268433,-1.03241,-13.72248,-4.921027,-17.83269,250.9154,250.2044,25,-0.06094005,0.9470635,-1.280304,-2.86607,-0.5177677,-0.1458053,-0.3968383,0.3330085,-0.5642381,-0.0535229,-0.0868175,-0.08055563,3
2014-02-24 18:48:36.684,4973,497.3,43.63765,3.94668,26.58266,12.54515,330.3315,9,5,1393264107,-0.4198456,-0.2183838,-1.044083,-15.31126,-3.67063,-16.86504,253.4661,252.7551,25,0.05867476,0.7664458,-1.588265,-2.884131,-0.5056796,-0.1393767,-0.07676993,0.9372769,-1.28031,-0.07589825,-0.1716102,-0.1660478,3
2014-02-24 18:48:36.765,4974,497.4,43.63765,3.94668,26.58266,12.54515,330.3315,9,5,1393264107,-0.29216,-0.131546,-0.9193878,-15.91389,-3.290071,-17.94653,256.5595,255.8485,25,-0.4853971,0.6595031,-1.397712,-2.908652,-0.492845,-0.1252916,0.04284491,0.7566592,-1.588271,0.0451548,-0.287226,-0.149002,3
2014-02-24 18:48:36.892,4975,497.5,43.63765,3.94668,26.58266,12.54515,330.3315,9,5,1393264107,-0.2072601,-0.08222961,-0.8709564,-14.98254,-3.888086,-18.45881,254.5775,253.8665,25,-0.468413,-0.4619146,-1.04523,-2.935585,-0.4842712,-0.1170507,-0.5012268,0.6497166,-1.397719,0.1090605,-0.2910238,-0.06031134,3
2014-02-24 18:48:36.987,4976,497.6,43.63765,3.94668,26.58266,12.54515,330.3315,9,5,1393264107,-0.3828278,0.1841736,-0.445816,-13.6677,-4.214278,-18.23112,253.3879,252.6769,25,-0.3199777,-0.9108016,-0.7684357,-2.960158,-0.486921,-0.1154569,-0.4842427,-0.4717011,-1.045236,0.282083,-0.2403837,-0.06563344,3
2014-02-24 18:48:37.135,4977,497.7,43.63765,3.94668,26.58266,12.54515,330.3315,9,5,1393264107,-0.4402313,0.1973114,-0.4612122,-14.54426,-4.6492,-17.3204,251.6067,250.8957,25,-0.1251678,-0.3881238,-1.503685,-2.976966,-0.5049083,-0.1147202,-0.3358074,-0.9205881,-0.7684419,0.2223842,-0.01130402,0.3691149,3
2014-02-24 18:48:37.239,4978,497.8,43.63775,3.946596,26.5369,12.40024,331.0348,9,5,1393264108,-0.4841766,0.1726685,-0.4176483,-15.31125,-4.540474,-18.23113,252.2302,251.5192,25,0.4310976,-0.0004644553,-2.179007,-2.998451,-0.5185756,-0.1076382,-0.1409974,-0.3979102,-1.503691,0.1099473,0.07674312,0.4176835,3
2014-02-24 18:48:37.380,4979,497.9,43.63775,3.946596,26.5369,12.40024,331.0348,9,5,1393264108,-0.4812317,0.1414337,-0.5909882,-15.25647,-3.724992,-19.54029,256.3272,255.6162,25,0.7358495,0.4088554,-1.885625,-3.02883,-0.5235428,-0.08591608,0.4152681,-0.01025086,-2.179013,0.05787608,0.111501,0.4016468,3
2014-02-24 18:48:37.549,4980,498,43.63775,3.946596,26.5369,12.40024,331.0348,9,5,1393264108,-0.4970703,0.1337128,-0.6028137,-13.77727,-5.410313,-19.02801,251.0724,250.3614,25,0.9527792,0.7999931,-1.229245,-3.056373,-0.5219778,-0.05588638,0.7200201,0.399069,-1.885631,0.01364052,0.1168112,0.4478331,3
2014-02-24 18:48:37.664,4981,498.1,43.63775,3.946596,26.5369,12.40024,331.0348,9,5,1393264108,-0.4970703,0.1337128,-0.6028137,-13.6677,-3.996812,-18.23113,254.6901,253.9791,25,0.8910878,0.9946324,-0.7824373,-3.079106,-0.4926672,-0.004875214,0.8752525,0.9848433,-0.7824425,-0.08791061,0.07224272,0.2545229,3
2014-02-24 18:48:37.744,4982,498.2,43.63775,3.946596,26.5369,12.40024,331.0348,9,5,1393264108,-0.5654449,0.2094574,-0.8246002,-14.70862,-3.833719,-17.49116,254.0209,253.3099,25,0.6296269,1.471009,-0.6300554,-3.084031,-0.4694442,0.0118224,0.6137916,1.461219,-0.6300606,-0.04471122,0.1455349,0.2889438,3
2014-02-24 18:48:37.855,4983,498.3,43.63775,3.946596,26.5369,12.40024,331.0348,9,5,1393264108,-0.6218719,0.1054382,-0.8957062,-14.92776,-4.377371,-18.17421,252.436,251.725,25,1.032309,1.405885,-0.6572258,-3.088105,-0.4417388,0.03155541,1.016473,1.396096,-0.657231,-0.1381458,0.2410076,0.07895941,3
2014-02-24 18:48:37.987,4984,498.4,43.63775,3.946596,26.5369,12.40024,331.0348,9,5,1393264108,-0.4816589,0.04705811,-0.9472656,-14.37991,-5.029753,-17.71884,250.4106,249.6996,25,0.835705,1.370216,-0.5344168,-3.090334,-0.4164746,0.05221728,0.8198698,1.360427,-0.534422,-0.2178845,0.1576318,0.01756811,3
2014-02-24 18:48:38.094,4985,498.5,43.63775,3.946596,26.5369,12.40024,331.0348,9,5,1393264108,-0.4419403,0.1441803,-1.05188,-14.27034,-2.963878,-18.17421,257.1276,256.4166,25,0.5500749,0.9256903,-0.1445236,-3.090167,-0.3965272,0.06643777,0.5342398,0.9159014,-0.1445288,-0.09629367,0.113447,-0.0268928,3
2014-02-24 18:48:38.183,4986,498.6,43.63784,3.946518,24.6945,12.09103,330.6187,9,5,1393264109,-0.4178314,0.1963806,-0.9329987,-13.99641,-3.126973,-18.57265,256.7537,256.0427,25,0.2419261,0.5344831,0.1308411,-3.087268,-0.3833461,0.07055845,0.226091,0.5246943,0.1308359,-0.08059443,0.2176099,-0.03428568,3
2014-02-24 18:48:38.344,4987,498.7,43.63784,3.946518,24.6945,12.09103,330.6187,9,5,1393264109,-0.3937836,0.01138306,-1.055237,-14.65384,-3.561896,-18.11729,254.1504,253.4394,25,0.3158618,0.02204884,0.04387718,-3.083599,-0.3948067,-0.003230618,0.3000301,0.01220104,0.04392752,-0.05627497,0.1233258,-0.07699491,3
2014-02-24 18:48:38.455,4988,498.8,43.63784,3.946518,24.6945,12.09103,330.6187,9,5,1393264109,-0.3821259,0.05052185,-1.124649,-15.9139,-4.159911,-17.60501,251.5546,250.8436,25,-0.2868773,0.2663326,0.1318981,-3.082868,-0.3918397,-0.004879755,-0.302709,0.2564849,0.1319484,-0.02465516,0.08754275,-0.0010959,3
2014-02-24 18:48:38.578,4989,498.9,43.63784,3.946518,24.6945,12.09103,330.6187,9,5,1393264109,-0.3821259,0.05052185,-1.124649,-16.02347,-3.833719,-18.85725,253.2635,252.5525,25,-0.8085892,-0.2527926,0.207032,-3.081101,-0.3894164,-0.01574709,-0.6119059,-0.02057202,0.3674768,-0.01418209,-0.00436338,-0.1302207,3
2014-02-24 18:48:38.694,4990,499,43.63784,3.946518,24.6945,12.09103,330.6187,9,5,1393264109,-0.4346161,0.07441711,-1.018143,-13.99641,-3.453163,-17.43424,254.1635,253.4525,25,-1.002081,-0.5450023,0.1364654,-3.081541,-0.3926991,-0.03103985,-0.8244208,-0.2626403,0.2070823,0.0003732252,0.01948698,-0.2012145,3
2014-02-24 18:48:38.789,4991,499.1,43.63784,3.946518,24.6945,12.09103,330.6187,9,5,1393264109,-0.449234,0.01673889,-1.037384,-15.03733,-4.159914,-17.94653,251.8367,251.1257,25,-1.483272,-0.736568,0.1724253,-3.085759,-0.4013751,-0.0477494,-1.017913,-0.55485,0.1365158,-0.04437682,0.02668585,-0.09866729,3
2014-02-24 18:48:38.918,4992,499.2,43.63784,3.946518,24.6945,12.09103,330.6187,9,5,1393264109,-0.5133514,0.1390228,-1.159973,-14.48948,-4.051185,-19.08493,254.849,254.138,25,-2.027882,-1.211219,-0.1226231,-3.09257,-0.4143753,-0.07138151,-1.499103,-0.7464156,0.1724756,-0.0476411,-0.05458201,-0.1243471,3
2014-02-24 18:48:39.031,4993,499.3,43.63784,3.946518,24.6945,12.09103,330.6187,9,5,1393264109,-0.5743561,0.3382263,-1.252838,-14.0512,-3.833725,-18.97109,255.8947,255.1837,25,-1.960029,-1.376307,-0.4230221,-3.106208,-0.4339814,-0.1028422,-2.043714,-1.221067,-0.1225728,-0.06186831,-0.03472892,-0.1872929,3
2014-02-24 18:48:39.155,4994,499.4,43.63792,3.946454,23.13442,11.68409,330.4449,9,5,1393264110,-0.7994232,0.3209381,-1.171432,-14.37991,-3.833725,-18.74341,255.6302,254.9192,25,-1.804087,-1.557436,-1.114236,-3.128763,-0.4622834,-0.1350141,-1.975861,-1.386154,-0.4229718,-0.03932801,0.0916225,-0.1153519,3
2014-02-24 18:48:39.264,4995,499.5,43.63792,3.946454,23.13442,11.68409,330.4449,9,5,1393264110,-0.7035522,0.1309357,-1.209915,-14.37991,-3.507532,-18.28805,256.3497,255.6387,25,-1.274328,-1.468265,-1.813882,3.12463,-0.4963284,-0.1583516,-1.819918,-1.567283,-1.114185,-0.2329438,0.2217802,-0.3268248,3
2014-02-24 18:48:39.415,4996,499.6,43.63792,3.946454,23.13442,11.68409,330.4449,9,5,1393264110,-0.7699432,-0.1251068,-1.093689,-14.27034,-3.290071,-18.06037,257.0714,256.3604,25,-0.5305662,-1.748422,-1.988181,3.084613,-0.5301887,-0.1691767,-1.29016,-1.478113,-1.813831,-0.3009465,0.1525673,-0.3210372,3
2014-02-24 18:48:39.565,4997,499.7,43.63792,3.946454,23.13442,11.68409,330.4449,9,5,1393264110,-0.8030701,-0.1155243,-0.8386078,-17.50266,-3.670627,-17.43424,254.2365,253.5255,25,-0.8645915,-2.487493,-1.959541,3.045596,-0.5662203,-0.163047,-0.5463973,-1.758269,-1.98813,-0.1742209,-0.03138991,-0.3771735,3
2014-02-24 18:48:39.651,4998,499.8,43.63792,3.946454,23.13442,11.68409,330.4449,9,5,1393264110,-0.8030701,-0.1155243,-0.8386078,-17.61223,-2.909511,-17.77577,257.4233,256.7123,25,-1.61885,-2.630163,-1.640443,2.965596,-0.6689774,-0.1532148,-1.634681,-2.640011,-1.640393,-0.1631125,-0.3155494,-0.1894701,3
2014-02-24 18:48:39.750,4999,499.9,43.63792,3.946454,23.13442,11.68409,330.4449,9,5,1393264110,-0.7042084,0.06636047,-0.6261749,-17.06438,-3.126973,-17.09272,256.9056,256.1946,25,-2.26421,-2.660527,-1.414071,2.965596,-0.6689774,-0.1532148,-1.634681,-2.640011,-1.640393,-0.1631125,-0.3155494,-0.1894701,3
2014-02-24 18:48:39.866,5000,500,43.63792,3.946454,23.13442,11.68409,330.4449,9,5,1393264110,-0.7042084,0.06636047,-0.6261749,-15.42083,-3.126977,-18.34497,258.3769,257.6659,25,-2.316577,-2.212856,-0.9414884,2.871937,-0.7797942,-0.1824882,-2.332408,-2.222703,-0.9414381,0.004903757,-0.2175793,0.02820024,3
2014-02-24 18:48:39.971,5001,500.1,43.63792,3.946454,23.13442,11.68409,330.4449,9,5,1393264110,-0.7563171,0.09963989,-0.5997162,-14.48948,-3.507532,-19.42645,258.3892,257.6782,25,-1.820589,-2.237271,-0.6443819,2.835078,-0.8294306,-0.1986895,-1.83642,-2.247118,-0.6443316,0.0330799,-0.07688615,-0.02196512,3
2014-02-24 18:48:40.055,5002,500.2,43.63792,3.946454,23.13442,11.68409,330.4449,9,5,1393264110,-0.7225342,-0.0500946,-0.648941,-14.16077,-3.18134,-17.94653,258.0437,257.3327,25,-1.765786,-2.456065,-0.8446679,2.800303,-0.8820083,-0.2097134,-1.781617,-2.465913,-0.8446175,-0.001214664,-0.1085397,0.02196017,3
2014-02-24 18:48:40.168,5003,500.3,43.63801,3.94638,27.41719,11.71272,330.4117,9,5,1393264111,-0.8395538,-0.02746582,-0.6416779,-16.6261,-3.670627,-18.00344,255.5816,254.8706,25,-1.497496,-2.323852,-0.8691892,2.765844,-0.9330555,-0.2158588,-1.513327,-2.333699,-0.8691388,0.06226305,-0.264281,-0.06737635,3
2014-02-24 18:48:40.293,5004,500.4,43.63801,3.94638,27.41719,11.71272,330.4117,9,5,1393264111,-0.85289,0.09895325,-0.7159119,-16.40696,-2.909513,-18.23113,257.7137,257.0027,25,-1.315353,-2.19674,-0.7396387,2.735077,-0.9812986,-0.2181853,-1.331184,-2.206587,-0.7395884,-0.02804047,-0.2439242,-0.09891469,3
2014-02-24 18:48:40.479,5005,500.5,43.63801,3.94638,27.41719,11.71272,330.4117,9,5,1393264111,-0.8753357,0.09207153,-0.4976501,-15.03733,-2.855145,-18.74341,258.8,258.0891,25,-1.006566,-1.618814,-0.05839087,2.708543,-1.026479,-0.2229362,-1.361923,-2.117257,-0.4521707,-0.06897998,-0.2475986,-0.06524739,3
2014-02-24 18:48:40.571,5006,500.6,43.63801,3.94638,27.41719,11.71272,330.4117,9,5,1393264111,-0.7705383,0.02604675,-0.1994476,-14.48948,-3.072611,-18.40188,256.9722,256.2612,25,-1.056924,-1.870767,-0.3356153,2.68783,-1.064216,-0.2310407,-1.022396,-1.628661,-0.05834053,-0.1248842,-0.3275778,0.05681583,3
2014-02-24 18:48:40.703,5007,500.7,43.63801,3.94638,27.41719,11.71272,330.4117,9,5,1393264111,-0.6919403,0.03173828,-0.5467834,-15.31126,-2.583324,-19.02801,258.541,257.83,25,-0.6253566,-1.112027,-0.4080884,2.668727,-1.099402,-0.236678,-1.072754,-1.880614,-0.3355649,0.03174802,-0.08947027,-0.1975233,3
2014-02-24 18:48:40.858,5008,500.8,43.63801,3.94638,27.41719,11.71272,330.4117,9,5,1393264111,-0.7953339,0.1179962,-0.391571,-15.36604,-3.833719,-17.71885,252.3159,251.6049,25,-0.909645,-1.067604,-0.1062447,2.650599,-1.128757,-0.2358092,-0.641187,-1.121874,-0.4080381,0.1650608,-0.2513606,-0.1463264,3
2014-02-24 18:48:40.989,5009,500.9,43.63801,3.94638,27.41719,11.71272,330.4117,9,5,1393264111,-0.7360992,0.1928406,-0.3426819,-15.74954,-2.583324,-18.45881,257.3083,256.5973,25,-0.7864986,-0.9795024,0.02077372,2.633663,-1.154277,-0.2393581,-0.9254754,-1.077451,-0.1061943,0.1964902,-0.2053408,-0.153738,3
2014-02-24 18:48:41.102,5010,501,43.63811,3.946313,27.99656,11.21494,330.5465,9,10,1393264112,-0.7471313,0.2497101,-0.2417908,-14.98254,-2.692054,-18.57265,257.6259,256.9149,25,-0.5644597,-0.8243722,-0.07010932,2.61961,-1.176167,-0.2457712,-0.8023288,-0.9893493,0.02082406,0.1000648,-0.1253082,-0.01865795,3
2014-02-24 18:48:41.222,5011,501.1,43.63811,3.946313,27.99656,11.21494,330.5465,9,10,1393264112,-0.8048401,0.309021,-0.2175293,-15.47561,-2.637689,-18.28805,257.4357,256.7247,25,-0.3916575,-0.551713,0.1271444,2.607066,-1.195131,-0.2497427,-0.5802899,-0.834219,-0.07005898,0.1653039,-0.05431406,0.01282748,3
2014-02-24 18:48:41.387,5012,501.2,43.63811,3.946313,27.99656,11.21494,330.5465,9,10,1393264112,-0.8048401,0.309021,-0.2175293,-15.47561,-3.18134,-17.37733,255.2337,254.5227,25,-0.1021535,-0.3176624,0.2027196,2.59568,-1.218122,-0.2583722,-0.1179837,-0.3275092,0.2027699,0.1160731,0.02731457,0.1206565,3
2014-02-24 18:48:41.549,5013,501.3,43.63811,3.946313,27.99656,11.21494,330.5465,9,10,1393264112,-0.7445374,0.1680298,-0.3523407,-16.13303,-3.072611,-18.28805,255.6279,254.9169,25,0.1098613,-0.1329202,0.2815515,2.59568,-1.218122,-0.2583722,-0.1179837,-0.3275092,0.2027699,0.1160731,0.02731457,0.1206565,3
2014-02-24 18:48:41.647,5014,501.4,43.63811,3.946313,27.99656,11.21494,330.5465,9,10,1393264112,-0.7445374,0.1680298,-0.3523407,-17.06438,-3.126977,-17.09272,252.8475,252.1365,25,0.1066892,-0.09722988,0.2119597,2.602065,-1.221796,-0.2662039,0.09085917,-0.1070766,0.21201,0.1566911,-0.04671653,0.02104561,3
2014-02-24 18:48:41.744,5015,501.5,43.63811,3.946313,27.99656,11.21494,330.5465,9,10,1393264112,-0.8469086,0.1399841,-0.4069977,-15.5304,-2.909513,-17.8896,254.8716,254.1606,25,-0.3923033,-0.3745603,0.02804122,2.599449,-1.227003,-0.2695644,-0.4081333,-0.384407,0.02809156,0.1629457,-0.09828185,-0.02745201,3
2014-02-24 18:48:41.837,5016,501.6,43.63811,3.946313,27.99656,11.21494,330.5465,9,10,1393264112,-0.8881531,0.1400452,-0.250412,-14.70862,-3.290071,-18.51573,254.8558,254.1448,25,-0.9299884,-0.7365555,-0.07565082,2.583484,-1.243366,-0.2734315,-0.9458182,-0.7464022,-0.07560048,0.06478699,-0.1300529,-0.09733465,3
2014-02-24 18:48:41.962,5017,501.7,43.63811,3.946313,27.99656,11.21494,330.5465,9,10,1393264112,-0.9657135,0.2415466,-0.2530365,-14.43469,-3.126977,-19.02801,254.8615,254.1505,25,-0.9155756,-0.3681,0.06401041,2.566864,-1.258367,-0.2787019,-0.9314054,-0.3779466,0.06406075,0.02671796,-0.1350627,0.04509885,3
2014-02-24 18:48:42.059,5018,501.8,43.63811,3.946313,27.99656,11.21494,330.5465,9,10,1393264112,-0.8044586,0.1759186,-0.2770233,-14.32512,-3.344437,-18.80033,254.8547,254.1437,25,-1.149914,-0.3559445,-0.1753268,2.547037,-1.27062,-0.2836446,-1.165743,-0.3657911,-0.1752765,-0.01138442,-0.01478076,0.0886528,3
2014-02-24 18:48:42.155,5019,501.9,43.63821,3.946254,26.43862,10.63131,330.1505,9,5,1393264113,-0.8570251,0.261322,-0.3523865,-16.46175,-2.420229,-17.83269,256.6617,255.9507,25,-1.369645,-0.5890971,-0.2056626,2.521583,-1.287733,-0.2869118,-1.385475,-0.5989437,-0.2056123,0.01615303,-0.06297514,-0.01451291,3
2014-02-24 18:48:42.282,5020,502,43.63821,3.946254,26.43862,10.63131,330.1505,9,5,1393264113,-0.8570251,0.261322,-0.3523865,-17.17395,-2.800784,-18.00344,254.7887,254.0777,25,-1.440461,-0.8221796,-0.08675753,2.494515,-1.302272,-0.2900687,-1.385329,-0.412297,-0.2520107,0.08289675,-0.1313397,0.1027663,3
2014-02-24 18:48:42.465,5021,502.1,43.63821,3.946254,26.43862,10.63131,330.1505,9,5,1393264113,-0.9804688,0.2991791,-0.1912079,-16.35217,-2.963878,-17.94653,253.8836,253.1726,25,-1.440461,-0.8221796,-0.08675753,2.465985,-1.323157,-0.2940269,-1.45629,-0.8320261,-0.0867072,0.07086231,-0.02848666,-0.1177894,3
2014-02-24 18:48:42.591,5022,502.2,43.63821,3.946254,26.43862,10.63131,330.1505,9,5,1393264113,-0.9804688,0.2991791,-0.1912079,-15.80433,-3.18134,-18.17421,254.3845,253.6735,25,-1.207212,-0.5572073,-0.05894827,2.439078,-1.345035,-0.3010241,-1.392716,-0.6465276,0.08805902,-0.02070921,-0.04755131,0.0622783,3
2014-02-24 18:48:42.695,5023,502.3,43.63821,3.946254,26.43862,10.63131,330.1505,9,5,1393264113,-1.048141,0.2600708,-0.1526947,-16.02346,-4.486104,-17.94652,249.1483,248.4373,25,-1.040001,-0.2897506,-0.08224161,2.414848,-1.363044,-0.3061228,-1.223042,-0.5670537,-0.05889794,-0.04746282,-0.002184843,0.005463753,3
2014-02-24 18:48:42.797,5024,502.4,43.63821,3.946254,26.43862,10.63131,330.1505,9,5,1393264113,-1.114548,0.3172913,-0.1724091,-16.73567,-4.105549,-18.00344,250.4715,249.7605,25,-0.6650142,-0.04315892,-0.07987273,2.392978,-1.378225,-0.3088585,-1.055831,-0.299597,-0.08219128,-0.06228893,0.003218572,-0.05888411,3
2014-02-24 18:48:42.881,5025,502.5,43.63821,3.946254,26.43862,10.63131,330.1505,9,5,1393264113,-1.157455,0.3228607,-0.2256165,-16.6261,-3.888086,-18.00344,251.899,251.188,25,-0.4062572,0.2482945,-0.1670417,2.377475,-1.385857,-0.3104668,-0.6808436,-0.05300526,-0.0798224,-0.132192,-0.01383136,-0.08729485,3
2014-02-24 18:48:42.988,5026,502.6,43.63821,3.946254,26.43862,10.63131,330.1505,9,5,1393264113,-1.230774,0.3410645,-0.2802582,-15.20169,-4.866663,-18.34497,249.1795,248.4685,25,-0.2421855,0.4076383,-0.2420994,2.367071,-1.386291,-0.3098655,-0.4220865,0.2384482,-0.1669914,-0.2021414,0.01748762,-0.05360942,3
2014-02-24 18:48:43.183,5027,502.7,43.63827,3.946204,25.36767,8.719825,330.5072,9,5,1393264114,-1.291138,0.224411,-0.3200684,-15.47561,-3.833725,-18.97109,254.0334,253.3224,25,0.2129274,0.6785585,-0.1089837,2.35709,-1.374017,-0.3028881,0.003773013,0.5121866,-0.2207081,-0.2947151,0.04278639,-0.09364599,3
2014-02-24 18:48:43.304,5028,502.8,43.63827,3.946204,25.36767,8.719825,330.5072,9,5,1393264114,-1.12262,0.2013245,-0.367691,-15.1469,-4.703568,-19.08493,251.8599,251.1489,25,0.1525645,0.8118223,0.03108122,2.359028,-1.362235,-0.2994928,0.1970983,0.6687123,-0.1089334,-0.3752169,-0.001090279,-0.08492454,3
2014-02-24 18:48:43.547,5029,502.9,43.63827,3.946204,25.36767,8.719825,330.5072,9,5,1393264114,-0.9918976,0.230484,-0.3478699,-15.09211,-4.975393,-18.45881,249.5721,248.8611,25,0.005483715,0.8815172,0.1005479,2.362602,-1.346985,-0.298367,0.1367355,0.8019761,0.03113155,-0.3591592,-0.06954872,-0.1079273,3
2014-02-24 18:48:43.653,5030,503,43.63827,3.946204,25.36767,8.719825,330.5072,9,5,1393264114,-0.9918976,0.230484,-0.3478699,-18.05051,-4.975393,-18.23113,245.511,244.8,25,-0.312641,0.8072593,0.1920653,2.360529,-1.316324,-0.3035329,-0.3284759,0.7974129,0.1921145,-0.1554703,-0.07257508,-0.1242139,3
2014-02-24 18:48:43.731,5031,503.1,43.63827,3.946204,25.36767,8.719825,330.5072,9,5,1393264114,-0.8802643,0.270752,-0.3624725,-17.77659,-4.268644,-18.85724,248.4721,247.7611,25,-0.4369179,0.7859215,0.194599,2.353823,-1.303775,-0.3092884,-0.4527528,0.7760751,0.1946482,-0.007369609,-0.05142073,-0.09495887,3
2014-02-24 18:48:43.859,5032,503.2,43.63827,3.946204,25.36767,8.719825,330.5072,9,5,1393264114,-0.8325348,0.3013916,-0.3933563,-16.6261,-5.301584,-18.57265,245.1464,244.4354,25,-0.4804153,0.7361203,0.1031647,2.345298,-1.292506,-0.3142778,-0.4962502,0.7262741,0.1032139,0.03416644,-0.03837778,-0.1012154,3
2014-02-24 18:48:43.959,5033,503.3,43.63827,3.946204,25.36767,8.719825,330.5072,9,5,1393264114,-0.8647614,0.3422089,-0.3667145,-16.46175,-5.790871,-17.94653,244.9539,244.2429,25,-0.4248461,0.6944683,0.0853354,2.337681,-1.279803,-0.3183071,-0.4406799,0.6846246,0.08538411,0.0773029,-0.01156752,-0.1208642,3
2014-02-24 18:48:44.054,5034,503.4,43.63827,3.946204,25.36767,8.719825,330.5072,9,5,1393264114,-0.8725433,0.2317963,-0.4820557,-16.51653,-5.301584,-17.8896,241.599,240.888,25,-0.2816623,0.67136,0.03414679,2.331233,-1.269874,-0.3213876,-0.2974961,0.6615164,0.03419549,0.04140109,0.02632543,-0.08548986,3
2014-02-24 18:48:44.155,5035,503.5,43.63832,3.946159,27.09898,6.79703,329.4411,9,5,1393264115,-0.9046783,0.2335052,-0.4853821,-16.79045,-5.355946,-18.74341,243.4655,242.7545,25,-0.2283626,0.6283707,-0.007153783,2.326374,-1.259526,-0.3210438,-0.2441974,0.6185262,-0.007106839,0.06393637,-0.08745354,-0.1851949,3
2014-02-24 18:48:44.283,5036,503.6,43.63832,3.946159,27.09898,6.79703,329.4411,9,5,1393264115,-0.8990936,0.1586456,-0.473053,-18.48879,-5.410313,-17.8896,239.9615,239.2505,25,-0.1176031,0.6302631,-0.160958,2.32221,-1.249379,-0.3204246,-0.1334377,0.6204187,-0.1609111,0.01167251,-0.07574226,-0.1717406,3
2014-02-24 18:48:44.504,5037,503.7,43.63832,3.946159,27.09898,6.79703,329.4411,9,5,1393264115,-0.8586884,0.1350861,-0.4324188,-17.61223,-5.519045,-19.02801,242.8799,242.1689,25,0.004936169,0.6338949,-0.2501457,2.320251,-1.237299,-0.312856,-0.01090009,0.6240503,-0.2501029,0.004581322,-0.1254195,-0.1773255,3
2014-02-24 18:48:44.631,5038,503.8,43.63832,3.946159,27.09898,6.79703,329.4411,9,5,1393264115,-0.8586884,0.1350861,-0.4324188,-17.39309,-6.388887,-18.68649,238.2043,237.4933,25,0.09406418,0.6669671,-0.1686679,2.319057,-1.225984,-0.308577,0.03811598,0.6336854,-0.2262641,0.01105028,-0.1642836,-0.1458408,3
2014-02-24 18:48:44.745,5039,503.9,43.63832,3.946159,27.09898,6.79703,329.4411,9,5,1393264115,-0.815094,0.1454468,-0.3813019,-16.29739,-7.041269,-17.43425,233.5107,232.7997,25,0.1684793,0.6874205,-0.09190063,2.318887,-1.213845,-0.3047651,0.07822803,0.6571225,-0.1686251,0.03510035,-0.1649831,-0.09910174,3
2014-02-24 18:48:44.845,5040,504,43.63832,3.946159,27.09898,6.79703,329.4411,9,5,1393264115,-0.7845154,0.1580048,-0.3439636,-16.29739,-6.823809,-18.34497,236.2868,235.5758,25,0.2520368,0.7764798,-0.09079409,2.320281,-1.201162,-0.3018761,0.1526432,0.6775759,-0.09185787,0.07519994,-0.1518652,-0.03636381,3
2014-02-24 18:48:44.921,5041,504.1,43.63832,3.946159,27.09898,6.79703,329.4411,9,5,1393264115,-0.7517548,0.172287,-0.3368378,-17.28352,-6.932543,-17.54808,232.6307,231.9197,25,0.3159787,0.8856928,-0.1018039,2.32357,-1.186683,-0.298965,0.2362007,0.7666353,-0.09075132,0.10149,-0.1365266,0.01415065,3
2014-02-24 18:48:45.051,5042,504.2,43.63832,3.946159,27.09898,6.79703,329.4411,9,5,1393264115,-0.7358246,0.1808624,-0.3445435,-18.16008,-6.60635,-17.77576,233.5778,232.8668,25,0.3465715,0.9404338,-0.08914,2.327827,-1.169893,-0.2953378,0.3001428,0.8758483,-0.1017611,0.1132828,-0.1294267,0.03151144,3
2014-02-24 18:48:45.152,5043,504.3,43.63832,3.946159,27.09898,6.79703,329.4411,9,5,1393264115,-0.7114716,0.2171478,-0.353302,-18.16008,-5.845238,-18.23113,238.3949,237.6839,25,0.3414713,0.9801919,-0.07315357,2.332702,-1.151441,-0.2912613,0.3307356,0.9305894,-0.08909723,0.1320552,-0.1081293,0.04932427,3
2014-02-24 18:48:45.252,5044,504.4,43.63832,3.946159,27.09898,6.79703,329.4411,9,5,1393264115,-0.6959686,0.2427063,-0.3572083,-17.39309,-5.845238,-19.02801,241.2568,240.5458,25,0.3524688,1.005258,-0.06742725,2.337818,-1.132095,-0.2874269,0.3256355,0.9703475,-0.0731108,0.1408552,-0.07791916,0.05785145,3
2014-02-24 18:48:45.414,5045,504.5,43.63836,3.946117,25.25165,4.595861,327.4868,9,5,1393264116,-0.6902924,0.263443,-0.3709564,-16.13303,-6.443251,-18.62957,241.3976,240.6866,25,0.3781561,0.9886261,-0.04590198,2.343062,-1.112133,-0.2835692,0.336633,0.995414,-0.06738447,0.1493643,-0.06263621,0.07176568,3
2014-02-24 18:48:45.770,5046,504.6,43.63836,3.946117,25.25165,4.595861,327.4868,9,5,1393264116,-0.70961,0.2835846,-0.4035034,-16.79045,-6.117062,-16.35276,237.3005,236.5895,25,0.44359,0.9696713,-0.06972369,2.348748,-1.092168,-0.2796834,0.3623204,0.9787818,-0.04585921,0.1571681,-0.03334501,0.08545788,3
2014-02-24 18:48:45.903,5047,504.7,43.63836,3.946117,25.25165,4.595861,327.4868,9,5,1393264116,-0.7203522,0.2805939,-0.4377594,-16.79045,-5.355947,-17.60501,241.6877,240.9767,25,0.593922,0.9604336,-0.09399787,2.355079,-1.072348,-0.2753565,0.4277543,0.959827,-0.06968092,0.154945,-0.008447022,0.08909756,3
2014-02-24 18:48:46.070,5048,504.8,43.63836,3.946117,25.25165,4.595861,327.4868,9,5,1393264116,-0.7655334,0.2513275,-0.4838867,-12.90071,-5.519045,-18.11729,245.0112,244.3002,25,0.9066303,0.8789132,-0.1007562,2.373184,-1.032143,-0.2608643,0.7470024,0.945899,-0.1345185,0.1224036,0.04451352,0.08421722,3
2014-02-24 18:48:46.177,5049,504.9,43.63836,3.946117,25.25165,4.595861,327.4868,9,5,1393264116,-0.7655334,0.2513275,-0.4838867,-12.84593,-4.921027,-17.37733,245.8554,245.1444,25,0.9852439,0.7970146,-0.07104728,2.400057,-0.9934162,-0.2400187,0.9694085,0.7871705,-0.07100451,0.07109346,0.02418108,0.06012129,3
2014-02-24 18:48:46.281,5050,505,43.63836,3.946117,25.25165,4.595861,327.4868,9,5,1393264116,-0.7860718,0.2395325,-0.5250092,-12.1885,-3.507529,-16.80812,250.1692,249.4582,25,1.005874,0.7080251,-0.0218832,2.415302,-0.9761427,-0.2290594,0.990039,0.698181,-0.02184043,0.04117317,0.0242659,0.06170238,3
2014-02-24 18:48:46.496,5051,505.1,43.6384,3.946092,25.55033,3.40467,326.933,9,10,1393264117,-0.8287354,0.2653351,-0.5373993,-10.76409,-3.290073,-14.98668,249.8344,249.1234,25,1.002996,0.6336984,0.04098871,2.430976,-0.9606124,-0.2191556,0.9871604,0.6238543,0.04103148,0.01386855,0.02212697,0.03430321,3
2014-02-24 18:48:46.637,5052,505.2,43.6384,3.946092,25.55033,3.40467,326.933,9,10,1393264117,-0.8470001,0.2415314,-0.5754852,-4.847292,-4.921023,-11.00226,239.7758,239.0648,25,1.123834,0.6502326,0.007968178,2.447781,-0.9453617,-0.2081817,1.107999,0.6403886,0.008010943,-0.03553117,0.05865384,0.03540957,3
2014-02-24 18:48:46.748,5053,505.3,43.6384,3.946092,25.55033,3.40467,326.933,9,10,1393264117,-0.8746185,0.1869659,-0.6153717,-2.546318,-5.899597,-8.270088,230.6508,229.9398,25,1.298986,0.6885262,-0.0493782,2.465945,-0.9297059,-0.1947512,1.28315,0.6786819,-0.049335,-0.05727343,0.06898974,0.0267814,3
2014-02-24 18:48:46.860,5054,505.4,43.6384,3.946092,25.55033,3.40467,326.933,9,10,1393264117,-0.8772888,0.1447144,-0.6726532,-1.121906,-7.74802,-7.359367,222.2887,221.5777,25,1.404957,0.7276872,-0.07337781,2.485677,-0.9127988,-0.1784944,1.389122,0.7178429,-0.0733346,-0.08086468,0.04811412,-0.001011303,3
2014-02-24 18:48:46.937,5055,505.5,43.6384,3.946092,25.55033,3.40467,326.933,9,10,1393264117,-0.8772888,0.1447144,-0.6726532,-1.012333,-7.74802,-7.587048,222.8786,222.1676,25,1.110586,0.7438869,0.1101606,2.50511,-0.8958892,-0.1626259,1.282566,0.7324588,0.01465507,-0.1021107,-0.008208277,-0.0404781,3
2014-02-24 18:48:47.053,5056,505.6,43.6384,3.946092,25.55033,3.40467,326.933,9,10,1393264117,-0.8852844,0.1370087,-0.7975311,-1.121902,-6.878176,-7.017853,223.7151,223.0042,25,1.110586,0.7438869,0.1101606,2.523044,-0.8793709,-0.1500491,1.094751,0.7340426,0.1102037,-0.1156067,-0.004772281,-0.04218192,3
2014-02-24 18:48:47.165,5057,505.7,43.6384,3.946092,25.55033,3.40467,326.933,9,10,1393264117,-0.8852844,0.1370087,-0.7975311,-0.9027615,-6.551985,-7.017849,250.9606,250.2496,26,0.7371401,0.5785885,0.2090736,2.539047,-0.8638055,-0.1407786,0.8947394,0.6833515,0.2002793,-0.1344395,-0.01989168,-0.1075028,3
2014-02-24 18:48:47.265,5058,505.8,43.6384,3.946092,25.55033,3.40467,326.933,9,10,1393264117,-0.8866119,0.1617432,-0.8289337,-1.06712,-8.88969,-6.277889,253.9297,253.2188,26,0.6885582,0.422494,0.1538213,2.552681,-0.8504459,-0.1341373,0.7213051,0.5687443,0.2091167,-0.1404611,0.003273209,-0.1438087,3
2014-02-24 18:48:47.435,5059,505.9,43.6384,3.946092,25.55033,3.40467,326.933,9,10,1393264118,-0.9190674,0.1520233,-0.894577,-0.5192642,-9.54207,-6.6194,255.3511,254.6401,26,0.7362562,0.2894877,0.05820951,2.564516,-0.8401614,-0.1281904,0.6727232,0.4126498,0.1538644,-0.1437299,0.02091835,-0.1581404,3
2014-02-24 18:48:47.570,5060,506,43.6384,3.946092,25.55033,3.40467,326.933,9,10,1393264118,-0.9797058,0.06782532,-0.9980469,-0.2453384,-8.835321,-6.676319,256.0206,255.3096,26,0.8139523,0.01361355,-0.07325903,2.57548,-0.8326061,-0.1206829,0.7204213,0.2796436,0.05825261,-0.1672427,0.04644938,-0.1942489,3
2014-02-24 18:48:47.670,5061,506.1,43.6384,3.946092,25.55033,3.40467,326.933,9,10,1393264118,-0.9878845,-0.01283264,-1.007309,-0.5192642,-9.107151,-5.936359,256.4768,255.7658,26,1.037113,-0.3960352,-0.06477074,2.585736,-0.8291353,-0.1107544,0.7981175,0.003769418,-0.07321593,-0.213383,0.06261337,-0.2841459,3
2014-02-24 18:48:47.793,5062,506.2,43.6384,3.946092,25.55033,3.40467,326.933,9,10,1393264118,-0.9496002,-0.1387329,-0.9142609,-0.6288357,-9.32461,-6.277882,257.0279,256.3169,26,1.104699,-0.8154176,0.01035757,2.597676,-0.8323144,-0.09808974,1.021278,-0.4058793,-0.06472764,-0.2488961,-0.06503457,-0.3454812,3
2014-02-24 18:48:47.899,5063,506.3,43.6384,3.946092,25.55033,3.40467,326.933,9,10,1393264118,-0.8909454,-0.1550293,-0.7798309,-0.8479748,-9.215879,-6.277885,258.2643,257.5533,26,0.7577394,-1.043332,0.1910805,2.612384,-0.8435645,-0.08405651,1.088865,-0.8252617,0.01040066,-0.2435045,-0.0967902,-0.3448518,3
2014-02-24 18:48:47.982,5064,506.4,43.6384,3.946092,25.55033,3.40467,326.933,9,10,1393264118,-0.8122864,-0.06335449,-0.6908417,-1.669754,-10.14009,-6.562489,258.507,257.796,26,0.05867476,-0.9556732,0.3453987,2.626737,-0.8607833,-0.07450386,0.7419047,-1.053176,0.1911236,-0.1933506,-0.2131679,-0.2642256,3
2014-02-24 18:48:48.181,5065,506.5,43.6384,3.946092,25.55033,3.40467,326.933,9,10,1393264118,-0.7543335,0.03421021,-0.6762848,-1.888893,-8.944048,-7.587044,263.7419,263.0309,26,-0.4711801,-0.3194171,0.3387916,2.635045,-0.8940203,-0.0839897,-0.4354115,-0.6684034,0.4001226,-0.07097635,-0.2066479,-0.1106355,3
2014-02-24 18:48:48.313,5066,506.6,43.6384,3.946092,25.55033,3.40467,326.933,9,10,1393264118,-0.7543335,0.03421021,-0.6762848,-1.614967,-9.107145,-7.302448,264.2569,263.5459,26,-0.287509,-0.1994569,0.2807302,2.630013,-0.9073802,-0.1035845,-0.3033434,-0.2093008,0.2807733,0.03782035,-0.05127529,-0.04235025,3
2014-02-24 18:48:48.550,5067,506.7,43.63846,3.946059,26.80568,3.203354,341.3231,9.026985,10,1393264119,-0.7686005,-0.00138855,-0.6781311,-1.834108,-7.693655,-7.757805,267.8113,267.1003,26,-0.1324899,-0.2197481,0.2871095,2.630156,-0.911306,-0.1102132,-0.1483242,-0.2295919,0.2871526,0.02199029,-0.06764704,-0.07232359,3
2014-02-24 18:48:48.638,5068,506.8,43.63846,3.946059,26.80568,3.203354,341.3231,9.026985,10,1393264119,-0.7844238,-0.05395508,-0.6857147,-1.724535,-7.476192,-7.302452,269.4804,268.7694,26,0.0251232,-0.2978844,0.2858669,2.632632,-0.9160444,-0.114834,0.009288927,-0.3077282,0.28591,0.01937438,-0.1159703,-0.07317932,3
2014-02-24 18:48:48.764,5069,506.9,43.63846,3.946059,26.80568,3.203354,341.3231,9.026985,10,1393264119,-0.7955475,-0.05560303,-0.6702271,-2.546312,-6.878174,-8.15625,270.4658,269.7548,26,0.08641345,-0.3198228,0.3183439,2.636876,-0.9216095,-0.1187348,0.07057925,-0.3296665,0.318387,0.006543349,-0.1724111,-0.0854322,3
2014-02-24 18:48:48.864,5070,507,43.63846,3.946059,26.80568,3.203354,341.3231,9.026985,10,1393264119,-0.7776642,-0.05969238,-0.6299896,-2.381962,-5.736506,-8.782372,273.5345,272.8235,26,0.1596749,-0.2586992,0.3794523,2.642506,-0.9265366,-0.1228849,0.1438407,-0.2685429,0.3794954,-0.002032164,-0.1781788,-0.07414937,3
2014-02-24 18:48:48.952,5071,507.1,43.63846,3.946059,26.80568,3.203354,341.3231,9.026985,10,1393264119,-0.7399902,-0.03665161,-0.6375427,-3.696804,-4.540471,-7.188606,281.1412,280.4302,26,0.2191486,-0.1012094,0.457085,2.65006,-0.9288837,-0.1271959,0.2033145,-0.1110531,0.4571281,0.005052899,-0.1934121,-0.05472901,3
2014-02-24 18:48:49.083,5072,507.2,43.63846,3.946059,26.80568,3.203354,341.3231,9.026985,10,1393264119,-0.7045593,-0.007415771,-0.6246643,-4.573366,-3.996816,-6.505562,282.5132,281.8022,26,0.2317539,0.07074314,0.545857,2.658998,-0.9276598,-0.1323951,0.2159198,0.06089948,0.5459,0.03131377,-0.1771137,-0.03937485,3
2014-02-24 18:48:49.167,5073,507.3,43.63846,3.946059,26.80568,3.203354,341.3231,9.026985,10,1393264119,-0.7045593,-0.007415771,-0.6246643,-3.970728,-3.398797,-7.700886,283.2122,282.5012,26,0.1952132,0.2388485,0.6259829,2.669129,-0.9240879,-0.1385689,0.2374505,0.1431821,0.609825,0.07821777,-0.1613955,-0.03662061,3
2014-02-24 18:48:49.292,5074,507.4,43.63846,3.946059,26.80568,3.203354,341.3231,9.026985,10,1393264119,-0.6572418,0.03137207,-0.6273193,-3.587236,-2.909511,-7.871647,283.4522,282.7412,26,0.1421044,0.3303297,0.6363109,2.679119,-0.9190199,-0.145561,0.1793793,0.2290049,0.626026,0.08204071,-0.1524632,-0.02447966,3
2014-02-24 18:48:49.512,5075,507.5,43.63849,3.946053,27.47626,4.336611,358.0788,9,5,1393264120,-0.6448059,0.09614563,-0.6013336,-2.82024,-2.474594,-8.782372,284.8993,284.1883,26,0.1208268,0.4821357,0.5055833,2.68922,-0.9084434,-0.1494164,0.1262715,0.3204912,0.6363503,0.1225197,-0.117489,-0.01919735,3
2014-02-24 18:48:49.698,5076,507.6,43.63849,3.946053,27.47626,4.336611,358.0788,9,5,1393264120,-0.6452942,0.1307831,-0.6415863,-3.368095,-1.713477,-6.391727,287.1168,286.4058,26,0.2567173,0.6615204,0.4124624,2.704764,-0.8883374,-0.1612909,0.1756535,0.5685535,0.4267635,0.1289433,-0.05075976,0.01044132,3
2014-02-24 18:48:49.838,5077,507.7,43.63849,3.946053,27.47626,4.336611,358.0788,9,5,1393264120,-0.6687317,0.1540833,-0.6634827,-3.970728,-0.2456198,-5.65176,288.1991,287.4881,26,0.2962005,0.7477555,0.3861919,2.712975,-0.8754191,-0.1645592,0.2408845,0.651682,0.4125017,0.117318,-0.04014497,-0.00750637,3
2014-02-24 18:48:49.945,5078,507.8,43.63849,3.946053,27.47626,4.336611,358.0788,9,5,1393264120,-0.6665955,0.1578064,-0.6946869,-2.71067,1.548433,-5.822517,289.3697,288.6587,26,0.304317,0.8365287,0.2821699,2.721759,-0.8607894,-0.1670602,0.2803679,0.7379171,0.3862312,0.08633093,-0.02822265,-0.005887105,3
2014-02-24 18:48:50.060,5079,507.9,43.63849,3.946053,27.47626,4.336611,358.0788,9,5,1393264120,-0.6565247,0.1604462,-0.7111664,-0.7931919,3.23376,-6.334805,290.5383,289.8273,26,0.2435969,0.882815,0.1755551,2.729915,-0.8446422,-0.1681747,0.2884786,0.8266897,0.2822086,0.06845279,-0.01329987,-0.00885152,3
2014-02-24 18:48:50.160,5080,508,43.63849,3.946053,27.47626,4.336611,358.0788,9,5,1393264120,-0.6694489,0.1576691,-0.7200775,0.3572998,6.115111,-7.188606,294.5257,293.8147,26,0.1914997,0.8216129,0.0841495,2.736201,-0.8274482,-0.1681316,0.2277585,0.8729761,0.1755937,0.05923019,-0.009534213,-0.0274731,3
2014-02-24 18:48:50.252,5081,508.1,43.63849,3.946053,27.47626,4.336611,358.0788,9,5,1393264120,-0.6426239,0.1495819,-0.65242,-1.998465,8.126627,-7.131683,296.8969,296.1859,26,0.1167255,0.7415111,0.06075097,2.74033,-0.8109845,-0.1671356,0.1756613,0.811774,0.08418816,0.05833882,-0.005912368,-0.03197934,3
2014-02-24 18:48:50.462,5082,508.2,43.63853,3.946069,24.69756,5.412358,15.70463,9,5,1393264121,-0.6426239,0.1495819,-0.65242,-2.601105,8.398453,-7.302448,297.3761,296.6651,26,0.2356064,0.6262168,-0.01440664,2.745601,-0.7843384,-0.1640723,0.2197682,0.6163779,-0.01436797,0.004884751,0.03820095,-0.09641979,3
2014-02-24 18:48:50.570,5083,508.3,43.63853,3.946069,24.69756,5.412358,15.70463,9,5,1393264121,-0.6417542,0.1643372,-0.6798248,-7.531765,12.74766,-13.33599,302.5247,301.8137,26,0.2501156,0.6752594,0.009889117,2.745601,-0.7843384,-0.1640723,0.2197682,0.6163779,-0.01436797,0.004884751,0.03820095,-0.09641979,3
2014-02-24 18:48:50.676,5084,508.4,43.63853,3.946069,24.69756,5.412358,15.70463,9,5,1393264121,-0.6417542,0.1643372,-0.6798248,-8.791824,12.80202,-14.87283,303.684,302.973,26,0.1342324,0.6213728,0.04449503,2.751369,-0.7593043,-0.1590052,0.1183943,0.611534,0.0445337,0.04498246,0.01172318,0.02175324,3
2014-02-24 18:48:50.784,5085,508.5,43.63853,3.946069,24.69756,5.412358,15.70463,9,5,1393264121,-0.6448059,0.1858826,-0.7453613,-9.832743,12.09527,-14.58824,310.6586,309.9476,26,0.1608565,0.6039048,0.1024036,2.754265,-0.7477501,-0.1584366,0.1450185,0.594066,0.1024423,0.02971988,0.006562621,0.04421234,3
2014-02-24 18:48:50.867,5086,508.6,43.63853,3.946069,24.69756,5.412358,15.70463,9,5,1393264121,-0.6448059,0.1858826,-0.7453613,-10.81887,11.76909,-14.70207,310.8041,310.0931,26,0.1371437,0.4725734,-0.1405483,2.757733,-0.7359698,-0.1606361,0.1737001,0.5848567,0.05706033,0.02875256,0.01708629,0.03913304,3
2014-02-24 18:48:50.978,5087,508.7,43.63853,3.946069,24.69756,5.412358,15.70463,9,5,1393264121,-0.6915436,0.08886719,-0.7841949,-12.24329,11.55163,-14.81591,310.9206,310.2096,26,0.0799164,0.3617268,-0.1986718,2.758837,-0.726415,-0.1578394,0.1213065,0.4627343,-0.1405057,0.01113151,0.02869776,-0.007093736,3
2014-02-24 18:48:51.093,5088,508.8,43.63853,3.946069,24.69756,5.412358,15.70463,9,5,1393264121,-0.719101,-0.005752563,-0.8501434,-12.1885,12.04091,-16.23892,311.0425,310.3315,26,-0.1966081,0.2517968,-0.07238632,2.757198,-0.7194096,-0.1542116,0.06407917,0.3518877,-0.1986292,-0.0140859,0.002770945,-0.006014294,3
2014-02-24 18:48:51.192,5089,508.9,43.63853,3.946069,24.69756,5.412358,15.70463,9,5,1393264121,-0.7669373,-0.02949524,-0.9685364,-14.21555,11.87782,-15.95432,312.3502,311.6392,26,-1.16053,-0.1502859,0.04076181,2.754197,-0.715552,-0.1348446,-0.2124489,0.2419599,-0.07236535,-0.06735891,-0.09010956,-0.06750399,3
2014-02-24 18:48:51.290,5090,509,43.63853,3.946069,24.69756,5.412358,15.70463,9,5,1393264121,-0.8713989,-0.1383209,-0.7563171,-13.83206,12.14964,-16.69428,313.077,312.366,26,-1.741656,-0.3516539,-0.3452879,2.745325,-0.7154462,-0.1450156,-1.176371,-0.1601227,0.04078278,-0.1493928,-0.07436317,-0.1954438,3
2014-02-24 18:48:51.513,5091,509.1,43.63859,3.9461,24.68829,6.756512,18.75998,9,5,1393264122,-0.8917389,-0.07228088,-0.9296722,-14.7634,10.02941,-18.23113,314.1638,313.4528,26,-2.413986,0.03079679,-0.3460938,2.722118,-0.7251403,-0.165943,-1.757496,-0.3614907,-0.3452669,-0.08053535,-0.2403625,-0.1048616,3
2014-02-24 18:48:51.635,5092,509.2,43.63859,3.9461,24.68829,6.756512,18.75998,9,5,1393264122,-0.8080139,0.1626892,-0.7314606,-16.02346,10.08377,-17.37733,314.2977,313.5867,26,-3.527366,0.2222134,-0.709416,2.690514,-0.7323905,-0.1907049,-2.429827,0.02096003,-0.3460728,-0.2148719,-0.327872,-0.02621944,3
2014-02-24 18:48:51.721,5093,509.3,43.63859,3.9461,24.68829,6.756512,18.75998,9,5,1393264122,-0.8346558,0.3971405,-0.5394135,-16.84524,10.3556,-17.8896,307.7137,307.0027,25,-3.608221,0.3151196,-0.9199128,2.642385,-0.7393578,-0.2273974,-3.543206,0.2123766,-0.7093951,-0.2352718,-0.2977236,-0.2097927,3
2014-02-24 18:48:51.851,5094,509.4,43.63859,3.9461,24.68829,6.756512,18.75998,9,5,1393264122,-0.8182373,0.4823303,-0.5749817,-17.11917,10.73615,-18.74341,307.8142,307.1032,25,-2.672622,0.7827424,-0.8885078,2.581996,-0.7505855,-0.2665477,-3.624062,0.3052827,-0.9198921,-0.1500334,-0.1007134,-0.02599568,3
2014-02-24 18:48:51.952,5095,509.5,43.63859,3.9461,24.68829,6.756512,18.75998,9,5,1393264122,-0.8182373,0.4823303,-0.5749817,-16.6261,10.79051,-19.14185,306.8855,306.1745,25,-1.706951,1.131279,-0.7535912,2.488945,-0.7474772,-0.3153365,-1.722791,1.121442,-0.7535706,-0.182067,0.1578506,0.1778648,3
2014-02-24 18:48:52.059,5096,509.6,43.63859,3.9461,24.68829,6.756512,18.75998,9,5,1393264122,-0.8879242,0.4002686,-0.6873169,-16.02346,10.62742,-18.62956,307.3108,306.5998,25,-1.034021,1.280388,-0.7556214,2.461122,-0.734073,-0.3234529,-1.049861,1.270551,-0.7556007,-0.2054613,0.1233198,0.16025,3
2014-02-24 18:48:52.159,5097,509.7,43.63859,3.9461,24.68829,6.756512,18.75998,9,5,1393264122,-0.8751984,0.3231659,-0.8231506,-14.65384,10.02941,-18.00344,309.1463,308.4353,25,-0.9499559,1.130009,-0.9328313,2.435953,-0.7185308,-0.3259586,-0.9657963,1.120172,-0.9328106,-0.264307,0.08005147,0.02581886,3
2014-02-24 18:48:52.269,5098,509.8,43.63859,3.9461,24.68829,6.756512,18.75998,9,5,1393264122,-0.9329376,0.2888489,-0.782608,-15.74954,10.46433,-17.3204,309.2085,308.4975,25,-1.264564,1.1001,-0.8264625,2.407201,-0.7073377,-0.3313903,-1.280404,1.090263,-0.8264418,-0.2607416,-0.002192078,-0.1044121,3
2014-02-24 18:48:52.464,5099,509.9,43.63859,3.9461,24.68829,6.756512,18.75998,9,5,1393264122,-0.7572174,0.3376465,-0.799469,-15.63997,11.11671,-17.09272,312.9741,312.2631,25,-1.590571,0.804469,-0.4876807,2.379785,-0.6989757,-0.3449654,-1.606411,0.7946323,-0.4876601,-0.3274102,-0.04931525,-0.06220426,3
2014-02-24 18:48:52.571,5100,510,43.63865,3.946136,26.01163,7.482838,20.92831,9,5,1393264123,-0.5691223,0.4034424,-0.7782745,-14.92776,10.73615,-17.94652,311.1079,310.3969,25,-1.704892,0.4142054,-0.1389036,2.353669,-0.697876,-0.3659501,-1.720732,0.4043687,-0.1388829,-0.2902015,-0.021655,-0.008479612,3
2014-02-24 18:48:52.695,5101,510.1,43.63865,3.946136,26.01163,7.482838,20.92831,9,5,1393264123,-0.5691223,0.4034424,-0.7782745,-15.09212,9.703223,-17.66193,311.3763,310.6653,25,-1.272889,-0.4429228,-0.01963602,2.333953,-0.6996071,-0.38716,-1.377472,0.1456366,0.05932872,-0.1722818,0.0553012,-0.06841923,3
2014-02-24 18:48:52.794,5102,510.2,43.63865,3.946136,26.01163,7.482838,20.92831,9,5,1393264123,-0.4116364,0.3415527,-0.70578,-14.81819,10.84488,-18.85725,311.1879,310.4769,25,-1.272889,-0.4429228,-0.01963602,2.317351,-0.7108844,-0.4059733,-1.288729,-0.4527594,-0.01961536,0.106624,-0.05848741,-0.004629772,3
2014-02-24 18:48:52.895,5103,510.3,43.63865,3.946136,26.01163,7.482838,20.92831,9,5,1393264123,-0.4116364,0.3415527,-0.70578,-14.32512,10.89925,-18.57265,311.1839,310.4729,25,-1.114474,-0.8015393,-0.2292928,2.301096,-0.7338211,-0.4243093,-1.276301,-0.9723981,0.04423073,0.125995,-0.1413362,-0.02933282,3
2014-02-24 18:48:52.993,5104,510.4,43.63865,3.946136,26.01163,7.482838,20.92831,9,5,1393264123,-0.3938293,0.3873138,-0.6688385,-14.0512,10.08377,-17.37732,311.7562,311.0452,25,-0.8441371,-0.0136005,-0.6062609,2.282484,-0.7575971,-0.4397238,-1.130313,-0.8113759,-0.2292722,0.2101697,-0.08413679,-0.04840215,3
2014-02-24 18:48:53.089,5105,510.5,43.63865,3.946136,26.01163,7.482838,20.92831,9,5,1393264123,-0.3153839,0.5650482,-0.6819153,-14.27034,10.62742,-17.94653,312.3292,311.6182,25,-0.4557002,0.9949738,-0.8610719,2.262048,-0.77368,-0.4458988,-0.859977,-0.02343699,-0.6062402,0.2366195,-0.04395512,-0.0234384,3
2014-02-24 18:48:53.329,5106,510.6,43.63865,3.946136,26.01163,7.482838,20.92831,9,5,1393264123,-0.2277679,0.524704,-1.020996,-14.0512,10.08377,-17.49117,312.2659,311.5549,25,0.02657036,0.7926611,-0.9706021,2.225064,-0.7570989,-0.4350443,-0.06237558,1.045397,-0.9480383,0.3227299,0.04444605,-0.1662502,3
2014-02-24 18:48:53.526,5107,510.7,43.63872,3.946176,27.74866,7.658872,21.76156,9,5,1393264124,-0.2937622,0.4712219,-1.032104,-12.07893,9.105205,-18.17421,311.0614,310.3504,25,-0.0910913,0.07575788,-1.071488,2.210565,-0.7458451,-0.424804,0.01073065,0.7828248,-0.9705814,0.3998191,0.05645524,-0.3571212,3
2014-02-24 18:48:53.633,5108,510.8,43.63872,3.946176,27.74866,7.658872,21.76156,9,5,1393264124,-0.4175262,0.3444366,-0.8775177,-13.72248,6.49567,-17.49116,310.5763,309.8653,25,8.122641e-05,-0.3425134,-1.021952,2.193797,-0.7465234,-0.4117792,-0.1069309,0.06592153,-1.071468,0.3754081,0.07519295,-0.324757,3
2014-02-24 18:48:53.734,5109,510.9,43.63872,3.946176,27.74866,7.658872,21.76156,9,5,1393264124,-0.5136566,0.4117432,-0.8362122,-14.16077,5.843285,-18.1742,310.3011,309.5901,25,0.2555988,-0.3762714,-0.8115283,2.177545,-0.75717,-0.399092,-0.01575838,-0.3523497,-1.021932,0.3391272,0.0826401,-0.3624365,3
2014-02-24 18:48:53.844,5110,511,43.63872,3.946176,27.74866,7.658872,21.76156,9,5,1393264124,-0.5527039,0.3188171,-0.7013855,-14.27034,4.75598,-17.605,309.9376,309.2266,25,0.4379576,-0.2969166,-0.7014524,2.166393,-0.7684511,-0.3859479,0.2397592,-0.3861077,-0.8115076,0.2263717,-0.03200088,-0.211417,3
2014-02-24 18:48:53.947,5111,511.1,43.63872,3.946176,27.74866,7.658872,21.76156,9,5,1393264124,-0.668045,0.3163757,-0.7075806,-13.72248,4.212331,-17.71885,303.4534,302.7424,25,0.5558859,-0.04215198,-0.5632061,2.160595,-0.7762564,-0.3716441,0.4221182,-0.3067529,-0.7014317,0.1391268,0.04859538,-0.1713832,3
2014-02-24 18:48:54.055,5112,511.2,43.63872,3.946176,27.74866,7.658872,21.76156,9,5,1393264124,-0.668045,0.3163757,-0.7075806,-13.28421,3.559949,-17.71884,299.0343,298.3233,25,0.6998212,0.239819,-0.4496111,2.16079,-0.7765985,-0.3415646,0.6839819,0.2299828,-0.4495904,-0.006469739,0.00950541,-0.009346828,3
2014-02-24 18:48:54.129,5113,511.3,43.63872,3.946176,27.74866,7.658872,21.76156,9,5,1393264124,-0.6526794,0.2493744,-0.6805725,-12.51721,2.037723,-17.94653,293.6747,292.9637,25,0.490791,-0.002992861,-0.2803217,2.16079,-0.7765985,-0.3415646,0.6839819,0.2299828,-0.4495904,-0.006469739,0.00950541,-0.009346828,3
2014-02-24 18:48:54.221,5114,511.4,43.63872,3.946176,27.74866,7.658872,21.76156,9,5,1393264124,-0.6526794,0.2493744,-0.6805725,-11.80501,0.2436695,-16.63736,289.8089,289.0979,25,0.001279116,-0.03068281,-0.1533653,2.163305,-0.7755212,-0.325241,-0.01456011,-0.0405189,-0.1533447,-0.09038362,0.03135398,0.06045583,3
2014-02-24 18:48:54.352,5115,511.5,43.63872,3.946176,27.74866,7.658872,21.76156,9,5,1393264124,-0.6671906,0.3125763,-0.6763306,-11.96936,0.5154991,-16.23892,289.7463,289.0353,25,0.1093675,0.01457122,0.0161582,2.163773,-0.7756326,-0.3242311,0.09352832,0.004735157,0.01617886,0.01100686,-0.0692057,-0.003795428,3
2014-02-24 18:48:54.532,5116,511.6,43.63879,3.946217,27.45404,7.593316,22.59527,9,5,1393264125,-0.7094116,0.2667084,-0.8052368,-10.16145,-2.365859,-14.47439,277.6172,276.9062,25,0.07537438,-0.2554941,0.1522015,2.165808,-0.7776928,-0.324505,0.05953526,-0.2653301,0.1522222,-0.002172625,-0.006263393,-0.0009844251,3
2014-02-24 18:48:54.634,5117,511.7,43.63879,3.946217,27.45404,7.593316,22.59527,9,5,1393264125,-0.7185822,0.3803711,-0.4316406,-10.43538,-1.224191,-14.30363,281.8664,281.1554,25,0.3475409,-0.9146606,0.3771009,2.172737,-0.7861645,-0.3262925,0.3317019,-0.9244965,0.3771216,-0.0391007,-0.05382501,-0.1359524,3
2014-02-24 18:48:54.851,5118,511.8,43.63879,3.946217,27.45404,7.593316,22.59527,9,5,1393264125,-0.7080231,0.2224426,-0.5766449,-9.777956,-2.094036,-14.64515,279.7518,279.0408,25,0.8261474,-0.4466936,0.4662876,2.201892,-0.795196,-0.3197053,0.8103085,-0.4565295,0.4663082,-0.0370532,-0.02844391,0.003595362,3
2014-02-24 18:48:54.936,5119,511.9,43.63879,3.946217,27.45404,7.593316,22.59527,9,5,1393264125,-0.7080231,0.2224426,-0.5766449,-6.271704,-4.594833,-13.39291,267.3177,266.6067,25,0.8957827,0.0943289,0.4464257,2.222333,-0.7967958,-0.3150722,0.9396544,-0.2857865,0.5749833,0.04785269,-0.09752858,0.1698417,3
2014-02-24 18:48:55.064,5120,512,43.63879,3.946217,27.45404,7.593316,22.59527,9,5,1393264125,-0.7079163,0.2457275,-0.6675262,-4.463797,-4.86666,-11.05918,261.4854,260.7744,25,0.8957827,0.0943289,0.4464257,2.241057,-0.7912332,-0.3104036,0.8799438,0.08449304,0.4464463,-0.03079132,-0.08300032,0.09272926,3
2014-02-24 18:48:55.160,5121,512.1,43.63879,3.946217,27.45404,7.593316,22.59527,9,5,1393264125,-0.7079163,0.2457275,-0.6675262,-4.409012,-5.790867,-10.5469,260.7476,260.0366,25,0.7072805,0.2707617,0.2962548,2.256538,-0.7835943,-0.3036271,0.7461132,0.2189401,0.2373815,-0.0625855,-0.06131244,0.04914756,3
2014-02-24 18:48:55.257,5122,512.2,43.63879,3.946217,27.45404,7.593316,22.59527,9,5,1393264125,-0.7192841,0.3604736,-0.6987457,-4.025515,-7.149998,-10.03462,259.4143,258.7033,25,0.8843037,-0.1817408,0.2343313,2.269586,-0.7742149,-0.2981668,0.6914418,0.260926,0.2962755,-0.03961039,-0.04804084,0.01589705,3
2014-02-24 18:48:55.449,5123,512.3,43.63885,3.946235,26.38313,7.76496,4.760417,9,5,1393264126,-0.6494293,0.2793121,-0.6690521,-1.834108,-7.693655,-11.05918,256.5463,255.8353,25,0.612306,-0.22235,0.094861,2.284456,-0.7700726,-0.2907836,0.868465,-0.1915765,0.2343519,-0.05426083,0.02689562,-0.01656069,3
2014-02-24 18:48:55.537,5124,512.4,43.63885,3.946235,26.38313,7.76496,4.760417,9,5,1393264126,-0.7503204,0.3454742,-0.6629028,-2.491529,-8.998415,-10.48998,254.2654,253.5544,25,0.5317278,-0.5881173,0.07184862,2.29673,-0.7708595,-0.2822343,0.5964674,-0.2321857,0.09488166,0.01057037,0.02365231,0.114225,3
2014-02-24 18:48:55.663,5125,512.5,43.63885,3.946235,26.38313,7.76496,4.760417,9,5,1393264126,-0.7427216,0.2969208,-0.7307129,-2.82024,-9.107149,-10.03461,253.0807,252.3697,25,0.398896,-0.8167455,0.09861206,2.304845,-0.776893,-0.2771293,0.5158893,-0.597953,0.07186928,-0.02314615,0.06322689,-0.0426592,3
2014-02-24 18:48:55.761,5126,512.6,43.63885,3.946235,26.38313,7.76496,4.760417,9,5,1393264126,-0.809845,0.325592,-0.7014771,-2.82024,-9.868259,-10.03461,251.6985,250.9875,25,0.205183,-1.535524,0.1201901,2.311842,-0.788724,-0.2721804,0.3830575,-0.826581,0.09863272,-0.06037593,0.06129172,-0.01706989,3
2014-02-24 18:48:55.877,5127,512.7,43.63885,3.946235,26.38313,7.76496,4.760417,9,5,1393264126,-0.8233795,0.3790741,-0.6581573,-3.148952,-9.868259,-10.2623,250.6707,249.9597,25,0.2359984,-1.60779,0.1247108,2.317432,-0.8095571,-0.269807,0.1893446,-1.545359,0.1202107,-0.04493179,0.03037537,-0.06584975,3
2014-02-24 18:48:55.980,5128,512.8,43.63885,3.946235,26.38313,7.76496,4.760417,9,5,1393264126,-0.8318634,0.3865204,-0.6212311,-3.258524,-10.62938,-9.465416,248.547,247.836,25,0.4894829,-1.357918,0.08716739,2.321788,-0.8393926,-0.2693864,0.2201545,-1.617626,0.1247316,-0.09244876,0.05945208,-0.05765083,3
2014-02-24 18:48:56.071,5129,512.9,43.63885,3.946235,26.38313,7.76496,4.760417,9,5,1393264126,-0.8611603,0.3912659,-0.6069794,-3.53245,-11.00993,-9.636173,247.2279,246.5169,25,0.5148716,-1.483015,0.01003426,2.32862,-0.8642166,-0.2665323,0.473639,-1.367754,0.08718821,-0.08964895,0.1156863,-0.03184567,3
2014-02-24 18:48:56.193,5130,513,43.63885,3.946235,26.38313,7.76496,4.760417,9,5,1393264126,-0.8611603,0.3912659,-0.6069794,-3.477659,-12.58652,-9.806938,242.8405,242.1295,25,0.5973668,-1.452917,0.1513056,2.345885,-0.9143064,-0.256111,0.581523,-1.462754,0.1513264,-0.08265144,0.1287292,-0.01146585,3
2014-02-24 18:48:56.293,5131,513.1,43.63885,3.946235,26.38313,7.76496,4.760417,9,5,1393264126,-0.9297638,0.4818878,-0.7030487,-4.463797,-13.5651,-9.92078,240.6678,239.9568,25,0.7728707,-1.522513,0.06686079,2.357965,-0.9392908,-0.2501106,0.757027,-1.532349,0.0668816,-0.1132381,0.1981371,-0.0689539,3
2014-02-24 18:48:56.470,5132,513.2,43.63885,3.946235,26.38313,7.76496,4.760417,9,5,1393264126,-1.141998,0.321991,-0.709198,-4.792507,-15.08732,-9.693096,238.255,237.544,25,1.182601,-1.81835,-0.1879188,2.372456,-0.9671717,-0.2380846,1.166757,-1.828186,-0.187898,-0.1297038,0.2460462,-0.1514304,3
2014-02-24 18:48:56.572,5133,513.3,43.63885,3.946235,26.38313,7.76496,4.760417,9,5,1393264126,-1.222794,0.05780029,-0.6584473,-5.176006,-15.46788,-9.636181,237.129,236.418,25,1.522236,-2.069408,-0.3030363,2.392124,-1.000855,-0.2192188,1.506392,-2.079245,-0.3030155,-0.3202149,0.1045238,-0.1825292,3
2014-02-24 18:48:56.696,5134,513.4,43.63892,3.946224,24.99035,7.695963,344.5222,9,5,1393264127,-1.151459,0.06987,-0.5640869,-9.668383,-15.79407,-11.1161,234.8447,234.1337,25,1.400487,-2.015919,-0.01614302,2.413823,-1.035049,-0.2023763,1.384643,-2.025755,-0.0161222,-0.3804551,-0.1431974,-0.1583814,3
2014-02-24 18:48:56.781,5135,513.5,43.63892,3.946224,24.99035,7.695963,344.5222,9,5,1393264127,-1.036179,0.1485291,-0.50383,-11.64065,-15.9028,-14.64515,235.5946,234.8836,25,1.145806,-1.721079,0.3902929,2.436973,-1.064164,-0.195255,1.129963,-1.730915,0.3903137,-0.3678934,-0.1684887,-0.1012861,3
2014-02-24 18:48:56.886,5136,513.6,43.63892,3.946224,24.99035,7.695963,344.5222,9,5,1393264127,-0.93013,0.175827,-0.5369415,-13.33899,-14.6524,-14.13287,236.7428,236.0318,25,1.120149,-1.349985,0.6151809,2.459994,-1.086941,-0.1945049,1.104306,-1.359821,0.6152017,-0.2284231,-0.08979572,-0.1140872,3
2014-02-24 18:48:57.111,5137,513.7,43.63892,3.946224,24.99035,7.695963,344.5222,9,5,1393264127,-0.7550201,-0.0216217,-0.4017944,-15.36604,-13.07581,-16.4666,240.6326,239.9216,25,-0.02066986,-0.5218869,0.8084729,2.514824,-1.13189,-0.1996321,0.3883279,-0.6861976,0.6416354,0.04738012,-0.1912439,-0.004022498,3
2014-02-24 18:48:57.295,5138,513.8,43.63892,3.946224,24.99035,7.695963,344.5222,9,5,1393264127,-0.773941,0.1074524,-0.4019775,-17.28352,-12.36906,-17.3204,247.3718,246.6608,25,0.08723716,-0.6136711,0.5652258,2.527229,-1.150073,-0.2258988,-0.08671809,-0.5357472,0.7787232,0.1310423,-0.1181932,-0.04763445,3
2014-02-24 18:48:57.486,5139,513.9,43.63892,3.946224,24.99035,7.695963,344.5222,9,5,1393264127,-0.8468781,0.126297,-0.3688507,-17.11917,-9.8139,-16.92196,250.0334,249.3224,25,0.4157469,-0.7006966,0.2794735,2.532232,-1.160047,-0.236948,0.07139409,-0.6235069,0.5652466,0.1313935,-0.1208454,-0.04591184,3
2014-02-24 18:48:57.590,5140,514,43.63897,3.946177,25.52585,7.851656,321.6656,9,5,1393264128,-0.8623962,0.09585571,-0.3502502,-16.84524,-9.215879,-16.86504,251.6778,250.9668,25,0.8082987,-0.70804,-0.02521135,2.539524,-1.170735,-0.241627,0.3999039,-0.7105323,0.2794943,0.09684119,-0.1162663,-0.01446293,3
2014-02-24 18:48:57.672,5141,514.1,43.63897,3.946177,25.52585,7.851656,321.6656,9,5,1393264128,-0.881134,0.08033752,-0.3493805,-16.68089,-10.14009,-16.92196,248.9925,248.2815,25,0.8329814,-0.6412876,-0.3482299,2.552222,-1.181231,-0.2383987,0.7924558,-0.7178757,-0.02519053,0.03381365,-0.09759708,-0.01666667,3
2014-02-24 18:48:57.794,5142,514.2,43.63897,3.946177,25.52585,7.851656,321.6656,9,5,1393264128,-0.886322,-0.1028748,-0.3159027,-16.24261,-8.944052,-16.58044,250.3986,249.6876,25,0.692575,-0.6548529,-0.6345117,2.564969,-1.190598,-0.2288913,0.8171385,-0.6511232,-0.3482091,0.04197599,-0.1310422,0.011175,3
2014-02-24 18:48:57.895,5143,514.3,43.63897,3.946177,25.52585,7.851656,321.6656,9,5,1393264128,-0.8664093,-0.1460571,-0.2958527,-15.36604,-8.400398,-16.69428,251.392,250.681,25,0.7367955,-0.3543623,-0.5185356,2.574096,-1.202824,-0.2142466,0.6767322,-0.6646885,-0.6344909,0.03059189,-0.1322737,0.00211956,3
2014-02-24 18:48:57.995,5144,514.4,43.63897,3.946177,25.52585,7.851656,321.6656,9,5,1393264128,-0.8551636,-0.02648926,-0.4194946,-14.27034,-8.400398,-16.4666,250.486,249.775,25,0.8364864,0.05295137,-0.2787198,2.582213,-1.210286,-0.1996325,0.7209527,-0.3641979,-0.5185148,0.03081109,-0.3011838,0.02984338,3
2014-02-24 18:48:58.082,5145,514.5,43.63897,3.946177,25.52585,7.851656,321.6656,9,5,1393264128,-0.8551636,-0.02648926,-0.4194946,-13.83206,-8.182938,-14.87283,247.3979,246.6869,25,0.8277371,0.2795866,0.007568438,2.607893,-1.203464,-0.180741,0.8118944,0.2697511,0.00758925,0.06244962,-0.294581,-0.003153189,3
2014-02-24 18:48:58.186,5146,514.6,43.63897,3.946177,25.52585,7.851656,321.6656,9,5,1393264128,-0.8622284,0.05271912,-0.3801727,-10.92845,-6.171429,-12.99446,246.2701,245.5591,25,0.6119718,0.1753282,0.07572645,2.607893,-1.203464,-0.180741,0.8118944,0.2697511,0.00758925,0.06244962,-0.294581,-0.003153189,3
2014-02-24 18:48:58.229,5147,514.7,43.63897,3.946177,25.52585,7.851656,321.6656,9,5,1393264128,-0.8622284,0.05271912,-0.3801727,-7.696117,-5.899601,-13.16523,243.4386,242.7276,25,0.5437568,0.2579711,0.1294006,2.630418,-1.191905,-0.1753786,0.5279143,0.2481356,0.1294214,0.06861695,-0.1639982,-0.01935828,3
2014-02-24 18:48:58.412,5148,514.8,43.63903,3.946116,26.09353,7.959329,320.507,9,5,1393264129,-0.8416748,0.09960938,-0.455368,-8.627464,-6.388887,-11.9699,237.9575,237.2465,25,0.471155,0.1894906,0.1399294,2.640032,-1.185657,-0.1743241,0.4553126,0.1796552,0.1399502,0.05047203,-0.1207234,-0.01017864,3
2014-02-24 18:48:58.522,5149,514.9,43.63903,3.946116,26.09353,7.959329,320.507,9,5,1393264129,-0.8571777,0.09457397,-0.3735962,-7.860477,-6.171429,-12.99447,241.0951,240.3841,25,0.4165799,-0.05510666,0.07844474,2.647695,-1.184035,-0.1731579,0.4007375,-0.06494203,0.07846555,0.07061107,-0.07268447,-0.08381815,3
2014-02-24 18:48:58.647,5150,515,43.63903,3.946116,26.09353,7.959329,320.507,9,5,1393264129,-0.8956451,0.1142578,-0.3917389,-7.696121,-5.682142,-12.70987,241.9922,241.2812,25,0.5052552,-0.08733091,0.07374533,2.65636,-1.184149,-0.171046,0.4894128,-0.09716623,0.07376613,0.05548522,-0.07563917,-0.002013337,3
2014-02-24 18:48:58.747,5151,515.1,43.63903,3.946116,26.09353,7.959329,320.507,9,5,1393264129,-0.945343,0.1255951,-0.3553314,-7.970047,-5.410315,-13.22215,243.2542,242.5432,25,0.5164237,-0.1609202,0.07339779,2.665591,-1.184865,-0.1688863,0.5005814,-0.1707555,0.07341859,0.03889294,-0.02227158,-0.006023924,3
2014-02-24 18:48:58.848,5152,515.2,43.63903,3.946116,26.09353,7.959329,320.507,9,5,1393264129,-0.9065247,0.1134186,-0.2670135,-7.257839,-5.029759,-13.39291,244.312,243.601,25,0.3857123,-0.3462583,-0.01637791,2.67384,-1.188536,-0.1658276,0.36987,-0.3560936,-0.0163571,0.01514801,-0.04847623,0.01121192,3
2014-02-24 18:48:58.944,5153,515.3,43.63903,3.946116,26.09353,7.959329,320.507,9,5,1393264129,-0.9065247,0.1134186,-0.2670135,-7.038698,-5.355947,-13.27907,245.2383,244.5273,25,0.2416275,0.09990742,-0.07021397,2.676658,-1.192953,-0.1639112,0.1593113,-0.09720208,-0.03850288,0.01855168,-0.05194167,0.09608884,3
2014-02-24 18:48:59.053,5154,515.4,43.63903,3.946116,26.09353,7.959329,320.507,9,5,1393264129,-0.8311768,0.130127,-0.6164246,-8.353542,-4.921023,-12.93755,242.1358,241.4248,25,0.2416275,0.09990742,-0.07021397,2.680783,-1.191817,-0.1615511,0.2257854,0.09007222,-0.07019316,0.01042109,-0.04743077,0.09814118,3
2014-02-24 18:48:59.158,5155,515.5,43.63903,3.946116,26.09353,7.959329,320.507,9,5,1393264129,-0.8311768,0.130127,-0.6164246,-8.408327,-3.888086,-12.76678,245.8826,245.1716,25,0.6909081,0.4755122,-0.4484777,2.679255,-1.180265,-0.1582544,-0.1139356,0.9512352,-0.3411176,-0.1575882,0.06054495,0.2866745,3
2014-02-24 18:48:59.234,5156,515.6,43.63903,3.946116,26.09353,7.959329,320.507,9,5,1393264129,-0.8875427,0.2906647,-0.3929443,-7.860474,-4.105549,-13.79135,244.614,243.903,25,0.8745723,-0.413182,-0.352403,2.68149,-1.164484,-0.1482498,0.6750661,0.4656771,-0.4484569,0.07733191,-0.01758043,-0.2255352,3
2014-02-24 18:48:59.402,5157,515.7,43.63903,3.946116,26.09353,7.959329,320.507,9,5,1393264129,-0.9402008,0.07463074,-0.3539276,-7.696117,-2.528958,-13.73442,251.5219,250.8109,25,0.6813352,-0.7531862,-0.4471357,2.693583,-1.165081,-0.1359144,0.8587303,-0.4230171,-0.3523822,0.02280408,0.1551684,-0.001907959,3
2014-02-24 18:48:59.574,5158,515.8,43.63908,3.94605,26.53268,8.025591,321.6502,9,5,1393264130,-0.9402008,0.07463074,-0.3539276,-6.983913,-3.561893,-13.67751,247.9175,247.2065,25,0.5159209,-0.8682012,-0.2129807,2.710753,-1.191762,-0.1131777,0.500079,-0.8780361,-0.2129599,0.04807887,0.01786208,-0.0151872,3
2014-02-24 18:48:59.674,5159,515.9,43.63908,3.94605,26.53268,8.025591,321.6502,9,5,1393264130,-1.01825,0.1795959,-0.2922058,-4.682938,-3.888083,-10.71766,246.5114,245.8004,25,-0.03658677,-0.6595412,-0.0924559,2.713088,-1.205999,-0.1103766,-0.05242853,-0.6693761,-0.09243509,-0.08810563,0.05018673,0.02940895,3
2014-02-24 18:48:59.778,5160,516,43.63908,3.94605,26.53268,8.025591,321.6502,9,5,1393264130,-1.034866,0.1433411,-0.3877106,-3.806374,-3.561893,-10.71766,246.2224,245.5114,25,-0.1982476,-0.2314375,-0.4043677,2.707774,-1.213814,-0.1066037,-0.2140893,-0.2412724,-0.4043469,-0.08661273,0.073194,0.05525864,3
2014-02-24 18:48:59.883,5161,516.1,43.63908,3.94605,26.53268,8.025591,321.6502,9,5,1393264130,-1.053497,0.05155945,-0.4438171,-2.984594,-3.072611,-10.88842,245.823,245.112,25,-0.002636796,-0.2288385,-0.5514991,2.702507,-1.218091,-0.098355,-0.01847845,-0.2386734,-0.5514783,-0.10096,0.04514456,-0.0439425,3
2014-02-24 18:48:59.979,5162,516.2,43.63908,3.94605,26.53268,8.025591,321.6502,9,5,1393264130,-1.083145,-0.01068115,-0.4573517,-2.929811,-3.453167,-11.85606,245.7111,245.0001,25,0.06642776,-0.4922299,-0.5306684,2.700015,-1.22558,-0.08852823,0.05058618,-0.5020648,-0.5306476,-0.1161799,-0.03685319,-0.1067425,3
2014-02-24 18:49:00.099,5163,516.3,43.63908,3.94605,26.53268,8.025591,321.6502,9,5,1393264130,-1.123108,0.002761841,-0.2394257,-1.012327,-3.290071,-11.22994,245.573,244.862,25,-0.1865731,-0.7368349,-0.4016694,2.695506,-1.238454,-0.08097726,-0.2024146,-0.7466697,-0.4016486,-0.140962,-0.09156994,-0.1321627,3
2014-02-24 18:49:00.188,5164,516.4,43.63908,3.94605,26.53268,8.025591,321.6502,9,5,1393264130,-1.060196,0.05732727,-0.2215729,0.2477322,-4.105549,-9.351578,245.0456,244.3346,25,-0.7439546,-0.4613106,0.006740194,2.687436,-1.254695,-0.07925928,-0.4653346,-0.8134655,-0.1384002,-0.005516924,-0.1685013,-0.1336854,3
2014-02-24 18:49:00.547,5165,516.5,43.63914,3.945991,27.43767,7.74775,324.4656,9,5,1393264131,-1.001877,0.3137207,0.09417725,2.110424,-4.323011,-10.14846,240.6885,239.9775,25,-0.3855655,-0.01274775,0.05272926,2.660046,-1.275725,-0.08831737,-0.9514128,-0.4151441,0.1076075,-0.1071436,-0.03087533,0.06810212,3
2014-02-24 18:49:00.638,5166,516.6,43.63914,3.945991,27.43767,7.74775,324.4656,9,5,1393264131,-0.9322205,0.2658691,-0.0977478,1.836498,-4.268644,-10.20537,240.6622,239.9512,25,-0.3449166,0.5035039,-0.4868551,2.648054,-1.279883,-0.09356625,-0.4014069,-0.02258244,0.05275007,-0.05377632,0.0551603,0.4286999,3
2014-02-24 18:49:00.764,5167,516.7,43.63914,3.945991,27.43767,7.74775,324.4656,9,5,1393264131,-1.065201,0.06228638,-0.2411652,1.726923,-4.268644,-9.863857,240.4048,239.6938,25,-0.9598967,0.2164585,-0.782065,2.642268,-1.275162,-0.09017974,-0.3607579,0.4936693,-0.4868343,-0.0491466,0.2236631,0.3843406,3
2014-02-24 18:49:00.846,5168,516.8,43.63914,3.945991,27.43767,7.74775,324.4656,9,5,1393264131,-1.114655,-0.1432343,-0.1241608,1.343433,-2.909513,-10.37614,240.7782,240.0672,25,-1.273184,-0.3625758,-0.6034571,2.625338,-1.269363,-0.08199803,-0.9757379,0.2066239,-0.7820442,0.01948288,0.183963,0.1981443,3
2014-02-24 18:49:00.978,5169,516.9,43.63914,3.945991,27.43767,7.74775,324.4656,9,5,1393264131,-1.114655,-0.1432343,-0.1241608,2.548698,-1.38729,-10.03461,244.9518,244.2408,25,-1.173122,-0.06187882,-0.0892633,2.576275,-1.281281,-0.07669023,-1.188963,-0.07171334,-0.08924249,-0.1353311,-0.1468513,0.1212266,3
2014-02-24 18:49:01.084,5170,517,43.63914,3.945991,27.43767,7.74775,324.4656,9,5,1393264131,-1.069016,0.2319183,-0.5223694,4.192259,-1.169825,-9.465412,247.9149,247.2039,25,-0.9055877,0.5795233,0.2061886,2.576275,-1.281281,-0.07669023,-1.188963,-0.07171334,-0.08924249,-0.1353311,-0.1468513,0.1212266,3
2014-02-24 18:49:01.152,5171,517.1,43.63914,3.945991,27.43767,7.74775,324.4656,9,5,1393264131,-1.069016,0.2319183,-0.5223694,4.520971,-0.7349014,-9.010052,258.3617,257.6507,25,-0.8373905,0.6020206,-0.1652507,2.543345,-1.265516,-0.08969736,-0.8532315,0.5921862,-0.1652299,-0.1749953,0.1081463,-0.1600132,3
2014-02-24 18:49:01.276,5172,517.2,43.63921,3.945964,27.7726,6.951006,346.1582,9,5,1393264132,-0.9650116,-0.06759644,-0.3726654,4.082689,0.02620983,-9.693096,261.4236,260.7126,25,-1.203657,0.2068541,-0.6142123,2.497636,-1.254736,-0.08411975,-1.219498,0.1970197,-0.6141915,-0.04131219,-0.1176357,-0.1249056,3
2014-02-24 18:49:01.500,5173,517.3,43.63921,3.945964,27.7726,6.951006,346.1582,9,5,1393264132,-0.9337921,-0.1766968,-0.3266296,7.862867,1.928992,-9.408493,273.4906,272.7796,25,-1.346468,0.1662819,-0.4474337,2.472553,-1.253927,-0.08230232,-1.362314,0.1564467,-0.4474127,-0.01801254,-0.1498059,-0.06212654,3
2014-02-24 18:49:01.714,5174,517.4,43.63921,3.945964,27.7726,6.951006,346.1582,9,5,1393264132,-0.8556519,0.00227356,-0.4431305,8.629858,4.103598,-7.587048,286.6457,285.9347,25,-1.59525,0.1533411,-0.2666922,2.412902,-1.249984,-0.09050879,-1.611096,0.143506,-0.2666711,0.04551331,-0.07369215,-0.06434042,3
2014-02-24 18:49:01.832,5175,517.5,43.63921,3.945964,27.7726,6.951006,346.1582,9,5,1393264132,-0.8556519,0.00227356,-0.4431305,5.72624,6.658766,-3.318031,270.5918,269.8808,26,-1.21969,0.07228938,-0.1332521,2.384447,-1.250227,-0.09352758,-1.391611,0.1153151,-0.3182507,0.1236802,-0.01604448,-0.1217559,3
2014-02-24 18:49:01.933,5176,517.6,43.63921,3.945964,27.7726,6.951006,346.1582,9,5,1393264132,-0.8515472,-0.002838135,-0.5834961,-0.7931881,8.996471,-4.399517,272.8398,272.1288,26,-1.21969,0.07228938,-0.1332521,2.360337,-1.25049,-0.09707949,-1.235536,0.06245433,-0.1332311,0.1049788,-0.08127155,-0.1579386,3
2014-02-24 18:49:02.033,5177,517.7,43.63921,3.945964,27.7726,6.951006,346.1582,9,5,1393264132,-0.8515472,-0.002838135,-0.5834961,-7.860474,11.33417,-7.530128,275.0075,274.2965,26,-1.22091,0.0259336,0.02438497,2.336878,-1.252784,-0.102821,-1.360634,0.0939923,-0.03737243,0.08209505,-0.07377025,-0.05922687,3
2014-02-24 18:49:02.142,5178,517.8,43.63921,3.945964,27.7726,6.951006,346.1582,9,5,1393264132,-0.8547363,-0.02507019,-0.630188,-10.59973,11.22544,-10.14846,275.691,274.98,26,-1.228319,-0.1574908,0.05543157,2.31418,-1.254589,-0.1108105,-1.236756,0.01609861,0.02440598,0.09304521,-0.113422,-0.274439,3
2014-02-24 18:49:02.250,5179,517.9,43.63927,3.945966,28.40722,6.430868,3.205663,9,5,1393264133,-0.8490601,-0.01309204,-0.6145935,-13.50334,11.2798,-12.02682,276.0157,275.3047,26,-1.223804,-0.5747048,0.3211498,2.292114,-1.258666,-0.1186194,-1.244164,-0.1673257,0.05545258,0.09025772,-0.1434116,-0.3252592,3
2014-02-24 18:49:02.401,5180,518,43.63927,3.945966,28.40722,6.430868,3.205663,9,5,1393264133,-0.9003906,0.01551819,-0.5432281,-16.24261,10.51869,-13.16523,276.1185,275.4075,26,-1.044244,-0.7917157,0.3660512,2.271552,-1.269152,-0.1290178,-1.23965,-0.5845397,0.3211708,0.09785321,-0.1417522,-0.319972,3
2014-02-24 18:49:02.588,5181,518.1,43.63927,3.945966,28.40722,6.430868,3.205663,9,5,1393264133,-0.9305725,0.03282166,-0.450058,-28.84318,8.235356,-13.05139,277.2091,276.4981,26,-0.9487277,-0.877772,0.2845177,2.252553,-1.285883,-0.141871,-1.06009,-0.8015506,0.3660722,0.06434777,-0.1395645,-0.3163998,3
2014-02-24 18:49:02.698,5182,518.2,43.63927,3.945966,28.40722,6.430868,3.205663,9,5,1393264133,-0.8852692,-0.0619812,-0.4507904,-29.11711,2.092086,-21.87402,279.7229,279.0119,26,-1.214761,-0.87392,0.3135987,2.236684,-1.303562,-0.1525278,-0.9645733,-0.8876069,0.2845387,0.05619716,-0.1104484,-0.2618737,3
2014-02-24 18:49:02.796,5183,518.3,43.63927,3.945966,28.40722,6.430868,3.205663,9,5,1393264133,-0.9533081,-0.001159668,-0.391571,-22.70725,-0.1368866,-20.79253,279.4969,278.7859,26,-1.030261,-0.7715921,0.4598374,2.216981,-1.32284,-0.1627861,-1.230606,-0.8837548,0.3136197,0.05897121,-0.2010391,-0.2381836,3
2014-02-24 18:49:02.882,5184,518.4,43.63927,3.945966,28.40722,6.430868,3.205663,9,5,1393264133,-0.9672546,0.2801514,-0.3001556,-18.98186,-1.224191,-19.65413,279.2207,278.5097,26,-0.6418898,-0.6583305,0.5011755,2.197924,-1.341676,-0.1755445,-1.046107,-0.7814268,0.4598584,0.07363062,-0.2366255,-0.2271599,3
2014-02-24 18:49:02.984,5185,518.5,43.63927,3.945966,28.40722,6.430868,3.205663,9,5,1393264133,-0.9764252,0.01205444,-0.4289703,-15.1469,-2.637689,-16.35276,279.409,278.698,26,-0.712619,-0.1887284,0.04661251,2.185053,-1.357332,-0.1879318,-0.6577352,-0.6681652,0.5011965,0.006787133,-0.1879872,-0.1834542,3
2014-02-24 18:49:03.113,5186,518.6,43.63927,3.945966,28.40722,6.430868,3.205663,9,5,1393264133,-0.9519653,0.1214447,-0.4002533,-12.13371,-3.561896,-12.88063,279.8623,279.1513,26,-0.7414949,0.03915726,0.08282378,2.173516,-1.366317,-0.1942299,-0.7284644,-0.1985631,0.04663352,-0.006499494,0.08714035,-0.1009163,3
2014-02-24 18:49:03.322,5187,518.7,43.63933,3.94597,28.04334,5.412279,4.285717,9,10,1393264134,-0.9838867,0.1658478,-0.4292297,-10.32581,-2.963878,-6.790165,278.5454,277.8344,26,-0.6523772,0.4513198,-0.1960225,2.13269,-1.364539,-0.2019112,-0.6682225,0.4414852,-0.1960015,-0.01689485,-0.08079109,-0.2310795,3
2014-02-24 18:49:03.558,5188,518.8,43.63933,3.94597,28.04334,5.412279,4.285717,9,10,1393264134,-1.013641,0.173996,-0.3603821,-9.832739,-1.930943,-8.327015,277.469,276.758,26,-0.5374158,0.5094239,-0.269391,2.120428,-1.357423,-0.1998503,-0.553261,0.4995893,-0.26937,-0.0396429,0.003320676,-0.2523418,3
2014-02-24 18:49:03.654,5189,518.9,43.63933,3.94597,28.04334,5.412279,4.285717,9,10,1393264134,-0.9794617,0.09997559,-0.4189301,-7.915262,-2.855145,-11.34378,269.2696,268.5586,26,-0.4069105,0.8771443,-0.3339007,2.110378,-1.346155,-0.1962164,-0.4227557,0.8673098,-0.3338797,-0.05747391,-0.02096374,-0.1418998,3
2014-02-24 18:49:03.763,5190,519,43.63933,3.94597,28.04334,5.412279,4.285717,9,10,1393264134,-0.9228668,0.162796,-0.3865509,-7.860477,-2.800781,-10.60382,268.2435,267.5325,26,-0.4663064,0.8385234,-0.2871705,2.101848,-1.331148,-0.19169,-0.4821515,0.828689,-0.2871495,-0.0258331,-0.09054267,-0.1859164,3
2014-02-24 18:49:03.871,5191,519.1,43.63933,3.94597,28.04334,5.412279,4.285717,9,10,1393264134,-0.9117737,0.1888733,-0.3320007,-8.46311,-3.724992,-10.54691,266.7054,265.9944,26,-0.7163821,0.5040517,-0.2018444,2.08805,-1.322231,-0.191284,-0.7322271,0.4942173,-0.2018234,0.02872097,-0.02732363,-0.1450241,3
2014-02-24 18:49:03.993,5192,519.2,43.63933,3.94597,28.04334,5.412279,4.285717,9,10,1393264134,-0.9571991,0.1452179,-0.3000336,-9.777956,-1.985307,-12.59603,263.7411,263.0301,26,-0.3061765,0.3324341,-0.2302494,2.076592,-1.316999,-0.1898857,-0.4696615,0.387102,-0.242834,0.04991757,-0.01287383,-0.05790552,3
2014-02-24 18:49:04.100,5193,519.3,43.63933,3.94597,28.04334,5.412279,4.285717,9,10,1393264134,-0.9494171,0.1140747,-0.3084717,-8.901392,-2.311499,-13.27907,261.0422,260.3312,26,-0.2305001,0.3052422,-0.3019897,2.068676,-1.312094,-0.1871841,-0.3220213,0.3225998,-0.2302284,0.0276407,-0.03661779,-0.04341147,3
2014-02-24 18:49:04.186,5194,519.4,43.63937,3.945956,29.52148,4.727173,342.4566,9,10,1393264135,-1.031845,0.05644226,-0.2553558,-8.791821,-2.855151,-12.82371,260.3875,259.6765,26,-0.4153216,0.1941721,-0.4070876,2.062529,-1.307439,-0.1837051,-0.2463449,0.2954079,-0.3019687,0.01598654,-0.03290853,-0.03212707,3
2014-02-24 18:49:04.327,5195,519.5,43.63937,3.945956,29.52148,4.727173,342.4566,9,10,1393264135,-0.9708862,0.1197815,-0.2736816,-9.284887,-4.757934,-12.76678,252.6456,251.9346,26,-0.6941045,0.2300606,-0.3279981,2.054499,-1.304731,-0.1786318,-0.4311664,0.1843379,-0.4070666,4.33885e-05,-0.06360862,-0.04971815,3
2014-02-24 18:49:04.557,5196,519.6,43.63937,3.945956,29.52148,4.727173,342.4566,9,10,1393264135,-0.9308167,0.1649017,-0.2598724,-10.81888,-7.584925,-13.56367,246.9506,246.2396,26,-0.6904341,0.1701896,-0.1643168,2.041248,-1.303673,-0.1746804,-0.7099492,0.2202264,-0.3279771,-0.08198915,-0.1173512,0.00458558,3
2014-02-24 18:49:04.662,5197,519.7,43.63937,3.945956,29.52148,4.727173,342.4566,9,10,1393264135,-0.9147186,0.1352081,-0.3140869,-11.85979,-9.161516,-10.20537,245.541,244.83,26,-0.5230818,0.1250607,-0.1575763,2.026893,-1.302755,-0.1747352,-0.7062787,0.1603554,-0.1642958,-0.02127841,-0.05406593,-0.01287123,3
2014-02-24 18:49:04.766,5198,519.8,43.63937,3.945956,29.52148,4.727173,342.4566,9,10,1393264135,-0.9147186,0.1352081,-0.3140869,-12.1885,-9.813894,-9.180817,244.5099,243.7989,26,-0.4152555,-0.0683708,-0.07136206,2.005943,-1.303726,-0.175309,-0.4311001,-0.07820494,-0.07134105,0.01977168,-0.03282609,-0.04566528,3
2014-02-24 18:49:04.837,5199,519.9,43.63937,3.945956,29.52148,4.727173,342.4566,9,10,1393264135,-0.9408569,0.1572876,-0.2365265,-11.58586,-10.08572,-9.579258,243.62,242.909,26,-0.3673511,-0.3022539,-0.02521401,2.005943,-1.303726,-0.175309,-0.4311001,-0.07820494,-0.07134105,0.01977168,-0.03282609,-0.04566528,3
2014-02-24 18:49:04.938,5200,520,43.63937,3.945956,29.52148,4.727173,342.4566,9,10,1393264135,-0.9408569,0.1572876,-0.2365265,-9.449242,-10.9012,-9.180817,239.0904,238.3794,26,-0.1807802,-0.461268,-0.2471067,1.992123,-1.31746,-0.178414,-0.2980737,-0.422587,-0.03502832,0.00419781,-0.02037977,-0.04164284,3
2014-02-24 18:49:05.066,5201,520.1,43.63937,3.945956,29.52148,4.727173,342.4566,9,10,1393264135,-1.025116,0.1483612,-0.2179108,-7.47698,-11.77105,-7.814732,235.5614,234.8504,26,-0.1807802,-0.461268,-0.2471067,1.986606,-1.327704,-0.1724544,-0.1966254,-0.4711071,-0.2470907,0.01534407,-0.0143133,0.0006080016,3
2014-02-24 18:49:05.188,5202,520.2,43.63937,3.945956,29.52148,4.727173,342.4566,9,10,1393264135,-1.025116,0.1483612,-0.2179108,-5.614285,-12.20597,-5.879444,232.0089,231.2979,26,0.238424,0.2033936,-0.4501682,1.983939,-1.331127,-0.1693629,0.03049996,-0.01715767,-0.2516857,-0.09839028,0.06896387,-0.02884795,3
2014-02-24 18:49:05.284,5203,520.3,43.63941,3.945911,28.43819,5.045331,311.7083,9,5,1393264136,-0.9463043,0.02604675,-0.3321838,-6.107347,-12.36906,-5.253323,231.344,230.633,26,-0.05580015,0.2409599,-0.287953,1.986326,-1.327998,-0.1610496,0.2225789,0.1935546,-0.4501522,-0.06700787,-0.01199314,0.0193978,3
2014-02-24 18:49:05.534,5204,520.4,43.63941,3.945911,28.43819,5.045331,311.7083,9,5,1393264136,-0.9436493,0.09365845,-0.3540955,-6.436058,-13.89129,-3.318035,226.9378,226.2268,26,-0.3186978,-0.2164165,0.03189721,1.984982,-1.323983,-0.1538814,-0.07164522,0.2311209,-0.2879369,-0.07690352,-0.03108246,-0.03786826,3
2014-02-24 18:49:05.649,5205,520.5,43.63941,3.945911,28.43819,5.045331,311.7083,9,5,1393264136,-0.9375458,0.1637726,-0.2979736,-7.14827,-16.44646,-0.5289459,218.3202,217.6092,26,-0.4048063,-0.498988,0.07136766,1.987339,-1.279082,-0.1309785,-0.33453,-0.2262129,0.03186072,-0.00465972,-0.07332285,-0.1644232,3
2014-02-24 18:49:05.732,5206,520.6,43.63941,3.945911,28.43819,5.045331,311.7083,9,5,1393264136,-0.9502411,0.2075958,-0.347229,-7.367411,-19.8171,0.9509811,214.5054,213.7944,26,-0.1652366,-0.5013773,-0.03306075,1.98026,-1.287651,-0.1347871,-0.4206384,-0.5087844,0.07133117,-0.008381452,0.01344781,-0.08662154,3
2014-02-24 18:49:05.892,5207,520.7,43.63941,3.945911,28.43819,5.045331,311.7083,9,5,1393264136,-0.9627075,0.06382751,-0.2604828,-9.668385,-22.97028,1.292503,211.0328,210.3218,26,0.002299107,-0.4958215,-0.2086446,1.976496,-1.289229,-0.14114,-0.1810682,-0.5111594,-0.03309567,0.01373689,0.01701241,-0.03355647,3
2014-02-24 18:49:06.165,5208,520.8,43.63941,3.945911,28.43819,5.045331,311.7083,9,5,1393264136,-0.989563,0.05343628,-0.2626648,-22.5429,-24.11195,-2.748833,202.4527,201.7417,26,0.0002623214,-0.3727816,-0.1277476,1.974709,-1.299184,-0.1385537,-0.01353242,-0.5056035,-0.2086795,0.003866676,0.06948502,-0.08151528,3
2014-02-24 18:49:06.281,5209,520.9,43.63944,3.945867,28.43258,4.980407,308.9942,9,5,1393264137,-1.079605,0.07461548,-0.374054,-24.13167,-22.3179,-5.1964,199.345,198.634,26,0.005922604,-0.1684838,-0.09801312,1.973708,-1.307144,-0.1362004,-0.01556915,-0.3825636,-0.1277825,-0.006203755,-0.07195217,-0.002288237,3
2014-02-24 18:49:06.505,5210,521,43.63944,3.945867,28.43258,4.980407,308.9942,9,5,1393264137,-1.027847,0.02807617,-0.3038635,-24.56995,-17.53376,-5.993282,196.6967,195.9857,26,-0.08823905,-0.2398954,-0.007891479,1.973202,-1.309342,-0.1414382,-0.009910531,-0.1782565,-0.09803911,-0.03319417,-0.08753079,-0.006760573,3
2014-02-24 18:49:06.631,5211,521.1,43.63944,3.945867,28.43258,4.980407,308.9942,9,5,1393264137,-1.027847,0.02807617,-0.3038635,-23.96731,-16.50082,-4.342594,195.9439,195.2329,26,-0.2047683,-0.1461423,-0.2199121,1.967422,-1.319053,-0.1391349,-0.2206014,-0.1559149,-0.2199381,-0.04229854,-0.005065248,0.1325195,3
2014-02-24 18:49:06.805,5212,521.2,43.63944,3.945867,28.43258,4.980407,308.9942,9,5,1393264137,-0.9871826,0.03157043,-0.243927,-22.81682,-17.42502,-3.944157,194.7296,194.0186,26,-0.4676825,0.2884771,-0.1856207,1.955383,-1.321812,-0.1360455,-0.4835154,0.2787046,-0.1856467,-0.1061523,0.1123749,0.2941763,3
2014-02-24 18:49:06.934,5213,521.3,43.63944,3.945867,28.43258,4.980407,308.9942,9,5,1393264137,-0.9453278,0.1393433,-0.1135559,-22.65246,-16.50082,-4.114914,194.2938,193.5828,26,-0.1561582,0.2454702,-0.05199343,1.949975,-1.317895,-0.1357751,-0.171991,0.2356977,-0.05201942,-0.02790255,-0.1037879,0.003984003,3
2014-02-24 18:49:07.054,5214,521.4,43.63944,3.945867,28.43258,4.980407,308.9942,9,5,1393264137,-0.9397278,0.1630402,-0.1292572,-22.8716,-16.0659,-3.090351,193.8974,193.1864,26,0.04438771,0.1587406,-0.03514334,1.949369,-1.314678,-0.135222,0.02855492,0.1489682,-0.03516933,0.01322197,0.00453296,0.1374592,3
2014-02-24 18:49:07.169,5215,521.5,43.63944,3.945867,28.43258,4.980407,308.9942,9,5,1393264137,-0.9510956,0.1782532,-0.132431,-22.04983,-16.01153,-2.805752,193.0643,192.3533,26,0.1324526,0.1406181,-0.1185839,1.95013,-1.311841,-0.1333359,0.1166198,0.1308457,-0.1186099,0.02153922,0.01719001,0.1412337,3
2014-02-24 18:49:07.252,5216,521.6,43.63944,3.945867,28.43258,4.980407,308.9942,9,5,1393264137,-0.9505157,0.1806335,-0.07781982,-21.11848,-14.76113,-4.570278,192.2125,191.5015,26,0.3979692,0.06134458,-0.2243588,1.954479,-1.309966,-0.128708,0.3821365,0.05157222,-0.2243848,0.007348408,0.03793735,0.1253479,3
2014-02-24 18:49:07.469,5217,521.7,43.63945,3.945806,26.96535,6.253106,282.76,9,5,1393264138,-0.9112244,0.1942444,-0.1418457,-22.21419,-15.41352,-5.025642,191.8714,191.1604,26,0.5405655,-0.00881533,-0.3478267,1.961683,-1.309072,-0.1209653,0.5247329,-0.01858766,-0.3478527,0.003808536,0.04690147,0.1537066,3
2014-02-24 18:49:07.585,5218,521.8,43.63945,3.945806,26.96535,6.253106,282.76,9,5,1393264138,-0.9112244,0.1942444,-0.1418457,-21.99504,-16.17463,-4.342598,191.2531,190.5421,26,1.427113,-0.2912353,-0.3752671,1.972657,-1.307639,-0.1099232,0.9031455,0.0006705037,-0.4300426,0.0265641,0.06635391,0.1565857,3
2014-02-24 18:49:07.796,5219,521.9,43.63945,3.945806,26.96535,6.253106,282.76,9,5,1393264138,-0.9891052,0.287384,0.07696533,-22.48811,-15.68534,-5.082561,191.2533,190.5423,26,1.829928,0.08711839,-0.7903703,2.019028,-1.314882,-0.08200531,1.58502,-0.5965817,-0.5115125,0.03403581,0.07554202,0.2060761,3
2014-02-24 18:49:07.883,5220,522,43.63945,3.945806,26.96535,6.253106,282.76,9,5,1393264138,-0.9803772,0.1625214,0.08482361,-22.26897,-14.59804,-5.537922,190.5785,189.8675,26,2.058732,0.519052,-0.9988548,2.046502,-1.315598,-0.06221749,1.81409,0.0773428,-0.7903941,-0.02336417,0.2252067,0.3289141,3
2014-02-24 18:49:07.984,5221,522.1,43.63945,3.945806,26.96535,6.253106,282.76,9,5,1393264138,-0.954895,0.09030151,-0.02648926,-21.22805,-14.21748,-5.367165,190.8847,190.1737,26,2.104457,0.5599645,-1.029315,2.078163,-1.307299,-0.03601098,2.042893,0.5092764,-0.9988786,-0.03573598,0.1827468,0.331777,3
2014-02-24 18:49:08.120,5222,522.2,43.63945,3.945806,26.96535,6.253106,282.76,9,5,1393264138,-0.9285583,-0.001235962,-0.05380249,-21.22805,-13.5651,-4.456436,190.2992,189.5882,26,2.205094,0.5746636,-0.8466607,2.109989,-1.296221,-0.007253096,2.088619,0.550189,-1.029339,-0.004144507,0.1299235,0.3436106,3
2014-02-24 18:49:08.234,5223,522.3,43.63945,3.945806,26.96535,6.253106,282.76,9,5,1393264138,-0.9466858,-0.03399658,-0.08595276,-22.5429,-13.34764,-4.001076,190.4166,189.7056,26,2.214005,0.3085645,-0.5389705,2.14344,-1.284845,0.02024419,2.189256,0.5648881,-0.8466846,0.02377245,0.06191456,0.2122184,3
2014-02-24 18:49:08.416,5224,522.4,43.63945,3.945713,25.57103,7.541996,280.8657,9,5,1393264139,-0.9850769,-0.03385925,-0.04837036,-21.50198,-14.27185,-5.537922,190.8417,190.1307,26,2.214597,0.05116785,-0.268984,2.179493,-1.27859,0.0436402,2.198167,0.298789,-0.5389944,0.02814062,0.04239039,0.2339888,3
2014-02-24 18:49:08.583,5225,522.5,43.63945,3.945713,25.57103,7.541996,280.8657,9,5,1393264139,-1.011337,-0.02825928,-0.04577637,-20.95413,-14.16311,-5.537918,190.4395,189.7285,26,2.247227,-0.01252378,-0.1859315,2.216801,-1.277917,0.0619337,2.198759,0.04139243,-0.2690079,0.008895204,0.02789753,0.2022036,3
2014-02-24 18:49:08.686,5226,522.6,43.63945,3.945713,25.57103,7.541996,280.8657,9,5,1393264139,-1.000153,-0.1096649,-0.09381104,-21.39241,-14.05438,-6.107124,191.2848,190.5738,26,2.369894,0.2026785,-0.3229339,2.255395,-1.281213,0.07741795,2.231389,-0.02229915,-0.1859553,-0.02958459,0.04348139,0.2363275,3
2014-02-24 18:49:08.766,5227,522.7,43.63945,3.945713,25.57103,7.541996,280.8657,9,5,1393264139,-1.000153,-0.1096649,-0.09381104,-21.39241,-14.70677,-4.513355,191.4168,190.7058,26,2.488364,0.4805296,-0.5591291,2.336767,-1.280216,0.1154123,2.472526,0.4707543,-0.5591529,-0.05861093,0.05268675,0.2030136,3
2014-02-24 18:49:08.865,5228,522.8,43.63945,3.945713,25.57103,7.541996,280.8657,9,5,1393264139,-0.9906921,-0.2587128,-0.2545013,-21.77591,-14.86987,-4.456436,191.3942,190.6832,26,2.352945,0.6945601,-0.7361388,2.336767,-1.280216,0.1154123,2.472526,0.4707543,-0.5591529,-0.05861093,0.05268675,0.2030136,3
2014-02-24 18:49:08.972,5229,522.9,43.63945,3.945713,25.57103,7.541996,280.8657,9,5,1393264139,-0.9906921,-0.2587128,-0.2545013,-22.04983,-14.70677,-4.171841,191.315,190.604,26,2.318526,0.8391631,-0.7625157,2.413232,-1.264795,0.1666859,2.302689,0.8293879,-0.7625396,-0.04906534,-0.02868021,0.08305268,3
2014-02-24 18:49:09.078,5230,523,43.63945,3.945713,25.57103,7.541996,280.8657,9,5,1393264139,-0.967865,-0.3526611,-0.3452606,-22.43332,-14.9786,-3.545715,190.5879,189.8769,26,2.174767,0.8096276,-0.6322206,2.449544,-1.255971,0.1916355,2.158929,0.7998524,-0.6322444,-0.05724796,-0.06824807,0.04948085,3
2014-02-24 18:49:09.168,5231,523.1,43.63945,3.945713,25.57103,7.541996,280.8657,9,5,1393264139,-0.9778595,-0.3808136,-0.4056244,-23.20032,-14.43494,-4.342594,189.5396,188.8286,26,1.8333,0.5439147,-0.3642656,2.481848,-1.250335,0.2114461,1.817462,0.5341395,-0.3642894,-0.03991261,-0.1427871,-0.03727151,3
2014-02-24 18:49:09.272,5232,523.2,43.63945,3.945713,25.57103,7.541996,280.8657,9,5,1393264139,-1.035324,-0.3802948,-0.3731232,-23.20032,-15.08732,-5.139481,188.977,188.266,26,1.613295,0.2523204,-0.04796726,2.511116,-1.250324,0.2238931,1.597457,0.2425453,-0.04799108,-0.04722766,-0.1669193,-0.1051863,3
2014-02-24 18:49:09.511,5233,523.3,43.63946,3.945611,26.00626,7.67886,279.7303,9,5,1393264140,-0.9747467,-0.315567,-0.3426666,-21.94026,-12.64089,-6.334801,188.4817,187.7707,26,1.472861,0.2186415,0.1281513,2.539021,-1.253186,0.2313507,1.457024,0.2088664,0.1281275,-0.06896251,-0.1260847,-0.0824978,3
2014-02-24 18:49:09.631,5234,523.4,43.63946,3.945611,26.00626,7.67886,279.7303,9,5,1393264140,-1.003357,-0.3486328,-0.3096008,-22.48811,-14.05438,-6.448647,188.5911,187.8801,26,1.520295,0.1708756,0.2041521,2.567032,-1.256423,0.2362726,1.504457,0.1611006,0.2041282,-0.06371216,-0.08272254,-0.1133715,3
2014-02-24 18:49:09.732,5235,523.5,43.63946,3.945611,26.00626,7.67886,279.7303,9,5,1393264140,-1.003357,-0.3486328,-0.3096008,-22.1594,-14.38058,-5.082558,189.0743,188.3633,26,1.172422,0.2605919,-0.006531669,2.595918,-1.259999,0.2422872,1.521626,0.1736643,0.05753215,-0.01002982,-0.0377711,-0.06120754,3
2014-02-24 18:49:09.829,5236,523.6,43.63946,3.945611,26.00626,7.67886,279.7303,9,5,1393264140,-0.9773712,-0.4018097,-0.4093475,-22.10461,-14.43494,-3.887234,189.661,188.95,26,1.172422,0.2605919,-0.006531669,2.619737,-1.26137,0.2494414,1.156584,0.2508169,-0.006555492,-0.08032823,-0.1017702,-0.01451296,3
2014-02-24 18:49:10.010,5237,523.7,43.63946,3.945611,26.00626,7.67886,279.7303,9,5,1393264140,-1.007874,-0.4193115,-0.4427338,-22.32376,-14.86986,-3.318039,189.8909,189.1799,26,0.2772625,0.07993291,0.09103883,2.650306,-1.260818,0.2609046,0.5845875,0.1511333,-0.01576976,-0.05726111,-0.143855,-0.1146328,3
2014-02-24 18:49:10.121,5238,523.8,43.63946,3.945611,26.00626,7.67886,279.7303,9,5,1393264140,-1.02269,-0.3860474,-0.4402466,-21.22805,-14.76113,-4.342598,190.2221,189.5111,26,0.2296683,0.1313303,0.1862748,2.657293,-1.260994,0.2620845,0.2614255,0.07015803,0.09101501,-0.08188333,-0.1692198,-0.1315655,3
2014-02-24 18:49:10.232,5239,523.9,43.63946,3.945611,26.00626,7.67886,279.7303,9,5,1393264140,-0.9763947,-0.3647156,-0.3823242,-20.73499,-13.83692,-3.716473,190.6705,189.9595,26,0.2138047,0.1945516,0.3122011,2.662168,-1.260411,0.2605881,0.2138314,0.1215555,0.186251,-0.1022709,-0.1414448,-0.1537999,3
2014-02-24 18:49:10.385,5240,524,43.63947,3.945502,25.49583,8.199295,278.9205,9,5,1393264141,-0.9252167,-0.3257904,-0.3595581,-19.80364,-14.54367,-3.659554,190.8786,190.1676,26,0.2020895,0.2154686,0.3881366,2.667522,-1.259011,0.256951,0.1979678,0.1847769,0.3121772,-0.102547,-0.126635,-0.1036118,3
2014-02-24 18:49:10.550,5241,524.1,43.63947,3.945502,25.49583,8.199295,278.9205,9,5,1393264141,-0.8932495,-0.283371,-0.3283081,-19.69407,-14.21748,-2.407314,190.5757,189.8647,26,0.1258879,0.2159256,0.3768421,2.673389,-1.256608,0.2514192,0.1862526,0.2056939,0.3881128,-0.03773049,-0.09137018,-0.08101265,3
2014-02-24 18:49:10.676,5242,524.2,43.63947,3.945502,25.49583,8.199295,278.9205,9,5,1393264141,-0.8588104,-0.2570953,-0.3115234,-19.31057,-13.61946,-2.919594,190.6301,189.9191,26,0.1190745,0.24135,0.3026224,2.678219,-1.254025,0.2453573,0.1100511,0.2061509,0.3768183,-0.003429713,-0.08288751,-0.05738766,3
2014-02-24 18:49:10.776,5243,524.3,43.63947,3.945502,25.49583,8.199295,278.9205,9,5,1393264141,-0.82724,-0.227951,-0.3240509,-17.99573,-12.85835,-3.033432,191.3795,190.6685,26,0.1543211,0.2770673,0.1993789,2.680172,-1.24316,0.2504684,0.1032422,0.2315909,0.302587,0.02401252,-0.03551319,-0.01654395,3
2014-02-24 18:49:10.878,5244,524.4,43.63947,3.945502,25.49583,8.199295,278.9205,9,5,1393264141,-0.8126068,-0.208374,-0.3289032,-16.84524,-12.91271,-3.659554,191.8379,191.1269,26,0.1982899,0.2674629,0.08962309,2.683936,-1.239321,0.2471171,0.1384889,0.2673082,0.1993434,0.05802822,-0.01248567,0.004028478,3
2014-02-24 18:49:10.968,5245,524.5,43.63947,3.945502,25.49583,8.199295,278.9205,9,5,1393264141,-0.816452,-0.2142944,-0.3318329,-15.96868,-12.1516,0.09717941,191.9092,191.1982,26,0.2765112,0.216434,0.01110112,2.686728,-1.231878,0.2474333,0.182458,0.2577097,0.0895872,0.08715164,0.01696516,-0.001709478,3
2014-02-24 18:49:11.069,5246,524.6,43.63947,3.945502,25.49583,8.199295,278.9205,9,5,1393264141,-0.816452,-0.2142944,-0.3318329,-14.98254,-11.93414,-0.585865,191.9474,191.2364,26,0.3091922,0.1288408,-0.06046228,2.696199,-1.226997,0.2506357,0.2933604,0.1190877,-0.06049817,0.105561,0.0384709,-0.009113044,3
2014-02-24 18:49:11.186,5247,524.7,43.63947,3.945502,25.49583,8.199295,278.9205,9,5,1393264141,-0.8367004,-0.204895,-0.3379822,-13.2842,-13.07581,-1.439667,191.6687,190.9577,26,0.2858677,-0.037884,-0.1939668,2.700939,-1.226851,0.2545101,0.3015012,0.03802888,-0.1417464,0.08842745,0.0495008,-0.01539435,3
2014-02-24 18:49:11.281,5248,524.8,43.63948,3.945385,24.89605,8.685456,279.3508,9,5,1393264142,-0.8548584,-0.2015076,-0.3352814,-12.68157,-13.34764,-0.8135414,191.2916,190.5806,26,0.2728392,-0.07357702,-0.2512256,2.70377,-1.223375,0.255425,0.2700328,-0.04763053,-0.1939942,0.0730477,0.04776161,-0.008553952,3
2014-02-24 18:49:11.531,5249,524.9,43.63948,3.945385,24.89605,8.685456,279.3508,9,5,1393264142,-0.8880615,-0.2006989,-0.3278809,-11.20237,-12.09724,-1.553505,193.7475,193.0365,26,0.297893,-0.07268912,-0.3061296,2.70698,-1.225595,0.2611199,0.2570044,-0.08332351,-0.2512529,0.05425002,0.05665511,-0.008365609,3
2014-02-24 18:49:11.642,5250,525,43.63948,3.945385,24.89605,8.685456,279.3508,9,5,1393264142,-0.9007263,-0.214447,-0.3376923,-10.32581,-12.96708,-1.439663,194.372,193.661,26,0.3032486,-0.06175391,-0.3613209,2.709759,-1.226701,0.2616155,0.2820541,-0.08243581,-0.306147,0.02128759,0.05794254,-0.002014602,3
2014-02-24 18:49:11.742,5251,525.1,43.63948,3.945385,24.89605,8.685456,279.3508,9,5,1393264142,-0.9261475,-0.2487335,-0.3279724,-10.05188,-13.5651,-0.9273796,194.6054,193.8944,26,0.2679004,-0.09631908,-0.3976896,2.712755,-1.228864,0.26948,0.2874097,-0.07150058,-0.3613383,0.009211994,0.05875644,-0.0115862,3
2014-02-24 18:49:11.837,5252,525.2,43.63948,3.945385,24.89605,8.685456,279.3508,9,5,1393264142,-0.9560089,-0.2532043,-0.3497314,-9.613598,-13.13018,-0.9273834,195.1946,194.4836,26,0.09815426,-0.1588197,-0.3963636,2.715265,-1.23138,0.2780299,0.2520616,-0.1060657,-0.397707,-0.009842047,0.04843334,-0.0117582,3
2014-02-24 18:49:11.938,5253,525.3,43.63948,3.945385,24.89605,8.685456,279.3508,9,5,1393264142,-0.9980927,-0.2621155,-0.3325806,-9.284887,-13.5651,-0.5858612,195.7063,194.9953,26,0.04752464,-0.1658262,-0.3733195,2.715432,-1.233874,0.2830513,0.08231363,-0.1685672,-0.3963765,-0.0367105,0.02284758,-0.02433724,3
2014-02-24 18:49:12.063,5254,525.4,43.63948,3.945385,24.89605,8.685456,279.3508,9,5,1393264142,-1.031326,-0.2593536,-0.3291016,-8.408329,-12.58652,-1.041229,196.0822,195.3712,26,0.0518656,-0.123335,-0.3079986,2.713796,-1.236666,0.2901489,0.03168406,-0.1755736,-0.3733324,-0.06883612,0.03035755,-0.02984538,3
2014-02-24 18:49:12.163,5255,525.5,43.63948,3.945385,24.89605,8.685456,279.3508,9,5,1393264142,-1.031815,-0.2803192,-0.3348083,-8.627468,-12.1516,-2.17963,197.2264,196.5154,26,0.04566975,-0.1346603,-0.300909,2.71243,-1.239856,0.292083,0.03602239,-0.1330852,-0.3080055,-0.09241114,0.0258321,-0.02140989,3
2014-02-24 18:49:12.285,5256,525.6,43.63948,3.945385,24.89605,8.685456,279.3508,9,5,1393264142,-1.051819,-0.2819061,-0.3389435,-6.600418,-12.64089,-1.553501,199.7419,199.0309,26,-0.0873666,-0.1196966,-0.2859095,2.711465,-1.24205,0.2976601,0.02982662,-0.1444105,-0.300916,-0.1264981,0.03393038,-0.02044251,3
2014-02-24 18:49:12.513,5257,525.7,43.63949,3.945277,25.01655,8.757457,283.006,9,5,1393264143,-1.051819,-0.2819061,-0.3389435,-7.586552,-12.53216,-2.46423,200.9127,200.2017,26,-0.142282,-0.09671722,-0.1939857,2.704637,-1.244632,0.305784,-0.1581251,-0.1064673,-0.1939927,-0.1365207,0.02384978,-0.03522617,3
2014-02-24 18:49:12.637,5258,525.8,43.63949,3.945277,25.01655,8.757457,283.006,9,5,1393264143,-1.020416,-0.2652588,-0.2869873,-7.476982,-12.09724,-3.147274,184.8536,184.1426,25,-0.225456,-0.06041408,-0.1095023,2.704637,-1.244632,0.305784,-0.1581251,-0.1064673,-0.1939927,-0.1365207,0.02384978,-0.03522617,3
2014-02-24 18:49:12.800,5259,525.9,43.63949,3.945277,25.01655,8.757457,283.006,9,5,1393264143,-0.9949188,-0.2428131,-0.2751617,-7.14827,-11.33612,-5.65176,189.6925,188.9815,25,-0.3791881,-0.1012206,0.03840358,2.68887,-1.248417,0.298238,-0.3950343,-0.1109797,0.03840304,-0.1138021,0.02857769,0.01585081,3
2014-02-24 18:49:13.028,5260,526,43.63949,3.945277,25.01655,8.757457,283.006,9,5,1393264143,-0.960495,-0.2233276,-0.2339478,-12.13371,-8.346037,-9.920776,206.8575,206.1465,25,-0.3454219,-0.09122685,0.1219211,2.677198,-1.256037,0.2852243,-0.3612718,-0.1009984,0.1219274,-0.0720579,0.05555785,0.05800498,3
2014-02-24 18:49:13.211,5261,526.1,43.63949,3.945277,25.01655,8.757457,283.006,9,5,1393264143,-0.8856354,-0.2050171,-0.2302856,-12.29807,-8.726597,-10.77458,208.4715,207.7605,25,-0.3052917,-0.1085619,0.1834774,2.666831,-1.25677,0.2754527,-0.3211416,-0.1183334,0.1834837,-0.02811619,0.04432147,0.06743369,3
2014-02-24 18:49:13.481,5262,526.2,43.63953,3.945177,25.436,9.189323,301.7242,9,5,1393264144,-0.8856354,-0.2050171,-0.2302856,-14.70862,-9.487707,-12.59603,211.4223,210.7113,25,-0.2075785,-0.1467945,0.1273066,2.663783,-1.263846,0.2670002,-0.2914521,-0.1431779,0.1675913,0.0228912,0.05508361,0.05910093,3
2014-02-24 18:49:13.588,5263,526.3,43.63953,3.945177,25.436,9.189323,301.7242,9,5,1393264144,-0.875885,-0.231308,-0.2475281,-14.43469,-8.67223,-12.53911,213.3336,212.6226,25,-0.2075785,-0.1467945,0.1273066,2.660071,-1.26568,0.2630147,-0.2234309,-0.1565767,0.1273166,0.03746602,0.05189339,0.05592734,3
2014-02-24 18:49:13.784,5264,526.4,43.63953,3.945177,25.436,9.189323,301.7242,9,5,1393264144,-0.9005737,-0.2448425,-0.2633362,-13.99641,-9.759529,-11.51455,209.5062,208.7952,25,-0.1074719,-0.328792,-0.05061364,2.654547,-1.276094,0.2570847,-0.1592951,-0.2876356,-0.02328824,0.04955577,0.02295415,0.0333814,3
2014-02-24 18:49:13.917,5265,526.5,43.63953,3.945177,25.436,9.189323,301.7242,9,5,1393264144,-0.9481812,-0.2707214,-0.2646637,-14.92776,-8.509132,-12.93755,218.4966,217.7856,25,-0.1061832,-0.2971419,-0.06264101,2.651974,-1.281937,0.257092,-0.123326,-0.3385819,-0.05060019,0.02649096,0.009426648,0.01216018,3
2014-02-24 18:49:14.104,5266,526.6,43.63953,3.945177,25.436,9.189323,301.7242,9,5,1393264144,-0.9822845,-0.2758484,-0.2523346,-14.54426,-9.107149,-12.88063,217.2117,216.5007,25,-0.2389734,-0.248457,-0.08316147,2.646024,-1.291828,0.2577587,-0.2008768,-0.2723666,-0.05785616,-0.02636684,-0.02954043,0.00941558,3
2014-02-24 18:49:14.233,5267,526.7,43.63953,3.945177,25.436,9.189323,301.7242,9,5,1393264144,-1.003357,-0.2832031,-0.2310638,-14.43469,-8.563496,-12.31142,216.956,216.245,25,-0.2339603,-0.2371873,-0.09612733,2.641572,-1.296991,0.2594602,-0.2548322,-0.2582517,-0.08315043,-0.04144522,-0.0295587,0.001397647,3
2014-02-24 18:49:14.380,5268,526.8,43.63958,3.945079,25.29813,9.28233,303.8253,9,5,1393264145,-1.016083,-0.2636871,-0.195282,-13.22942,-8.889685,-12.42527,196.3053,195.5943,26,-0.2219755,-0.2073465,-0.06111076,2.636513,-1.300397,0.2599698,-0.249819,-0.246982,-0.0961163,-0.05100159,-0.01879701,0.005806142,3
2014-02-24 18:49:14.594,5269,526.9,43.63958,3.945079,25.29813,9.28233,303.8253,9,5,1393264145,-1.014511,-0.2486572,-0.1807404,-13.72249,-9.487707,-12.25451,195.6739,194.9629,26,-0.2225361,-0.1411398,-0.001933455,2.632306,-1.306031,0.2606716,-0.2378345,-0.2171456,-0.06110118,-0.07080879,-0.02547361,0.02177892,3
2014-02-24 18:49:14.700,5270,527,43.63958,3.945079,25.29813,9.28233,303.8253,9,5,1393264145,-0.9968262,-0.2339935,-0.1699219,-13.83206,-8.835321,-11.57146,196.0038,195.2928,26,-0.1774004,-0.08267091,0.03781476,2.627814,-1.308279,0.2600851,-0.238395,-0.1509389,-0.001923875,-0.08282261,-0.006524344,0.05550237,3
2014-02-24 18:49:14.782,5271,527.1,43.63958,3.945079,25.29813,9.28233,303.8253,9,5,1393264145,-0.9739838,-0.2274628,-0.1589661,-13.88684,-8.454769,-12.08374,196.3873,195.6763,26,-0.1457391,-0.01870498,0.06916869,2.625344,-1.314879,0.2572217,-0.1932603,-0.09247972,0.03782556,-0.07890756,0.005737446,0.06406437,3
2014-02-24 18:49:14.948,5272,527.2,43.63958,3.945079,25.29813,9.28233,303.8253,9,5,1393264145,-0.9739838,-0.2274628,-0.1589661,-13.44856,-8.67223,-12.5391,197.1137,196.4027,26,-0.1016928,0.007919176,0.09631322,2.620163,-1.314905,0.2531872,-0.1175526,-0.001889562,0.09632403,-0.0484666,0.02623236,0.08102221,3
2014-02-24 18:49:15.063,5273,527.3,43.63958,3.945079,25.29813,9.28233,303.8253,9,5,1393264145,-0.9180603,-0.2137756,-0.1593933,-12.73635,-8.18294,-13.16523,197.3357,196.6247,26,-0.08840577,0.0252473,0.1244263,2.620165,-1.320201,0.2489935,-0.1042666,0.01542775,0.1244388,-0.01390005,0.01449504,0.07970361,3
2014-02-24 18:49:15.176,5274,527.4,43.63958,3.945079,25.29813,9.28233,303.8253,9,5,1393264145,-0.8967133,-0.2252197,-0.1619873,-12.24329,-8.019846,-12.76678,197.5406,196.8296,26,-0.07125527,-0.01643091,0.1402482,2.619034,-1.32002,0.2461849,-0.08711609,-0.02625043,0.1402607,0.021452,0.02993007,0.08128109,3
2014-02-24 18:49:15.256,5275,527.5,43.63958,3.945079,25.29813,9.28233,303.8253,9,5,1393264145,-0.8915558,-0.2284088,-0.1716614,-13.11985,-7.911116,-11.96991,221.83,221.119,25,0.01847382,-0.1016806,0.1654041,2.620211,-1.325783,0.2430662,0.002612324,-0.1115078,0.1654161,0.04490339,0.01546008,0.07345127,3
2014-02-24 18:49:15.568,5276,527.6,43.63964,3.944985,24.77849,9.602152,305.8891,9,5,1393264146,-0.8949432,-0.2123413,-0.1669464,-12.07893,-7.530558,-13.39291,225.938,225.227,25,0.09267188,-0.1693944,0.1304115,2.621783,-1.328898,0.2406554,0.07681046,-0.1792215,0.1304235,0.05135013,0.009930398,0.06098182,3
2014-02-24 18:49:15.680,5277,527.7,43.63964,3.944985,24.77849,9.602152,305.8891,9,5,1393264146,-0.906311,-0.2391205,-0.1795654,-12.13372,-7.258732,-13.22215,224.997,224.286,25,0.1082,-0.1722889,0.03674044,2.623788,-1.332718,0.2396187,0.09233859,-0.1821161,0.03675238,0.06123018,0.01681225,0.07211498,3
2014-02-24 18:49:15.786,5278,527.8,43.63964,3.944985,24.77849,9.602152,305.8891,9,5,1393264146,-0.9229889,-0.2498627,-0.2011261,-11.36673,-6.823809,-12.42527,225.1984,224.4874,25,0.1596781,-0.1762994,-0.0894215,2.626529,-1.339751,0.2405201,0.1438164,-0.1861323,-0.08940903,0.04855618,0.02287579,0.04863587,3
2014-02-24 18:49:16.016,5279,527.9,43.63964,3.944985,24.77849,9.602152,305.8891,9,5,1393264146,-0.9399872,-0.2525024,-0.2022858,-12.35286,-6.606348,-13.56367,221.6589,220.9479,25,0.1716226,-0.3140426,-0.1759452,2.63154,-1.34997,0.2480379,0.1618493,-0.2932005,-0.1726556,0.02286694,-0.004360273,0.01120695,3
2014-02-24 18:49:16.127,5280,528,43.63964,3.944985,24.77849,9.602152,305.8891,9,5,1393264146,-0.9582367,-0.2470398,-0.1957092,-12.13372,-6.388887,-13.67751,222.7226,222.0116,25,0.1689808,-0.2640745,-0.1612078,2.633853,-1.356456,0.2518392,0.1557609,-0.3238764,-0.1759342,0.006307367,-0.00331692,0.003707441,3
2014-02-24 18:49:16.246,5281,528.1,43.63964,3.944985,24.77849,9.602152,305.8891,9,5,1393264146,-0.9624939,-0.233017,-0.2036743,-11.91458,-6.715078,-12.88063,220.6574,219.9464,25,0.1615045,-0.2074374,-0.1583132,2.636329,-1.363077,0.255084,0.1531191,-0.2739091,-0.1611962,-0.0113952,0.005286863,0.00384638,3
2014-02-24 18:49:16.403,5282,528.2,43.63964,3.944985,24.77849,9.602152,305.8891,9,5,1393264146,-0.9696655,-0.2229919,-0.216507,-11.805,-7.367462,-13.90519,220.3362,219.6252,25,0.2292316,-0.187719,-0.1672399,2.638431,-1.368053,0.2584869,0.1456429,-0.2172719,-0.1583016,-0.01551766,0.02260106,-0.009006836,3
2014-02-24 18:49:16.587,5283,528.3,43.63969,3.944899,24.98143,9.789432,308.2095,9,5,1393264147,-0.9732819,-0.2379456,-0.2251892,-11.69543,-6.062695,-12.76678,226.6559,225.9449,25,0.2823792,-0.1728253,-0.1985488,2.641306,-1.372571,0.2621829,0.21337,-0.1975536,-0.1672283,-0.01266612,0.0329932,-0.02322497,3
2014-02-24 18:49:16.695,5284,528.4,43.63969,3.944899,24.98143,9.789432,308.2095,9,5,1393264147,-0.9878082,-0.2557068,-0.244751,-11.80501,-4.97539,-13.56367,232.0997,231.3887,25,0.3242566,-0.1770706,-0.2027973,2.644985,-1.375946,0.264396,0.2665181,-0.1826582,-0.1985331,-0.02257397,0.03433654,-0.03153799,3
2014-02-24 18:49:16.772,5285,528.5,43.63969,3.944899,24.98143,9.789432,308.2095,9,5,1393264147,-0.9887543,-0.2625885,-0.2320404,-12.51721,-5.790871,-13.39291,230.378,229.667,25,0.3153849,-0.1666958,-0.1724831,2.64974,-1.38059,0.269303,0.3083956,-0.1869035,-0.2027816,-0.0345378,0.02124758,-0.05080016,3
2014-02-24 18:49:16.894,5286,528.6,43.63969,3.944899,24.98143,9.789432,308.2095,9,5,1393264147,-0.9710236,-0.2431335,-0.245636,-13.72248,-5.682142,-13.27907,229.8318,229.1208,25,0.2446841,-0.08744383,-0.1152803,2.654222,-1.382878,0.2726323,0.2995242,-0.1765241,-0.1724649,-0.04169731,0.01356068,-0.06483667,3
2014-02-24 18:49:16.981,5287,528.7,43.63969,3.944899,24.98143,9.789432,308.2095,9,5,1393264147,-0.9597015,-0.2524261,-0.2541809,-13.83206,-6.98691,-12.70987,225.4079,224.6969,25,0.2359241,0.01564927,-0.1128512,2.658502,-1.386487,0.2759376,0.2288235,-0.09727213,-0.1152621,-0.04288029,0.009860715,-0.05570598,3
2014-02-24 18:49:17.105,5288,528.8,43.63969,3.944899,24.98143,9.789432,308.2095,9,5,1393264147,-0.9597015,-0.2524261,-0.2541809,-13.33899,-7.911118,-11.96991,222.3593,221.6483,25,0.2472146,0.02571309,-0.1409955,2.665128,-1.385466,0.2798134,0.2313546,0.01589073,-0.140973,-0.02320119,0.02892289,-0.07527649,3
2014-02-24 18:49:17.243,5289,528.9,43.63969,3.944899,24.98143,9.789432,308.2095,9,5,1393264147,-0.9537354,-0.2495728,-0.2561188,-12.07893,-8.726593,-9.750015,220.474,219.763,25,0.216429,-0.01072748,-0.132724,2.665128,-1.385466,0.2798134,0.2313546,0.01589073,-0.140973,-0.02320119,0.02892289,-0.07527649,3
2014-02-24 18:49:17.358,5290,529,43.63969,3.944899,24.98143,9.789432,308.2095,9,5,1393264147,-0.9537354,-0.2495728,-0.2561188,-10.43538,-7.530558,-11.1161,226.1335,225.4225,25,0.1904634,-0.02438896,-0.1152435,2.670629,-1.38357,0.2843525,0.1746041,-0.03420325,-0.1152174,-0.01364128,0.03100905,-0.08040371,3
2014-02-24 18:49:17.562,5291,529.1,43.63975,3.944818,25.59998,9.64214,311.1677,9,5,1393264148,-0.9538727,-0.2425995,-0.2581177,-8.956181,-6.280153,-12.19759,231.7228,231.0118,25,0.2113032,-0.04792438,-0.1019093,2.673836,-1.385434,0.2868716,0.1954439,-0.05773863,-0.1018833,-0.01312244,0.03838524,-0.08330005,3
2014-02-24 18:49:17.649,5292,529.2,43.63975,3.944818,25.59998,9.64214,311.1677,9,5,1393264148,-0.9658966,-0.2423553,-0.2611694,-9.17532,-6.062695,-12.65295,234.0821,233.3711,25,0.2185023,-0.05334764,-0.07832517,2.676096,-1.383455,0.2868971,0.2026431,-0.06315466,-0.07829396,-0.01152802,0.04037803,-0.07948324,3
2014-02-24 18:49:17.776,5293,529.3,43.63975,3.944818,25.59998,9.64214,311.1677,9,5,1393264148,-0.9767914,-0.2539825,-0.2465668,-9.175322,-4.323009,-11.74222,236.0389,235.3279,25,0.1913212,-0.06363757,-0.06323543,2.678462,-1.38195,0.286512,0.1754621,-0.0734378,-0.06319897,-0.0237149,0.04025274,-0.08109637,3
2014-02-24 18:49:17.886,5294,529.4,43.63975,3.944818,25.59998,9.64214,311.1677,9,5,1393264148,-0.9652863,-0.2732239,-0.2511902,-10.65452,-4.377374,-11.22994,232.467,231.756,25,0.1864357,-0.01276879,-0.07550994,2.679955,-1.378162,0.2848547,0.1705763,-0.02255913,-0.07546553,-0.03484027,0.0270355,-0.0628361,3
2014-02-24 18:49:18.110,5295,529.5,43.63975,3.944818,25.59998,9.64214,311.1677,9,5,1393264148,-0.9712219,-0.2780609,-0.2482758,-11.42151,-4.159914,-10.20538,229.2156,228.5046,25,0.03937883,-0.01328491,0.001680188,2.681285,-1.371483,0.2844943,0.03838728,-0.003800146,-0.01356346,-0.02840546,0.004518596,-0.06408259,3
2014-02-24 18:49:18.350,5296,529.6,43.63975,3.944818,25.59998,9.64214,311.1677,9,5,1393264148,-0.9914856,-0.2803345,-0.2143707,-10.92844,-1.387287,-12.53911,231.5103,230.7993,25,0.06914312,-0.001963815,-0.02864469,2.681259,-1.368523,0.2834042,0.03590726,-0.01964068,-0.008736775,-0.03585993,0.0008628531,-0.03108534,3
2014-02-24 18:49:18.553,5297,529.7,43.63975,3.944818,25.59998,9.64214,311.1677,9,5,1393264148,-1.000366,-0.289093,-0.2095337,-11.42151,-1.985307,-14.18979,243.2876,242.5766,25,0.06693962,0.03851996,-0.06660033,2.681736,-1.367616,0.2832422,0.05328513,-0.01172922,-0.02858801,-0.04506984,0.001928002,-0.02740056,3
2014-02-24 18:49:18.686,5298,529.8,43.63981,3.94474,26.08765,9.795509,314.7364,9,5,1393264149,-1.003525,-0.2869568,-0.1968994,-13.22942,-2.692051,-13.44983,237.7795,237.0685,25,0.03485093,0.0655364,-0.05896052,2.682427,-1.367136,0.2839984,0.05108128,0.02875539,-0.06654245,-0.05138208,-0.0001383482,-0.0202174,3
2014-02-24 18:49:18.780,5299,529.9,43.63981,3.94474,26.08765,9.795509,314.7364,9,5,1393264149,-1.001785,-0.2779236,-0.1842804,-14.7634,-1.604744,-12.99446,240.8704,240.1594,25,0.004988367,0.09846106,-0.02320226,2.6829,-1.366319,0.2853643,0.01899261,0.05577185,-0.05890264,-0.06011075,0.006391063,-0.01089013,3
2014-02-24 18:49:18.878,5300,530,43.63981,3.94474,26.08765,9.795509,314.7364,9,5,1393264149,-1.001785,-0.2779236,-0.1842804,-14.65383,-0.8436317,-13.10831,246.2804,245.5694,25,-0.05213244,0.1472089,0.03325516,2.682025,-1.362869,0.2851162,-0.0679915,0.1374437,0.03331441,-0.06181888,0.004306664,0.008950941,3
2014-02-24 18:49:18.953,5301,530.1,43.63981,3.94474,26.08765,9.795509,314.7364,9,5,1393264149,-0.9889069,-0.2760773,-0.1656189,-14.37991,-0.02815723,-13.62059,249.1031,248.3921,25,-0.07476692,0.1984548,0.08532768,2.680841,-1.35945,0.2834598,-0.09062594,0.1886896,0.08538693,-0.06305449,0.001755442,0.01712506,3
2014-02-24 18:49:19.080,5302,530.2,43.63981,3.94474,26.08765,9.795509,314.7364,9,5,1393264149,-0.9648438,-0.2775421,-0.158493,-13.22942,-1.387287,-14.36056,249.4889,248.7779,25,-0.1008901,0.2392858,0.1140059,2.679591,-1.356386,0.2804505,-0.1167504,0.2295179,0.1140665,-0.04997943,0.0007113285,0.03883976,3
2014-02-24 18:49:19.155,5303,530.3,43.63981,3.94474,26.08765,9.795509,314.7364,9,5,1393264149,-0.941864,-0.2749939,-0.147522,-12.46243,-1.496017,-13.79136,247.1099,246.3989,25,-0.1330803,0.2471563,0.1370817,2.677526,-1.351332,0.2775915,-0.1489405,0.2373884,0.1371423,-0.02619299,-0.003502007,0.05087929,3
2014-02-24 18:49:19.264,5304,530.4,43.63981,3.94474,26.08765,9.795509,314.7364,9,5,1393264149,-0.9245911,-0.2404327,-0.1456146,-12.51721,-1.767843,-13.27906,245.5404,244.8294,25,-0.08982389,0.1386263,0.1303447,2.675484,-1.348657,0.2742194,-0.1760614,0.1908094,0.1502406,-0.002880629,-0.004198328,0.06456283,3
2014-02-24 18:49:19.393,5305,530.5,43.63981,3.94474,26.08765,9.795509,314.7364,9,5,1393264149,-0.9232025,-0.25354,-0.1582031,-11.80501,-0.7349052,-12.99446,250.3015,249.5905,25,0.04712756,0.1189445,0.08844758,2.6735,-1.345293,0.2710238,-0.1056847,0.1288545,0.1304052,0.01078896,0.01730607,0.05816275,3
2014-02-24 18:49:19.564,5306,530.6,43.63981,3.94474,26.08765,9.795509,314.7364,9,5,1393264149,-0.9462433,-0.26091,-0.1447296,-10.59974,-2.583322,-13.67751,245.7167,245.0057,25,0.03762008,0.09137066,0.05108555,2.674413,-1.345585,0.2684016,0.0312654,0.1091677,0.08850946,0.01629363,0.02469684,0.0658113,3
2014-02-24 18:49:19.650,5307,530.7,43.63988,3.944654,26.16817,9.623615,318.483,9,5,1393264150,-0.953064,-0.263855,-0.1604004,-13.61292,-3.398797,-15.8974,245.7359,245.0249,25,0.07845166,0.1163692,0.01955985,2.675365,-1.344271,0.2673809,0.02175799,0.08159389,0.05114745,0.004661297,0.004974763,0.06124707,3
2014-02-24 18:49:19.749,5308,530.8,43.63988,3.944654,26.16817,9.623615,318.483,9,5,1393264150,-0.942688,-0.2741852,-0.1787415,-13.83206,-2.202766,-15.89739,249.8945,249.1835,25,0.08820896,0.108605,0.03146072,2.676809,-1.344857,0.2667373,0.06258883,0.1065879,0.019622,-0.01103775,0.003652058,0.05470771,3
2014-02-24 18:49:19.856,5309,530.9,43.63988,3.944654,26.16817,9.623615,318.483,9,5,1393264150,-0.933197,-0.2475281,-0.1846771,-12.29807,-2.855151,-14.53131,248.5208,247.8098,25,0.03741075,0.05874587,0.08190285,2.678407,-1.343316,0.2666363,0.07234616,0.09882376,0.03152287,-0.01325313,-0.0003669397,0.05715337,3
2014-02-24 18:49:19.955,5310,531,43.63988,3.944654,26.16817,9.623615,318.483,9,5,1393264150,-0.9246521,-0.2277069,-0.1779022,-12.73636,-3.072614,-15.10052,248.0441,247.3331,25,0.02242675,0.001110006,0.1175152,2.679448,-1.342362,0.265722,0.02154804,0.04896464,0.081965,-0.002850964,-0.01157916,0.03976357,3
2014-02-24 18:49:20.078,5311,531.1,43.63988,3.944654,26.16817,9.623615,318.483,9,5,1393264150,-0.9246521,-0.2277069,-0.1779022,-13.77727,-2.692054,-14.81591,248.7778,248.0668,25,0.05341129,0.004526042,0.08962469,2.68127,-1.343936,0.2625986,0.0375488,-0.005257606,0.08968543,0.01156154,0.02198111,0.03445447,3
2014-02-24 18:49:20.154,5312,531.2,43.63988,3.944654,26.16817,9.623615,318.483,9,5,1393264150,-0.9382935,-0.2317352,-0.223877,-14.16077,-2.746415,-14.98667,249.138,248.427,25,0.1119947,0.02688035,-0.006225672,2.68127,-1.343936,0.2625986,0.0375488,-0.005257606,0.08968543,0.01156154,0.02198111,0.03445447,3
2014-02-24 18:49:20.272,5313,531.3,43.63988,3.944654,26.16817,9.623615,318.483,9,5,1393264150,-0.9382935,-0.2317352,-0.223877,-11.85979,-2.202766,-15.55588,253.6724,252.9614,25,0.1655083,0.05386962,-0.08457294,2.685091,-1.345118,0.2624583,0.1496453,0.04407905,-0.08453667,0.01556113,0.04349778,0.00689096,3
2014-02-24 18:49:20.458,5314,531.4,43.63988,3.944654,26.16817,9.623615,318.483,9,5,1393264150,-0.9529114,-0.247467,-0.2356262,-11.58587,-2.148399,-14.92975,253.0124,252.3014,25,0.1999643,0.0009270463,-0.07668652,2.688005,-1.345612,0.2646865,0.1841014,-0.008863503,-0.07665025,0.002513386,0.0298715,-0.008367317,3
2014-02-24 18:49:20.568,5315,531.5,43.63997,3.944579,26.13845,9.578893,322.1772,9,5,1393264151,-0.9811249,-0.2467499,-0.2242584,-11.14759,-1.169825,-14.81591,256.3598,255.6488,25,0.1861976,-0.07819574,-0.0361612,2.691046,-1.34694,0.2655039,0.1703343,-0.08798493,-0.03612304,-0.01202808,0.01492853,-0.02141325,3
2014-02-24 18:49:20.693,5316,531.6,43.63997,3.944579,26.13845,9.578893,322.1772,9,5,1393264151,-0.9808655,-0.2567291,-0.2270966,-12.51721,-2.311496,-15.3282,252.2322,251.5212,25,0.183364,-0.09256748,0.01204921,2.694187,-1.349679,0.2661997,0.1675008,-0.1023566,0.01208737,-0.03983673,0.01631702,-0.01266345,3
2014-02-24 18:49:20.793,5317,531.7,43.63997,3.944579,26.13845,9.578893,322.1772,9,5,1393264151,-0.9642944,-0.2761841,-0.2433472,-11.96936,-1.876576,-15.66972,254.3291,253.6181,25,0.1931074,0.00269938,0.01003985,2.697533,-1.351475,0.2658072,0.1772436,-0.007090203,0.01008026,-0.04242462,0.01607563,-0.006579997,3
2014-02-24 18:49:20.871,5318,531.8,43.63997,3.944579,26.13845,9.578893,322.1772,9,5,1393264151,-0.9634247,-0.2702026,-0.2394714,-12.40764,-1.767843,-16.12508,254.3742,253.6632,25,0.1459756,0.01515525,0.0540438,2.700583,-1.352238,0.2657273,0.1301119,0.005365713,0.0540842,-0.02962508,-0.004371894,-0.02551376,3
2014-02-24 18:49:20.971,5319,531.9,43.63997,3.944579,26.13845,9.578893,322.1772,9,5,1393264151,-0.9634247,-0.2702026,-0.2394714,-12.79114,-2.148399,-16.182,254.1857,253.4747,25,0.08264055,-0.01419545,0.129974,2.702304,-1.351498,0.2651781,0.07329965,0.0006086673,0.08056583,-0.01831754,-0.01419447,-0.03433727,3
2014-02-24 18:49:21.068,5320,532,43.63997,3.944579,26.13845,9.578893,322.1772,9,5,1393264151,-0.9687805,-0.2619324,-0.2181549,-12.90071,-2.257129,-16.63736,254.3499,253.6389,25,0.08264055,-0.01419545,0.129974,2.704028,-1.35236,0.2632979,0.06677733,-0.02398241,0.1300138,-0.02083131,-0.009936427,-0.03023655,3
2014-02-24 18:49:21.170,5321,532.1,43.63997,3.944579,26.13845,9.578893,322.1772,9,5,1393264151,-0.9837952,-0.2635803,-0.2183228,-14.92776,-3.942451,-15.3282,248.8032,248.0922,25,0.1078966,0.1325301,0.02789688,2.70802,-1.352688,0.2596326,0.08431892,0.04829595,0.08020655,-0.02519357,-0.005206925,-0.009024026,3
2014-02-24 18:49:21.269,5322,532.2,43.63997,3.944579,26.13845,9.578893,322.1772,9,5,1393264151,-1.003738,-0.2769775,-0.1989288,-15.5304,-3.996819,-16.182,250.0379,249.3269,25,0.1252325,0.1857632,0.006428338,2.709867,-1.351364,0.2591174,0.09203364,0.1227444,0.02793695,-0.04035696,-0.00735279,-0.007914118,3
2014-02-24 18:49:21.504,5323,532.3,43.64004,3.944519,27.18008,9.23706,325.1453,9,5,1393264152,-1.012268,-0.2655334,-0.1610718,-15.25647,-4.051182,-16.80812,252.416,251.705,25,0.1193432,0.2873439,-0.04154398,2.712003,-1.349244,0.2595289,0.1093697,0.1759772,0.006467618,-0.04464662,-0.02082533,-0.002931082,3
2014-02-24 18:49:21.705,5324,532.4,43.64004,3.944519,27.18008,9.23706,325.1453,9,5,1393264152,-0.9645386,-0.2827454,-0.1877136,-15.96868,-4.757931,-17.66193,252.4225,251.7115,25,0.1978377,0.4161243,-0.02914271,2.716427,-1.341023,0.2617458,0.1553181,0.3944005,-0.07851256,-0.05966066,-0.002158006,0.04537755,3
2014-02-24 18:49:21.880,5325,532.5,43.64004,3.944519,27.18008,9.23706,325.1453,9,5,1393264152,-0.9143829,-0.1940002,-0.1760864,-15.96868,-5.301584,-17.77576,252.4749,251.7639,25,0.1221376,0.2543654,0.2262731,2.722396,-1.328052,0.2632973,0.09850287,0.3387796,0.108008,-0.02730919,-0.02247972,0.04437014,3
2014-02-24 18:49:21.979,5326,532.6,43.64004,3.944519,27.18008,9.23706,325.1453,9,5,1393264152,-0.9220581,-0.1649017,-0.1763763,-15.63997,-5.410313,-17.66192,252.0648,251.3538,25,0.2190847,0.2463142,0.2601298,2.725326,-1.325066,0.260915,0.1062753,0.244572,0.2263112,0.007504489,0.03228718,0.04632606,3
2014-02-24 18:49:22.079,5327,532.7,43.64004,3.944519,27.18008,9.23706,325.1453,9,5,1393264152,-0.9364624,-0.1905975,-0.187088,-15.80432,-5.790867,-18.06036,251.2936,250.5826,25,0.3059914,0.2813185,0.1597356,2.729638,-1.321808,0.2571347,0.2032224,0.2365208,0.2601679,0.02291581,0.06031027,0.06223526,3
2014-02-24 18:49:22.187,5328,532.8,43.64004,3.944519,27.18008,9.23706,325.1453,9,5,1393264152,-0.9364624,-0.1905975,-0.187088,-17.66702,-5.247217,-18.06037,251.4684,250.7574,25,0.4264397,0.4090964,0.005968676,2.742933,-1.315718,0.2529419,0.4105763,0.3992983,0.006012158,0.005960454,0.07755437,0.06689412,3
2014-02-24 18:49:22.522,5329,532.9,43.64004,3.944519,27.18008,9.23706,325.1453,9,5,1393264152,-0.9625092,-0.2623291,-0.2531891,-13.39377,-5.13849,-18.97109,250.9124,250.2014,25,0.4868,0.4230815,-0.004145743,2.759706,-1.304753,0.2570189,0.4709362,0.4132803,-0.004099987,-0.02091404,0.01080554,0.0234751,3
2014-02-24 18:49:22.632,5330,533,43.64011,3.944467,27.64953,8.276608,326.4883,9,5,1393264153,-0.9750366,-0.2801666,-0.2727203,-13.61292,-6.225794,-19.65413,248.5253,247.8143,25,0.5074025,0.374873,0.04227369,2.769043,-1.299974,0.2588927,0.4915387,0.3650718,0.04231944,-0.03106929,-0.006318753,0.005419638,3
2014-02-24 18:49:22.733,5331,533.1,43.64011,3.944467,27.64953,8.276608,326.4883,9,5,1393264153,-0.9788818,-0.2899628,-0.2629242,-14.59905,-7.204365,-20.10949,246.3112,245.6002,25,0.5022184,0.3388651,0.08011454,2.778484,-1.296116,0.2602337,0.4863547,0.3290637,0.08016024,-0.04493261,-0.02286027,-0.01061355,3
2014-02-24 18:49:22.832,5332,533.2,43.64011,3.944467,27.64953,8.276608,326.4883,9,5,1393264153,-0.9760284,-0.2820587,-0.2658691,-13.83206,-6.878176,-20.45102,248.0769,247.3659,25,0.4750392,0.3104609,0.09772736,2.787674,-1.292779,0.2610284,0.4591756,0.3006595,0.09777305,-0.04706221,-0.02393864,0.00708088,3
2014-02-24 18:49:22.939,5333,533.3,43.64011,3.944467,27.64953,8.276608,326.4883,9,5,1393264153,-0.9680481,-0.2802734,-0.2667542,-15.47561,-4.377374,-17.14964,250.9742,250.2632,25,0.4257478,0.3090191,0.1066527,2.796291,-1.289727,0.2615502,0.4098844,0.2992172,0.1066975,-0.04780699,-0.02949235,0.001165148,3
2014-02-24 18:49:23.046,5334,533.4,43.64011,3.944467,27.64953,8.276608,326.4883,9,5,1393264153,-0.9484558,-0.2499542,-0.2911682,-13.55813,-6.823809,-19.71105,244.2201,243.5091,25,0.3915209,0.3277768,0.07564043,2.804021,-1.286053,0.2619454,0.3756575,0.3179749,0.07568522,-0.04500467,-0.02515854,0.01040308,3
2014-02-24 18:49:23.148,5335,533.5,43.64011,3.944467,27.64953,8.276608,326.4883,9,5,1393264153,-0.9484558,-0.2499542,-0.2911682,-14.65383,-7.367462,-18.34497,240.4689,239.7579,25,0.3569624,0.3627071,0.08317904,2.811092,-1.281963,0.2625071,0.3411622,0.3392582,0.07749218,-0.04044831,-0.009921821,-0.003472571,3
2014-02-24 18:49:23.248,5336,533.6,43.64011,3.944467,27.64953,8.276608,326.4883,9,5,1393264153,-0.930542,-0.2462921,-0.2802582,-15.25647,-7.313099,-17.83269,241.7068,240.9958,25,0.3569624,0.3627071,0.08317904,2.817915,-1.277205,0.2630334,0.3410991,0.3529047,0.08322383,-0.02416752,0.01005655,-0.01173029,3
2014-02-24 18:49:23.415,5337,533.7,43.64011,3.944467,27.64953,8.276608,326.4883,9,5,1393264153,-0.930542,-0.2462921,-0.2802582,-16.73567,-7.041273,-17.54809,243.2447,242.5337,25,0.3751755,0.3596919,0.1138842,2.824544,-1.272398,0.2629898,0.3285302,0.3519357,0.1159597,-0.009382294,0.006657607,-0.008018946,3
2014-02-24 18:49:23.581,5338,533.8,43.64019,3.944402,29.55287,8.217949,326.677,9,5,1393264154,-0.9429169,-0.2368927,-0.2628937,-15.96868,-6.715078,-18.23113,245.0896,244.3786,25,0.4431186,0.3644821,0.08047008,2.831554,-1.267863,0.2623169,0.3593121,0.3498889,0.1139304,-0.008727171,0.01302678,0.007858369,3
2014-02-24 18:49:23.684,5339,533.9,43.64019,3.944402,29.55287,8.217949,326.677,9,5,1393264154,-0.982605,-0.2628479,-0.249527,-11.25715,-7.802385,-17.77577,246.3787,245.6677,25,0.5491241,0.4070053,0.05174575,2.839563,-1.263417,0.262984,0.4272553,0.3546791,0.08051627,-0.02255721,0.02307042,0.029266,3
2014-02-24 18:49:23.770,5340,534,43.64019,3.944402,29.55287,8.217949,326.677,9,5,1393264154,-0.9878693,-0.2898102,-0.2698517,-12.24328,-6.280157,-16.40968,248.3061,247.5951,25,0.6124522,0.4307823,0.1295468,2.849101,-1.259849,0.2639649,0.5332606,0.3971993,0.05179377,-0.04502774,0.02751169,0.03610095,3
2014-02-24 18:49:23.892,5341,534.1,43.64019,3.944402,29.55287,8.217949,326.677,9,5,1393264154,-0.9877014,-0.3065948,-0.2434082,-11.96936,-5.899605,-16.4666,250.6158,249.9048,25,0.6128861,0.4383624,0.2268454,2.860245,-1.254998,0.2655713,0.5965887,0.4209763,0.1295948,-0.07014077,-0.009313677,0.04140234,3
2014-02-24 18:49:23.989,5342,534.2,43.64019,3.944402,29.55287,8.217949,326.677,9,5,1393264154,-0.9777985,-0.3027496,-0.2335663,-10.43538,-6.769444,-17.0358,249.9279,249.2169,25,0.5499417,0.4980617,0.2409082,2.872446,-1.250309,0.2656593,0.5970227,0.4285563,0.2268932,-0.07083023,-0.04024993,0.03716269,3
2014-02-24 18:49:24.071,5343,534.3,43.64019,3.944402,29.55287,8.217949,326.677,9,5,1393264154,-0.9466248,-0.3064117,-0.2312164,-10.54495,-7.204363,-16.69428,247.9254,247.2144,25,0.5205284,0.6109236,0.2090235,2.884139,-1.244778,0.264678,0.5340784,0.4882555,0.2409561,-0.07336521,-0.04499633,0.06571236,3
2014-02-24 18:49:24.169,5344,534.4,43.64019,3.944402,29.55287,8.217949,326.677,9,5,1393264154,-0.8813782,-0.2971191,-0.257843,-10.59973,-6.062695,-16.86504,251.06,250.349,25,0.5255642,0.6685855,0.1862199,2.894744,-1.237122,0.2639128,0.5046652,0.6011174,0.2090714,-0.06566676,-0.04188979,0.08261073,3
2014-02-24 18:49:24.294,5345,534.5,43.64019,3.944402,29.55287,8.217949,326.677,9,5,1393264154,-0.8443604,-0.2851257,-0.2799225,-10.10667,-5.682142,-17.26348,252.3733,251.6623,25,0.4910067,0.6446474,0.2025451,2.905363,-1.228204,0.2637998,0.5097011,0.6587788,0.1862674,-0.03732114,-0.04566098,0.09309201,3
2014-02-24 18:49:24.522,5346,534.6,43.64026,3.944353,29.931,9.209708,326.0821,9,5,1393264155,-0.8143616,-0.2749329,-0.2942963,-12.35286,-5.736509,-16.52352,250.5362,249.8252,25,0.4667512,0.5773206,0.1689493,2.925076,-1.210299,0.263273,0.4508883,0.5675137,0.1689965,0.04198368,-0.02639416,0.07511315,3
2014-02-24 18:49:24.637,5347,534.7,43.64026,3.944353,29.931,9.209708,326.0821,9,5,1393264155,-0.7993469,-0.2664337,-0.3146515,-13.99641,-5.953962,-15.6128,246.921,246.21,25,0.4374756,0.4715614,0.1532766,2.934031,-1.20334,0.2633182,0.4216128,0.4617546,0.1533238,0.0737148,-0.01928578,0.05927754,3
2014-02-24 18:49:24.722,5348,534.8,43.64026,3.944353,29.931,9.209708,326.0821,9,5,1393264155,-0.7993469,-0.2664337,-0.3146515,-13.55813,-5.627775,-16.7512,249.7717,249.0607,25,0.4225425,0.249649,0.05558497,2.942176,-1.198135,0.2637722,0.3998934,0.3536194,0.1166313,0.09777258,-0.01149266,0.05832033,3
2014-02-24 18:49:24.902,5349,534.9,43.64026,3.944353,29.931,9.209708,326.0821,9,5,1393264155,-0.8468323,-0.288559,-0.3472443,-12.40764,-4.594837,-16.80812,252.7485,252.0375,25,0.4055068,0.03868801,-0.08798499,2.95726,-1.193985,0.2679273,0.4125081,0.1122047,-0.03691458,0.08563223,-0.01253414,0.02255395,3
2014-02-24 18:49:25.109,5350,535,43.64026,3.944353,29.931,9.209708,326.0821,9,5,1393264155,-0.9062805,-0.317276,-0.3662567,-12.68157,-4.757931,-16.40968,252.4129,251.7019,25,0.3335167,0.04092986,-0.1637772,2.969418,-1.195541,0.2779903,0.358039,0.01580626,-0.1338684,0.007182216,-0.03223228,-0.003899037,3
2014-02-24 18:49:25.287,5351,535.1,43.64026,3.944353,29.931,9.209708,326.0821,9,5,1393264155,-0.9376984,-0.3036041,-0.3657379,-13.83206,-3.507529,-16.12508,252.4039,251.6929,25,0.2484008,0.07217939,-0.1426107,2.977987,-1.195897,0.2889856,0.2634407,0.0556866,-0.1586318,-0.02036499,-0.03019026,-0.01729142,3
2014-02-24 18:49:25.546,5352,535.2,43.64034,3.944286,25.15673,10.17824,327.0537,9,10,1393264156,-0.9518738,-0.3012238,-0.357132,-12.62678,-4.703568,-16.69428,253.1192,252.4082,25,0.2815358,0.08950272,-0.13425,2.981283,-1.195563,0.2937765,0.2325398,0.06237824,-0.1425715,-0.03880685,-0.02624215,-0.02061081,3
2014-02-24 18:49:25.646,5353,535.3,43.64034,3.944286,25.15673,10.17824,327.0537,9,10,1393264156,-0.9467163,-0.3034515,-0.3707123,-11.96936,-4.703568,-15.10052,250.312,249.601,25,0.3513375,0.1639556,-0.103805,2.984736,-1.19545,0.2977355,0.2656749,0.07970116,-0.1342105,-0.04825141,-0.01024805,-0.01527203,3
2014-02-24 18:49:25.743,5354,535.4,43.64034,3.944286,25.15673,10.17824,327.0537,9,10,1393264156,-0.9447937,-0.3024139,-0.3589935,-12.79114,-5.192854,-15.27128,250.698,249.987,25,0.4002209,0.2065497,-0.06855829,2.9897,-1.195442,0.3009065,0.3354765,0.1541509,-0.1037632,-0.06329947,-0.004837673,-0.007001994,3
2014-02-24 18:49:25.848,5355,535.5,43.64034,3.944286,25.15673,10.17824,327.0537,9,10,1393264156,-0.9447937,-0.3024139,-0.3589935,-12.02415,-5.627773,-14.92976,247.1756,246.4646,25,0.3998467,0.2182359,-0.02409788,3.002673,-1.192678,0.3068504,0.3839851,0.2084289,-0.02405246,-0.06088811,0.003626278,-0.01493912,3
2014-02-24 18:49:25.945,5356,535.6,43.64034,3.944286,25.15673,10.17824,327.0537,9,10,1393264156,-0.8967438,-0.3003998,-0.3486938,-12.1885,-6.008331,-14.30363,244.7485,244.0375,25,0.4362122,0.2564147,0.03805337,3.002673,-1.192678,0.3068504,0.3839851,0.2084289,-0.02405246,-0.06088811,0.003626278,-0.01493912,3
2014-02-24 18:49:26.032,5357,535.7,43.64034,3.944286,25.15673,10.17824,327.0537,9,10,1393264156,-0.8967438,-0.3003998,-0.3486938,-12.79114,-4.540471,-14.01903,248.5522,247.8412,25,0.4305623,0.2536914,0.128355,3.018863,-1.190623,0.3089793,0.4146958,0.2438763,0.1284035,-0.02408076,-3.65291e-05,0.005684701,3
2014-02-24 18:49:26.131,5358,535.8,43.64034,3.944286,25.15673,10.17824,327.0537,9,10,1393264156,-0.8794556,-0.2736969,-0.3223572,-11.03801,-4.540471,-14.36056,249.1469,248.4359,25,0.3980307,0.1951037,0.2036932,3.027496,-1.189767,0.3083858,0.3821642,0.1852878,0.2037421,-0.01225327,0.003121185,0.005638736,3
2014-02-24 18:49:26.257,5359,535.9,43.64034,3.944286,25.15673,10.17824,327.0537,9,10,1393264156,-0.8749237,-0.2508392,-0.3253937,-9.723171,-5.627779,-15.15743,246.8471,246.1361,25,0.4164521,0.1511309,0.2148574,3.036342,-1.190927,0.3061335,0.4005855,0.1413116,0.2149084,0.006078053,0.02767728,0.03120161,3
2014-02-24 18:49:26.593,5360,536,43.64034,3.944286,25.15673,10.17824,327.0537,9,10,1393264156,-0.863678,-0.2590942,-0.3271637,-9.449251,-3.507532,-15.10051,252.593,251.882,25,0.4774377,0.1667698,0.1273076,3.04593,-1.192316,0.3043014,0.4615707,0.1569458,0.1273631,0.01161156,0.04878755,0.0271386,3
2014-02-24 18:49:26.868,5361,536.1,43.64042,3.944226,27.8277,10.35165,327.9331,9,10,1393264157,-0.8623047,-0.26828,-0.3514709,-9.997097,-4.81229,-14.07595,246.9579,246.2469,25,0.5163206,0.1923809,0.03240934,3.055488,-1.192366,0.3057298,0.5004535,0.1825554,0.03246633,0.02247616,0.04189499,0.02516615,3
2014-02-24 18:49:26.967,5362,536.2,43.64042,3.944226,27.8277,10.35165,327.9331,9,10,1393264157,-0.8790894,-0.276001,-0.3662415,-9.394461,-3.996821,-15.04359,250.3527,249.6417,25,0.4952862,0.1990465,-0.1062841,3.063938,-1.191435,0.3101634,0.4794191,0.1892211,-0.1062271,0.02288332,0.04901914,0.01964875,3
2014-02-24 18:49:27.067,5363,536.3,43.64042,3.944226,27.8277,10.35165,327.9331,9,10,1393264157,-0.8790894,-0.276001,-0.3662415,-10.7093,-4.431741,-14.70207,248.3479,247.6369,25,0.4199264,0.1771719,-0.2182397,3.071035,-1.189931,0.3153434,0.4357523,0.1871309,-0.1840493,0.01333443,0.0390095,-0.001036826,3
2014-02-24 18:49:27.195,5364,536.4,43.64042,3.944226,27.8277,10.35165,327.9331,9,10,1393264157,-0.9411011,-0.2885132,-0.3590546,-9.17532,-2.909513,-14.70207,253.449,252.738,25,0.4395215,0.1581694,-0.2037891,3.082261,-1.18738,0.3270672,0.375872,0.1681469,-0.2325332,-0.04894009,0.0403833,-0.009570722,3
2014-02-24 18:49:27.297,5365,536.5,43.64042,3.944226,27.8277,10.35165,327.9331,9,10,1393264157,-0.957962,-0.2971497,-0.3621063,-9.613598,-3.344433,-15.27128,252.9764,252.2654,25,0.5094912,0.1362337,-0.1794406,3.088009,-1.186392,0.3335911,0.4236537,0.1483423,-0.2037266,-0.06518333,0.03892511,-0.00472099,3
2014-02-24 18:49:27.609,5366,536.6,43.6405,3.944165,26.97743,10.81989,328.8296,9,10,1393264158,-0.9880829,-0.3404083,-0.3679962,-9.50403,-3.561896,-15.95432,252.4328,251.7218,25,0.5339097,0.1117052,-0.1519853,3.095136,-1.186246,0.3399954,0.4936235,0.1264067,-0.1793781,-0.08405804,0.03633309,-0.00843831,3
2014-02-24 18:49:27.787,5367,536.7,43.6405,3.944165,26.97743,10.81989,328.8296,9,10,1393264158,-1.037735,-0.3603363,-0.3791504,-9.942312,-1.60475,-17.09272,253.3126,252.6016,25,0.5656874,0.2061225,-0.1396972,3.112123,-1.188184,0.3520211,0.535156,0.1247612,-0.1414223,-0.1221615,0.0004658468,-0.02245854,3
2014-02-24 18:49:27.988,5368,536.8,43.6405,3.944165,26.97743,10.81989,328.8296,9,10,1393264158,-1.0578,-0.4535828,-0.3699188,-10.38059,-1.169827,-15.38511,253.8182,253.1072,25,0.6360531,0.2902923,-0.02839755,3.130383,-1.187195,0.364362,0.5692962,0.2555198,-0.1224276,-0.1762642,-0.01268057,-0.007042201,3
2014-02-24 18:49:28.121,5369,536.9,43.6405,3.944165,26.97743,10.81989,328.8296,9,10,1393264158,-1.069901,-0.4571838,-0.3544312,-9.777958,-1.224191,-14.64515,254.0219,253.3109,25,0.6356843,0.3597869,0.1586179,3.14097,-1.185915,0.3699356,0.6201856,0.2804643,-0.02833386,-0.1931084,-0.03015294,-0.01251366,3
2014-02-24 18:49:28.367,5370,537,43.6405,3.944165,26.97743,10.81989,328.8296,9,10,1393264158,-1.054794,-0.4253235,-0.316452,-8.243973,-0.4630823,-15.44204,254.7693,254.0583,25,0.5569064,0.4238115,0.3038744,-3.129976,-1.184232,0.372856,0.6198168,0.349959,0.1586816,-0.1952295,-0.08930609,-0.01881464,3
2014-02-24 18:49:28.555,5371,537.1,43.64059,3.944095,26.97743,10.81989,328.8296,9,10,1393264159,-0.969162,-0.3796997,-0.3625946,-10.92844,0.1349401,-17.20656,260.0425,259.3315,25,0.4859595,0.5270768,0.3878218,-3.117265,-1.181502,0.3724681,0.5410389,0.4139836,0.3039381,-0.2081609,-0.09326844,-0.0009196553,3
2014-02-24 18:49:28.665,5372,537.2,43.64059,3.944095,26.97743,10.81989,328.8296,9,10,1393264159,-0.969162,-0.3796997,-0.3625946,-10.10667,0.1893024,-14.41747,262.033,261.322,25,0.6004456,0.6728926,0.5118481,-3.092294,-1.17024,0.3655198,0.5845783,0.6630648,0.5119118,-0.1560864,-0.04486321,0.03920444,3
2014-02-24 18:49:28.767,5373,537.3,43.64059,3.944095,26.97743,10.81989,328.8296,9,10,1393264159,-0.7279053,-0.3462982,-0.5131989,-7.970047,-1.061095,-13.79135,258.6348,257.9238,25,0.7100664,0.6703155,0.6513528,-3.092294,-1.17024,0.3655198,0.5845783,0.6630648,0.5119118,-0.1560864,-0.04486321,0.03920444,3
2014-02-24 18:49:28.894,5374,537.4,43.64059,3.944095,26.97743,10.81989,328.8296,9,10,1393264159,-0.7279053,-0.3462982,-0.5131989,-7.915262,-1.006731,-13.73442,258.2373,257.5263,25,0.663558,0.4762081,0.8017851,-3.057206,-1.159588,0.3525796,0.6476908,0.4663806,0.8018488,0.1105413,-0.01640498,-0.1303947,3
2014-02-24 18:49:29.002,5375,537.5,43.64059,3.944095,26.97743,10.81989,328.8296,9,10,1393264159,-0.7319031,-0.3101349,-0.490097,-8.189188,0.02620983,-14.70207,262.5607,261.8497,25,0.5045848,0.2295618,0.8683594,-3.04037,-1.159566,0.3420722,0.4887176,0.2197343,0.868423,0.1356164,-0.01085823,-0.1366217,3
2014-02-24 18:49:29.147,5376,537.6,43.64059,3.944095,26.97743,10.81989,328.8296,9,10,1393264159,-0.7917023,-0.2623444,-0.4160309,-9.558815,-0.6805391,-18.28805,262.7333,262.0223,25,0.3578423,0.09168118,0.7756196,-3.026733,-1.161765,0.330994,0.3419751,0.08185394,0.7756833,0.1358011,0.01484833,-0.1139649,3
2014-02-24 18:49:29.261,5377,537.7,43.64059,3.944095,26.97743,10.81989,328.8296,9,10,1393264159,-0.8588257,-0.2453461,-0.3447723,-9.668388,-0.8979988,-17.71884,261.4696,260.7586,25,0.242941,0.1454336,0.5206003,-3.017187,-1.163006,0.3222787,0.2270739,0.1356064,0.520664,0.07903494,0.05438439,-0.03986653,3
2014-02-24 18:49:29.528,5378,537.8,43.64068,3.944073,28.10411,11.04335,338.4887,9,10,1393264160,-0.8631134,-0.2820892,-0.3318787,-11.36673,-0.9523649,-16.97888,260.8055,260.0945,25,0.2902758,0.3477913,0.2668621,-3.009909,-1.160414,0.3179275,0.2744087,0.3379641,0.2669258,0.03466526,0.05654087,0.007231635,3
2014-02-24 18:49:29.646,5379,537.9,43.64068,3.944073,28.10411,11.04335,338.4887,9,10,1393264160,-0.8497467,-0.2973633,-0.3325653,-13.44857,-0.4087124,-18.11728,262.4808,261.7698,25,0.3403917,0.523896,0.1295441,-3.002962,-1.154719,0.31581,0.3245241,0.5140653,0.1296115,-0.008667037,0.02680359,0.04631219,3
2014-02-24 18:49:29.738,5380,538,43.64068,3.944073,28.10411,11.04335,338.4887,9,10,1393264160,-0.8497467,-0.2973633,-0.3325653,-12.62678,-0.1368837,-19.19877,262.0324,261.3214,25,0.3868279,0.5381564,0.1673903,-2.996319,-1.146703,0.3166308,0.3247503,0.5568627,0.095176,0.007249396,0.01821472,0.05929825,3
2014-02-24 18:49:29.862,5381,538.1,43.64068,3.944073,28.10411,11.04335,338.4887,9,10,1393264160,-0.8222961,-0.3002625,-0.3722229,-13.6677,0.3523998,-19.02801,265.961,265.25,25,0.3868279,0.5381564,0.1673903,-2.988772,-1.139406,0.3169591,0.3709606,0.5283245,0.1674573,0.01338982,0.01431525,0.06474041,3
2014-02-24 18:49:29.983,5382,538.2,43.64068,3.944073,28.10411,11.04335,338.4887,9,10,1393264160,-0.8222961,-0.3002625,-0.3722229,-16.35217,0.6242247,-18.28805,267.7416,267.0306,25,0.5634288,0.3499143,0.269465,-2.979077,-1.133882,0.3166389,0.4750387,0.4254835,0.2468862,0.03062042,0.01039465,0.04345208,3
2014-02-24 18:49:30.068,5383,538.3,43.64068,3.944073,28.10411,11.04335,338.4887,9,10,1393264160,-0.8100281,-0.3114777,-0.3690796,-16.51653,-0.08251953,-17.66193,265.8309,265.1199,25,0.4854799,0.1345645,0.2027776,-2.967532,-1.130772,0.316261,0.5475618,0.3400817,0.2695315,0.03757442,0.0107527,0.03261311,3
2014-02-24 18:49:30.198,5384,538.4,43.64068,3.944073,28.10411,11.04335,338.4887,9,10,1393264160,-0.7837219,-0.3054199,-0.4146576,-16.57132,-1.006728,-16.80812,262.0601,261.3491,25,0.3196986,0.3457824,0.1287375,-2.956209,-1.129309,0.3166643,0.4696132,0.1247317,0.2028435,0.04913597,-7.917841e-05,0.03695997,3
2014-02-24 18:49:30.455,5385,538.5,43.64068,3.944073,28.10411,11.04335,338.4887,9,10,1393264160,-0.790451,-0.2909241,-0.3611755,-16.68088,-0.3543463,-18.06037,261.6265,260.9155,25,0.2870262,0.3472522,0.06036934,-2.949487,-1.126462,0.3161284,0.303832,0.3359497,0.1288034,0.0954446,0.01094716,0.1286941,3
2014-02-24 18:49:30.577,5386,538.6,43.64068,3.944073,28.10411,11.04335,338.4887,9,10,1393264160,-0.7596893,-0.2541504,-0.4274292,-16.95481,-0.2999821,-18.11729,261.9689,261.2579,25,0.1295713,0.3618392,0.05167571,-2.943335,-1.120952,0.3169121,0.271159,0.3374222,0.06043621,0.05777383,0.04568851,0.0331519,3
2014-02-24 18:49:30.684,5387,538.7,43.64078,3.944025,29.85837,11.25303,339.168,9,10,1393264161,-0.753952,-0.2384033,-0.436264,-16.35217,-0.3543491,-18.40189,262.0605,261.3495,25,0.1307569,0.2441586,0.07512458,-2.940135,-1.115837,0.3174937,0.1137046,0.352008,0.05174179,0.08185336,0.03954247,0.02122374,3
2014-02-24 18:49:30.811,5388,538.8,43.64078,3.944025,29.85837,11.25303,339.168,9,10,1393264161,-0.7834015,-0.2344971,-0.4005432,-15.31125,-1.278558,-19.14185,262.3039,261.5929,25,0.2048472,0.08032547,0.06805042,-2.937587,-1.111304,0.3173304,0.1148903,0.2343275,0.07519066,0.1047021,0.07141551,-0.02162756,3
2014-02-24 18:49:31.001,5389,538.9,43.64078,3.944025,29.85837,11.25303,339.168,9,10,1393264161,-0.9167786,-0.2512054,-0.3668671,-16.13304,-0.8980017,-17.37732,267.7723,267.0613,25,0.411819,-0.03055391,-0.2491374,-2.929279,-1.111977,0.3197372,0.3354542,-0.0620809,-0.06878223,0.06773444,0.07982005,0.01989986,3
2014-02-24 18:49:31.138,5390,539,43.64078,3.944025,29.85837,11.25303,339.168,9,10,1393264161,-0.9549866,-0.3010559,-0.3425446,-14.4347,-1.387287,-17.43424,266.6972,265.9862,25,0.3846774,0.1016774,-0.4125775,-2.92357,-1.116359,0.322555,0.3959512,-0.04039225,-0.2490637,-0.01973184,0.08461475,0.03228642,3
2014-02-24 18:49:31.238,5391,539.1,43.64078,3.944025,29.85837,11.25303,339.168,9,10,1393264161,-0.9549866,-0.3010559,-0.3425446,-13.44856,-1.49602,-18.34497,266.6796,265.9686,25,0.3062846,0.2388301,-0.4780166,-2.918253,-1.11402,0.3422297,0.2904169,0.2289919,-0.4779429,-0.09589695,0.05511648,0.06416154,3
2014-02-24 18:49:31.470,5392,539.2,43.64078,3.944025,29.85837,11.25303,339.168,9,10,1393264161,-0.8827515,-0.3680115,-0.4085083,-14.43469,-1.930943,-19.93873,265.8243,265.1133,25,0.1812997,0.3619539,-0.4100325,-2.918253,-1.11402,0.3422297,0.2904169,0.2289919,-0.4779429,-0.09589695,0.05511648,0.06416154,3
2014-02-24 18:49:31.563,5393,539.3,43.64088,3.943981,31.36333,11.53477,340.3818,9,5,1393264162,-0.8827515,-0.3680115,-0.4085083,-14.98254,-2.365862,-19.14185,264.5714,263.8604,25,0.149068,0.2952285,-0.2184746,-2.918028,-1.103652,0.3568657,0.1332006,0.2853858,-0.2183999,-0.107304,0.004063292,0.07108945,3
2014-02-24 18:49:31.634,5394,539.4,43.64088,3.943981,31.36333,11.53477,340.3818,9,5,1393264162,-0.8964539,-0.2987671,-0.3945465,-16.02346,-3.18134,-19.88181,261.7592,261.0482,25,0.03424612,0.08763584,0.01237731,-2.916976,-1.102419,0.3585476,0.01837943,0.07778985,0.01245072,-0.04719323,-0.01709693,0.01422259,3
2014-02-24 18:49:31.752,5395,539.5,43.64088,3.943981,31.36333,11.53477,340.3818,9,5,1393264162,-0.8983307,-0.2939606,-0.4277802,-16.13303,-3.833725,-18.97109,261.798,261.087,25,0.1449809,0.02842125,-0.1290999,-2.91446,-1.105828,0.3579413,0.1291136,0.01856604,-0.1290192,-0.06958427,0.0628101,0.02716828,3
2014-02-24 18:49:31.883,5396,539.6,43.64088,3.943981,31.36333,11.53477,340.3818,9,5,1393264162,-0.8784637,-0.3156891,-0.4702911,-15.63997,-4.323011,-18.80033,261.7282,261.0172,25,0.1731369,0.0955726,-0.1212729,-2.913169,-1.105202,0.3612491,0.1572696,0.0857174,-0.1211922,-0.06757616,0.05774287,0.01262782,3
2014-02-24 18:49:31.996,5397,539.7,43.64088,3.943981,31.36333,11.53477,340.3818,9,5,1393264162,-0.8559723,-0.3673248,-0.5077057,-14.98254,-4.323006,-20.62178,261.2617,260.5507,25,0.1960627,0.1007237,-0.0659673,-2.910981,-1.104092,0.3642127,0.1801955,0.09086854,-0.0658866,-0.054639,0.05991861,-0.02672738,3
2014-02-24 18:49:32.127,5398,539.8,43.64088,3.943981,31.36333,11.53477,340.3818,9,5,1393264162,-0.8559723,-0.3673248,-0.5077057,-14.98254,-5.736504,-18.68649,256.5968,255.8858,25,0.1057933,-0.1156792,0.1734184,-2.908343,-1.10329,0.3629353,0.153479,-0.005832543,0.05681058,-0.03545161,0.02309538,-0.06242894,3
2014-02-24 18:49:32.244,5399,539.9,43.64088,3.943981,31.36333,11.53477,340.3818,9,5,1393264162,-0.8529205,-0.3742523,-0.4910278,-15.36604,-5.464676,-19.99565,258.0941,257.3831,25,0.1057933,-0.1156792,0.1734184,-2.905003,-1.106001,0.3617791,0.0899246,-0.1255342,0.173506,-0.01992302,-0.01338611,-0.0884814,3
2014-02-24 18:49:32.400,5400,540,43.64088,3.943981,31.36333,11.53477,340.3818,9,5,1393264162,-0.8529205,-0.3742523,-0.4910278,-18.10529,-4.159914,-18.85725,261.5933,260.8823,25,-0.02021685,-0.2033268,0.2481422,-2.903521,-1.106799,0.3587443,0.0131653,-0.1935803,0.241474,-0.01130782,-0.02840258,-0.09336964,3
2014-02-24 18:49:32.530,5401,540.1,43.64088,3.943981,31.36333,11.53477,340.3818,9,5,1393264162,-0.8876343,-0.3622131,-0.449585,-16.73567,-5.084123,-19.71105,260.8677,260.1567,25,-0.03114913,-0.1446839,0.2216565,-2.901664,-1.111394,0.3544736,-0.03608606,-0.2131737,0.2482307,-0.01232733,-0.02715559,-0.07518299,3
2014-02-24 18:49:32.648,5402,540.2,43.64098,3.943937,33.56118,11.0757,339.6535,9,5,1393264163,-0.9229279,-0.4197998,-0.3851776,-15.96868,-5.192854,-19.59721,259.6412,258.9302,25,-0.007605189,-0.07447717,0.1906964,-2.900645,-1.114744,0.3500629,-0.04701848,-0.1545298,0.2217454,-0.04428658,-0.01925622,-0.03588794,3
2014-02-24 18:49:32.762,5403,540.3,43.64098,3.943937,33.56118,11.0757,339.6535,9,5,1393264163,-0.9143372,-0.4020081,-0.378418,-15.09212,-4.431741,-18.45881,263.1617,262.4507,25,-0.09257095,0.03247325,0.181798,-2.899338,-1.117172,0.3466187,-0.02347894,-0.08432348,0.190783,-0.07027376,-0.03656213,-0.000571176,3
2014-02-24 18:49:32.862,5404,540.4,43.64098,3.943937,33.56118,11.0757,339.6535,9,5,1393264163,-0.905014,-0.3722229,-0.3726654,-14.92776,-5.029757,-17.37732,260.5622,259.8512,25,-0.1870469,0.1141172,0.1355157,-2.898974,-1.117559,0.342833,-0.1084446,0.02262698,0.1818846,-0.07052055,-0.07175659,0.0349859,3
2014-02-24 18:49:32.975,5405,540.5,43.64098,3.943937,33.56118,11.0757,339.6535,9,5,1393264163,-0.8806,-0.3838196,-0.3800964,-15.74953,-4.6492,-18.45881,262.1133,261.4023,25,-0.2670642,0.1814582,0.1293974,-2.899734,-1.118096,0.3406538,-0.2029184,0.1042669,0.1355966,-0.06018198,-0.04805295,0.03770393,3
2014-02-24 18:49:33.131,5406,540.6,43.64098,3.943937,33.56118,11.0757,339.6535,9,5,1393264163,-0.8363495,-0.3712006,-0.4303894,-16.13303,-3.181337,-19.08493,269.3082,268.5972,25,-0.3118697,0.1623671,0.1948473,-2.903147,-1.114227,0.3362709,-0.2829357,0.1716079,0.1294783,-0.05771529,-0.04225377,0.04351389,3
2014-02-24 18:49:33.251,5407,540.7,43.64098,3.943937,33.56118,11.0757,339.6535,9,5,1393264163,-0.8091278,-0.3670502,-0.4632721,-15.96868,-4.105549,-18.91417,264.3689,263.6579,25,-0.3625521,-0.02118784,0.2512879,-2.906492,-1.111729,0.3328493,-0.3277392,0.1525137,0.1949227,-0.03333613,-0.05708231,0.03869555,3
2014-02-24 18:49:33.433,5408,540.8,43.64098,3.943937,33.56118,11.0757,339.6535,9,5,1393264163,-0.7896271,-0.3737793,-0.5020142,-15.63997,-4.866663,-18.34497,261.1208,260.4098,25,-0.4020319,-0.1934627,0.2901296,-2.910716,-1.10951,0.3260668,-0.3784215,-0.03104114,0.2513633,0.01194797,-0.05088103,-0.008741661,3
2014-02-24 18:49:33.587,5409,540.9,43.64108,3.943891,35.55479,11.0436,338.5826,9,5,1393264164,-0.782608,-0.3661041,-0.5244141,-15.1469,-4.59484,-18.85725,261.9604,261.2494,25,-0.5096042,-0.3228351,0.3736492,-2.915448,-1.110722,0.3181114,-0.4179012,-0.2033159,0.290205,0.04381341,-0.04931781,-0.03764386,3
2014-02-24 18:49:33.792,5410,541,43.64108,3.943891,35.55479,11.0436,338.5826,9,5,1393264164,-0.8097839,-0.3605652,-0.5306244,-14.10599,-4.540471,-17.77577,261.3859,260.6749,25,-0.7174945,-0.5497795,0.3996758,-2.937571,-1.124408,0.2865359,-0.7333633,-0.5596238,0.3997454,0.07748558,-0.07837664,-0.1103962,3
2014-02-24 18:49:33.895,5411,541.1,43.64108,3.943891,35.55479,11.0436,338.5826,9,5,1393264164,-0.8348389,-0.3590698,-0.5416718,-14.16077,-4.921027,-18.51573,260.5783,259.8673,25,-0.8234454,-0.5946993,0.2700544,-2.948862,-1.132313,0.2748147,-0.8393142,-0.6045436,0.270124,0.06163815,-0.08919657,-0.1219893,3
2014-02-24 18:49:33.988,5412,541.2,43.64108,3.943891,35.55479,11.0436,338.5826,9,5,1393264164,-0.8946381,-0.3777313,-0.5461121,-16.2426,-4.051185,-18.62957,263.4746,262.7636,25,-0.9196383,-0.6066295,0.1460707,-2.963163,-1.139937,0.2645367,-0.935507,-0.6164735,0.1461402,0.04216114,-0.09760769,-0.1385483,3
2014-02-24 18:49:34.185,5413,541.3,43.64108,3.943891,35.55479,11.0436,338.5826,9,5,1393264164,-0.9393921,-0.3995819,-0.5367126,-15.31125,-4.323011,-17.3204,259.3246,258.6136,25,-1.047498,-0.6112003,-0.0193476,-2.997705,-1.15438,0.2474902,-1.063367,-0.6210442,-0.01927808,-0.02092959,-0.1374291,-0.1521199,3
2014-02-24 18:49:34.219,5414,541.4,43.64108,3.943891,35.55479,11.0436,338.5826,9,5,1393264164,-0.9393921,-0.3995819,-0.5367126,-14.65383,-4.431741,-18.11729,259.3415,258.6305,25,-1.150938,-0.5960722,-0.01227744,-3.017675,-1.161099,0.2394805,-1.166807,-0.6059161,-0.01220792,-0.03723446,-0.1617125,-0.1584003,3
2014-02-24 18:49:34.339,5415,541.5,43.64108,3.943891,35.55479,11.0436,338.5826,9,5,1393264164,-0.946579,-0.3934174,-0.5319672,-14.70862,-4.159914,-18.97109,259.4983,258.7873,25,-1.257735,-0.504241,0.09372623,-3.017675,-1.161099,0.2394805,-1.166807,-0.6059161,-0.01220792,-0.03723446,-0.1617125,-0.1584003,3
2014-02-24 18:49:34.466,5416,541.6,43.64117,3.943841,34.87265,10.75936,336.9735,9,5,1393264165,-0.9341888,-0.3686523,-0.5183411,-14.98255,-4.431738,-18.11729,259.7883,259.0773,25,-1.422423,-0.4660047,0.2149475,-3.038853,-1.166488,0.2294426,-1.273603,-0.5140849,0.09379574,-0.05312911,-0.1739172,-0.1498242,3
2014-02-24 18:49:34.549,5417,541.7,43.64117,3.943841,34.87265,10.75936,336.9735,9,5,1393264165,-0.9259491,-0.3407288,-0.4950409,-14.70862,-4.594831,-18.06037,259.196,258.485,25,-1.607472,-0.4658324,0.2729966,-3.06186,-1.170441,0.2166421,-1.438291,-0.4758486,0.215017,-0.04718324,-0.1784659,-0.1513319,3
2014-02-24 18:49:34.655,5418,541.8,43.64117,3.943841,34.87265,10.75936,336.9735,9,5,1393264165,-0.9210815,-0.2947998,-0.4758148,-15.42083,-4.431738,-17.66193,259.4175,258.7065,25,-1.785836,-0.4910374,0.269183,-3.087195,-1.173864,0.2010881,-1.62334,-0.4756762,0.2730662,-0.03052096,-0.1689168,-0.1395403,3
2014-02-24 18:49:34.776,5419,541.9,43.64117,3.943841,34.87265,10.75936,336.9735,9,5,1393264165,-0.9291534,-0.2633209,-0.4254303,-15.09212,-4.866663,-16.86504,256.993,256.282,25,-1.946782,-0.5095037,0.2408358,-3.115535,-1.177514,0.1839133,-1.801704,-0.5008811,0.2692525,-0.0178698,-0.1578505,-0.1182817,3
2014-02-24 18:49:34.880,5420,542,43.64117,3.943841,34.87265,10.75936,336.9735,9,5,1393264165,-0.9398804,-0.2048035,-0.3684387,-14.16077,-3.507529,-17.605,259.6029,258.8919,25,-2.030504,-0.5293464,0.2496101,3.136094,-1.181471,0.1660174,-1.962651,-0.5193474,0.2409053,-0.01322936,-0.1444976,-0.1131118,3
2014-02-24 18:49:34.969,5421,542.1,43.64117,3.943841,34.87265,10.75936,336.9735,9,5,1393264165,-0.9398804,-0.2048035,-0.3684387,-14.10598,-4.431738,-19.02801,256.0961,255.3851,25,-2.065252,-0.5123451,0.2831305,3.06814,-1.191291,0.128433,-2.08112,-0.5221887,0.2832,-0.01303661,-0.09602562,-0.03105859,3
2014-02-24 18:49:35.068,5422,542.2,43.64117,3.943841,34.87265,10.75936,336.9735,9,5,1393264165,-0.9491577,-0.1223602,-0.3096466,-15.63997,-4.105546,-17.66193,254.9473,254.2363,25,-2.029089,-0.4954766,0.3736426,3.034452,-1.196815,0.1084131,-2.044957,-0.5053202,0.3737121,-0.01548754,-0.06042406,0.0276082,3
2014-02-24 18:49:35.181,5423,542.3,43.64126,3.943793,35.08828,10.19526,336.3005,9,5,1393264166,-0.9364014,-0.07159424,-0.2874451,-16.51653,-4.431741,-15.95432,251.4635,250.7525,25,-1.814749,-0.3785843,0.3276362,3.00264,-1.202193,0.08822849,-1.940597,-0.4329682,0.391605,-0.01995451,-0.03424616,0.0492647,3
2014-02-24 18:49:35.318,5424,542.4,43.64126,3.943793,35.08828,10.19526,336.3005,9,5,1393264166,-0.9180603,-0.04296875,-0.2728271,-16.13303,-4.051185,-16.69428,254.1993,253.4883,25,-1.810702,-0.3743752,0.2830559,2.972387,-1.207269,0.06959675,-1.830617,-0.3884279,0.3277057,-0.004015726,-0.002053661,0.06726766,3
2014-02-24 18:49:35.515,5425,542.5,43.64126,3.943793,35.08828,10.19526,336.3005,9,5,1393264166,-0.899231,-0.04022217,-0.2482452,-12.13372,-4.105549,-15.27128,253.2389,252.5279,25,-1.842774,-0.4696381,0.30714,2.942593,-1.212505,0.05257002,-1.82657,-0.3842187,0.2831254,0.01714329,0.009577058,0.07736304,3
2014-02-24 18:49:35.711,5426,542.6,43.64126,3.943793,35.08828,10.19526,336.3005,9,5,1393264166,-0.8937683,0.006118774,-0.1705017,-10.92844,-4.323006,-14.01903,251.2875,250.5765,25,-1.756218,-0.7353382,0.447818,2.882716,-1.229022,0.01777,-1.759387,-0.6096251,0.3786461,0.03414539,0.008598536,0.07677483,3
2014-02-24 18:49:35.887,5427,542.7,43.64126,3.943793,35.08828,10.19526,336.3005,9,5,1393264166,-0.8865509,0.06433105,-0.09671021,-11.75022,-4.377374,-16.69428,251.5624,250.8514,25,-1.728958,-0.8349351,0.4396669,2.825566,-1.256723,-0.01910695,-1.788041,-0.8302498,0.4556029,0.06271066,0.004865774,0.1461132,3
2014-02-24 18:49:36.084,5428,542.8,43.64126,3.943793,35.08828,10.19526,336.3005,9,5,1393264166,-0.9236755,0.1441803,-0.06555176,-13.72248,-3.181337,-17.0358,255.3525,254.6415,25,-1.754033,-0.657017,0.3180328,2.76782,-1.289856,-0.05367716,-1.737261,-0.8132015,0.4125196,0.07286049,0.01067967,0.1801495,3
2014-02-24 18:49:36.187,5429,542.9,43.64126,3.943793,35.08828,10.19526,336.3005,9,5,1393264166,-0.9236755,0.1441803,-0.06555176,-13.28421,-3.072611,-17.71885,256.1264,255.4154,25,-1.693888,-0.5025265,0.1610794,2.707659,-1.318054,-0.08126035,-1.709755,-0.5123698,0.161149,0.04485415,0.0429593,0.1770453,3
2014-02-24 18:49:36.471,5430,543,43.64134,3.943747,36.83515,9.984608,335.5548,9,5,1393264167,-0.907547,0.1554413,-0.1151886,-12.07893,-2.963878,-17.49116,255.8636,255.1526,25,-1.47283,-0.3205586,-0.1165991,2.650266,-1.337841,-0.09655542,-1.513872,-0.3255118,-0.04760587,0.05083848,0.05540423,0.1330231,3
2014-02-24 18:49:36.568,5431,543.1,43.64134,3.943747,36.83515,9.984608,335.5548,9,5,1393264167,-0.9597321,0.2786102,-0.07670593,-12.24329,-3.126973,-17.66192,255.9623,255.2513,25,-1.47283,-0.3205586,-0.1165991,2.622616,-1.346571,-0.1011591,-1.488697,-0.3304017,-0.1165295,0.06243541,0.05445459,0.1060258,3
2014-02-24 18:49:36.697,5432,543.2,43.64134,3.943747,36.83515,9.984608,335.5548,9,5,1393264167,-0.9597321,0.2786102,-0.07670593,-11.4763,-5.192856,-16.06816,246.9516,246.2406,25,-1.151134,-0.1104666,-0.5179356,2.595248,-1.354634,-0.1036794,-1.358548,-0.1944843,-0.2538595,0.07812652,0.1501226,0.198057,3
2014-02-24 18:49:36.782,5433,543.3,43.64134,3.943747,36.83515,9.984608,335.5548,9,5,1393264167,-1.000946,0.2170715,-0.1605988,-12.46243,-4.214281,-16.97888,251.5986,250.8876,25,-0.8165758,0.07895793,-0.6808054,2.570913,-1.360932,-0.1012953,-1.167001,-0.1203096,-0.5178661,0.01331366,0.1774881,0.1305532,3
2014-02-24 18:49:36.885,5434,543.4,43.64134,3.943747,36.83515,9.984608,335.5548,9,5,1393264167,-1.045654,0.154129,-0.171402,-12.62679,-4.268648,-16.69428,251.0256,250.3146,25,-0.7119109,0.2415769,-0.714234,2.550881,-1.362378,-0.09339017,-0.8324429,0.06911494,-0.6807359,0.006002139,0.1214367,0.09457614,3
2014-02-24 18:49:37.010,5435,543.5,43.64134,3.943747,36.83515,9.984608,335.5548,9,5,1393264167,-1.093048,0.0967865,-0.2436981,-12.40764,-4.159914,-17.71884,252.6302,251.9192,25,-0.6536678,0.2507585,-0.6140501,2.534347,-1.360544,-0.08324351,-0.727778,0.231734,-0.7141645,-0.05302656,0.102842,0.08241915,3
2014-02-24 18:49:37.231,5436,543.6,43.64134,3.943747,36.83515,9.984608,335.5548,9,5,1393264167,-1.070282,0.07221985,-0.2627563,-14.0512,-3.072611,-16.80812,255.4881,254.7771,25,-0.7270027,0.1435297,-0.2031204,2.504743,-1.354312,-0.06737527,-0.6930917,0.1945731,-0.4330961,-0.1173235,0.01748404,-0.02928177,3
2014-02-24 18:49:37.368,5437,543.7,43.64134,3.943747,36.83515,9.984608,335.5548,9,5,1393264167,-1.028336,0.09100342,-0.2936096,-14.92776,-3.507532,-16.80812,255.9351,255.2241,25,-0.8306596,0.1453639,-0.01526364,2.490424,-1.352273,-0.06502702,-0.7428696,0.1336869,-0.2030509,-0.1091117,0.007452267,-0.0573061,3
2014-02-24 18:49:37.528,5438,543.8,43.64142,3.943704,38.81489,9.27742,335.3686,9,5,1393264168,-0.9269409,0.08781433,-0.2836304,-16.07825,-3.561896,-17.09272,254.452,253.741,25,-0.9066852,0.220444,0.09237201,2.475514,-1.350994,-0.06685334,-0.8465264,0.1355211,-0.01519413,-0.09652141,0.00541629,-0.04520718,3
2014-02-24 18:49:37.641,5439,543.9,43.64142,3.943704,38.81489,9.27742,335.3686,9,5,1393264168,-0.9503174,0.1139832,-0.3240814,-14.21555,-3.779356,-15.95432,252.3177,251.6068,25,-0.9565108,0.2455608,0.1632078,2.459325,-1.348598,-0.07159789,-0.9225519,0.2106012,0.09244151,-0.05541927,0.01946668,-0.07379977,3
2014-02-24 18:49:37.746,5440,544,43.64142,3.943704,38.81489,9.27742,335.3686,9,5,1393264168,-0.9503174,0.1139832,-0.3240814,-13.72248,-3.072611,-16.01124,255.4503,254.7393,25,-0.9994076,0.08778524,0.3180126,2.425302,-1.343951,-0.08697777,-1.015274,0.07794256,0.3180821,0.01488685,-0.002563338,-0.07939688,3
2014-02-24 18:49:37.868,5441,544.1,43.64142,3.943704,38.81489,9.27742,335.3686,9,5,1393264168,-0.949707,0.1231537,-0.2968445,-13.88684,-3.018248,-15.49896,254.6205,253.9095,25,-0.9276083,-0.04558799,0.4373147,2.40925,-1.345963,-0.09833916,-0.9434748,-0.05543064,0.4373842,0.02136044,0.02596477,-0.07206307,3
2014-02-24 18:49:37.987,5442,544.2,43.64142,3.943704,38.81489,9.27742,335.3686,9,5,1393264168,-0.9569855,0.1352386,-0.3009338,-14.4347,-3.561899,-14.81591,251.3949,250.6839,25,-0.8706374,-0.01713052,0.5396443,2.394773,-1.348132,-0.1111595,-0.8865039,-0.02697314,0.5397138,0.01958606,0.01222297,-0.0773786,3
2014-02-24 18:49:38.068,5443,544.3,43.64142,3.943704,38.81489,9.27742,335.3686,9,5,1393264168,-0.9861603,0.1359406,-0.2944489,-14.37991,-2.963881,-15.55587,253.9602,253.2492,25,-0.8709264,0.05220621,0.5647734,2.380994,-1.349498,-0.1248415,-0.8867928,0.04236364,0.5648429,0.01103507,0.01072121,-0.08314576,3
2014-02-24 18:49:38.236,5444,544.4,43.64142,3.943704,38.81489,9.27742,335.3686,9,5,1393264168,-1.023102,0.1717224,-0.2922058,-14.59905,-2.746421,-16.35276,254.6047,253.8937,25,-0.9612131,0.1266791,0.6101035,2.366172,-1.349785,-0.1394052,-0.9770795,0.1168366,0.610173,-0.01994929,-0.003013549,-0.07735883,3
2014-02-24 18:49:38.467,5445,544.5,43.64142,3.943704,38.81489,9.27742,335.3686,9,5,1393264168,-1.025558,0.1956177,-0.3060608,-15.74954,-3.018248,-16.97888,252.3661,251.6551,25,-1.019475,0.1798584,0.6547762,2.35004,-1.349414,-0.1553648,-1.035341,0.1700159,0.6548457,-0.04985844,0.000792274,-0.07601989,3
2014-02-24 18:49:38.550,5446,544.6,43.64149,3.943661,39.64465,8.489759,335.0352,9,5,1393264169,-1.001633,0.1542816,-0.2918396,-14.81819,-3.724992,-16.23892,252.4009,251.6899,25,-1.060868,0.1926877,0.5979441,2.333031,-1.348732,-0.1710822,-1.076734,0.1828453,0.5980135,-0.06829085,0.02343099,-0.0939454,3
2014-02-24 18:49:38.686,5447,544.7,43.64149,3.943661,39.64465,8.489759,335.0352,9,5,1393264169,-1.01297,0.1811371,-0.3370209,-15.36604,-3.724989,-16.69428,252.2676,251.5566,25,-1.054713,0.281033,0.5842368,2.315761,-1.347587,-0.1859201,-1.070579,0.2711906,0.5843062,-0.05591136,0.002496559,-0.09222282,3
2014-02-24 18:49:38.769,5448,544.8,43.64149,3.943661,39.64465,8.489759,335.0352,9,5,1393264169,-1.01297,0.1811371,-0.3370209,-15.09212,-3.670627,-16.97888,252.2673,251.5563,25,-1.150761,0.4457988,0.8714638,2.298436,-1.344109,-0.2024971,-1.102468,0.3886498,0.704855,-0.05960787,-0.013967,-0.1159318,3
2014-02-24 18:49:38.871,5449,544.9,43.64149,3.943661,39.64465,8.489759,335.0352,9,5,1393264169,-1.022156,0.2224884,-0.3042603,-14.87298,-3.779359,-17.20656,252.2503,251.5393,25,-1.250449,0.5696528,1.006551,2.280682,-1.340123,-0.2220091,-1.166632,0.4359559,0.8715315,-0.06335026,-0.03905274,-0.1139988,3
2014-02-24 18:49:39.014,5450,545,43.64149,3.943661,39.64465,8.489759,335.0352,9,5,1393264169,-1.013245,0.2760925,-0.3123627,-15.74954,-2.909513,-16.52352,254.4592,253.7482,25,-1.27778,0.7134681,1.016616,2.262082,-1.334861,-0.2447763,-1.26632,0.5598099,1.006618,-0.07884232,-0.01985092,-0.07747534,3
2014-02-24 18:49:39.162,5451,545.1,43.64149,3.943661,39.64465,8.489759,335.0352,9,5,1393264169,-0.9852295,0.3243713,-0.3104401,-14.32512,-3.561899,-16.63736,256.9325,256.2215,25,-1.231675,0.8955175,0.9179144,2.2425,-1.327775,-0.2689368,-1.29365,0.7036252,1.016684,-0.07751894,0.01038594,-0.0803768,3
2014-02-24 18:49:39.274,5452,545.2,43.64149,3.943661,39.64465,8.489759,335.0352,9,5,1393264169,-1.005219,0.3618164,-0.2992401,-16.02346,-3.3988,-16.01124,251.761,251.05,25,-1.136598,1.004525,0.7089505,2.223225,-1.317892,-0.2920583,-1.247545,0.8856747,0.917982,-0.05803927,0.03644733,-0.07081939,3
2014-02-24 18:49:39.453,5453,545.3,43.64156,3.943615,40.70486,7.038114,333.8819,9,5,1393264170,-1.026871,0.3989868,-0.3329468,-16.46174,-2.746418,-17.0358,256.0414,255.3304,25,-1.018215,1.089933,0.3608413,2.204916,-1.30528,-0.3120786,-1.152468,0.9946818,0.7090182,-0.07243643,0.04336534,-0.06487329,3
2014-02-24 18:49:39.555,5454,545.4,43.64156,3.943615,40.70486,7.038114,333.8819,9,5,1393264170,-1.037201,0.3682404,-0.3376923,-16.46174,-2.855148,-16.69428,255.7402,255.0292,25,-0.8173353,1.132906,0.0127656,2.187052,-1.291315,-0.3264189,-1.034085,1.08009,0.360909,-0.1112995,0.0673474,-0.05491715,3
2014-02-24 18:49:39.669,5455,545.5,43.64156,3.943615,40.70486,7.038114,333.8819,9,5,1393264170,-0.8790588,0.2559052,-0.3428497,-15.1469,-3.181337,-17.37733,254.8638,254.1528,25,-0.8250604,1.211216,-0.1089031,2.155978,-1.259325,-0.3357993,-0.7285842,1.187157,-0.1521954,-0.1384825,0.03871639,-0.04834973,3
2014-02-24 18:49:39.779,5456,545.6,43.64156,3.943615,40.70486,7.038114,333.8819,9,5,1393264170,-0.7938232,0.2667999,-0.3663177,-15.03733,-3.616262,-17.0358,253.399,252.688,25,-0.9605873,1.182118,0.06839131,2.140237,-1.242091,-0.3378134,-0.8409305,1.201373,-0.1088354,-0.06282669,-0.05292144,-0.04908008,3
2014-02-24 18:49:39.900,5457,545.7,43.64156,3.943615,40.70486,7.038114,333.8819,9,5,1393264170,-0.7938232,0.2667999,-0.3663177,-15.69475,-4.81229,-16.92196,247.4227,246.7117,25,-1.010258,1.040673,0.1455468,2.104913,-1.211457,-0.3520971,-1.026128,1.03083,0.1456145,0.08487593,-0.07806708,-0.03623515,3
2014-02-24 18:49:40.019,5458,545.8,43.64156,3.943615,40.70486,7.038114,333.8819,9,5,1393264170,-0.7299652,0.4073181,-0.3266296,-15.47561,-4.703564,-17.605,249.6515,248.9405,25,-1.063946,0.9663064,0.2525095,2.104913,-1.211457,-0.3520971,-1.026128,1.03083,0.1456145,0.08487593,-0.07806708,-0.03623515,3
2014-02-24 18:49:40.148,5459,545.9,43.64156,3.943615,40.70486,7.038114,333.8819,9,5,1393264170,-0.7299652,0.4073181,-0.3266296,-15.47561,-4.377374,-18.74341,252.6512,251.9402,25,-0.863914,1.032828,0.1575872,2.070456,-1.18811,-0.3730721,-0.8797839,1.022985,0.1576549,0.1390449,-0.009146527,0.02154041,3
2014-02-24 18:49:40.250,5460,546,43.64156,3.943615,40.70486,7.038114,333.8819,9,5,1393264170,-0.749588,0.4111938,-0.4039307,-15.58518,-3.507529,-18.97109,254.6966,253.9856,25,-0.7002484,1.01581,-0.1445095,2.055539,-1.17449,-0.3785442,-0.7161182,1.005967,-0.1444418,0.1263642,0.04542514,-0.01384271,3
2014-02-24 18:49:40.437,5461,546.1,43.6416,3.943572,37.14703,6.000408,332.7245,9,5,1393264171,-0.8022461,0.3473969,-0.4206543,-16.68089,-4.377378,-19.19877,251.6051,250.8941,25,-0.3826361,0.7915469,-0.4313735,2.043594,-1.16299,-0.3762852,-0.3985058,0.7817045,-0.4313058,0.1041787,0.04372571,-0.03508179,3
2014-02-24 18:49:40.559,5462,546.2,43.6416,3.943572,37.14703,6.000408,332.7245,9,5,1393264171,-0.8373871,0.2984009,-0.4099884,-17.66702,-4.268644,-18.51573,252.2134,251.5024,25,-0.2254115,0.584656,-0.5170003,2.034208,-1.154241,-0.3700965,-0.2412812,0.5748137,-0.5169326,0.05032438,-0.01430855,-0.04343714,3
2014-02-24 18:49:40.651,5463,546.3,43.6416,3.943572,37.14703,6.000408,332.7245,9,5,1393264171,-0.8664856,0.2638702,-0.4451752,-18.59836,-4.97539,-18.57265,252.0715,251.3605,25,-0.1784334,0.4580123,-0.5246978,2.026244,-1.147926,-0.3626275,-0.194303,0.44817,-0.5246302,0.01522413,-0.05633119,-0.02629676,3
2014-02-24 18:49:40.781,5464,546.4,43.6416,3.943572,37.14703,6.000408,332.7245,9,5,1393264171,-0.8948669,0.2218323,-0.4139862,-19.09143,-4.812293,-19.76797,251.9514,251.2404,25,-0.2095655,0.2939882,-0.454183,2.018275,-1.144294,-0.3559663,-0.225435,0.284146,-0.4541153,-0.003604391,-0.06579666,-0.04379452,3
2014-02-24 18:49:40.867,5465,546.5,43.6416,3.943572,37.14703,6.000408,332.7245,9,5,1393264171,-0.8904724,0.1998901,-0.3981628,-19.80364,-4.866663,-19.14185,251.8041,251.0931,25,-0.2614295,0.1795098,-0.2623469,2.010828,-1.143249,-0.3523674,-0.277299,0.1696676,-0.2622792,-0.03777135,-0.1184972,-0.04041658,3
2014-02-24 18:49:40.994,5466,546.6,43.6416,3.943572,37.14703,6.000408,332.7245,9,5,1393264171,-0.8602753,0.2743225,-0.3603058,-19.14622,-5.519043,-18.68649,246.2896,245.5786,25,-0.3142117,0.1982998,-0.1293034,2.003698,-1.142365,-0.3518846,-0.3300811,0.1884576,-0.1292357,-0.03779641,-0.1328603,-0.01804711,3
2014-02-24 18:49:41.079,5467,546.7,43.6416,3.943572,37.14703,6.000408,332.7245,9,5,1393264171,-0.8602753,0.2743225,-0.3603058,-18.32444,-6.33452,-16.92196,240.5905,239.8795,25,-0.219869,0.4552711,-0.1180009,1.996871,-1.140604,-0.3532834,-0.3368591,0.2705298,-0.06440745,-0.01463128,-0.1094844,0.02141614,3
2014-02-24 18:49:41.187,5468,546.8,43.6416,3.943572,37.14703,6.000408,332.7245,9,5,1393264171,-0.8427734,0.2812958,-0.4450226,-18.1053,-6.117062,-16.12508,240.5462,239.8352,25,-0.130908,0.3480515,-0.1466006,1.991122,-1.135479,-0.3539708,-0.2357383,0.445429,-0.1179333,-0.0097533,-0.07230265,0.03524873,3
2014-02-24 18:49:41.322,5469,546.9,43.64163,3.943541,38.97874,4.307923,328.8988,9,5,1393264172,-0.8139191,0.1754761,-0.5024261,-17.7218,-6.062695,-17.66193,241.7243,241.0133,25,-0.1734679,-0.09880567,-0.1414751,1.986719,-1.129247,-0.352998,-0.1467772,0.3382094,-0.1465329,0.005571316,-0.06441672,-0.04403125,3
2014-02-24 18:49:41.535,5470,547,43.64163,3.943541,38.97874,4.307923,328.8988,9,5,1393264172,-0.8129578,0.1130371,-0.4395447,-17.61223,-4.86666,-19.14185,248.5491,247.8381,25,-0.3566814,-0.4953544,0.05419772,1.982621,-1.129314,-0.3515921,-0.1893371,-0.1086477,-0.1414074,0.03489136,-0.1689169,-0.1012848,3
2014-02-24 18:49:41.645,5471,547.1,43.64163,3.943541,38.97874,4.307923,328.8988,9,5,1393264172,-0.8161926,0.1953125,-0.3855591,-18.87229,-4.921027,-17.49116,248.376,247.665,25,-0.4432834,-0.550954,0.2721063,1.976877,-1.138227,-0.3533273,-0.3725506,-0.5051964,0.0542654,0.03367757,-0.2141703,-0.08447399,3
2014-02-24 18:49:41.763,5472,547.2,43.64163,3.943541,38.97874,4.307923,328.8988,9,5,1393264172,-0.855484,0.233429,-0.3424072,-19.31057,-4.268641,-17.14964,249.2399,248.5289,25,-0.4346977,-0.3413515,0.3956656,1.970695,-1.150882,-0.3601257,-0.4591525,-0.560796,0.272174,0.0485344,-0.2032982,-0.01918086,3
2014-02-24 18:49:41.898,5473,547.3,43.64163,3.943541,38.97874,4.307923,328.8988,9,5,1393264172,-0.8746185,0.2280884,-0.3143158,-19.03665,-4.431738,-17.88961,249.5749,248.8639,25,-0.3172815,0.02364381,0.4284246,1.964986,-1.16132,-0.3696503,-0.4505667,-0.3511934,0.3957333,0.01720188,-0.1343301,0.01347956,3
2014-02-24 18:49:41.985,5474,547.4,43.64163,3.943541,38.97874,4.307923,328.8988,9,5,1393264172,-0.9000549,0.2084351,-0.3505402,-19.14622,-5.08412,-18.45881,247.8451,247.1341,25,-0.17715,0.3656155,0.394759,1.961307,-1.165128,-0.3796701,-0.3331505,0.01380189,0.4284923,-0.002078459,-0.1371852,0.02412265,3
2014-02-24 18:49:42.137,5475,547.5,43.64163,3.943541,38.97874,4.307923,328.8988,9,5,1393264172,-0.8832855,0.2249451,-0.3592529,-19.14622,-5.410313,-18.68649,246.449,245.738,25,-0.01604182,0.5040008,0.5369021,1.959997,-1.161208,-0.3884931,-0.1930189,0.3557736,0.3948267,-0.02568883,-0.1507058,0.05423991,3
2014-02-24 18:49:42.249,5476,547.6,43.64168,3.943477,36.00249,3.329933,313.3153,9,5,1393264173,-0.8993835,0.318985,-0.5103302,-18.8175,-5.410313,-15.95432,243.1865,242.4755,25,0.1129092,0.6659935,0.5435983,1.961947,-1.15204,-0.3973581,-0.03191065,0.494159,0.5369697,-0.05764085,-0.1785485,0.02440278,3
2014-02-24 18:49:42.413,5477,547.7,43.64168,3.943477,36.00249,3.329933,313.3153,9,5,1393264173,-0.8993835,0.318985,-0.5103302,-17.39309,-3.779356,-16.86504,246.6477,245.9367,25,0.1504532,0.5670962,0.3290724,1.973736,-1.124545,-0.412951,0.1345844,0.5572544,0.3291401,-0.06438128,-0.1505205,-0.0003066393,3
2014-02-24 18:49:42.552,5478,547.8,43.64168,3.943477,36.00249,3.329933,313.3153,9,5,1393264173,-1.025192,0.2205963,-0.4369354,-14.70862,-3.724992,-16.92196,251.359,250.648,25,0.1349895,0.08282804,-0.119169,1.973736,-1.124545,-0.412951,0.1345844,0.5572544,0.3291401,-0.06438128,-0.1505205,-0.0003066393,3
2014-02-24 18:49:42.645,5479,547.9,43.64168,3.943477,36.00249,3.329933,313.3153,9,5,1393264173,-1.025192,0.2205963,-0.4369354,-16.13303,-4.812293,-14.07596,241.0439,240.3329,25,0.1665858,0.06640193,-0.2195923,1.97713,-1.118154,-0.4081662,0.1507172,0.05656024,-0.2195246,-0.1602543,-0.1570586,-0.00594792,3
2014-02-24 18:49:42.747,5480,548,43.64168,3.943477,36.00249,3.329933,313.3153,9,5,1393264173,-1.058319,0.2232666,-0.4441681,-15.91389,-3.398797,-15.21436,249.6649,248.9539,25,0.1684543,-0.05412981,-0.1280688,1.978643,-1.117639,-0.403954,0.1525857,-0.06397148,-0.1280011,-0.1984855,-0.1724609,-0.03436622,3
2014-02-24 18:49:42.877,5481,548.1,43.64168,3.943477,36.00249,3.329933,313.3153,9,5,1393264173,-1.035889,0.2683258,-0.3535156,-14.81819,-3.181337,-15.78356,252.4379,251.7269,25,-0.07738294,-0.2158239,0.01543994,1.978614,-1.120547,-0.4030864,-0.09325143,-0.2256655,0.01550761,-0.2301384,-0.1689927,-0.04385646,3
2014-02-24 18:49:42.956,5482,548.2,43.64168,3.943477,36.00249,3.329933,313.3153,9,5,1393264173,-0.9535828,0.3798065,-0.2724609,-14.27034,-3.18134,-16.4666,252.4577,251.7467,25,-0.1722708,-0.1676604,0.1771199,1.976586,-1.125854,-0.4067292,-0.1881393,-0.1775019,0.1771876,-0.2068906,-0.1272817,0.04177793,3
2014-02-24 18:49:43.095,5483,548.3,43.64168,3.943477,36.00249,3.329933,313.3153,9,10,1393264174,-0.9301758,0.3477173,-0.3607025,-14.27034,-3.616262,-16.4666,252.448,251.737,25,-0.3045937,0.2088637,0.04899817,1.97261,-1.126536,-0.4103303,-0.3204621,0.1990222,0.04906584,-0.1680719,-0.03938463,0.0832909,3
2014-02-24 18:49:43.183,5484,548.4,43.64168,3.943477,36.00249,3.329933,313.3153,9,10,1393264174,-0.8803406,0.35672,-0.3406677,-13.01028,-3.45317,-16.52352,253.1617,252.4507,25,-0.3532766,0.3800323,-0.04346918,1.966082,-1.122934,-0.4127666,-0.3691449,0.3701908,-0.04340151,-0.0913352,0.01645741,0.08342338,3
2014-02-24 18:49:43.367,5485,548.5,43.64168,3.943477,36.00249,3.329933,313.3153,9,10,1393264174,-0.8803406,0.35672,-0.3406677,-12.13371,-4.975393,-15.0436,249.9021,249.1911,25,-0.3834017,-0.05537777,0.2479019,1.958538,-1.121364,-0.4170577,-0.4501531,0.1351085,0.1188303,-0.09267753,-0.09861462,0.02917289,3
2014-02-24 18:49:43.516,5486,548.6,43.64168,3.943477,36.00249,3.329933,313.3153,9,10,1393264174,-0.8218994,0.5660706,-0.3200989,-12.68157,-3.235703,-14.58824,251.2832,250.5722,25,-0.3834017,-0.05537777,0.2479019,1.952451,-1.124218,-0.4238218,-0.3992699,-0.0652192,0.2479696,-0.01528686,0.03945174,0.07621188,3
2014-02-24 18:49:43.618,5487,548.7,43.64168,3.943477,36.00249,3.329933,313.3153,9,10,1393264174,-0.8218994,0.5660706,-0.3200989,-11.805,-3.126973,-15.38512,252.9997,252.2887,25,-0.1977365,-0.000602407,0.2573626,1.948497,-1.126696,-0.4309309,-0.2962817,-0.03462451,0.2897192,0.01250528,0.1032488,0.084428,3
2014-02-24 18:49:43.805,5488,548.8,43.64168,3.943477,36.00249,3.329933,313.3153,9,10,1393264174,-0.7924957,0.3982086,-0.4004364,-11.96936,-4.159914,-15.8974,253.2981,252.5871,25,-0.06176723,0.316816,0.1335676,1.946196,-1.12542,-0.4424555,-0.04621127,0.263627,0.2106121,-0.008779823,0.06324948,0.08438097,3
2014-02-24 18:49:43.935,5489,548.9,43.64168,3.943477,36.00249,3.329933,313.3153,9,10,1393264174,-0.8576813,0.4044647,-0.4295197,-11.53108,-4.159911,-14.64515,253.0099,252.2989,25,-0.1211565,0.04619652,0.3667407,1.946933,-1.119472,-0.4456817,-0.07763521,0.3069747,0.1336353,-0.009580261,0.04289541,0.03121736,3
2014-02-24 18:49:44.065,5490,549,43.64168,3.943477,36.00249,3.329933,313.3153,9,10,1393264174,-0.8204193,0.459198,-0.3329315,-11.85979,-4.268641,-14.87284,252.8907,252.1797,25,-0.09544183,-0.2172506,0.4223483,1.9471,-1.116339,-0.4508409,-0.1370244,0.03635527,0.3668084,-0.03604993,-0.07239554,-0.02419899,3
2014-02-24 18:49:44.171,5491,549.1,43.6417,3.943444,34.34275,1.121342,312.4099,9.047986,10,1393264175,-0.8466797,0.4716339,-0.3479614,-12.13372,-3.344433,-15.49896,252.834,252.123,25,0.1014281,-0.1523283,0.4142211,1.948588,-1.118817,-0.4594106,-0.1113097,-0.2270918,0.422416,-0.02320362,-0.007400015,-0.000901758,3
2014-02-24 18:49:44.288,5492,549.2,43.6417,3.943444,34.34275,1.121342,312.4099,9.047986,10,1393264175,-0.7823029,0.4368896,-0.4015961,-12.68157,-2.800784,-15.49896,252.8601,252.1491,25,0.2522666,-0.01602557,0.3052409,1.952796,-1.11989,-0.4663112,0.08556031,-0.1621695,0.4142888,0.04225302,3.629952e-05,0.01901487,3
2014-02-24 18:49:44.503,5493,549.3,43.6417,3.943444,34.34275,1.121342,312.4099,9.047986,10,1393264175,-0.8409729,0.4142303,-0.4069672,-12.35286,-3.453163,-16.182,252.8767,252.1657,25,0.3165345,0.06570018,0.2581362,1.959092,-1.119224,-0.470818,0.2363989,-0.02586672,0.3053086,-0.04481402,0.01801845,0.04094018,3
2014-02-24 18:49:44.586,5494,549.4,43.6417,3.943444,34.34275,1.121342,312.4099,9.047986,10,1393264175,-0.8450012,0.4298859,-0.4568787,-11.69544,-3.670627,-16.86504,252.8762,252.1652,25,0.5289773,-0.2151701,0.5069245,1.966819,-1.114326,-0.4726882,0.3006669,0.05585907,0.2582039,0.01688561,-0.0183917,-0.009146463,3
2014-02-24 18:49:44.788,5495,549.5,43.6417,3.943444,34.34275,1.121342,312.4099,9.047986,10,1393264175,-0.8766937,0.4555511,-0.4583893,-11.91458,-3.996816,-14.92975,252.6798,251.9688,25,0.7935666,-0.947708,0.9189911,2.021967,-1.112075,-0.4907905,0.7776991,-0.957549,0.9190587,-0.07379539,-0.01221674,-0.08921742,3
2014-02-24 18:49:44.989,5496,549.6,43.6417,3.943444,34.34275,1.121342,312.4099,9.047986,10,1393264175,-0.8925323,0.4898834,-0.3135071,-12.90071,-3.344433,-15.38511,252.6663,251.9553,25,0.6487274,-1.158688,0.7542506,2.06277,-1.139953,-0.5085852,0.6328556,-1.168529,0.7543169,-0.107295,-0.04237713,0.1041589,3
2014-02-24 18:49:45.136,5497,549.7,43.6417,3.943444,34.34275,1.121342,312.4099,9.047986,10,1393264175,-0.9399109,0.4891205,-0.4252472,-12.02415,-3.670627,-15.72664,252.6552,251.9442,25,0.8789483,-0.8729624,0.5448609,2.083355,-1.147519,-0.5131854,0.8630765,-0.882804,0.5449271,-0.09823128,-0.001071407,0.0443325,3
2014-02-24 18:49:45.252,5498,549.8,43.6417,3.943444,34.34275,0,312.4099,9.022511,10,1393264176,-0.9751892,0.3914948,-0.3810425,-11.85979,-3.507529,-17.14964,252.7304,252.0194,25,1.056183,-1.063034,0.41703,2.106408,-1.154316,-0.5134707,1.040311,-1.072876,0.4170962,-0.1433243,-0.00208285,-0.07287076,3
2014-02-24 18:49:45.405,5499,549.9,43.6417,3.943444,34.34275,0,312.4099,9.022511,10,1393264176,-0.9736023,0.3704224,-0.2540894,-12.18851,-4.268644,-15.3282,252.6009,251.8899,25,1.091721,-1.234689,0.4612787,2.131317,-1.164562,-0.5128844,1.075849,-1.24453,0.4613449,-0.1747694,-0.09919778,-0.03673317,3
2014-02-24 18:49:45.559,5500,550,43.6417,3.943444,34.34275,0,312.4099,9.022511,10,1393264176,-0.9102478,0.4196777,-0.2819824,-12.29807,-3.833722,-16.4666,252.5173,251.8063,25,0.7441764,-0.7080839,0.5994392,2.15329,-1.171822,-0.5156823,0.7283048,-0.7179255,0.5995054,-0.1858577,-0.1157634,0.03685299,3
2014-02-24 18:49:45.639,5501,550.1,43.6417,3.943444,34.34275,0,312.4099,9.022511,10,1393264176,-0.7857513,0.462738,-0.4213104,-11.20237,-3.181337,-16.12508,252.585,251.874,25,0.4758573,-0.1212561,0.8222366,2.17019,-1.170008,-0.5246761,0.4599858,-0.1310976,0.8223028,-0.1503354,-0.1391773,0.07321438,3
2014-02-24 18:49:45.759,5502,550.2,43.6417,3.943444,34.34275,0,312.4099,9.022511,10,1393264176,-0.7857513,0.462738,-0.4213104,-11.91458,-3.453163,-15.61279,252.6443,251.9333,25,0.4045666,0.1782696,1.070847,2.186794,-1.159329,-0.5372562,0.4461102,0.2190138,0.9630448,-0.08022019,-0.006623248,0.01171382,3
2014-02-24 18:49:45.863,5503,550.3,43.6417,3.943444,34.34275,0,312.4099,9.022511,10,1393264176,-0.7532043,0.240097,-0.3461304,-13.01028,-3.888086,-15.84048,252.6197,251.9087,25,0.4045666,0.1782696,1.070847,2.204289,-1.146591,-0.5516216,0.3886952,0.1684282,1.070913,0.01973406,-0.1128752,-0.07590587,3
2014-02-24 18:49:45.965,5504,550.4,43.6417,3.943444,34.34275,0,312.4099,9.022511,10,1393264176,-0.7532043,0.240097,-0.3461304,-11.53108,-3.833722,-16.12508,252.693,251.982,25,0.297886,0.5792759,1.571517,2.222045,-1.13505,-0.5694558,0.3158091,0.1206817,1.265414,-0.01192528,-0.2291915,-0.05193016,3
2014-02-24 18:49:46.061,5505,550.5,43.6417,3.943444,34.34275,0,312.4099,9.022511,10,1393264176,-0.653656,0.5705261,-0.5610352,-11.69544,-4.105549,-15.95431,252.6328,251.9218,25,0.2167896,0.6555163,1.545359,2.241738,-1.117455,-0.5916956,0.2820147,0.5694345,1.571584,-0.0070471,-0.3176721,0.01738432,3
2014-02-24 18:49:46.160,5506,550.6,43.6417,3.943444,34.34275,0,312.4099,9.121266,10,1393264177,-0.7302551,0.4846497,-0.5310669,-12.46243,-3.888089,-15.95431,252.6417,251.9307,25,-0.3196422,0.3117004,1.58814,2.262898,-1.092389,-0.6156864,0.2009183,0.645675,1.545425,0.07106609,-0.006992912,-0.1852032,3
2014-02-24 18:49:46.252,5507,550.7,43.6417,3.943444,34.34275,0,312.4099,9.121266,10,1393264177,-0.6793671,0.547287,-0.5426178,-12.02415,-4.105555,-16.40968,252.6544,251.9434,25,-0.7841369,0.2260678,1.67367,2.277348,-1.076088,-0.642342,-0.3355134,0.3018591,1.588206,0.01377929,-0.05006108,-0.2367627,3
2014-02-24 18:49:46.462,5508,550.8,43.6417,3.943444,34.34275,0,312.4099,9.121266,10,1393264177,-0.6733551,0.6760254,-0.5201111,-12.62679,-3.398806,-16.4666,252.7181,252.0071,25,-0.9432064,-0.08169433,1.609452,2.282659,-1.06829,-0.6752112,-0.8000081,0.2162265,1.673736,-0.02769789,-0.1314404,-0.09935267,3
2014-02-24 18:49:46.552,5509,550.9,43.6417,3.943444,34.34275,0,312.4099,9.121266,10,1393264177,-0.7636719,0.7180328,-0.3731842,-11.64065,-3.290071,-16.35276,252.9966,252.2856,25,-0.9267817,-0.3481798,1.293125,2.282355,-1.067568,-0.7104432,-0.9590775,-0.09153555,1.609518,-0.005064188,-0.02034915,-0.1814575,3
2014-02-24 18:49:46.745,5510,551,43.6417,3.943444,34.34275,0,312.4099,9.121266,10,1393264177,-0.7707214,0.5327606,-0.3533936,-12.02415,-3.67063,-15.72664,253.1419,252.4309,25,-0.8178405,-0.09230037,0.8693554,2.278653,-1.075703,-0.7422573,-0.9426527,-0.358021,1.293191,-0.02489972,7.22649e-05,-0.1699783,3
2014-02-24 18:49:46.844,5511,551.1,43.6417,3.943444,34.34275,0,312.4099,9.121266,10,1393264177,-0.6651611,0.5966797,-0.2931366,-12.1885,-4.051185,-15.10052,253.1387,252.4277,25,-0.6726684,0.4398575,0.9441545,2.270988,-1.084895,-0.7667108,-0.8337115,-0.1021415,0.8694216,-0.1268351,0.02426275,-0.03684811,3
2014-02-24 18:49:46.934,5512,551.2,43.6417,3.943444,34.34275,0,312.4099,9.121266,10,1393264177,-0.5822906,0.6577454,-0.4203796,-11.14758,-4.6492,-15.95432,252.8653,252.1543,25,-0.5399772,0.5927749,0.9462829,2.264742,-1.083513,-0.7878204,-0.6885393,0.4300164,0.9442207,-0.1474313,-0.1760569,-0.02311,3
2014-02-24 18:49:47.106,5513,551.3,43.6417,3.943444,34.34275,0,312.4099,9.121266,10,1393264177,-0.5709534,0.7226105,-0.3836823,-10.76409,-4.268644,-17.0358,252.8608,252.1498,25,-0.4965946,0.650455,0.7467086,2.262408,-1.076216,-0.808583,-0.5558481,0.5829338,0.9463491,-0.0573841,-0.1266298,0.03462939,3
2014-02-24 18:49:47.453,5514,551.4,43.6417,3.943444,34.34275,0,312.4099,9.186243,5,1393264178,-0.5709534,0.7226105,-0.3836823,-10.54495,-4.268644,-16.12508,252.894,252.183,25,-0.5530632,0.5025625,0.448467,2.255609,-1.058609,-0.8413326,-0.568934,0.4927214,0.4485332,0.005413898,-0.03009308,-0.09802513,3
2014-02-24 18:49:47.572,5515,551.5,43.6417,3.943444,34.34275,0,312.4099,9.186243,5,1393264178,-0.5525513,0.7453308,-0.3582764,-11.91457,-4.431741,-15.27127,252.5971,251.8861,25,-0.6393453,0.4474665,0.0188187,2.242706,-1.060175,-0.850109,-0.655216,0.4376255,0.01888493,-0.0005996589,-0.0243626,-0.02421871,3
2014-02-24 18:49:47.654,5516,551.6,43.6417,3.943444,34.34275,0,312.4099,9.186243,5,1393264178,-0.5558929,0.6988983,-0.3063049,-11.42151,-3.833722,-15.21435,252.5882,251.8772,25,-0.5621254,0.3201993,-0.3803998,2.22416,-1.067587,-0.8518676,-0.577996,0.3103584,-0.3803336,0.02438986,-0.007180838,-0.04068362,3
2014-02-24 18:49:47.779,5517,551.7,43.6417,3.943444,34.34275,0,312.4099,9.186243,5,1393264178,-0.5704803,0.7163086,-0.2870636,-11.4763,-3.453167,-14.92975,252.6042,251.8932,25,-0.3587536,0.2125978,-0.7093857,2.204188,-1.077099,-0.8458643,-0.3746242,0.2027569,-0.7093195,0.02801067,-0.04964617,0.007920665,3
2014-02-24 18:49:47.891,5518,551.8,43.6417,3.943444,34.34275,0,312.4099,9.186243,5,1393264178,-0.5923309,0.7546234,-0.2993164,-10.87366,-4.051185,-15.8974,253.1183,252.4073,25,-0.0884039,0.2760878,-0.825892,2.188934,-1.084251,-0.8348194,-0.1042744,0.2662469,-0.8258258,0.02292775,-0.02486666,0.02682505,3
2014-02-24 18:49:47.978,5519,551.9,43.6417,3.943444,34.34275,0,312.4099,9.186243,5,1393264178,-0.6116333,0.7884369,-0.3729401,-10.92844,-4.214281,-16.06816,253.117,252.406,25,0.1191024,0.1716354,-0.9061704,2.179358,-1.087894,-0.8202065,0.103232,0.1617946,-0.9061041,0.008617237,-0.01064464,6.974128e-05,3
2014-02-24 18:49:48.113,5520,552,43.6417,3.943444,34.34275,0,312.4099,9.186243,5,1393264178,-0.6385193,0.7322083,-0.3699188,-10.43538,-4.159914,-14.18979,254.2412,253.5302,25,-0.0007190535,0.05101205,-1.1349,2.167149,-1.094011,-0.8025491,-0.01658944,0.04117126,-1.134833,0.05577992,0.07910333,-0.06232931,3
2014-02-24 18:49:48.232,5521,552.1,43.6417,3.943444,34.34275,0,312.4099,9.2231,5,1393264179,-0.7155304,0.6916656,-0.2836761,-11.8598,-4.377378,-16.23892,254.0959,253.3849,25,-0.1351221,-0.3483116,-1.192122,2.149919,-1.10985,-0.7839342,-0.1509925,-0.3581524,-1.192056,0.02626261,0.04943756,-0.04889789,3
2014-02-24 18:49:48.448,5522,552.2,43.6417,3.943444,34.34275,0,312.4099,9.2231,5,1393264179,-0.7155304,0.6916656,-0.2836761,-12.572,-3.996819,-15.38511,254.043,253.332,25,-0.6364124,-0.9482992,-1.04327,2.129518,-1.135538,-0.7664425,-0.3954743,-0.789467,-1.174944,-0.04072414,0.03417585,-0.02384557,3
2014-02-24 18:49:48.533,5523,552.3,43.6417,3.943444,34.34275,0,312.4099,9.2231,5,1393264179,-0.7846527,0.6764526,-0.2561035,-12.51722,-3.290071,-15.78356,256.86,256.149,25,-1.04598,-0.7692224,-0.7908686,2.105191,-1.169669,-0.7518145,-0.6522826,-0.9581398,-1.043204,-0.04306187,0.008700323,0.001533335,3
2014-02-24 18:49:48.659,5524,552.4,43.6417,3.943444,34.34275,0,312.4099,9.2231,5,1393264179,-0.7965851,0.6229248,-0.2441406,-12.13372,-3.126973,-16.63736,258.3345,257.6235,25,-1.103476,-0.6373892,-0.5487015,2.075465,-1.205868,-0.7428019,-1.06185,-0.779063,-0.7908024,-0.09658048,9.824391e-05,0.006767835,3
2014-02-24 18:49:48.763,5525,552.5,43.6417,3.943444,34.34275,0,312.4099,9.2231,5,1393264179,-0.7743835,0.6164551,-0.2399292,-10.27102,-4.540471,-16.52352,254.3415,253.6305,25,-0.9130933,-0.5278795,-0.2182983,2.043003,-1.240525,-0.7387195,-1.119346,-0.6472299,-0.5486352,-0.09721141,-0.05041698,-0.004375524,3
2014-02-24 18:49:48.857,5526,552.6,43.6417,3.943444,34.34275,0,312.4099,9.2231,5,1393264179,-0.7772522,0.6456909,-0.2099609,-10.21623,-4.377374,-15.66972,253.8742,253.1632,25,-0.7049382,-0.2580174,0.02038117,2.016329,-1.269107,-0.7385566,-0.9289633,-0.5377201,-0.218232,-0.07740242,-0.05849049,-0.01251069,3
2014-02-24 18:49:48.958,5527,552.7,43.6417,3.943444,34.34275,0,312.4099,9.2231,5,1393264179,-0.7483978,0.6882629,-0.1660461,-10.54494,-3.942451,-15.21436,255.0328,254.3218,25,-0.4649112,-0.03768053,0.1296355,1.996555,-1.28954,-0.7417058,-0.7208081,-0.267858,0.0204474,-0.08527874,-0.06337927,-0.0003649483,3
2014-02-24 18:49:49.070,5528,552.8,43.6417,3.943444,34.34275,0,312.4099,9.2231,5,1393264179,-0.7438049,0.6446228,-0.2534637,-11.64065,-3.507529,-14.41747,256.8877,256.1767,25,-0.1285135,0.064069,0.05679511,1.983176,-1.300395,-0.7466555,-0.4807811,-0.04752102,0.1297017,-0.05092951,0.02857583,-0.06094847,3
2014-02-24 18:49:49.185,5529,552.9,43.64175,3.943401,34.85382,1.024844,322.896,9.096943,5,1393264180,-0.7136993,0.649826,-0.2667847,-9.723167,-2.909511,-15.27128,258.4821,257.7711,25,-0.09994817,0.03119946,0.02923565,1.977485,-1.304513,-0.7493509,-0.1443834,0.05422852,0.05686134,-0.0420702,0.007099254,0.02661239,3
2014-02-24 18:49:49.270,5530,553,43.64175,3.943401,34.85382,1.024844,322.896,9.096943,5,1393264180,-0.7255859,0.6831207,-0.252533,-10.38059,-3.018244,-14.81592,257.1305,256.4195,25,-0.05947584,-0.1472997,-0.07890547,1.975099,-1.30509,-0.7505007,-0.115818,0.02135904,0.02930188,-0.03812241,-0.03738224,-0.06141871,3
2014-02-24 18:49:49.509,5531,553.1,43.64175,3.943401,34.85382,1.024844,322.896,9.096943,5,1393264180,-0.7398682,0.6348877,-0.2075043,-9.284887,-4.214281,-14.36056,252.7956,252.0846,25,-0.01354937,-0.2231849,-0.1164361,1.972425,-1.308987,-0.7505193,-0.07534558,-0.1571401,-0.07883924,-0.007285979,-0.03219261,-0.07749467,3
2014-02-24 18:49:49.726,5532,553.2,43.64175,3.943401,34.85382,1.024844,322.896,9.096943,5,1393264180,-0.7421417,0.6459198,-0.2066193,-10.7093,-1.93094,-14.24671,254.6703,253.9593,25,-0.08369064,-0.4196476,-0.2383689,1.967105,-1.329592,-0.7437155,-0.09956019,-0.4294879,-0.2383027,-0.01876082,-0.009546534,-0.05622496,3
2014-02-24 18:49:49.833,5533,553.3,43.64175,3.943401,34.85382,1.024844,322.896,9.096943,5,1393264180,-0.8274384,0.5736084,-0.1231995,-10.32581,-1.659113,-13.84827,255.371,254.66,25,-0.04696644,-0.2640852,-0.2383612,1.963333,-1.339247,-0.7397166,-0.06283593,-0.2739254,-0.2382949,-0.08113305,-0.06424586,0.03758431,3
2014-02-24 18:49:49.935,5534,553.4,43.64175,3.943401,34.85382,1.024844,322.896,9.096943,5,1393264180,-0.7381897,0.7239685,-0.1603394,-9.065746,-2.148402,-14.01903,255.8352,255.1242,25,0.02428883,0.008347413,-0.1136397,1.962044,-1.34131,-0.7366984,0.008419373,-0.001492804,-0.1135735,-0.106166,-0.09823772,0.04529085,3
2014-02-24 18:49:50.035,5535,553.5,43.64175,3.943401,34.85382,1.024844,322.896,9.096943,5,1393264180,-0.7618866,0.6362457,-0.2253113,-8.846605,-2.909513,-14.24671,255.9554,255.2444,25,0.2211401,0.07328806,-0.1194215,1.964985,-1.339496,-0.7350045,0.2052707,0.06344789,-0.1193552,-0.01611753,0.053378,0.00971994,3
2014-02-24 18:49:50.119,5536,553.6,43.64175,3.943401,34.85382,1.024844,322.896,9.096943,5,1393264180,-0.7757568,0.6246796,-0.2117157,-8.737038,-3.126973,-13.67751,255.9746,255.2636,25,0.1090969,0.0588279,-0.2611293,1.967376,-1.336572,-0.7297962,0.09322762,0.04898777,-0.2610631,-0.03692731,-0.03047201,-0.05233297,3
2014-02-24 18:49:50.254,5537,553.7,43.64175,3.943401,34.85382,1.024844,322.896,9.096943,5,1393264180,-0.7824554,0.6078949,-0.2087555,-9.06575,-3.996819,-12.88063,255.8197,255.1087,25,-0.1153053,-0.0409461,-0.1907516,1.965181,-1.33855,-0.7260706,-0.1311746,-0.0507862,-0.1906853,-0.02375259,-0.04291894,-0.05685908,3
2014-02-24 18:49:50.414,5538,553.8,43.64177,3.943387,34.61855,2.283459,324.7845,9,5,1393264181,-0.7694092,0.6681366,-0.2529297,-8.956181,-3.779356,-13.10831,255.5534,254.8424,25,-0.4267383,-0.02285392,-0.1798425,1.956177,-1.345462,-0.7239904,-0.4426075,-0.03269398,-0.1797762,-0.04755713,-0.03666227,-0.04534954,3
2014-02-24 18:49:50.579,5539,553.9,43.64177,3.943387,34.61855,2.283459,324.7845,9,5,1393264181,-0.7910309,0.5842285,-0.196991,-9.120535,-2.528958,-13.05139,255.5493,254.8383,25,-0.6921111,-0.02749341,-0.07911266,1.940926,-1.356034,-0.7248232,-0.7079802,-0.03733343,-0.07904644,-0.05118936,-0.04129899,-0.07078952,3
2014-02-24 18:49:50.685,5540,554,43.64177,3.943387,34.61855,2.283459,324.7845,9,5,1393264181,-0.7910309,0.5842285,-0.196991,-6.216921,-2.474591,-12.88063,255.9741,255.2631,25,-0.9455676,-0.04977075,0.07234664,1.920514,-1.370823,-0.7262616,-0.8704144,-0.09631202,-0.06947344,-0.05069985,-0.04152063,-0.1071734,3
2014-02-24 18:49:50.779,5541,554.1,43.64177,3.943387,34.61855,2.283459,324.7845,9,5,1393264181,-0.8280945,0.6191406,-0.1752319,-5.99778,-2.909513,-11.9699,255.9828,255.2718,25,-0.9834774,0.03703072,0.3339114,1.897724,-1.387505,-0.7298033,-0.9614366,-0.0596107,0.07241286,-0.05820983,-0.08249455,-0.06114675,3
2014-02-24 18:49:50.863,5542,554.2,43.64177,3.943387,34.61855,2.283459,324.7845,9,5,1393264181,-0.8003235,0.6373901,-0.1847992,-5.449928,-3.453167,-11.74222,255.901,255.19,25,-1.00914,0.05371809,0.4613708,1.874456,-1.403442,-0.7370566,-0.9993464,0.02719081,0.3339776,-0.09798925,-0.05297073,-0.05189223,3
2014-02-24 18:49:50.968,5543,554.3,43.64177,3.943387,34.61855,2.283459,324.7845,9,5,1393264181,-0.7328339,0.6552277,-0.1343994,-5.669069,-3.235707,-11.4007,255.7346,255.0236,25,-0.9123569,0.1668779,0.3450583,1.850434,-1.418962,-0.7481457,-1.025009,0.04387822,0.461437,-0.07580433,-0.04289067,-0.07393887,3
2014-02-24 18:49:51.072,5544,554.4,43.64177,3.943387,34.61855,2.283459,324.7845,9,5,1393264181,-0.7771912,0.6739349,-0.1652679,-6.271704,-2.528958,-11.45762,255.743,255.032,25,-0.7901548,0.3564966,0.2693026,1.827344,-1.432542,-0.7577613,-0.9282258,0.1570381,0.3451245,-0.05635717,-0.03618922,-0.04647062,3
2014-02-24 18:49:51.179,5545,554.5,43.64177,3.943387,34.61855,2.283459,324.7845,9,5,1393264181,-0.7350616,0.6310883,-0.1674347,-5.176006,-1.985303,-13.05139,255.8969,255.1859,25,-0.7811438,0.4229656,0.2100853,1.806778,-1.441514,-0.7651296,-0.8060236,0.3466568,0.2693688,-0.05706571,-0.02641653,-0.02341854,3
2014-02-24 18:49:51.272,5546,554.6,43.64177,3.943387,34.61855,2.283459,324.7845,9,5,1393264181,-0.7350616,0.6310883,-0.1674347,-3.696804,-2.474591,-12.88063,255.9935,255.2825,25,-0.8009923,0.4104395,0.07980189,1.766653,-1.454583,-0.7754942,-0.8168654,0.4005989,0.07986679,-0.01733438,-0.04325447,-0.0856742,3
2014-02-24 18:49:51.513,5547,554.7,43.64178,3.943377,33.6668,2.777337,326.4685,9,5,1393264182,-0.7791443,0.6260834,-0.1659546,-3.258522,-3.344433,-10.03461,255.8238,255.1128,25,-0.904386,0.3938253,0.08600945,1.744538,-1.462996,-0.7788768,-0.9202591,0.3839848,0.08607435,-0.02749,-0.07139226,-0.09086131,3
2014-02-24 18:49:51.633,5548,554.8,43.64178,3.943377,33.6668,2.777337,326.4685,9,5,1393264182,-0.8361206,0.5929718,-0.09417725,-3.477663,-3.670627,-10.14846,255.1379,254.4269,25,-1.093026,0.3893427,0.1323389,1.717764,-1.474683,-0.7828604,-1.108899,0.3795022,0.1324038,-0.07351712,-0.07922665,-0.09792463,3
2014-02-24 18:49:51.734,5549,554.9,43.64178,3.943377,33.6668,2.777337,326.4685,9,5,1393264182,-0.7773895,0.6224365,-0.1161499,-3.039383,-3.561896,-10.60382,254.936,254.225,25,-1.223168,0.6009583,0.2158332,1.686499,-1.487746,-0.7881494,-1.23904,0.5911178,0.2158981,-0.1333924,-0.1160777,-0.03568095,3
2014-02-24 18:49:51.836,5550,555,43.64178,3.943377,33.6668,2.777337,326.4685,9,5,1393264182,-0.7943726,0.6520233,-0.07756042,-2.108034,-3.18134,-10.66074,254.8081,254.0971,25,-1.342292,0.5897,0.3403214,1.652528,-1.500772,-0.7957013,-1.358165,0.5798596,0.3403863,-0.1057487,-0.06860255,-0.0969125,3
2014-02-24 18:49:51.921,5551,555.1,43.64178,3.943377,33.6668,2.777337,326.4685,9,5,1393264182,-0.733963,0.7256927,-0.05007935,-2.381956,-3.67063,-10.14846,254.6289,253.9179,25,-1.342697,0.5913064,0.5420761,1.616551,-1.515661,-0.8056875,-1.358569,0.5814661,0.542141,-0.1004292,-0.07850002,-0.06366911,3
2014-02-24 18:49:52.045,5552,555.2,43.64178,3.943377,33.6668,2.777337,326.4685,9,5,1393264182,-0.733963,0.7256927,-0.05007935,-2.108034,-3.616262,-8.270088,254.1414,253.4304,25,-1.054941,0.7058549,0.6997456,1.58335,-1.528088,-0.819517,-1.200248,0.6567557,0.7341437,-0.09206543,-0.0521968,-0.03177039,3
2014-02-24 18:49:52.121,5553,555.3,43.64178,3.943377,33.6668,2.777337,326.4685,9,5,1393264182,-0.6723633,0.7503357,-0.03881836,-1.834112,-3.126973,-8.213169,253.6264,252.9154,25,-1.054941,0.7058549,0.6997456,1.553254,-1.537255,-0.8338892,-1.070814,0.6960145,0.6998105,-0.0623403,-0.01485776,-0.02754351,3
2014-02-24 18:49:52.250,5554,555.4,43.64178,3.943377,33.6668,2.777337,326.4685,9,5,1393264182,-0.6723633,0.7503357,-0.03881836,-1.231472,-3.18134,-9.180817,252.5338,251.8228,25,-0.9867973,1.007048,0.5965737,1.52657,-1.543025,-0.8461806,-0.941071,0.8142166,0.6154394,-0.02394651,-0.03702322,-0.02320498,3
2014-02-24 18:49:52.412,5555,555.5,43.64181,3.943363,32.37422,3.873103,330.1994,9,5,1393264183,-0.6568451,0.7651672,-0.007583618,-1.286257,-2.039669,-9.465416,253.1026,252.3916,25,-0.8556702,0.9088868,0.5260582,1.499284,-1.545853,-0.8581362,-1.00267,0.9972078,0.5966386,-0.01871789,-0.006289557,-0.02251085,3
2014-02-24 18:49:52.583,5556,555.6,43.64181,3.943363,32.37422,3.873103,330.1994,9,5,1393264183,-0.6425934,0.7656097,-0.0405426,-0.5192642,-0.6261759,-9.351578,254.5805,253.8695,25,-0.9274642,0.9189402,0.5768873,1.472559,-1.548811,-0.8687182,-0.8715428,0.8990465,0.5261231,-0.001857066,0.0001853465,-0.03127427,3
2014-02-24 18:49:52.671,5557,555.7,43.64181,3.943363,32.37422,3.873103,330.1994,9,5,1393264183,-0.6853027,0.7378082,-0.01548767,-0.4644775,-1.115461,-9.066975,254.9574,254.2464,25,-0.989412,0.9131393,0.4778078,1.446781,-1.551083,-0.8795218,-0.9433367,0.9091001,0.5769522,-0.01214039,-0.05646013,-0.01694383,3
2014-02-24 18:49:52.793,5558,555.8,43.64181,3.943363,32.37422,3.873103,330.1994,9,5,1393264183,-0.7039948,0.7232361,-0.02142334,-0.6288319,-1.713477,-9.12389,255.1387,254.4277,25,-1.09992,0.8827002,0.604912,1.418341,-1.556852,-0.889563,-1.005284,0.9032992,0.4778728,-0.02733788,-0.01242284,0.02950252,3
2014-02-24 18:49:52.891,5559,555.9,43.64181,3.943363,32.37422,3.873103,330.1994,9,5,1393264183,-0.6764832,0.8334961,-0.002441406,-0.02619934,-1.115461,-9.066971,255.3657,254.6547,25,-1.045892,0.8811225,0.9233584,1.386405,-1.564922,-0.8998068,-1.115793,0.8728601,0.6049769,-0.06910634,-0.06036743,-0.03029845,3
2014-02-24 18:49:52.993,5560,556,43.64181,3.943363,32.37422,3.873103,330.1994,9,5,1393264183,-0.5709839,0.8057251,0.07310486,-0.6288319,-0.6261759,-8.89621,255.8371,255.1261,25,-0.6712708,0.88468,1.007867,1.352722,-1.575511,-0.9148567,-1.061765,0.8712825,0.9234233,-0.09409738,-0.0692391,-0.02429863,3
2014-02-24 18:49:53.099,5561,556.1,43.64181,3.943363,32.37422,3.873103,330.1994,9,5,1393264183,-0.4961853,0.8718719,-0.06594849,-2.053253,2.309546,-11.28686,270.9279,270.2169,25,0.01484206,1.032947,0.7455418,1.326164,-1.580279,-0.9335921,-0.687143,0.87484,1.007931,-0.08155932,0.02973382,-0.008082932,3
2014-02-24 18:49:53.211,5562,556.2,43.64181,3.943363,32.37422,3.873103,330.1994,9,5,1393264183,-0.4556732,0.8394012,-0.1569366,-1.998465,2.581371,-12.48219,272.0831,271.3721,25,0.2043289,1.027546,0.5960842,1.318488,-1.568355,-0.949087,-0.001030077,1.023107,0.7456067,0.01143991,-0.007158967,0.07452695,3
2014-02-24 18:49:53.399,5563,556.3,43.64181,3.943363,32.37422,3.873103,330.1994,9,5,1393264183,-0.4556732,0.8394012,-0.1569366,-2.27239,4.157965,-13.22215,280.0048,279.2938,25,-0.1330837,0.729573,0.3681679,1.324809,-1.527404,-0.9699106,-0.1489558,0.719733,0.3682328,0.09242903,0.03508918,-0.1035114,3
2014-02-24 18:49:53.537,5564,556.4,43.64185,3.943359,32.65044,5.648547,351.6521,9,5,1393264184,-0.489212,0.7751465,-0.03884888,-2.9846,3.668679,-11.45763,281.6432,280.9322,25,-0.6205072,0.2513124,-0.1503594,1.309265,-1.532015,-0.9716843,-0.6363791,0.2414725,-0.1502945,0.12449,-0.0274053,-0.09166182,3
2014-02-24 18:49:53.661,5565,556.5,43.64185,3.943359,32.65044,5.648547,351.6521,9,5,1393264184,-0.5658417,0.810379,0.04193115,-4.135086,5.136539,-13.79136,281.654,280.943,25,-0.5542025,-0.1535488,-0.5270311,1.28793,-1.550681,-0.9641863,-0.5700744,-0.1633887,-0.5269662,0.08075825,-0.0464388,-0.02738209,3
2014-02-24 18:49:53.748,5566,556.6,43.64185,3.943359,32.65044,5.648547,351.6521,9,5,1393264184,-0.6125488,0.7943268,0.02392578,-4.135086,6.006384,-13.67751,281.1299,280.4189,26,-0.09100128,-0.2320905,-0.7318015,1.278019,-1.562253,-0.951363,-0.1068731,-0.2419303,-0.7317366,0.01471098,-0.003828569,0.04689089,3
2014-02-24 18:49:53.893,5567,556.7,43.64185,3.943359,32.65044,5.648547,351.6521,9,5,1393264184,-0.5997009,0.7678833,-0.006942749,-9.50403,7.202418,-16.63736,276.7075,275.9965,26,0.3773902,-0.3616416,-0.6579973,1.284282,-1.563276,-0.9386477,0.3615184,-0.3714813,-0.6579324,-0.02168602,-0.01243303,0.02836945,3
2014-02-24 18:49:53.971,5568,556.8,43.64185,3.943359,32.65044,5.648547,351.6521,9,5,1393264184,-0.5567169,0.7456512,-0.05207825,-12.35286,7.419878,-19.14185,271.139,270.428,26,0.6417696,-0.4478081,-0.7742739,1.301173,-1.557892,-0.9251525,0.6258979,-0.4576479,-0.774209,0.005044046,-0.03096656,-0.007875553,3
2014-02-24 18:49:54.093,5569,556.9,43.64185,3.943359,32.65044,5.648547,351.6521,9,5,1393264184,-0.7384949,0.6979675,-0.03335571,-15.47561,7.039322,-19.19877,272.1509,271.4399,26,0.5435269,-0.6199368,-1.228703,1.318314,-1.554294,-0.9061915,0.5276552,-0.6297765,-1.228639,0.0215714,-0.02971426,-0.04827938,3
2014-02-24 18:49:54.194,5570,557,43.64185,3.943359,32.65044,5.648547,351.6521,9,5,1393264184,-0.7713165,0.7149963,0.01293945,-17.06438,6.223844,-18.80033,272.4911,271.7801,26,0.2704163,-0.6629335,-1.382238,1.327891,-1.557616,-0.8801,0.2545447,-0.6727731,-1.382173,-0.0361838,-0.04993163,-0.1043507,3
2014-02-24 18:49:54.281,5571,557.1,43.64185,3.943359,32.65044,5.648547,351.6521,9,5,1393264184,-0.7713165,0.7149963,0.01293945,-19.69407,4.266695,-19.59721,273.6105,272.8995,26,0.3398476,-0.3603393,-0.8847804,1.333654,-1.566177,-0.8579695,0.2113643,-0.6705728,-1.064697,-0.08518302,-0.0354316,-0.01005574,3
2014-02-24 18:49:54.500,5572,557.2,43.64189,3.943356,32.14134,5.453838,353.6389,9,5,1393264185,-0.7946625,0.6981812,-0.04180908,-16.13303,0.2980356,-18.97109,274.0794,273.3684,26,0.3204917,-0.1682076,-0.651047,1.341593,-1.569538,-0.8402303,0.3239761,-0.3701789,-0.8847155,-0.1040258,-0.0298005,0.01377939,3
2014-02-24 18:49:54.629,5573,557.3,43.64189,3.943356,32.14134,5.453838,353.6389,9,5,1393264185,-0.8025665,0.7069855,-0.08682251,-14.65383,-2.909511,-17.66193,274.1605,273.4495,26,0.2294305,-0.06007053,-0.3632195,1.350451,-1.567408,-0.8263324,0.3046203,-0.1780472,-0.6509821,-0.1170887,-0.03727011,-0.03951323,3
2014-02-24 18:49:54.721,5574,557.4,43.64189,3.943356,32.14134,5.453838,353.6389,9,5,1393264185,-0.7610779,0.7379761,-0.09144592,-13.44856,-4.105549,-16.52352,274.0712,273.3602,26,0.1246967,-0.04254613,-0.1966422,1.357214,-1.564381,-0.8179643,0.2135592,-0.06991004,-0.3631546,-0.1188724,-0.02277006,-0.08243617,3
2014-02-24 18:49:54.848,5575,557.5,43.64189,3.943356,32.14134,5.453838,353.6389,9,5,1393264185,-0.734436,0.7485962,-0.05708313,-12.84592,-5.029759,-15.10052,274.08,273.369,26,0.1912855,-0.1564314,-0.04473365,1.361071,-1.562966,-0.8128745,0.1088253,-0.05238562,-0.1965773,-0.07557742,0.0009067052,-0.06650183,3
2014-02-24 18:49:54.930,5576,557.6,43.64189,3.943356,32.14134,5.453838,353.6389,9,5,1393264185,-0.7215118,0.7162018,-0.08009338,-12.46243,-4.975396,-15.27128,274.0692,273.3582,26,0.1713648,-0.1925817,-0.01055171,1.365141,-1.5627,-0.8110341,0.1754143,-0.1662709,-0.04466875,-0.0626468,0.02187214,-0.06534633,3
2014-02-24 18:49:55.061,5577,557.7,43.64189,3.943356,32.14134,5.453838,353.6389,9,5,1393264185,-0.7221985,0.6934814,-0.05360413,-10.76409,-6.551981,-12.36834,273.6371,272.9261,26,0.04980085,-0.3013154,-0.02590883,1.36974,-1.562612,-0.8106572,0.1554936,-0.2024211,-0.01048682,-0.03870771,0.0005711186,-0.07752153,3
2014-02-24 18:49:55.160,5578,557.8,43.64189,3.943356,32.14134,5.453838,353.6389,9,5,1393264185,-0.8275909,0.6616211,-0.09553528,-9.120535,-9.270245,-12.70987,273.1999,272.4889,26,-0.01915479,-0.3799117,-0.008207596,1.372106,-1.565909,-0.8102806,0.0339297,-0.3111548,-0.02584394,-0.03222494,-0.00827887,-0.07672427,3
2014-02-24 18:49:55.238,5579,557.9,43.64189,3.943356,32.14134,5.453838,353.6389,9,5,1393264185,-0.6902771,0.7222595,0.02748108,-8.846609,-8.237307,-12.65295,272.9782,272.2672,26,-0.05889208,-0.5495124,0.3661138,1.371801,-1.573186,-0.8099179,-0.03502588,-0.389751,-0.008142703,-0.03264257,-0.03074913,-0.05525204,3
2014-02-24 18:49:55.413,5580,558,43.64194,3.943352,31.94087,5.704207,353.0105,9,5,1393264186,-0.713913,0.7233429,-0.03811646,-8.408323,-9.107151,-12.42526,272.5596,271.8486,26,0.1878407,-0.4145727,0.4199568,1.371528,-1.591105,-0.8209398,0.1719698,-0.424412,0.4200217,-0.07022425,0.01046184,-0.03498901,3
2014-02-24 18:49:55.522,5581,558.1,43.64194,3.943352,31.94087,5.704207,353.0105,9,5,1393264186,-0.6576233,0.7151947,-0.02182007,-7.970045,-10.30319,-11.51454,272.0676,271.3566,26,0.3334866,-0.2406853,0.3387144,1.37878,-1.590996,-0.8274149,0.3176157,-0.2505246,0.3387793,-0.03751401,-0.01259722,-0.01768317,3
2014-02-24 18:49:55.646,5582,558.2,43.64194,3.943352,31.94087,5.704207,353.0105,9,5,1393264186,-0.7084351,0.6876221,0.006072998,-9.613602,-12.69525,-9.92078,270.0042,269.2932,26,0.2945698,-0.3569065,0.2995896,1.38686,-1.591009,-0.8337291,0.278699,-0.3667457,0.2996545,-0.01559431,-0.02282204,-0.06891268,3
2014-02-24 18:49:55.742,5583,558.3,43.64194,3.943352,31.94087,5.704207,353.0105,9,5,1393264186,-0.7084351,0.6876221,0.006072998,-7.696121,-13.07581,-11.57146,267.3942,266.6832,26,0.1345794,-0.3151755,0.1439681,1.393003,-1.593456,-0.8376755,0.2049822,-0.3754291,0.1347958,-0.004624859,-0.03344908,-0.02834602,3
2014-02-24 18:49:55.842,5584,558.4,43.64194,3.943352,31.94087,5.704207,353.0105,9,5,1393264186,-0.7234344,0.6898346,-0.007781982,-7.257839,-13.402,-11.34378,266.7403,266.0293,26,0.149022,-0.2411623,0.1727118,1.3972,-1.596704,-0.8398346,0.1187086,-0.3250147,0.144033,-0.04107309,-0.05691062,-0.01122082,3
2014-02-24 18:49:55.943,5585,558.5,43.64194,3.943352,31.94087,5.704207,353.0105,9,5,1393264186,-0.7258148,0.7175598,-0.04504395,-6.874344,-14.10875,-10.60382,265.6967,264.9857,26,0.2270758,-0.2738353,0.2641099,1.400615,-1.599476,-0.842635,0.1331513,-0.2510014,0.1727767,-0.0582098,-0.05656474,-0.02686598,3
2014-02-24 18:49:56.044,5586,558.6,43.64194,3.943352,31.94087,5.704207,353.0105,9,5,1393264186,-0.6936035,0.6670227,-0.03649902,-6.70999,-14.27184,-10.88842,264.9471,264.2361,26,0.4213153,-0.6002209,0.7923671,1.405422,-1.600386,-0.8462379,0.2112052,-0.2836743,0.2641748,-0.06330007,-0.03123235,-0.06465301,3
2014-02-24 18:49:56.120,5587,558.7,43.64194,3.943352,31.94087,5.704207,353.0105,9,5,1393264186,-0.6894684,0.7185211,-0.076828,-6.545635,-14.6524,-10.8315,264.2064,263.4954,26,0.3999288,-0.3058278,0.3493732,1.413028,-1.60437,-0.8593398,0.4054447,-0.6100599,0.792432,-0.1331054,-0.04671831,-0.09589184,3
2014-02-24 18:49:56.249,5588,558.8,43.64194,3.943352,31.94087,5.704207,353.0105,9,5,1393264186,-0.668396,0.7014923,-0.02085876,-6.490849,-15.03296,-10.09154,263.0396,262.3286,26,0.02932806,-0.4138273,0.2401143,1.424897,-1.603899,-0.8702124,0.3840582,-0.3156668,0.349438,-0.005011526,-0.02142391,-0.03061384,3
2014-02-24 18:49:56.408,5589,558.9,43.64199,3.943323,32.39426,6.35309,334.5089,9,5,1393264187,-0.6670227,0.7206421,0.008255005,-7.915258,-15.9028,-8.61161,260.258,259.547,26,-0.2000138,-0.5475835,0.3178152,1.428631,-1.606929,-0.8742452,0.01345764,-0.4236662,0.2401792,-0.03703489,-0.06362928,-0.0831746,3
2014-02-24 18:49:56.534,5590,559,43.64199,3.943323,32.39426,6.35309,334.5089,9,5,1393264187,-0.656189,0.8397064,0.08943176,-10.10667,-16.44646,-8.953133,258.1844,257.4734,26,-0.1499719,-0.6892769,0.6938999,1.423978,-1.620006,-0.8797936,-0.2158842,-0.5574224,0.3178801,-0.03185732,-0.06911507,-0.05220789,3
2014-02-24 18:49:56.634,5591,559.1,43.64199,3.943323,32.39426,6.35309,334.5089,9,5,1393264187,-0.634964,0.7746277,-0.0112915,-9.832739,-16.50082,-9.579258,256.8885,256.1775,26,0.09983445,-0.308365,0.178761,1.417774,-1.638828,-0.8917036,-0.1658422,-0.6991158,0.6939648,-0.04038834,-0.05750079,-0.03444209,3
2014-02-24 18:49:56.735,5592,559.2,43.64199,3.943323,32.39426,6.35309,334.5089,9,5,1393264187,-0.634964,0.7746277,-0.0112915,-8.901392,-18.07741,-9.408493,254.2663,253.5553,26,0.1982007,-0.3562124,0.195423,1.421637,-1.651,-0.9008569,0.1823305,-0.3660512,0.1954879,-0.07240274,-0.001968398,-0.05785044,3
2014-02-24 18:49:56.883,5593,559.3,43.64199,3.943323,32.39426,6.35309,334.5089,9,5,1393264187,-0.6795502,0.7877502,0.007598877,-9.942312,-16.93574,-9.693096,251.7158,251.0048,26,0.2300662,-0.3331212,0.359739,1.433365,-1.656244,-0.9115776,0.2141962,-0.3429599,0.3598039,-0.02161691,-0.03546612,-0.01070807,3
2014-02-24 18:49:56.997,5594,559.4,43.64199,3.943323,32.39426,6.35309,334.5089,9,5,1393264187,-0.6071472,0.7831116,0.005554199,-10.81888,-18.2405,-9.237732,250.4967,249.7857,26,0.2550757,-0.434075,0.3257715,1.43928,-1.658983,-0.9183118,0.2392057,-0.4439137,0.3258363,-0.08097277,0.01009448,-0.07041179,3
2014-02-24 18:49:57.081,5595,559.5,43.64199,3.943323,32.39426,6.35309,334.5089,9,5,1393264187,-0.5748596,0.7598267,0.05780029,-12.79114,-17.91432,-9.920776,249.2986,248.5876,26,0.3564433,-0.8184935,0.630812,1.446784,-1.66404,-0.9263424,0.340569,-0.8283331,0.6308757,-0.008994938,-0.01631634,-0.050382,3
2014-02-24 18:49:57.182,5596,559.6,43.64199,3.943323,32.39426,6.35309,334.5089,9,5,1393264187,-0.6585999,0.7405701,0.03552246,-14.10598,-16.39209,-11.74223,248.4688,247.7578,26,0.3177692,-0.4822087,0.3409206,1.455152,-1.670433,-0.9389977,0.3018949,-0.4920483,0.3409842,0.01280838,-0.0471399,-0.0009474407,3
2014-02-24 18:49:57.288,5597,559.7,43.64199,3.943323,32.39426,6.35309,334.5089,9,5,1393264187,-0.6120605,0.7606812,0.06222534,-15.20169,-13.89129,-12.76679,246.778,246.067,26,0.1999145,-0.4415002,0.3006783,1.461968,-1.67321,-0.9444212,0.1840402,-0.4513397,0.300742,-0.07545953,-0.06958772,-0.02440854,3
2014-02-24 18:49:57.518,5598,559.8,43.64204,3.943273,32.00177,6.616066,320.81,9,5,1393264188,-0.6121368,0.7792816,0.01333618,-15.03733,-11.33612,-15.3282,236.4276,235.7166,26,0.1074277,-0.5110723,0.3356624,1.464462,-1.680236,-0.9507172,0.09155348,-0.5209118,0.3357261,-0.02181841,-0.06375618,-0.0507578,3
2014-02-24 18:49:57.680,5599,559.9,43.64204,3.943273,32.00177,6.616066,320.81,9,5,1393264188,-0.5825653,0.7586823,0.01286316,-13.44856,-11.0643,-13.90519,235.9774,235.2664,26,0.1717097,-0.3591728,0.2761421,1.468714,-1.692516,-0.9628264,0.1558357,-0.3690122,0.2762058,-0.06403579,-0.05298701,-0.04639073,3
2014-02-24 18:49:57.793,5600,560,43.64204,3.943273,32.00177,6.616066,320.81,9,5,1393264188,-0.5825653,0.7586823,0.01286316,-12.73636,-10.35755,-14.87283,235.6934,234.9824,26,0.2875484,-0.2995822,0.2461725,1.474702,-1.693964,-0.9684244,0.2407003,-0.3468097,0.2779773,-0.05886388,-0.05037342,-0.03976433,3
2014-02-24 18:49:57.870,5601,560.1,43.64204,3.943273,32.00177,6.616066,320.81,9,5,1393264188,-0.5910492,0.7807617,0.006729126,-12.35286,-9.215879,-14.13287,235.4922,234.7812,26,0.3134362,-0.3503716,0.24809,1.482875,-1.693334,-0.9734331,0.2716745,-0.3094215,0.2462361,-0.02431866,-0.06813936,-0.05588782,3
2014-02-24 18:49:57.996,5602,560.2,43.64204,3.943273,32.00177,6.616066,320.81,9,5,1393264188,-0.5711975,0.7883759,0.0166626,-13.83206,-8.400398,-14.30363,234.9793,234.2683,26,0.3005111,-0.4427686,0.1866929,1.498945,-1.693662,-0.9838487,0.2583751,-0.4229618,0.2343121,-0.03102608,-0.05437573,-0.09999437,3
2014-02-24 18:49:58.077,5603,560.3,43.64204,3.943273,32.00177,6.616066,320.81,9,5,1393264188,-0.5841675,0.7827301,0.02339172,-13.28421,-7.63929,-15.3282,234.7799,234.0689,26,0.3821069,-0.3915736,0.1318411,1.506634,-1.695967,-0.9885089,0.2846374,-0.4526078,0.1867566,-0.0449428,-0.05198852,-0.1350623,3
2014-02-24 18:49:58.186,5604,560.4,43.64204,3.943273,32.00177,6.616066,320.81,9,5,1393264188,-0.5874023,0.8308411,0.04444885,-12.84593,-7.313101,-14.98668,234.4992,233.7882,26,0.3960959,-0.3737994,0.07314665,1.517935,-1.693981,-0.9920595,0.3662332,-0.4014128,0.1319048,-0.04929511,-0.01043301,-0.0539938,3
2014-02-24 18:49:58.525,5605,560.5,43.64209,3.943216,31.46835,7.150079,318.2133,9,5,1393264189,-0.5963745,0.8290253,0.04142761,-11.96936,-6.660713,-12.70987,230.6357,229.9247,26,0.3466943,-0.3207951,0.08740494,1.544446,-1.687101,-0.9964676,0.3985952,-0.3936025,0.08521503,-0.04780126,-0.008716113,-0.01859408,3
2014-02-24 18:49:58.635,5606,560.6,43.64209,3.943216,31.46835,7.150079,318.2133,9,5,1393264189,-0.5945129,0.8427582,0.01696777,-10.10667,-7.85675,-10.31922,230.5912,229.8802,26,0.3775337,-0.2651622,0.06956176,1.555845,-1.683636,-0.9989468,0.3308208,-0.3306341,0.08746859,-0.06401437,-0.02800472,-0.05845096,3
2014-02-24 18:49:58.734,5607,560.7,43.64209,3.943216,31.46835,7.150079,318.2133,9,5,1393264189,-0.5549774,0.8464508,0.09542847,-9.50403,-7.693655,-9.806934,230.5661,229.8551,26,0.3749049,-0.1936978,0.07939682,1.566871,-1.679852,-1.001074,0.3616603,-0.2750012,0.06962541,-0.0601804,-0.01302535,-0.01728048,3
2014-02-24 18:49:58.836,5608,560.8,43.64209,3.943216,31.46835,7.150079,318.2133,9,5,1393264189,-0.5549774,0.8464508,0.09542847,-9.449244,-7.095634,-10.09154,230.5424,229.8314,26,0.2276611,-0.278935,0.1926059,1.588953,-1.668855,-0.9996737,0.2117908,-0.2887811,0.1926571,-0.0656425,-0.0509962,-0.1439114,3
2014-02-24 18:49:58.930,5609,560.9,43.64209,3.943216,31.46835,7.150079,318.2133,9,5,1393264189,-0.6146851,0.8491211,-0.1305542,-6.764772,-6.823809,-10.48998,230.484,229.773,26,0.08709416,-0.2842616,0.228847,1.588953,-1.668855,-0.9996737,0.2117908,-0.2887811,0.1926571,-0.0656425,-0.0509962,-0.1439114,3
2014-02-24 18:49:59.085,5610,561,43.64209,3.943216,31.46835,7.150079,318.2133,9,5,1393264189,-0.535675,0.8467865,0.06246948,-5.833422,-6.551981,-9.522335,230.391,229.68,26,0.2793211,-0.2717242,0.1942046,1.627472,-1.668971,-1.021302,0.2634784,-0.281561,0.1942175,0.07120878,0.06742282,0.09076276,3
2014-02-24 18:49:59.293,5611,561.1,43.64209,3.943216,31.46835,7.150079,318.2133,9,5,1393264189,-0.5173645,0.8686066,0.1025085,-4.573366,-6.823807,-9.237732,230.3221,229.6111,26,0.5008866,-0.05621161,0.0006673881,1.647207,-1.662527,-1.028576,0.3907428,-0.2222276,0.1209551,-0.02281244,-0.005872171,0.003465223,3
2014-02-24 18:49:59.483,5612,561.2,43.64209,3.943216,31.46835,7.150079,318.2133,9,5,1393264189,-0.5464325,0.8096161,-0.003692627,-4.244656,-6.497618,-7.643967,231.0356,230.3246,26,0.5008866,-0.05621161,0.0006673881,1.663672,-1.650419,-1.030057,0.4850441,-0.0660483,0.0006803117,-0.023879,-0.03460509,0.002192423,3
2014-02-24 18:49:59.619,5613,561.3,43.64209,3.943216,31.46835,7.150079,318.2133,9,5,1393264189,-0.5464325,0.8096161,-0.003692627,-4.135086,-5.627775,-7.530128,231.4066,230.6956,26,0.5021079,0.009465939,-0.008173508,1.681471,-1.635801,-1.030571,0.4986843,-0.01736782,-0.01960658,-0.01252915,-0.03924869,-0.0076841,3
2014-02-24 18:49:59.747,5614,561.4,43.64213,3.943156,30.82893,7.057646,317.5656,9,5,1393264190,-0.5362701,0.810257,-0.02305603,-2.601101,-5.192856,-8.440857,234.1657,233.4547,26,0.6112061,0.02769767,0.0407935,1.69884,-1.621166,-1.030821,0.4862655,-0.0003706911,-0.008160585,-0.03297,-0.04810545,-0.02957749,3
2014-02-24 18:49:59.850,5615,561.5,43.64213,3.943156,30.82893,7.057646,317.5656,9,5,1393264190,-0.5373688,0.8572235,-0.0165863,-2.655886,-4.921027,-8.953136,234.8443,234.1333,26,0.7934662,0.08103254,0.01504233,1.718909,-1.603662,-1.031628,0.5953638,0.01786109,0.04080642,-0.0231245,-0.04787876,-0.03992726,3
2014-02-24 18:49:59.947,5616,561.6,43.64213,3.943156,30.82893,7.057646,317.5656,9,5,1393264190,-0.6740875,0.6319427,-0.1355133,-1.834108,-4.97539,-9.23774,235.3421,234.6311,26,1.169248,-0.01616406,-0.02849662,1.744409,-1.581029,-1.032577,0.777624,0.07119597,0.01505526,-0.01305358,-0.03359528,-0.02146552,3
2014-02-24 18:50:00.062,5617,561.7,43.64213,3.943156,30.82893,7.057646,317.5656,9,5,1393264190,-0.5031891,0.95401,-0.04420471,-1.834108,-5.410313,-8.327015,229.8069,229.0959,25,1.535851,0.2878725,-0.06313556,1.779814,-1.549236,-1.031512,1.153406,-0.02600057,-0.0284837,-0.04250513,-0.02540405,-0.004584588,3
2014-02-24 18:50:00.168,5618,561.8,43.64213,3.943156,30.82893,7.057646,317.5656,9,5,1393264190,-0.5267639,0.8085785,-0.08534241,-3.313309,-5.464678,-8.270092,226.5654,225.8544,25,1.608851,0.2075074,-0.4041973,1.888059,-1.452022,-1.023245,1.593009,0.1976709,-0.4041843,0.01374165,0.1002084,0.0174836,3
2014-02-24 18:50:00.298,5619,561.9,43.64213,3.943156,30.82893,7.057646,317.5656,9,5,1393264190,-0.5626678,0.6676178,-0.1013031,-3.36809,-3.888086,-10.71766,239.8562,239.1452,25,1.538018,0.2357886,-0.6268711,1.938961,-1.403728,-1.008472,1.522176,0.2259521,-0.6268582,-0.001032978,-0.03743955,0.003316834,3
2014-02-24 18:50:00.500,5620,562,43.64213,3.943156,30.82893,7.057646,317.5656,9,5,1393264190,-0.5569458,0.8375702,-0.1717377,-4.354223,-2.148399,-12.31142,249.9701,249.2591,25,1.526437,-0.06145377,-0.3671708,1.987217,-1.362738,-0.9944949,1.510595,-0.07129014,-0.3671579,-0.02949326,-0.170866,0.01125693,3
2014-02-24 18:50:00.587,5621,562.1,43.64218,3.943098,30.62401,7.149927,321.5223,9,5,1393264191,-0.5693054,0.759079,-0.1625214,-5.066433,-1.550381,-12.8237,251.0008,250.2898,25,0.9908243,0.1452413,-0.5092403,2.023952,-1.330238,-0.9815456,0.9749824,0.135405,-0.5092274,-0.01720996,0.006212862,-0.03933597,3
2014-02-24 18:50:00.786,5622,562.2,43.64218,3.943098,30.62401,7.149927,321.5223,9,5,1393264191,-0.620285,0.8381042,-0.155899,-5.942997,-2.094036,-11.34378,251.8145,251.1035,25,0.4872621,-0.2385686,-0.1126485,2.073539,-1.297609,-0.9572913,0.4714203,-0.2484048,-0.1126356,-0.03049859,0.04677531,0.02207999,3
2014-02-24 18:50:00.920,5623,562.3,43.64218,3.943098,30.62401,7.149927,321.5223,9,5,1393264191,-0.620285,0.8381042,-0.155899,-6.162136,-1.115464,-12.25451,253.7247,253.0137,25,0.6734511,-0.1027969,-0.1802252,2.086094,-1.290392,-0.9511927,0.4930674,-0.1232972,-0.2215741,-0.0709658,0.05315512,0.008380404,3
2014-02-24 18:50:01.066,5624,562.4,43.64218,3.943098,30.62401,7.149927,321.5223,9,5,1393264191,-0.5975342,0.8418274,-0.121521,-6.709986,-1.115464,-12.14066,253.7312,253.0202,25,0.6553347,0.0190685,-0.0889131,2.102141,-1.278848,-0.9441393,0.6576095,-0.1126331,-0.1802122,-0.05865999,0.02811177,0.01288927,3
2014-02-24 18:50:01.165,5625,562.5,43.64218,3.943098,30.62401,7.149927,321.5223,9,5,1393264191,-0.5984497,0.7773132,-0.2166595,-5.614281,-0.7892685,-13.50674,258.8192,258.1082,25,0.3990222,-0.03575081,-0.0357042,2.121957,-1.264837,-0.9390646,0.6394932,0.009232392,-0.08890018,-0.03441667,0.03482136,0.05635517,3
2014-02-24 18:50:01.261,5626,562.6,43.64218,3.943098,30.62401,7.149927,321.5223,9,5,1393264191,-0.5904999,0.7889557,-0.2371216,-5.99778,-0.9523611,-13.33599,258.5891,257.8781,25,0.2433607,-0.1506793,0.05777062,2.135326,-1.254333,-0.9350201,0.3831807,-0.04558689,-0.03569128,-0.0541235,-0.03179913,-0.02717942,3
2014-02-24 18:50:01.453,5627,562.7,43.64218,3.943098,30.62401,7.149927,321.5223,9,5,1393264191,-0.5949707,0.8041077,-0.2255859,-7.58655,-0.571806,-13.84827,258.3746,257.6636,25,0.142448,-0.2589903,0.07545508,2.144003,-1.249375,-0.9338971,0.2275193,-0.1605153,0.05778354,-0.02905853,-0.02196126,-0.05704209,3
2014-02-24 18:50:01.567,5628,562.8,43.64218,3.943098,30.62401,7.149927,321.5223,9,5,1393264191,-0.5909882,0.8040924,-0.2157745,-10.98323,0.1893024,-14.07595,243.7998,243.0888,26,0.1487178,-0.2454726,0.05895972,2.149426,-1.249362,-0.9342684,0.1266066,-0.2688263,0.075468,-0.02655172,-0.01421691,-0.05227718,3
2014-02-24 18:50:01.663,5629,562.9,43.64223,3.943061,31.31972,6.754916,334.6443,9,5,1393264192,-0.5708008,0.8073883,-0.2467957,-10.98323,1.276608,-14.87283,243.7097,242.9987,26,0.2511097,-0.3615417,0.04465296,2.153706,-1.250897,-0.9347311,0.1328765,-0.2553086,0.05897265,-0.03107301,-0.0003316937,-0.03877933,3
2014-02-24 18:50:01.762,5630,563,43.64223,3.943061,31.31972,6.754916,334.6443,9,5,1393264192,-0.5783234,0.7387695,-0.2434387,-10.43538,0.6242247,-15.66972,244.191,243.48,26,0.3231858,-0.16244,-0.07273546,2.159657,-1.25165,-0.9339835,0.2352685,-0.3713776,0.04466588,-0.02637922,9.736135e-05,-0.02920361,3
2014-02-24 18:50:01.855,5631,563.1,43.64223,3.943061,31.31972,6.754916,334.6443,9,5,1393264192,-0.6030884,0.7321472,-0.2670898,-11.03801,-0.4087124,-16.52352,244.2141,243.5031,26,0.2864477,-0.2319531,-0.08414124,2.168352,-1.248584,-0.9323109,0.3073446,-0.1722759,-0.07272254,-0.005491693,0.004388957,-0.05806918,3
2014-02-24 18:50:01.981,5632,563.2,43.64223,3.943061,31.31972,6.754916,334.6443,9,5,1393264192,-0.6030884,0.7321472,-0.2670898,-11.4763,-0.5174456,-17.43425,244.2755,243.5645,26,-0.04079111,-0.275223,0.06446847,2.17768,-1.250012,-0.9285668,-0.05663219,-0.2850589,0.06448139,-0.04053586,-0.1457635,-0.1420821,3
2014-02-24 18:50:02.054,5633,563.3,43.64223,3.943061,31.31972,6.754916,334.6443,9,5,1393264192,-0.6212311,0.815567,-0.2386627,-11.53108,-0.2456141,-16.92196,244.3673,243.6563,26,-0.1166188,-0.2399583,0.1537251,2.17768,-1.250012,-0.9285668,-0.05663219,-0.2850589,0.06448139,-0.04053586,-0.1457635,-0.1420821,3
2014-02-24 18:50:02.157,5634,563.4,43.64223,3.943061,31.31972,6.754916,334.6443,9,5,1393264192,-0.6212311,0.815567,-0.2386627,-10.92844,-0.5174389,-17.09272,245.163,244.452,26,-0.04989166,-0.02462918,0.08657032,2.174417,-1.259463,-0.9340754,-0.06573261,-0.03446492,0.08658323,-0.05825789,0.004772981,-0.03407068,3
2014-02-24 18:50:02.263,5635,563.5,43.64223,3.943061,31.31972,6.754916,334.6443,9,5,1393264192,-0.5898132,0.7980194,-0.2235413,-10.54495,-0.02815723,-16.35276,245.4594,244.7484,26,-0.02865268,0.009180449,0.04186649,2.173467,-1.260486,-0.9352955,-0.0444936,-0.0006552748,0.04187941,-0.05600046,0.01079253,-0.05741047,3
2014-02-24 18:50:02.461,5636,563.6,43.64223,3.943061,31.31972,6.754916,334.6443,9,5,1393264192,-0.582077,0.8088837,-0.2156982,-13.39378,-0.4630823,-16.58044,246.6209,245.9099,26,-0.04098605,-0.006735401,0.04776912,2.172409,-1.261471,-0.9364129,-0.05683246,-0.01657214,0.04778299,-0.02526128,-0.007417879,-0.04311988,3
2014-02-24 18:50:02.559,5637,563.7,43.64223,3.943061,31.31972,6.754916,334.6443,9,5,1393264192,-0.5837402,0.8290863,-0.1856537,-13.22942,-0.5174417,-19.82489,246.9741,246.2631,26,-0.00285917,-0.02566808,0.05301235,2.171779,-1.262527,-0.9375582,-0.01870551,-0.03550477,0.05302622,-0.01821423,0.002768145,-0.03615294,3
2014-02-24 18:50:02.663,5638,563.8,43.64223,3.943061,31.31972,6.754916,334.6443,9,5,1393264192,-0.5700378,0.8086243,-0.213623,-13.28421,-1.006731,-19.31261,247.1261,246.4151,26,0.07606121,-0.002584598,0.02890968,2.172846,-1.262588,-0.938112,0.06021493,-0.01242125,0.02892355,-0.02029203,0.02264315,-0.006278204,3
2014-02-24 18:50:02.763,5639,563.9,43.64228,3.943027,30.13895,6.714251,335.5494,9,5,1393264193,-0.5664215,0.7864838,-0.2299957,-13.44856,-0.8436356,-17.43424,247.2074,246.4964,26,0.1676178,-0.0204837,-0.02986389,2.176314,-1.260031,-0.9372925,0.1517715,-0.03032033,-0.02985002,-0.00762663,0.01066156,-0.03170492,3
2014-02-24 18:50:02.837,5640,564,43.64228,3.943027,30.13895,6.714251,335.5494,9,5,1393264193,-0.5664215,0.7864838,-0.2299957,-13.33899,-0.9523611,-16.7512,247.3054,246.5944,26,0.2594071,-0.2650208,-0.082905,2.180631,-1.257898,-0.9350619,0.1806299,-0.1030976,-0.0875181,0.002133325,-0.003213731,-0.03754956,3
2014-02-24 18:50:02.938,5641,564.1,43.64228,3.943027,30.13895,6.714251,335.5494,9,5,1393264193,-0.5897827,0.7911377,-0.2059326,-13.61292,-1.767843,-17.94653,247.2982,246.5872,26,0.3306376,-0.1567904,-0.08210366,2.186113,-1.257186,-0.9322926,0.243561,-0.2748573,-0.08289114,-0.002562968,0.01680525,-0.0005717369,3
2014-02-24 18:50:03.049,5642,564.2,43.64228,3.943027,30.13895,6.714251,335.5494,9,5,1393264193,-0.5918427,0.7570801,-0.2349548,-13.94163,-2.202769,-18.1742,247.2918,246.5808,26,0.2987894,-0.1900078,-0.09498963,2.19465,-1.253658,-0.9292244,0.3147915,-0.1666269,-0.08208979,-0.01489985,0.01404478,0.01376109,3
2014-02-24 18:50:03.154,5643,564.3,43.64228,3.943027,30.13895,6.714251,335.5494,9,5,1393264193,-0.597702,0.7463074,-0.2242279,-14.54426,-1.061098,-18.68649,246.9107,246.1997,26,0.1560093,-0.2782348,-0.07673073,2.202902,-1.250753,-0.9255043,0.2829433,-0.1998442,-0.09497576,-0.01889046,-0.007786444,-0.01671777,3
2014-02-24 18:50:03.274,5644,564.4,43.64228,3.943027,30.13895,6.714251,335.5494,9,5,1393264193,-0.6016541,0.7883148,-0.2226257,-14.54426,-1.822209,-19.82489,246.3324,245.6214,26,0.001704689,-0.214413,-0.02604572,2.208005,-1.251378,-0.9228404,0.1401634,-0.2880712,-0.07671686,-0.01881381,-0.04023909,-0.04542889,3
2014-02-24 18:50:03.417,5645,564.5,43.64228,3.943027,30.13895,6.714251,335.5494,9,5,1393264193,-0.5993805,0.8143768,-0.2013397,-15.20169,-1.93094,-18.34497,246.2539,245.5429,26,-0.08832906,-0.2194306,0.0001195759,2.208988,-1.254795,-0.9219268,-0.01414118,-0.2242494,-0.02603185,-0.02333674,-0.05046006,-0.03643501,3
2014-02-24 18:50:03.547,5646,564.6,43.64228,3.943027,30.13895,6.714251,335.5494,9,5,1393264193,-0.5993805,0.8143768,-0.2013397,-16.07825,-2.474591,-17.43425,246.1515,245.4405,26,-0.08217823,-0.2759842,0.008942096,2.208974,-1.261437,-0.9179471,-0.09801409,-0.2858133,0.008946642,-0.01939155,0.005951995,-0.02116236,3
2014-02-24 18:50:03.649,5647,564.7,43.64233,3.942997,31.05109,6.539001,336.1482,9,5,1393264194,-0.5954742,0.8192444,-0.2022858,-17.22873,-1.332921,-18.51573,246.0551,245.3441,26,-0.07895394,-0.4770845,-0.05475779,2.207073,-1.269305,-0.9185823,-0.05974734,-0.3682778,0.006599865,-0.02109132,0.02969044,-0.01045921,3
2014-02-24 18:50:03.745,5648,564.8,43.64233,3.942997,31.05109,6.539001,336.1482,9,5,1393264194,-0.5998535,0.7865448,-0.1855316,-15.85911,-1.169825,-18.91417,246.0788,245.3678,26,-0.1741465,-0.5815303,0.01573316,2.207308,-1.275956,-0.9182302,-0.09478723,-0.4869095,-0.054753,-0.01444969,0.0247162,-0.0258334,3
2014-02-24 18:50:03.853,5649,564.9,43.64233,3.942997,31.05109,6.539001,336.1482,9,5,1393264194,-0.6173706,0.7854309,-0.1184235,-15.1469,-2.420226,-18.85725,245.9323,245.2213,26,-0.2182418,-0.5774623,0.1419657,2.202307,-1.290275,-0.9188558,-0.1899797,-0.5913551,0.01573795,-0.01683975,-0.008363099,-0.0175543,3
2014-02-24 18:50:03.956,5650,565,43.64233,3.942997,31.05109,6.539001,336.1482,9,5,1393264194,-0.6312103,0.7786865,-0.1282806,-15.1469,-2.855151,-19.08493,245.6413,244.9303,26,-0.2869335,-0.4932217,0.2542752,2.190863,-1.31314,-0.919308,-0.2340768,-0.5872953,0.1419645,-0.03101649,-0.009751289,0.03608906,3
2014-02-24 18:50:04.056,5651,565.1,43.64233,3.942997,31.05109,6.539001,336.1482,9,5,1393264194,-0.6410828,0.844162,-0.07133484,-15.1469,-2.528958,-18.85725,245.6037,244.8927,26,-0.2507939,-0.3993514,0.3358233,2.184575,-1.32802,-0.9244387,-0.3027684,-0.5030547,0.254274,-0.04199693,-0.003635583,0.02912595,3
2014-02-24 18:50:04.175,5652,565.2,43.64233,3.942997,31.05109,6.539001,336.1482,9,5,1393264194,-0.6151276,0.8163757,-0.1088562,-14.87297,-2.583324,-17.09272,245.4434,244.7324,26,-0.2620252,-0.3200395,0.3431534,2.17765,-1.342126,-0.9311411,-0.2666287,-0.4091844,0.3358221,-0.05857333,-0.001260985,0.03699857,3
2014-02-24 18:50:04.283,5653,565.3,43.64233,3.942997,31.05109,6.539001,336.1482,9,5,1393264194,-0.602005,0.7398682,-0.1627655,-15.36604,-1.876576,-17.37732,245.3958,244.6848,26,-0.4164603,-0.3489183,0.424069,2.171813,-1.353133,-0.9385511,-0.27786,-0.3298725,0.3431522,-0.05343369,0.02589311,0.005774851,3
2014-02-24 18:50:04.471,5654,565.4,43.64233,3.942997,31.05109,6.539001,336.1482,9,5,1393264194,-0.6010895,0.779007,-0.1279449,-14.16077,-1.006734,-18.51573,245.317,244.606,26,-0.6810228,-0.4504942,0.5914468,2.163666,-1.365996,-0.9468388,-0.4322951,-0.3587513,0.4240678,-0.04308599,0.004803105,0.009964301,3
2014-02-24 18:50:04.577,5655,565.5,43.64233,3.942997,31.05109,6.539001,336.1482,9,5,1393264194,-0.5941467,0.8228607,-0.1145325,-13.6677,-0.8436384,-18.00344,245.2608,244.5498,26,-0.9044787,-0.4605495,0.6832467,2.147712,-1.387358,-0.9585199,-0.6968575,-0.4603271,0.5914456,-0.03691581,-0.07847362,-0.05792785,3
2014-02-24 18:50:04.682,5656,565.6,43.64233,3.942997,31.05109,6.539001,336.1482,9,5,1393264194,-0.5663757,0.8723602,-0.07945251,-13.77727,-1.49602,-17.66192,245.203,244.492,26,-0.9625487,-0.408689,0.7044719,2.124247,-1.415231,-0.9733863,-0.9203134,-0.4703823,0.6832455,-0.04537928,-0.04778834,-0.04079151,3
2014-02-24 18:50:04.782,5657,565.7,43.64239,3.942968,31.25878,6.221207,335.427,9,5,1393264195,-0.5663757,0.8723602,-0.07945251,-12.51721,-1.9853,-15.78356,244.1543,243.4433,26,-0.8265171,-0.3188747,0.6075342,2.06692,-1.47815,-1.002553,-0.8423516,-0.3287074,0.607533,-0.04308952,0.01075946,-0.0413845,3
2014-02-24 18:50:04.879,5658,565.8,43.64239,3.942968,31.25878,6.221207,335.427,9,5,1393264195,-0.5066833,0.8833008,-0.03884888,-10.54495,-1.44165,-17.49116,245.2253,244.5143,26,-0.5977521,-0.2740662,0.4626558,2.06692,-1.47815,-1.002553,-0.8423516,-0.3287074,0.607533,-0.04308952,0.01075946,-0.0413845,3
2014-02-24 18:50:04.951,5659,565.9,43.64239,3.942968,31.25878,6.221207,335.427,9,5,1393264195,-0.5066833,0.8833008,-0.03884888,-10.10667,-1.224191,-16.80812,245.6048,244.8938,26,-0.303333,-0.3321992,0.2795272,2.029101,-1.521707,-1.020169,-0.3191673,-0.342032,0.2795261,0.008843564,0.04396754,-0.0465303,3
2014-02-24 18:50:05.071,5660,566,43.64239,3.942968,31.25878,6.221207,335.427,9,5,1393264195,-0.5031738,0.8632355,-0.04354858,-9.230103,-0.5718088,-16.80812,245.5691,244.8581,26,-0.08055104,-0.2943965,0.1147173,2.023314,-1.532585,-1.023606,-0.09638537,-0.3042292,0.1147161,0.01322678,0.02931108,-0.01897291,3
2014-02-24 18:50:05.173,5661,566.1,43.64239,3.942968,31.25878,6.221207,335.427,9,5,1393264195,-0.4960938,0.8610687,-0.04443359,-9.832743,-0.5174417,-16.52353,245.4812,244.7702,26,0.08213455,-0.2606473,-0.0740926,2.023502,-1.537529,-1.023453,0.06630028,-0.2704799,-0.07409381,0.01695847,0.00932519,-0.02623906,3
2014-02-24 18:50:05.255,5662,566.2,43.64239,3.942968,31.25878,6.221207,335.427,9,5,1393264195,-0.4890594,0.8599243,-0.04335022,-9.613602,-1.387284,-15.95432,245.2712,244.5602,26,0.2136582,-0.282216,-0.2051798,2.028974,-1.537925,-1.020345,0.197824,-0.2920486,-0.205181,0.02669547,0.008780098,-0.02724265,3
2014-02-24 18:50:05.484,5663,566.3,43.64244,3.942938,31.65006,6.040051,335.0662,9,5,1393264196,-0.4889526,0.8461609,-0.01496887,-11.42151,0.2980356,-17.0358,246.2781,245.5671,26,0.300816,-0.4161338,-0.3109613,2.03756,-1.537517,-1.015096,0.2849819,-0.4259664,-0.3109625,0.03638663,0.003389545,-0.03357914,3
2014-02-24 18:50:05.572,5664,566.4,43.64244,3.942938,31.65006,6.040051,335.0662,9,5,1393264196,-0.5074005,0.8166809,-0.008178711,-10.65452,0.08057308,-16.4666,247.1123,246.4013,26,0.3696854,-0.5967726,-0.4305402,2.049018,-1.53778,-1.007636,0.3538513,-0.6066051,-0.4305414,0.04628059,0.02236291,-0.01699908,3
2014-02-24 18:50:05.669,5665,566.5,43.64244,3.942938,31.65006,6.040051,335.0662,9,5,1393264196,-0.5074005,0.8166809,-0.008178711,-10.59974,-0.8436384,-16.52352,247.1398,246.4288,26,0.2730233,-0.8494517,-0.6120072,2.059727,-1.541644,-0.9981422,0.3081627,-0.7506504,-0.5410194,0.04793629,-0.006160956,0.002793841,3
2014-02-24 18:50:05.768,5666,566.6,43.64244,3.942938,31.65006,6.040051,335.0662,9,5,1393264196,-0.5649719,0.8192596,0.03015137,-10.32581,0.1893024,-16.4666,247.2532,246.5422,26,0.2730233,-0.8494517,-0.6120072,2.068391,-1.549947,-0.9870993,0.2571893,-0.8592842,-0.6120084,0.04359234,-0.01774996,0.003310689,3
2014-02-24 18:50:05.866,5667,566.7,43.64244,3.942938,31.65006,6.040051,335.0662,9,5,1393264196,-0.5649719,0.8192596,0.03015137,-8.846605,1.222241,-15.27127,247.3757,246.6647,26,0.3557211,-0.7528402,-0.6579071,2.076151,-1.559153,-0.9751865,0.2413915,-0.8245075,-0.6418273,0.02044835,-0.02211193,0.02926738,3
2014-02-24 18:50:05.969,5668,566.8,43.64244,3.942938,31.65006,6.040051,335.0662,9,5,1393264196,-0.7004242,0.7957916,-0.04728699,-8.353546,-1.115458,-14.98667,247.5565,246.8455,26,0.2609591,-0.4466121,-0.3990299,2.09611,-1.570192,-0.9514998,0.2576875,-0.610639,-0.5592943,-0.06316865,-0.09640678,-0.02423101,3
2014-02-24 18:50:06.093,5669,566.9,43.64244,3.942938,31.65006,6.040051,335.0662,9,5,1393264196,-0.7439575,0.7922668,0.01951599,-9.558817,0.8416843,-12.82371,247.7744,247.0634,26,0.3520361,-0.2658543,-0.2767429,2.103183,-1.573591,-0.9431201,0.2451254,-0.4564444,-0.3990311,-0.08238397,-0.0373759,-0.06790995,3
2014-02-24 18:50:06.193,5670,567,43.64244,3.942938,31.65006,6.040051,335.0662,9,5,1393264196,-0.7381134,0.7737122,-0.0436554,-8.956181,1.439704,-12.88063,247.9402,247.2292,26,0.2813132,0.06821074,-0.1035434,2.112577,-1.572671,-0.9372081,0.3362024,-0.2756866,-0.2767441,-0.1186846,-0.005737449,-0.02708042,3
2014-02-24 18:50:06.299,5671,567.1,43.64244,3.942938,31.65006,6.040051,335.0662,9,5,1393264196,-0.6916962,0.816391,-0.06878662,-5.833422,1.27661,-13.96212,248.7598,248.0488,26,0.1038345,0.1905984,0.06483093,2.121949,-1.566202,-0.9341711,0.2654795,0.05837853,-0.1035446,-0.1578252,-0.02796829,-0.02743556,3
2014-02-24 18:50:06.789,5672,567.2,43.64249,3.942913,31.22102,5.378736,336.527,9,5,1393264197,-0.6562805,0.7977753,-0.0506897,-6.436062,1.222244,-13.44983,249.2445,248.5335,26,0.0860225,0.1966974,0.1361597,2.126334,-1.559843,-0.9343797,0.08800095,0.1807663,0.06482972,-0.1438316,-0.03051842,-0.03714591,3
2014-02-24 18:50:06.935,5673,567.3,43.64249,3.942913,31.22102,5.378736,336.527,9,5,1393264197,-0.6047668,0.8187866,-0.01904297,-7.422192,1.222247,-14.81592,249.6844,248.9734,26,-0.03229935,0.1812595,0.1621551,2.128843,-1.554289,-0.9364266,0.07018899,0.1868652,0.1361585,-0.09910689,0.01094562,-0.05900381,3
2014-02-24 18:50:07.049,5674,567.4,43.64249,3.942913,31.22102,5.378736,336.527,9,5,1393264197,-0.5738831,0.8251953,-0.004135132,-7.970047,1.439704,-14.92975,250.4967,249.7857,26,-0.07066219,0.1494806,0.1937708,2.128706,-1.551113,-0.9393134,-0.04813278,0.1714274,0.1621539,-0.06605253,-0.009377707,-0.03907059,3
2014-02-24 18:50:07.147,5675,567.5,43.64249,3.942913,31.22102,5.378736,336.527,9,5,1393264197,-0.5606842,0.8218536,-0.01368713,-8.134401,1.6028,-15.78356,250.6932,249.9822,26,-0.05351276,0.1168592,0.2083311,2.126566,-1.549903,-0.9426968,-0.08649556,0.1396485,0.1937696,-0.01728705,0.00964091,-0.006766858,3
2014-02-24 18:50:07.251,5676,567.6,43.64249,3.942913,31.22102,5.378736,336.527,9,5,1393264197,-0.5606842,0.8218536,-0.01368713,-8.846609,1.983356,-15.61279,251.1191,250.4081,26,-0.04833291,0.03287326,0.1892575,2.122298,-1.550031,-0.9502763,-0.06416617,0.02304126,0.1892563,0.009403054,0.01650195,-0.0008201984,3
2014-02-24 18:50:07.377,5677,567.7,43.64249,3.942913,31.22102,5.378736,336.527,9,5,1393264197,-0.5603333,0.8049011,-0.008712769,-8.46311,2.581374,-14.75899,251.3624,250.6514,26,-0.04433338,-0.08626458,0.1693427,2.120335,-1.552575,-0.9534932,-0.06016657,-0.09609655,0.1693415,0.01515861,-0.0004858469,0.001726733,3
2014-02-24 18:50:07.750,5678,567.8,43.64249,3.942913,31.22102,5.378736,336.527,9,5,1393264197,-0.5756836,0.7732849,-0.01252747,-9.613602,2.092086,-14.36055,251.6928,250.9818,26,-0.08626458,-0.1340409,0.1881763,2.117792,-1.556981,-0.9569018,-0.1020977,-0.1438728,0.1881751,0.01566705,-0.01250962,-0.00075454,3
2014-02-24 18:50:07.878,5679,567.9,43.64252,3.942899,31.04285,2.938424,337.5114,9,5,1393264198,-0.5826263,0.7733459,-0.02722168,-8.73704,3.070661,-15.95432,251.8439,251.1329,26,-0.2583551,-0.1615026,0.3216984,2.113383,-1.563233,-0.9611475,-0.1665446,-0.1529728,0.2463002,-0.003120442,-0.04656427,-0.008196901,3
2014-02-24 18:50:08.113,5680,568,43.64252,3.942899,31.04285,2.938424,337.5114,9,5,1393264198,-0.5898438,0.7854309,-0.03520203,-8.298756,2.744469,-16.06816,252.1339,251.4229,26,-0.3634557,-0.1935101,0.3890418,2.106011,-1.572408,-0.9666289,-0.2741881,-0.1713345,0.3216972,-0.01455002,-0.04962942,-0.02813724,3
2014-02-24 18:50:08.244,5681,568.1,43.64252,3.942899,31.04285,2.938424,337.5114,9,5,1393264198,-0.6032867,0.8026886,-0.03547668,-8.956179,2.635738,-15.38512,252.2377,251.5267,26,-0.4597261,-0.1747204,0.4219534,2.094531,-1.585422,-0.9733176,-0.3792887,-0.2033419,0.3890406,-0.02734411,-0.04132568,-0.0434294,3
2014-02-24 18:50:08.501,5682,568.2,43.64252,3.942899,31.04285,2.938424,337.5114,9,5,1393264198,-0.6011353,0.8386078,-0.02792358,-8.901392,1.82026,-15.66972,252.3007,251.5897,26,-0.4797139,-0.111184,0.4492958,2.079673,-1.601297,-0.9808613,-0.4755589,-0.1845522,0.4219522,-0.04006685,-0.03739774,-0.04644539,3
2014-02-24 18:50:08.609,5683,568.3,43.64252,3.942899,31.04285,2.938424,337.5114,9,5,1393264198,-0.5763245,0.8500671,-0.02282715,-7.531763,1.54843,-16.52352,252.2952,251.5842,26,-0.4141428,-0.07593391,0.4003109,2.062496,-1.618355,-0.9885682,-0.4955467,-0.1210158,0.4492946,-0.05623468,-0.024479,-0.0548588,3
2014-02-24 18:50:08.817,5684,568.4,43.64252,3.942899,31.04285,2.938424,337.5114,9,5,1393264198,-0.5406647,0.865387,-0.0001220703,-8.73704,1.983353,-16.52352,252.3433,251.6323,26,-0.226606,0.04048804,0.3212052,2.033112,-1.645954,-1.002564,-0.3154373,-0.03177692,0.3797674,-0.03970038,0.00721377,-0.06323496,3
2014-02-24 18:50:08.962,5685,568.5,43.64252,3.942899,31.04285,0,337.5114,9,5,1393264199,-0.5216064,0.8620453,0.01083374,-8.079618,1.874623,-16.182,252.4168,251.7058,26,-0.1631743,0.06861235,0.2335571,2.031181,-1.644609,-1.006484,-0.2424308,0.03066205,0.3211742,-0.0321427,0.01000859,-0.04174564,3
2014-02-24 18:50:09.099,5686,568.6,43.64252,3.942899,31.04285,0,337.5114,9,5,1393264199,-0.5216064,0.8620453,0.01083374,-7.860477,1.54843,-14.92975,252.4213,251.7103,26,-0.05692294,0.05429333,0.1831006,2.018907,-1.653025,-1.014719,-0.07274769,0.0444674,0.1830695,-0.008531782,0.01097359,-0.03656598,3
2014-02-24 18:50:09.192,5687,568.7,43.64252,3.942899,31.04285,0,337.5114,9,5,1393264199,-0.5045013,0.8528748,0.03646851,-8.73704,2.309546,-14.58823,252.4854,251.7744,26,0.05555567,0.007117831,0.1283324,2.018907,-1.653025,-1.014719,-0.07274769,0.0444674,0.1830695,-0.008531782,0.01097359,-0.03656598,3
2014-02-24 18:50:09.294,5688,568.8,43.64252,3.942899,31.04285,0,337.5114,9,5,1393264199,-0.5045013,0.8528748,0.03646851,-8.024834,2.037723,-15.44204,252.4772,251.7662,26,0.1236809,-0.022231,0.07765671,2.027429,-1.643904,-1.02088,0.1078601,-0.03204987,0.07762887,0.0167186,0.001267842,-0.005626431,3
2014-02-24 18:50:09.515,5689,568.9,43.64252,3.942899,31.04285,0,337.5114,9,5,1393264199,-0.49263,0.8595886,0.03752136,-7.641336,1.113514,-15.49896,252.5582,251.8472,26,0.1682993,-0.07993717,0.04697443,2.031954,-1.641239,-1.022087,0.1524785,-0.089756,0.0469466,0.02172686,0.002514227,-0.001188878,3
2014-02-24 18:50:09.667,5690,569,43.64252,3.942899,31.04285,0,337.5114,9,5,1393264199,-0.5209351,0.8643341,0.05276489,-8.024828,1.6028,-14.07595,252.7395,252.0285,26,0.1934163,-0.1832593,0.0001267665,2.037971,-1.63888,-1.02262,0.1775956,-0.1930781,9.893382e-05,0.02729416,0.006112235,0.002068353,3
2014-02-24 18:50:09.777,5691,569.1,43.64252,3.942899,31.04285,0,337.5114,9,5,1393264199,-0.5128174,0.8562317,0.06266785,-8.572687,1.385334,-14.30363,252.7445,252.0335,26,0.2074893,-0.2300944,-0.05910913,2.044765,-1.637287,-1.022326,0.1916686,-0.2399132,-0.05913696,-0.0007049998,0.01101081,0.01812346,3
2014-02-24 18:50:09.881,5692,569.2,43.64252,3.942899,31.04285,0,337.5114,9,5,1393264199,-0.5238495,0.8633118,0.04006958,-8.791824,2.146449,-14.87283,252.7473,252.0363,26,0.22004,-0.2460883,-0.0869871,2.052137,-1.635611,-1.021068,0.2042193,-0.2559071,-0.08701493,0.00854096,0.003565056,0.02882865,3
2014-02-24 18:50:09.981,5693,569.3,43.64252,3.942899,31.04285,0,337.5114,9.14042,10,1393264200,-0.5330658,0.880249,0.0115509,-8.517902,2.961931,-14.81591,252.7493,252.0383,26,0.2953488,-0.2921661,-0.1104493,2.061158,-1.633231,-1.01931,0.2795282,-0.3019848,-0.1104771,0.01184011,0.0203696,0.02306406,3
2014-02-24 18:50:10.084,5694,569.4,43.64252,3.942899,31.04285,0,337.5114,9.14042,10,1393264200,-0.5845032,0.8025665,0.007629395,-7.750906,2.309546,-14.70208,252.7716,252.0606,26,0.4260989,-0.4012806,-0.1327636,2.074287,-1.628812,-1.017575,0.4102783,-0.4110992,-0.1327915,-0.003468385,0.02637615,-0.01297932,3
2014-02-24 18:50:10.189,5695,569.5,43.64252,3.942899,31.04285,0,337.5114,9.14042,10,1393264200,-0.6029358,0.7906189,-0.04611206,-7.038698,2.690102,-14.98668,252.7811,252.0701,26,0.42624,-0.4331158,-0.1453559,2.089586,-1.624183,-1.015288,0.4104196,-0.4429344,-0.1453837,-0.03351124,-0.0156635,-0.01656024,3
2014-02-24 18:50:10.546,5696,569.6,43.64252,3.942899,31.04285,0,337.5114,9.14042,10,1393264200,-0.6124115,0.849823,-0.02909851,-8.791824,2.146449,-14.30363,253.1765,252.4655,26,0.2668464,-0.1200369,0.04010055,2.111989,-1.615032,-1.006907,0.2301454,-0.1787211,0.04385347,-0.06898148,-0.05456403,-0.06974725,3
2014-02-24 18:50:10.663,5697,569.7,43.64252,3.942899,31.04285,0,337.5114,9.14042,10,1393264200,-0.5778198,0.8847046,-0.06408691,-8.627464,1.983359,-15.38512,253.4169,252.7059,26,0.3202145,-0.1234711,-0.01566205,2.120872,-1.610135,-1.007823,0.2510348,-0.1298534,0.04005767,-0.07912117,0.004151156,-0.05008805,3
2014-02-24 18:50:10.779,5698,569.8,43.64252,3.942899,31.04285,0,337.5114,9.14042,10,1393264200,-0.550415,0.8594666,-0.02259827,-8.189186,2.635738,-15.49895,253.409,252.698,26,0.3899662,-0.1090469,-0.1218857,2.130708,-1.603995,-1.008364,0.304403,-0.1332875,-0.01570493,-0.04486824,0.038744,-0.08178675,3
2014-02-24 18:50:10.879,5699,569.9,43.64252,3.942899,31.04285,0,337.5114,9.070693,10,1393264201,-0.5329437,0.8372192,-0.00958252,-9.010965,2.146452,-15.55587,253.4548,252.7438,26,0.4410421,-0.07757203,-0.2038197,2.143045,-1.595938,-1.006862,0.3741547,-0.1188633,-0.1219286,-0.01066651,0.04697717,-0.05379677,3
2014-02-24 18:50:10.965,5700,570,43.64252,3.942899,31.04285,0,337.5114,9.070693,10,1393264201,-0.5275726,0.813324,0.01502991,-8.901392,2.363912,-16.01123,253.5374,252.8264,26,0.4441468,0.06906456,-0.1536045,2.157228,-1.585865,-1.003604,0.4252307,-0.08738842,-0.2038626,-0.01012775,0.01295617,-0.03162479,3
2014-02-24 18:50:11.098,5701,570.1,43.64252,3.942899,31.04285,0,337.5114,9.070693,10,1393264201,-0.5192413,0.8089447,-0.0131073,-9.17532,2.418282,-14.92975,253.5688,252.8578,26,0.3414055,0.1583055,-0.09211448,2.172388,-1.573041,-1.000401,0.4283355,0.05924821,-0.1536473,0.002137212,-0.02404519,0.02927478,3
2014-02-24 18:50:11.180,5702,570.2,43.64252,3.942899,31.04285,0,337.5114,9.070693,10,1393264201,-0.5471191,0.7946777,-0.002624512,-9.558817,2.690107,-15.3282,253.6031,252.8921,26,0.2313991,0.1703944,-0.03346075,2.185232,-1.559986,-0.998287,0.3255942,0.1484892,-0.09215736,0.01413867,-0.02722024,0.0208864,3
2014-02-24 18:50:11.307,5703,570.3,43.64252,3.942899,31.04285,0,337.5114,9.070693,10,1393264201,-0.5433044,0.8328552,0.04882812,-8.73704,2.961931,-15.95432,253.4959,252.7849,26,0.06324369,0.2038549,0.06079224,2.194225,-1.549327,-0.9970129,0.2155879,0.1605781,-0.03350363,0.02344704,-0.03090858,-0.001454163,3
2014-02-24 18:50:11.550,5704,570.4,43.64252,3.942899,31.04285,0,337.5114,9.070693,10,1393264201,-0.5266876,0.8514709,0.04986572,-6.819557,2.690104,-15.66972,253.3763,252.6653,26,0.01981978,0.3340571,0.08491276,2.197523,-1.543216,-0.9974899,0.04743254,0.1940386,0.06074937,-0.004912678,-0.0454344,0.0123337,3
2014-02-24 18:50:11.638,5705,570.5,43.64252,3.942899,31.04285,0,337.5114,9.070693,10,1393264201,-0.5266876,0.8514709,0.04986572,-5.066433,3.23376,-14.07595,254.0925,253.3815,26,0.06939266,0.4869193,0.01820297,2.199077,-1.528934,-0.9999639,0.05358161,0.4771031,0.0181601,0.0001558801,0.008325711,0.07527106,3
2014-02-24 18:50:11.736,5706,570.6,43.64252,3.942899,31.04285,0,337.5114,9.070693,10,1393264201,-0.5495758,0.7785492,-0.03077698,-4.135082,1.54843,-14.24671,254.5869,253.8759,26,0.03691434,0.575368,-0.08737858,2.199077,-1.528934,-0.9999639,0.05358161,0.4771031,0.0181601,0.0001558801,0.008325711,0.07527106,3
2014-02-24 18:50:11.845,5707,570.7,43.64252,3.942899,31.04285,0,337.5114,9.070693,10,1393264201,-0.5495758,0.7785492,-0.03077698,-4.189869,1.494067,-13.96211,254.434,253.723,26,-0.09704559,0.5798343,-0.1086519,2.198287,-1.508826,-0.9970817,-0.1128565,0.5700182,-0.1086948,0.002025721,-0.05847279,0.0146313,3
2014-02-24 18:50:11.922,5708,570.8,43.64252,3.942899,31.04285,0,337.5114,9.070693,10,1393264201,-0.5686951,0.7722168,-0.003677368,-4.518578,1.928992,-13.39291,254.535,253.824,26,-0.227733,0.6175671,-0.08329409,2.191544,-1.503532,-0.9955703,-0.2435439,0.607751,-0.08333697,-0.006781606,-0.06052016,0.005789068,3
2014-02-24 18:50:12.046,5709,570.9,43.64255,3.942887,29.95236,1.811288,341.2321,9,5,1393264202,-0.565979,0.8183136,0.03503418,-4.299437,2.581377,-13.84827,254.7532,254.0422,26,-0.3451694,0.7700202,-0.04015887,2.180495,-1.499826,-0.9948397,-0.3609802,0.7602042,-0.04020175,-0.02542881,-0.0664549,0.0349432,3
2014-02-24 18:50:12.146,5710,571,43.64255,3.942887,29.95236,1.811288,341.2321,9,5,1393264202,-0.6001129,0.7497406,-0.03309631,-3.806374,1.548436,-12.31143,254.7876,254.0766,26,-0.1109129,0.9762738,-0.1279044,2.171291,-1.491983,-0.9932433,-0.1267237,0.9664574,-0.1279481,-0.02169832,-0.01948756,0.07801975,3
2014-02-24 18:50:12.253,5711,571.1,43.64255,3.942887,29.95236,1.811288,341.2321,9,5,1393264202,-0.617569,0.6997681,-0.1021881,-4.463797,1.76589,-12.76679,254.9666,254.2556,26,-0.2345289,1.218138,-0.09508604,2.165078,-1.475697,-0.9912471,-0.2503396,1.208321,-0.09512975,-0.02152386,0.01160282,0.09266727,3
2014-02-24 18:50:12.410,5712,571.2,43.64255,3.942887,29.95236,1.811288,341.2321,9,5,1393264202,-0.6277161,0.672699,-0.1479187,-4.682934,3.17939,-13.10831,256.0879,255.3768,26,-0.7864515,1.24057,-0.01848953,2.145147,-1.470775,-0.9914712,-0.8022621,1.230754,-0.01853324,-0.08253514,-0.1176855,-0.01851474,3
2014-02-24 18:50:12.549,5713,571.3,43.64255,3.942887,29.95236,1.811288,341.2321,9,5,1393264202,-0.6277161,0.672699,-0.1479187,-5.5595,3.50558,-14.01903,260.7377,260.0267,25,-1.187806,1.359052,0.4445689,2.108374,-1.477023,-0.9953507,-1.20997,1.333377,0.1677653,-0.08055779,-0.137366,-0.08933155,3
2014-02-24 18:50:12.648,5714,571.4,43.64255,3.942887,29.95236,1.811288,341.2321,9,5,1393264202,-0.6406403,0.8729858,-0.08714294,-5.669069,4.266695,-14.81591,262.0211,261.3101,25,-1.187806,1.359052,0.4445689,2.068203,-1.486836,-1.003294,-1.203616,1.349235,0.4445252,-0.1082865,-0.1495052,-0.004696204,3
2014-02-24 18:50:12.747,5715,571.5,43.64255,3.942887,29.95236,1.811288,341.2321,9,5,1393264202,-0.6406403,0.8729858,-0.08714294,-6.929125,3.777409,-15.55587,263.975,263.264,25,-1.377622,1.732692,0.5786985,2.02401,-1.49581,-1.015959,-1.38619,1.597412,0.615142,-0.1319022,-0.09617161,-0.02162993,3
2014-02-24 18:50:12.844,5716,571.6,43.64255,3.942887,29.95236,1.811288,341.2321,9,5,1393264202,-0.5377197,0.9365997,-0.07667542,-7.367409,3.125027,-16.01124,264.9677,264.2567,25,-1.326704,1.959035,0.4866493,1.975049,-1.506594,-1.028851,-1.393432,1.722875,0.5786548,-0.125899,0.01627916,-0.05404985,3
2014-02-24 18:50:12.938,5717,571.7,43.64255,3.942887,29.95236,1.811288,341.2321,9,5,1393264202,-0.4825134,0.9061127,-0.1197205,-9.010965,3.016297,-16.12508,265.8412,265.1302,25,-1.378899,1.950003,0.3994262,1.926716,-1.513454,-1.040131,-1.342514,1.949219,0.4866056,-0.03244426,0.07412922,-0.04766985,3
2014-02-24 18:50:13.051,5718,571.8,43.64255,3.942887,29.95236,1.811288,341.2321,9,5,1393264202,-0.4351959,0.9459381,-0.1213989,-13.01028,2.744472,-18.11729,266.7628,266.0518,25,-1.391463,1.676125,0.3210342,1.876651,-1.520048,-1.049273,-1.394709,1.940187,0.3993825,-0.02494686,0.06905002,-0.07171285,3
2014-02-24 18:50:13.155,5719,571.9,43.64255,3.942887,29.95236,1.811288,341.2321,9,5,1393264202,-0.4542999,0.8868561,-0.07435608,-14.98254,2.418282,-18.68649,267.1539,266.4429,25,-1.392407,1.328295,0.3384971,1.824522,-1.532282,-1.057109,-1.407273,1.666309,0.3209905,0.03681947,0.07048313,-0.09777805,3
2014-02-24 18:50:13.261,5720,572,43.64258,3.942874,30.95686,3.78127,343.2743,9,5,1393264203,-0.4773407,0.8502502,0.03385925,-14.65383,2.418282,-19.25569,267.3369,266.6259,25,-1.460384,1.13788,0.4042231,1.771329,-1.551606,-1.063829,-1.408217,1.318479,0.3384534,0.04575695,0.04785245,-0.1148744,3
2014-02-24 18:50:13.467,5721,572.1,43.64258,3.942874,30.95686,3.78127,343.2743,9,5,1393264203,-0.4503632,0.8517609,0.04977417,-14.27034,-0.3543463,-20.79254,285.6889,284.9779,26,-1.931271,1.141945,0.6577438,1.71541,-1.57876,-1.070859,-1.476194,1.128064,0.4041794,0.02505518,0.009243344,-0.07817362,3
2014-02-24 18:50:13.580,5722,572.2,43.64258,3.942874,30.95686,3.78127,343.2743,9,5,1393264203,-0.4109192,0.9169922,0.08779907,-15.58518,-2.855148,-18.51573,285.84,285.129,26,-2.24699,1.046331,0.9113817,1.645951,-1.618502,-1.080253,-1.947081,1.132129,0.6577001,-0.006771131,-0.0318266,0.01139313,3
2014-02-24 18:50:13.663,5723,572.3,43.64258,3.942874,30.95686,3.78127,343.2743,9,5,1393264203,-0.399353,0.9718475,0.1206818,-15.5304,-3.779356,-18.11729,285.9626,285.2516,26,-2.183915,0.8970709,0.8946746,1.55668,-1.67776,-1.092722,-2.2628,1.036515,0.911338,0.00707796,-0.03612153,0.0006572258,3
2014-02-24 18:50:13.767,5724,572.4,43.64258,3.942874,30.95686,3.78127,343.2743,9,5,1393264203,-0.3977203,0.9663391,0.1929169,-16.2426,-4.594837,-18.51573,285.8915,285.1805,26,-1.886082,0.6920698,0.7681484,1.460505,-1.745828,-1.103619,-2.199725,0.887255,0.8946309,0.03256795,0.02414932,0.009372254,3
2014-02-24 18:50:13.871,5725,572.5,43.64258,3.942874,30.95686,3.78127,343.2743,9,5,1393264203,-0.3977203,0.9663391,0.1929169,-15.74953,-3.67063,-18.11728,285.8778,285.1668,26,-1.523566,0.720085,0.5203119,1.296024,-1.866328,-1.113813,-1.539376,0.710269,0.5202682,0.02433262,0.07879338,0.04481321,3
2014-02-24 18:50:13.997,5726,572.6,43.64258,3.942874,30.95686,3.78127,343.2743,9,5,1393264203,-0.4163971,0.9497833,0.1898956,-15.8591,-4.431741,-19.02801,285.8024,285.0914,26,-1.046226,0.7848288,0.2192578,1.236063,-1.905715,-1.112673,-1.297836,0.8079197,0.309303,0.002164816,0.05888068,0.04643383,3
2014-02-24 18:50:14.099,5727,572.7,43.64258,3.942874,30.95686,3.78127,343.2743,9,5,1393264203,-0.3760071,0.9486542,0.1611023,-15.31125,-4.649198,-19.02801,283.064,282.353,26,-0.6954227,0.5428207,0.09125508,1.186629,-1.934995,-1.109575,-1.062036,0.775013,0.2192141,-0.0005456181,0.05427361,0.03137148,3
2014-02-24 18:50:14.186,5728,572.8,43.64262,3.942859,30.69762,4.664978,344.323,9,5,1393264204,-0.3731232,0.9428864,0.199234,-16.07825,-6.388887,-18.80033,281.8416,281.1306,26,-0.2746539,0.3354044,-0.1724932,1.151429,-1.954789,-1.106334,-0.7112324,0.5330049,0.09121136,0.03931406,0.05459153,-0.006708132,3
2014-02-24 18:50:14.488,5729,572.9,43.64262,3.942859,30.69762,4.664978,344.323,9,5,1393264204,-0.4622345,0.7845459,0.2393494,-15.96868,-7.802387,-17.09272,281.0022,280.2912,26,0.2550126,0.2382693,-0.07260869,1.13852,-1.954132,-1.096023,0.08550776,0.2405803,-0.3933324,0.05153772,0.06157725,0.04380588,3
2014-02-24 18:50:14.712,5730,573,43.64262,3.942859,30.69762,4.664978,344.323,9,5,1393264204,-0.4031982,0.9259033,0.1004944,-14.98254,-8.237305,-16.86504,280.7174,280.0064,26,-0.2569969,-0.1039621,0.1451838,1.125708,-1.944918,-1.113545,-0.2728077,-0.1137809,0.1451169,-0.001392979,0.0201651,-0.01699392,3
2014-02-24 18:50:14.870,5731,573.1,43.64262,3.942859,30.69762,4.664978,344.323,9,5,1393264204,-0.4450226,0.8952637,0.1509399,-15.91389,-9.487707,-17.0358,280.5282,279.8172,26,-0.1308603,-0.249641,0.09033496,1.104994,-1.972354,-1.112684,-0.1466709,-0.2594597,0.09026807,-0.02274877,-0.003074732,-0.0382897,3
2014-02-24 18:50:14.993,5732,573.2,43.64262,3.942859,30.69762,4.664978,344.323,9,5,1393264204,-0.4427948,0.8793793,0.169632,-14.43469,-10.52065,-17.09272,276.8305,276.1195,26,-0.08575192,-0.1752957,0.1311013,1.098467,-1.982328,-1.11368,-0.1015625,-0.1851143,0.1310344,-0.04051012,-0.002065397,-0.02561092,3
2014-02-24 18:50:15.080,5733,573.3,43.64267,3.942837,30.9978,5.588566,341.4584,9,5,1393264205,-0.4221344,0.8998413,0.1648407,-16.07825,-10.84684,-15.6128,275.9347,275.2237,26,-0.08116622,-0.06512041,0.1558788,1.092184,-1.990034,-1.115609,-0.09697674,-0.07493906,0.1558119,-0.0412362,-0.01879928,-0.009326101,3
2014-02-24 18:50:15.185,5734,573.4,43.64267,3.942837,30.9978,5.588566,341.4584,9,5,1393264205,-0.3992767,0.9161835,0.1474152,-15.74954,-10.73811,-15.04359,275.8359,275.1249,26,-0.04199246,-0.006884538,0.1721102,1.090236,-1.991349,-1.114724,-0.05780242,-0.01670589,0.1720351,-0.02008614,0.002052083,-0.01496949,3
2014-02-24 18:50:15.286,5735,573.5,43.64267,3.942837,30.9978,5.588566,341.4584,9,5,1393264205,-0.3993225,0.9152374,0.1552429,-16.46174,-10.9012,-14.18979,275.6711,274.9601,26,0.05169515,-0.06859291,0.1607079,1.093432,-1.988053,-1.117981,0.03588996,-0.07841124,0.1606278,-0.01118466,0.006298711,-0.02211644,3
2014-02-24 18:50:15.534,5736,573.6,43.64267,3.942837,30.9978,5.588566,341.4584,9,5,1393264205,-0.414917,0.8877869,0.1757507,-15.91389,-11.55359,-14.98668,274.5878,273.8768,26,0.1701829,-0.1393531,0.1273438,1.09504,-1.989003,-1.121194,0.1543778,-0.1491714,0.1272637,-0.0001257343,0.014541,-0.02513659,3
2014-02-24 18:50:15.621,5737,573.7,43.64267,3.942837,30.9978,5.588566,341.4584,9,5,1393264205,-0.414917,0.8877869,0.1757507,-16.29739,-10.52064,-16.52353,273.6667,272.9557,26,0.1510638,-0.1377965,0.05675836,1.102968,-1.984456,-1.123284,0.204017,-0.1605219,0.07740454,-0.01196099,0.00104647,-0.003117045,3
2014-02-24 18:50:15.738,5738,573.8,43.64267,3.942837,30.9978,5.588566,341.4584,9,5,1393264205,-0.4128571,0.8857574,0.1757812,-15.96868,-10.52065,-16.40968,273.353,272.642,26,0.1510638,-0.1377965,0.05675836,1.108277,-1.98259,-1.125542,0.1352595,-0.1476151,0.05667529,-0.02175882,0.008280845,0.004144429,3
2014-02-24 18:50:15.965,5739,573.9,43.64267,3.942837,30.9978,5.588566,341.4584,9,5,1393264205,-0.4128571,0.8857574,0.1757812,-16.79045,-10.68374,-16.01124,273.0352,272.3242,26,0.1243089,-0.1303892,0.01654356,1.112257,-1.981764,-1.126911,0.1368489,-0.1705972,0.01585596,-0.02706839,-0.02314627,0.005147806,3
2014-02-24 18:50:16.066,5740,574,43.64272,3.942799,31.54272,6.522835,328.3997,9,5,1393264206,-0.3987885,0.893219,0.1485748,-19.52971,-9.161509,-16.35276,266.3828,265.6718,26,0.09724986,-0.1724959,0.02138678,1.112176,-1.985468,-1.124184,0.1084985,-0.1402151,0.01645834,-0.01754932,-0.01615787,0.001768142,3
2014-02-24 18:50:16.150,5741,574.1,43.64272,3.942799,31.54272,6.522835,328.3997,9,5,1393264206,-0.4150848,0.9064941,0.1404877,-18.21487,-7.421829,-16.35276,266.2279,265.5169,26,0.1142504,-0.1744056,0.04972308,1.115431,-1.985546,-1.125113,0.08143957,-0.1823218,0.02130157,-0.004262016,-0.009097521,-0.02513124,3
2014-02-24 18:50:16.278,5742,574.2,43.64272,3.942799,31.54272,6.522835,328.3997,9,5,1393264206,-0.4162598,0.9086456,0.1580048,-17.22874,-6.878174,-17.14964,266.0316,265.3206,26,0.1425188,-0.1390617,0.04847672,1.123829,-1.980201,-1.125892,0.09844365,-0.1842298,0.04963224,-0.01826618,0.0008514944,-0.02298455,3
2014-02-24 18:50:16.460,5743,574.3,43.64272,3.942799,31.54272,6.522835,328.3997,9,5,1393264206,-0.4072571,0.9094543,0.1590881,-17.39309,-7.041269,-16.63736,265.7922,265.0812,26,0.1805653,-0.1126339,0.05679617,1.127902,-1.979582,-1.127618,0.1267121,-0.1488859,0.04838588,-0.02169559,0.004153839,-0.02216643,3
2014-02-24 18:50:16.554,5744,574.4,43.64272,3.942799,31.54272,6.522835,328.3997,9,5,1393264206,-0.4004517,0.9202576,0.1580963,-17.3931,-6.715078,-14.58824,261.5501,260.8391,26,0.24206,-0.08948887,0.05716076,1.138062,-1.971713,-1.128188,0.1647613,-0.1224576,0.05669846,-0.01604999,0.01088255,-0.00520716,3
2014-02-24 18:50:16.682,5745,574.5,43.64272,3.942799,31.54272,6.522835,328.3997,9,5,1393264206,-0.4030457,0.9013672,0.1572571,-17.06438,-5.084123,-14.58823,260.6418,259.9308,26,0.3384476,-0.07782742,0.00518331,1.146856,-1.965454,-1.130252,0.2262571,-0.09931232,0.0570609,-0.01360599,0.004934508,-0.00487126,3
2014-02-24 18:50:16.775,5746,574.6,43.64272,3.942799,31.54272,6.522835,328.3997,9,5,1393264206,-0.4009399,0.8992767,0.1524048,-14.0512,-6.008331,-15.3282,260.251,259.54,26,0.3817125,-0.09466898,-0.01652571,1.160094,-1.954756,-1.132606,0.3226462,-0.08764996,0.005081477,-0.007043743,0.01473675,-0.0008447549,3
2014-02-24 18:50:16.876,5747,574.7,43.64272,3.942799,31.54272,6.522835,328.3997,9,5,1393264206,-0.3966217,0.8969269,0.1173706,-13.50334,-4.377374,-14.07595,259.8452,259.1342,26,0.403748,-0.1045762,-0.0009667275,1.175083,-1.942956,-1.134067,0.365911,-0.1044923,-0.01662914,-0.009022749,-0.004772678,0.0034504,3
2014-02-24 18:50:16.976,5748,574.8,43.64272,3.942799,31.54272,6.522835,328.3997,9,5,1393264206,-0.3952332,0.878952,0.1184845,-13.17463,-3.724989,-14.41747,259.4408,258.7298,26,0.3941694,-0.1366085,-0.02890089,1.190971,-1.930503,-1.134888,0.3879458,-0.1144013,-0.001072955,-0.00572881,-0.007210108,0.00377852,3
2014-02-24 18:50:17.069,5749,574.9,43.64277,3.942752,31.07796,7.095035,326.5357,9,5,1393264207,-0.3952332,0.878952,0.1184845,-11.36673,-3.888083,-14.13288,259.2226,258.5116,26,0.2740481,-0.1821448,-0.08005409,1.22713,-1.902197,-1.137841,0.2582502,-0.1919668,-0.08016518,-0.0005212221,-0.02679421,-0.0248763,3
2014-02-24 18:50:17.167,5750,575,43.64277,3.942752,31.07796,7.095035,326.5357,9,5,1393264207,-0.403595,0.8911743,0.1270752,-10.43538,-4.377371,-13.62059,259.0803,258.3693,26,0.1917452,-0.2010303,-0.09473743,1.237857,-1.896308,-1.13675,0.1759479,-0.2108526,-0.09485043,-0.008032516,-0.02104094,-0.00741243,3
2014-02-24 18:50:17.269,5751,575.1,43.64277,3.942752,31.07796,7.095035,326.5357,9,5,1393264207,-0.3959045,0.9118042,0.1084747,-10.05188,-3.996819,-12.99446,258.7671,258.0561,26,0.2040818,-0.2292681,-0.09434355,1.247149,-1.892017,-1.135787,0.1882848,-0.2390904,-0.09445778,-0.00373107,-0.01569167,-0.005977208,3
2014-02-24 18:50:17.478,5752,575.2,43.64277,3.942752,31.07796,7.095035,326.5357,9,5,1393264207,-0.4069214,0.9052124,0.1269379,-10.98323,-3.724992,-12.02682,258.865,258.154,26,0.3042534,-0.2901202,-0.14675,1.261455,-1.883704,-1.135593,0.2884583,-0.2999406,-0.1468648,0.005219017,0.005020013,-0.02130327,3
2014-02-24 18:50:17.850,5753,575.3,43.64277,3.942752,31.07796,7.095035,326.5357,9,5,1393264207,-0.401947,0.9071045,0.1269836,-9.175316,-3.888086,-13.90519,258.9587,258.2477,26,0.3255989,-0.3401863,-0.1918078,1.277336,-1.875164,-1.134311,0.3098047,-0.350006,-0.191923,-0.003595435,-0.001030567,0.0002419402,3
2014-02-24 18:50:18.009,5754,575.4,43.64277,3.942752,31.07796,7.095035,326.5357,9,5,1393264207,-0.4098053,0.8973389,0.1337891,-11.69544,-1.822209,-13.33599,253.4787,252.7677,25,0.3642214,-0.3686593,-0.2462947,1.294377,-1.86655,-1.132062,0.3484272,-0.3784789,-0.2464101,-0.002737238,0.006941563,0.003035262,3
2014-02-24 18:50:18.213,5755,575.5,43.64283,3.942695,30.46568,7.870752,325.3794,9,5,1393264208,-0.4086151,0.8863831,0.1407013,-10.49016,-1.93094,-13.10831,253.2826,252.5716,25,0.3786048,-0.429382,-0.3417587,1.330259,-1.849406,-1.12546,0.3628094,-0.4392028,-0.3418734,0.009334711,-0.00131243,0.004624989,3
2014-02-24 18:50:18.375,5756,575.6,43.64283,3.942695,30.46568,7.870752,325.3794,9,5,1393264208,-0.4086151,0.8863831,0.1407013,-9.558811,-2.202766,-12.59603,252.1655,251.4545,25,0.3752772,-0.5803292,-0.3637798,1.348171,-1.842593,-1.120508,0.3214891,-0.5396509,-0.3905601,0.01762143,-0.005271641,0.002436377,3
2014-02-24 18:50:18.511,5757,575.7,43.64283,3.942695,30.46568,7.870752,325.3794,9,5,1393264208,-0.4216919,0.8886719,0.1366425,-9.17532,-2.257129,-12.08374,250.1686,249.4576,25,0.3997929,-0.5823113,-0.3517937,1.366182,-1.837241,-1.115393,0.3594814,-0.5901501,-0.3638936,0.01568928,-0.01170075,0.02489426,3
2014-02-24 18:50:18.639,5758,575.8,43.64283,3.942695,30.46568,7.870752,325.3794,9,5,1393264208,-0.4177856,0.8974609,0.1259003,-9.942312,-2.039669,-13.90519,252.5832,251.8722,25,0.4035738,-0.5857666,-0.3622818,1.38403,-1.832484,-1.110656,0.3839962,-0.5921331,-0.3519072,0.007263324,-0.007318344,0.02175578,3
2014-02-24 18:50:18.748,5759,575.9,43.64283,3.942695,30.46568,7.870752,325.3794,9,5,1393264208,-0.4316254,0.8897552,0.1199188,-10.10667,-1.224194,-13.96211,257.4536,256.7426,25,0.3360544,-0.6373852,-0.3741576,1.401458,-1.828262,-1.106389,0.3877756,-0.5955893,-0.3623936,0.01534422,0.003373864,0.01185279,3
2014-02-24 18:50:18.863,5760,576,43.64283,3.942695,30.46568,7.870752,325.3794,9,5,1393264208,-0.4376678,0.8889465,0.1266937,-10.98323,-1.332921,-14.87283,257.2963,256.5853,25,0.2719748,-0.6762762,-0.356797,1.419147,-1.824201,-1.101596,0.3202559,-0.6472082,-0.3742687,0.02099961,0.003516424,0.01353164,3
2014-02-24 18:50:18.955,5761,576.1,43.64283,3.942695,30.46568,7.870752,325.3794,9,5,1393264208,-0.460556,0.8804321,0.1206512,-10.81887,-1.387284,-16.182,257.2551,256.5441,25,0.220175,-0.6776906,-0.3420303,1.433747,-1.823871,-1.096382,0.256176,-0.6860993,-0.3569079,0.004720901,-0.004657443,0.006501427,3
2014-02-24 18:50:19.067,5762,576.2,43.6429,3.942634,30.57529,7.973882,326.2864,9,5,1393264209,-0.4618835,0.9002991,0.106842,-11.03801,-1.496015,-16.06816,257.2297,256.5187,25,0.2212983,-0.6424828,-0.3341514,1.445264,-1.82687,-1.090865,0.2043754,-0.6875144,-0.3421413,-0.009926735,-0.004641626,0.009579891,3
2014-02-24 18:50:19.152,5763,576.3,43.6429,3.942634,30.57529,7.973882,326.2864,9,5,1393264209,-0.476532,0.872879,0.1332092,-13.44856,-1.061095,-14.24671,257.1979,256.4869,25,0.2572856,-0.6515599,-0.3700835,1.456425,-1.829317,-1.085384,0.2054987,-0.6523068,-0.3342632,-0.009487238,-0.004050342,0.001371308,3
2014-02-24 18:50:19.255,5764,576.4,43.6429,3.942634,30.57529,7.973882,326.2864,9,5,1393264209,-0.4781647,0.8579102,0.1274261,-13.01028,-0.7349052,-14.81592,257.2993,256.5883,25,0.2362069,-0.59383,-0.3591182,1.469358,-1.830022,-1.080264,0.2414864,-0.6613836,-0.3701955,-0.006527845,0.01821691,-0.01391494,3
2014-02-24 18:50:19.463,5765,576.5,43.6429,3.942634,30.57529,7.973882,326.2864,9,5,1393264209,-0.4781647,0.8579102,0.1274261,-13.22942,-1.387287,-16.06816,257.0296,256.3186,25,0.1669975,-0.543124,-0.3297774,1.491919,-1.832564,-1.069395,0.1511984,-0.5529476,-0.3298894,-0.01380771,-0.02003742,-0.002790625,3
2014-02-24 18:50:19.550,5766,576.6,43.6429,3.942634,30.57529,7.973882,326.2864,9,5,1393264209,-0.4992065,0.8612671,0.1096191,-13.01028,-1.604747,-16.63736,256.863,256.152,25,0.1406216,-0.4726131,-0.2744094,1.491919,-1.832564,-1.069395,0.1511984,-0.5529476,-0.3298894,-0.01380771,-0.02003742,-0.002790625,3
2014-02-24 18:50:19.656,5767,576.7,43.6429,3.942634,30.57529,7.973882,326.2864,9,5,1393264209,-0.5067749,0.8414612,0.1087036,-15.63997,-0.9523611,-14.81592,255.7536,255.0426,25,0.08670933,-0.3022358,-0.176876,1.508971,-1.841513,-1.057622,0.07091041,-0.3120594,-0.1769889,-0.02545529,-0.005711977,0.01244801,3
2014-02-24 18:50:19.777,5768,576.8,43.6429,3.942634,30.57529,7.973882,326.2864,9,5,1393264209,-0.4943542,0.8681793,0.1135101,-14.76341,-0.9523611,-15.6128,257.0761,256.3651,25,0.04686951,-0.2352948,-0.1298145,1.511728,-1.84398,-1.055282,0.03107061,-0.2451184,-0.1299274,-0.03207401,-0.02857821,-0.02430213,3
2014-02-24 18:50:19.885,5769,576.9,43.6429,3.942634,30.57529,7.973882,326.2864,9,5,1393264209,-0.4980927,0.857254,0.1096649,-13.11985,-1.604747,-16.182,256.6456,255.9346,25,0.07386437,-0.1704846,-0.1301878,1.514654,-1.845201,-1.053289,0.05806555,-0.1803082,-0.1303007,-0.01814747,-0.0008755356,-0.02054495,3
2014-02-24 18:50:19.982,5770,577,43.64297,3.942583,30.74641,7.449294,327.5275,9,5,1393264210,-0.509079,0.851593,0.1193085,-13.6677,-2.365862,-16.182,252.3875,251.6765,25,0.05905533,-0.1241422,-0.1319556,1.517702,-1.845275,-1.05115,0.04325658,-0.1339657,-0.1320686,-0.02010818,-0.01074102,-0.02492873,3
2014-02-24 18:50:20.065,5771,577.1,43.64297,3.942583,30.74641,7.449294,327.5275,9,5,1393264210,-0.5014038,0.8673706,0.119278,-12.46243,-1.278558,-17.43425,252.4703,251.7593,25,0.03914181,-0.092376,-0.1089949,1.52201,-1.843198,-1.048589,0.02334491,-0.1021983,-0.1091097,-0.0137223,-0.00755871,-0.02352631,3
2014-02-24 18:50:20.169,5772,577.2,43.64297,3.942583,30.74641,7.449294,327.5275,9,5,1393264210,-0.4923859,0.8681793,0.1193695,-12.29807,-0.6805391,-17.94653,259.7183,259.0073,25,0.03882356,-0.01395363,-0.08160885,1.523428,-1.843021,-1.047058,0.02302674,-0.02377587,-0.08172359,-0.02163749,-0.002521634,-0.01320846,3
2014-02-24 18:50:20.271,5773,577.3,43.64297,3.942583,30.74641,7.449294,327.5275,9,5,1393264210,-0.4894562,0.8720856,0.1193848,-13.06507,-0.8980017,-17.26348,258.4201,257.7091,25,0.02743589,0.03607731,-0.05053242,1.526883,-1.83909,-1.0452,0.0116417,0.02625676,-0.05065044,-0.01965393,0.003383257,-0.01471552,3
2014-02-24 18:50:20.477,5774,577.4,43.64297,3.942583,30.74641,7.449294,327.5275,9,5,1393264210,-0.4865265,0.8730469,0.1242981,-13.22942,-0.8436317,-17.54808,259.0883,258.3773,25,-0.005222725,0.04666923,0.02999465,1.528803,-1.836127,-1.044683,-0.02074593,0.02639977,-0.001693693,-0.007706669,0.002330553,-0.02105841,3
2014-02-24 18:50:20.578,5775,577.5,43.64297,3.942583,30.74641,7.449294,327.5275,9,5,1393264210,-0.4703674,0.8677673,0.1313477,-13.28421,-1.65911,-15.78356,258.993,258.282,25,0.0008053399,0.03891358,0.04655179,1.528419,-1.835656,-1.04509,-0.02101353,0.03685122,0.0298753,-0.005130977,0.007115909,-0.01197955,3
2014-02-24 18:50:20.680,5776,577.6,43.64297,3.942583,30.74641,7.449294,327.5275,9,5,1393264210,-0.4672546,0.8607635,0.1382904,-14.43469,-2.800781,-15.84048,258.6764,257.9654,25,0.01566471,0.02308748,0.03746402,1.52831,-1.834893,-1.045772,-0.01498426,0.02909648,0.04643224,-0.002670858,0.007735163,-0.00654291,3
2014-02-24 18:50:20.765,5777,577.7,43.64297,3.942583,30.74641,7.449294,327.5275,9,5,1393264210,-0.4762268,0.8559875,0.1440582,-14.92776,-1.550384,-18.74341,256.4193,255.7083,25,-0.02722656,-0.02043444,0.02222648,1.52748,-1.835353,-1.047345,-0.0001329221,0.01326866,0.0373534,0.0121136,0.001668235,0.0006403243,3
2014-02-24 18:50:20.870,5778,577.8,43.64302,3.942541,31.01923,6.989265,329.6653,9,5,1393264211,-0.4762268,0.8559875,0.1440582,-14.87297,-1.496017,-18.23112,256.7095,255.9985,25,-0.03209376,-0.04316691,0.01888235,1.523274,-1.840509,-1.048488,-0.04789262,-0.05298634,0.01877402,0.01150093,-0.002839454,0.01015243,3
2014-02-24 18:50:20.965,5779,577.9,43.64302,3.942541,31.01923,6.989265,329.6653,9,5,1393264211,-0.48349,0.8651886,0.1497498,-14.7634,-2.039669,-18.00344,256.8494,256.1384,25,-0.02229092,-0.04078658,0.02364541,1.523274,-1.840509,-1.048488,-0.04789262,-0.05298634,0.01877402,0.01150093,-0.002839454,0.01015243,3
2014-02-24 18:50:21.077,5780,578,43.64302,3.942541,31.01923,6.989265,329.6653,9,5,1393264211,-0.48349,0.8651886,0.1497498,-15.80432,-2.528955,-16.92196,256.7128,256.0018,25,-0.01016555,-0.0008945558,0.03979615,1.51676,-1.848515,-1.048295,-0.02596832,-0.01071684,0.03968689,-0.01061246,-0.003155255,0.01970441,3
2014-02-24 18:50:21.152,5781,578.1,43.64302,3.942541,31.01923,6.989265,329.6653,9,5,1393264211,-0.4693451,0.8706512,0.1196289,-16.73567,-1.822206,-16.182,253.1944,252.4834,25,0.000700145,0.03109161,0.06070463,1.514906,-1.850044,-1.048998,-0.01510324,0.02126887,0.0605951,-0.004358025,-0.001735584,0.01236336,3
2014-02-24 18:50:21.255,5782,578.2,43.64302,3.942541,31.01923,6.989265,329.6653,9,5,1393264211,-0.4704285,0.8756256,0.1147156,-16.62609,-0.9523649,-16.40968,253.3189,252.6079,25,0.0007076019,0.04127314,0.05825931,1.514369,-1.849748,-1.050258,-0.0150948,0.03145111,0.05815022,0.008776745,0.003099507,-0.01731448,3
2014-02-24 18:50:21.451,5783,578.3,43.64302,3.942541,31.01923,6.989265,329.6653,9,5,1393264211,-0.4672241,0.868515,0.108963,-15.03733,-1.767843,-17.26348,256.7094,255.9984,25,0.04140949,0.04715313,0.04568839,1.515562,-1.84765,-1.051981,0.02560887,0.03733238,0.0455806,0.006541682,0.007218609,-0.02081581,3
2014-02-24 18:50:21.567,5784,578.4,43.64302,3.942541,31.01923,6.989265,329.6653,9,5,1393264211,-0.4672699,0.8666077,0.1206818,-14.7634,-0.7349014,-18.11729,261.3312,260.6202,25,0.03661261,0.01303138,0.03541711,1.51675,-1.846046,-1.053054,0.02081291,0.003211268,0.03530953,0.0008406825,0.004825096,-0.0159365,3
2014-02-24 18:50:21.644,5785,578.5,43.64302,3.942541,31.01923,6.989265,329.6653,9,5,1393264211,-0.4754028,0.8717804,0.1195526,-14.81819,-1.224188,-17.26348,259.5372,258.8262,25,0.006091981,-0.03045964,0.01208649,1.518464,-1.844594,-1.054236,-0.0097054,-0.04027813,0.01198001,0.008103023,0.005018933,-0.01876641,3
2014-02-24 18:50:21.750,5786,578.6,43.64302,3.942541,31.01923,6.989265,329.6653,9,5,1393264211,-0.4754028,0.8717804,0.1195526,-15.47561,-1.659113,-16.58044,260.2484,259.5374,25,-0.02488325,-0.008979913,0.03504134,1.517174,-1.846212,-1.054744,-0.05771442,-0.02817408,0.01257433,0.006499906,-0.001106447,-0.009650026,3
2014-02-24 18:50:21.852,5787,578.7,43.64302,3.942541,31.01923,6.989265,329.6653,9,5,1393264211,-0.4653168,0.8695679,0.1206665,-16.40696,-1.71348,-16.7512,260.176,259.465,25,-0.02488325,-0.008979913,0.03504134,1.515936,-1.847523,-1.055105,-0.04067831,-0.01879684,0.03493582,0.001871306,0.004803844,-0.006371984,3
2014-02-24 18:50:21.968,5788,578.8,43.64302,3.942541,31.01923,6.989265,329.6653,9,5,1393264211,-0.4653168,0.8695679,0.1206665,-16.57132,-1.550384,-17.83269,260.0919,259.3809,25,-0.03730343,-0.01575473,0.05023867,1.514534,-1.848612,-1.055457,-0.06407361,-0.003111198,0.03455772,-0.002369282,-0.001350907,-0.01948473,3
2014-02-24 18:50:22.036,5789,578.9,43.64302,3.942541,31.01923,6.989265,329.6653,9,5,1393264211,-0.4636688,0.8815765,0.1332855,-15.63997,-1.822206,-17.66193,260.0424,259.3315,25,0.01201325,-0.02792218,0.04027312,1.513398,-1.849628,-1.056373,-0.05309554,-0.02556975,0.05013335,0.007712921,-0.001008549,-0.0147573,3
2014-02-24 18:50:22.152,5790,579,43.64308,3.942503,30.56635,6.066042,330.4033,9,5,1393264212,-0.4574432,0.8714905,0.1363525,-14.65383,-2.474591,-17.66193,255.5822,254.8712,25,-0.03227592,-0.01695155,0.03739424,1.511955,-1.852173,-1.058634,0.003696172,-0.03550556,0.02848916,0.01324116,0.004808551,0.001203414,3
2014-02-24 18:50:22.281,5791,579.1,43.64308,3.942503,30.56635,6.066042,330.4033,9,5,1393264212,-0.4704285,0.8717346,0.1283875,-13.99641,-2.148399,-17.88961,257.0282,256.3172,25,-0.06423332,-0.02968572,0.03486557,1.510221,-1.85441,-1.059343,-0.04806817,-0.02676634,0.03729247,0.01055703,-0.005487269,0.0003843322,3
2014-02-24 18:50:22.462,5792,579.2,43.64308,3.942503,30.56635,6.066042,330.4033,9,5,1393264212,-0.4684296,0.8716736,0.1274414,-14.81819,-2.855148,-17.94653,253.8868,253.1758,25,-0.09158052,-0.05226533,0.07236235,1.507278,-1.857677,-1.059881,-0.08002556,-0.03950043,0.03476479,0.005536653,-0.0006696199,-0.002069761,3
2014-02-24 18:50:22.566,5793,579.3,43.64308,3.942503,30.56635,6.066042,330.4033,9,5,1393264212,-0.4697113,0.8807831,0.1410217,-15.36604,-3.3988,-16.92196,249.7513,249.0403,25,-0.1382913,-0.07531393,0.06979267,1.504689,-1.860451,-1.060188,-0.1073709,-0.062079,0.07226073,0.006786359,-0.03492313,-0.02546481,3
2014-02-24 18:50:22.679,5794,579.4,43.64308,3.942503,30.56635,6.066042,330.4033,9,5,1393264212,-0.4707794,0.8808594,0.1478271,-14.16077,-2.420226,-17.60501,255.3146,254.6036,25,-0.1172217,-0.06737611,0.04997475,1.499292,-1.866571,-1.060806,-0.1540808,-0.08512714,0.06969096,-0.001458797,-0.001075736,-0.01485029,3
2014-02-24 18:50:22.776,5795,579.5,43.64308,3.942503,30.56635,6.066042,330.4033,9,5,1393264212,-0.4666595,0.8787384,0.1400909,-14.0512,-1.44165,-17.605,255.4999,254.7889,25,-0.07668253,-0.05228052,0.05608218,1.494144,-1.872588,-1.061091,-0.1330105,-0.07718889,0.04987314,-0.003842346,0.007894868,-0.004003378,3
2014-02-24 18:50:22.879,5796,579.6,43.64308,3.942503,30.56635,6.066042,330.4033,9,5,1393264212,-0.4562531,0.8615265,0.1422882,-14.37991,-2.311499,-16.80812,255.5204,254.8094,25,-0.04963653,-0.03167031,0.05614077,1.489926,-1.877509,-1.061333,-0.09247103,-0.06209314,0.05598021,-0.005831039,0.007853216,0.0005748159,3
2014-02-24 18:50:22.978,5797,579.7,43.64312,3.942471,29.90445,5.083254,330.7706,9,5,1393264213,-0.4562531,0.8615265,0.1422882,-15.1469,-2.094039,-16.80812,255.4945,254.7835,25,-0.07901972,-0.05242033,0.04081081,1.484156,-1.884081,-1.062477,-0.0948071,-0.0622323,0.04070903,0.0004651855,0.001070229,-0.008837868,3
2014-02-24 18:50:23.076,5798,579.8,43.64312,3.942471,29.90445,5.083254,330.7706,9,5,1393264213,-0.4446106,0.8695068,0.1755219,-14.98255,-1.822212,-15.95432,255.4783,254.7673,25,-0.08761507,-0.08420223,0.04338449,1.484156,-1.884081,-1.062477,-0.0948071,-0.0622323,0.04070903,0.0004651855,0.001070229,-0.008837868,3
2014-02-24 18:50:23.165,5799,579.9,43.64312,3.942471,29.90445,5.083254,330.7706,9,5,1393264213,-0.4446106,0.8695068,0.1755219,-14.65383,-1.496017,-15.38512,256.4818,255.7707,25,-0.102353,-0.08321127,0.03971412,1.475072,-1.895227,-1.062842,-0.1181405,-0.09302327,0.03961271,0.008456914,-0.003181474,0.005750714,3
2014-02-24 18:50:23.276,5800,580,43.64312,3.942471,29.90445,5.083254,330.7706,9,5,1393264213,-0.4556732,0.8726654,0.1665955,-14.7634,-1.278558,-16.06816,259.0235,258.3125,25,-0.08492235,-0.03799479,0.007766311,1.469616,-1.901597,-1.062538,-0.1007117,-0.04780783,0.007665459,0.01566051,-0.004086661,0.0174557,3
2014-02-24 18:50:23.476,5801,580.1,43.64312,3.942471,29.90445,5.083254,330.7706,9,5,1393264213,-0.4628448,0.8759155,0.1772308,-14.43469,-1.93094,-18.11729,258.5275,257.8165,25,-0.06785761,-0.0218555,0.02536954,1.465265,-1.906202,-1.062071,-0.08364813,-0.03166919,0.02526874,0.004250266,-0.0007007218,0.006277035,3
2014-02-24 18:50:23.568,5802,580.2,43.64312,3.942471,29.90445,5.083254,330.7706,9,5,1393264213,-0.4567719,0.8737946,0.179245,-13.55813,-1.278558,-18.34497,258.5592,257.8482,25,-0.02706491,-0.02059236,0.002286857,1.462079,-1.909805,-1.061676,-0.04285695,-0.03040688,0.002186027,-0.003176228,0.002742085,0.01514167,3
2014-02-24 18:50:23.669,5803,580.3,43.64312,3.942471,29.90445,5.083254,330.7706,9,5,1393264213,-0.4589081,0.879776,0.1743011,-13.55813,-1.71348,-17.43424,258.0994,257.3884,25,0.002376072,-0.008955145,0.01184095,1.460425,-1.911762,-1.061548,-0.01341654,-0.01876997,0.0117398,-0.005296626,-0.0011782,0.01126,3
2014-02-24 18:50:23.793,5804,580.4,43.64312,3.942471,29.90445,5.083254,330.7706,9,5,1393264213,-0.4594421,0.8647003,0.1568756,-15.25647,-1.985307,-16.12508,255.8958,255.1848,25,0.01851563,0.005744439,-0.008090151,1.459489,-1.913003,-1.06153,0.002721435,-0.004071272,-0.008190976,-0.001700222,0.007757028,0.01459085,3
2014-02-24 18:50:23.893,5805,580.5,43.64312,3.942471,29.90445,5.083254,330.7706,9,5,1393264213,-0.4594421,0.8647003,0.1568756,-13.88684,-1.496017,-17.43424,260.7794,260.0684,25,-0.03447329,-0.04779362,0.009519735,1.459605,-1.913316,-1.061355,-0.003384314,-0.02793718,-0.01036251,0.000665883,0.0007011409,-0.0001609117,3
2014-02-24 18:50:23.993,5806,580.6,43.64316,3.942446,29.30987,4.533048,331.6016,9,10,1393264214,-0.467041,0.8898468,0.1604767,-13.01028,-1.93094,-17.77576,259.5492,258.8382,25,-0.03447329,-0.04779362,0.009519735,1.458846,-1.914878,-1.06116,-0.05026758,-0.05760938,0.009418934,-0.000177916,-0.008221693,-0.007695158,3
2014-02-24 18:50:24.094,5807,580.7,43.64316,3.942446,29.30987,4.533048,331.6016,9,10,1393264214,-0.467041,0.8898468,0.1604767,-12.35286,-1.822209,-17.09272,259.4538,258.7428,25,-0.04334375,0.07691715,0.02229439,1.45648,-1.917001,-1.060871,-0.09619489,0.003561903,0.04943757,-0.01338335,-0.005807191,-0.01087664,3
2014-02-24 18:50:24.170,5808,580.8,43.64316,3.942446,29.30987,4.533048,331.6016,9,10,1393264214,-0.4607086,0.876709,0.1548157,-12.95549,-1.550384,-17.49116,260.5537,259.8427,25,-0.01874519,0.1269281,0.01617737,1.454151,-1.91812,-1.060966,-0.05913557,0.06710295,0.02219114,-0.008153696,0.01701934,-0.005639714,3
2014-02-24 18:50:24.294,5809,580.9,43.64316,3.942446,29.30987,4.533048,331.6016,9,10,1393264214,-0.458374,0.8665619,0.1402893,-12.68157,-1.930943,-17.3204,259.0711,258.3601,25,-0.03479846,0.1359171,0.0218009,1.452866,-1.917299,-1.061123,-0.03453613,0.1171144,0.01607432,-0.001951205,0.01074772,-0.01386815,3
2014-02-24 18:50:24.516,5810,581,43.64316,3.942446,29.30987,4.533048,331.6016,9,10,1393264214,-0.4488373,0.8824768,0.1646576,-15.03733,-1.76784,-16.80812,257.6435,256.9325,25,0.0231482,0.124931,0.009560482,1.451855,-1.915514,-1.061141,-0.05058756,0.1261044,0.02169745,-0.001137339,-0.0102726,-0.02166488,3
2014-02-24 18:50:24.646,5811,581.1,43.64316,3.942446,29.30987,4.533048,331.6016,9,10,1393264214,-0.4416962,0.8773346,0.1638031,-14.54426,-1.713477,-16.86504,258.5535,257.8425,25,0.06259787,0.1251627,0.0005523396,1.452057,-1.912804,-1.061663,0.007361096,0.1151195,0.009457324,0.004448142,0.007371485,-0.0105622,3
2014-02-24 18:50:24.748,5812,581.2,43.64316,3.942446,29.30987,4.533048,331.6016,9,10,1393264214,-0.449707,0.8745575,0.1705627,-13.17463,-2.094032,-17.37733,258.3734,257.6624,25,0.06028491,0.09556567,-0.01325801,1.453024,-1.909856,-1.06258,0.04681062,0.115351,0.0004509588,0.01631944,-0.0002768282,0.000991675,3
2014-02-24 18:50:24.849,5813,581.3,43.64316,3.942446,29.30987,4.533048,331.6016,9,10,1393264214,-0.4565582,0.8686829,0.1646729,-13.55813,-2.583319,-17.09272,256.6907,255.9797,25,0.03955513,0.09748422,-0.03693805,1.454447,-1.906986,-1.063053,0.04449746,0.08575384,-0.01335831,0.01729207,0.003490793,0.003407308,3
2014-02-24 18:50:24.947,5814,581.4,43.64316,3.942446,29.30987,4.533048,331.6016,9,10,1393264214,-0.468689,0.8739014,0.1576538,-12.95549,-2.855148,-17.60501,256.3728,255.6618,25,0.04195304,0.1111492,-0.03118269,1.455182,-1.904954,-1.063079,0.02376657,0.08767172,-0.03703689,0.009584062,0.0007006557,0.01110768,3
2014-02-24 18:50:25.035,5815,581.5,43.64316,3.942446,29.30987,4.533048,331.6016,9,10,1393264214,-0.4716034,0.8738556,0.1429901,-12.02415,-2.365865,-17.3204,257.7269,257.0159,25,0.05912111,0.1283204,-0.02649313,1.455858,-1.902804,-1.062578,0.02616344,0.1013361,-0.03128139,0.003489142,-0.004929889,0.006062703,3
2014-02-24 18:50:25.138,5816,581.6,43.64316,3.942446,29.30987,4.533048,331.6016,9,10,1393264214,-0.4706421,0.8758545,0.144928,-12.24329,-1.822212,-17.66192,259.8117,259.1007,25,0.03677506,0.1521155,-0.005824067,1.457706,-1.899043,-1.062073,0.04333179,0.1185076,-0.02659248,-0.007631354,0.0005341171,0.0006330283,3
2014-02-24 18:50:25.266,5817,581.7,43.6432,3.942423,29.34206,4.109559,332.428,9,10,1393264215,-0.4706421,0.8758545,0.144928,-11.42151,-2.202769,-16.4666,258.1354,257.4244,25,0.01578935,0.1622083,0.0009145295,1.460189,-1.89139,-1.06157,1.010927e-06,0.1523962,0.0008135302,-0.009962955,-0.0002125091,-0.003800221,3
2014-02-24 18:50:25.412,5818,581.8,43.6432,3.942423,29.34206,4.109559,332.428,9,10,1393264215,-0.4616394,0.8737183,0.155777,-11.31194,-2.202763,-16.12508,258.1993,257.4883,25,-0.000226635,0.1553124,0.004347078,1.460189,-1.89139,-1.06157,1.010927e-06,0.1523962,0.0008135302,-0.009962955,-0.0002125091,-0.003800221,3
2014-02-24 18:50:25.575,5819,581.9,43.6432,3.942423,29.34206,4.109559,332.428,9,10,1393264215,-0.4616394,0.8737183,0.155777,-10.16145,-2.365862,-17.32041,258.8931,258.1821,25,-0.0001880192,0.163199,-0.001594701,1.459672,-1.886176,-1.061548,-0.0159753,0.1533875,-0.001696361,0.0008289167,0.0006373141,0.003597547,3
2014-02-24 18:50:25.662,5820,582,43.6432,3.942423,29.34206,4.109559,332.428,9,10,1393264215,-0.4646759,0.8757629,0.1518402,-9.887526,-2.528958,-16.35276,257.8694,257.1584,25,0.01468041,0.172269,-0.01561784,1.459184,-1.883714,-1.061378,-0.00110712,0.1624573,-0.01571936,0.002348793,0.0006900294,0.005654831,3
2014-02-24 18:50:25.766,5821,582.1,43.6432,3.942423,29.34206,4.109559,332.428,9,10,1393264215,-0.4625092,0.8706818,0.1450806,-8.791821,-2.094036,-15.78356,259.1374,258.4264,25,0.02943858,0.1780502,-0.01553262,1.459591,-1.880453,-1.061321,0.01365113,0.1682385,-0.01563397,-0.0001537414,0.00276224,0.003216725,3
2014-02-24 18:50:25.872,5822,582.2,43.6432,3.942423,29.34206,4.109559,332.428,9,10,1393264215,-0.4614868,0.8686676,0.1480255,-8.956179,-1.60475,-15.95432,260.4052,259.6942,25,0.04673794,0.1554714,-0.02101128,1.46073,-1.876652,-1.061077,0.03095074,0.1456598,-0.02111257,0.002777629,-0.002199958,-0.001840194,3
2014-02-24 18:50:25.975,5823,582.3,43.6432,3.942423,29.34206,4.109559,332.428,9,10,1393264215,-0.4695892,0.872818,0.1459656,-8.46311,-1.224191,-14.759,260.5376,259.8266,25,0.02948918,0.1259262,-0.0138503,1.461622,-1.873529,-1.060817,0.01370204,0.1161148,-0.01395183,-0.0004703329,-0.005979095,-0.0004847068,3
2014-02-24 18:50:26.052,5824,582.4,43.6432,3.942423,29.34206,4.109559,332.428,9,10,1393264215,-0.4676361,0.8738251,0.151825,-8.353542,-1.65911,-14.30363,260.5403,259.8293,25,0.004796353,0.1167615,-0.002266616,1.461576,-1.871461,-1.060719,-0.01099085,0.10695,-0.002368179,-8.833426e-05,-0.004939209,-0.001514744,3
2014-02-24 18:50:26.172,5825,582.5,43.6432,3.942423,29.34206,4.109559,332.428,9,10,1393264215,-0.4676361,0.8738251,0.151825,-6.436064,-1.278555,-13.22215,260.5055,259.7945,25,-0.0003336941,0.1248517,0.02224006,1.4609,-1.87007,-1.060979,-0.00628133,0.1094591,0.02346051,-0.0004251816,0.006942337,0.00594577,3
2014-02-24 18:50:26.284,5826,582.6,43.64323,3.942396,29.71932,4.214814,332.9808,30,30,1393264216,-0.4707184,0.8808136,0.1400299,-4.682938,-0.2999821,-12.76678,260.8271,260.1161,25,-0.0003336941,0.1248517,0.02224006,1.460082,-1.868697,-1.061262,-0.01612161,0.1150398,0.02213848,-0.001349623,0.000853173,0.008657306,3
2014-02-24 18:50:26.466,5827,582.7,43.64323,3.942396,29.71932,4.214814,332.9808,30,30,1393264216,-0.4707184,0.8808136,0.1400299,-3.86116,-0.6805391,-12.14066,260.9802,260.2692,25,0.01926131,0.1216971,0.03418993,1.458667,-1.86788,-1.061721,-0.01873335,0.114024,0.03972605,0.000398709,0.001560494,0.007217531,3
2014-02-24 18:50:26.610,5828,582.8,43.64323,3.942396,29.71932,4.214814,332.9808,30,30,1393264216,-0.4666138,0.8767395,0.1410828,-4.135086,-1.278558,-10.2623,260.8322,260.1212,25,0.02548619,0.1080895,0.02734374,1.457939,-1.866376,-1.062256,0.003464214,0.1118827,0.03409461,-0.004930628,0.007357564,-0.001802112,3
2014-02-24 18:50:26.737,5829,582.9,43.64323,3.942396,29.71932,4.214814,332.9808,30,30,1393264216,-0.4723511,0.861908,0.1450195,-3.148954,-1.604747,-8.327011,260.1993,259.4883,25,0.009506154,0.1192707,0.02356205,1.458181,-1.864251,-1.062967,0.009689393,0.09827521,0.02724854,-0.001120192,0.002937573,0.0004203412,3
2014-02-24 18:50:26.838,5830,583,43.64323,3.942396,29.71932,4.214814,332.9808,30,30,1393264216,-0.4703827,0.8697357,0.1274261,-2.984598,-1.115458,-9.066975,259.9081,259.1971,25,-0.00769547,0.1066607,0.02234658,1.457718,-1.862873,-1.06336,-0.006291085,0.1094563,0.02346672,-0.00224827,-0.001190662,0.00900399,3
2014-02-24 18:50:26.917,5831,583.1,43.64323,3.942396,29.71932,4.214814,332.9808,30,30,1393264216,-0.4764862,0.8689575,0.1400604,-2.162821,-1.278555,-9.693096,259.7391,259.0281,25,-0.02131275,0.1122964,0.03154568,1.456908,-1.861566,-1.06316,-0.02349281,0.09684633,0.02224978,-0.00447702,-0.01510099,-0.005986548,3
2014-02-24 18:50:27.048,5832,583.2,43.64323,3.942396,29.71932,4.214814,332.9808,30,30,1393264216,-0.4693146,0.8647614,0.1343231,0.4668674,-4.540471,-7.530128,256.5852,255.8742,25,-0.0325148,0.1327125,0.04414323,1.454444,-1.859537,-1.06341,-0.03586901,0.1104073,0.02903571,-0.0107064,-0.00506008,0.001704317,3
2014-02-24 18:50:27.150,5833,583.3,43.64327,3.942374,30.93793,4.167752,334.747,9,5,1393264217,-0.464447,0.8716278,0.1323547,0.4120827,-5.464678,-5.993286,264.4476,263.7366,26,-0.05717194,0.1257768,0.05101258,1.453044,-1.858392,-1.063708,-0.04831085,0.1228992,0.04404382,-0.006861458,0.001615773,-0.0074541,3
2014-02-24 18:50:27.239,5834,583.4,43.64327,3.942374,30.93793,4.167752,334.747,9,5,1393264217,-0.4644165,0.8686676,0.1363068,-1.23147,-5.355947,-6.676327,264.7015,263.9905,26,-0.0582942,0.1222655,0.03813194,1.450911,-1.858005,-1.06402,-0.07296731,0.115964,0.05091251,-0.003834783,-0.009552483,-0.00316826,3
2014-02-24 18:50:27.400,5835,583.5,43.64327,3.942374,30.93793,4.167752,334.747,9,5,1393264217,-0.4644165,0.8686676,0.1363068,-3.148949,-5.953964,-7.757809,265.3374,264.6264,26,-0.07805485,0.1040715,0.04985065,1.444449,-1.859533,-1.064668,-0.09384946,0.09425923,0.04975006,-0.0006973474,-0.003015495,-0.008615925,3
2014-02-24 18:50:27.531,5836,583.6,43.64327,3.942374,30.93793,4.167752,334.747,9,5,1393264217,-0.4572906,0.861557,0.1442261,-3.970728,-6.443251,-9.180817,266.1861,265.4751,26,-0.08412606,0.09149237,0.0417035,1.440457,-1.861415,-1.064807,-0.09992069,0.0816801,0.04160239,0.001123229,-0.01402318,0.0004167777,3
2014-02-24 18:50:27.656,5837,583.7,43.64327,3.942374,30.93793,4.167752,334.747,9,5,1393264217,-0.4593353,0.8626404,0.1481018,-5.833422,-5.464678,-10.09154,267.9099,267.1989,26,-0.07794646,0.07566413,0.04074423,1.436093,-1.864039,-1.064994,-0.09374145,0.06585166,0.04064314,0.006536289,-0.01322878,0.004174644,3
2014-02-24 18:50:27.761,5838,583.8,43.64327,3.942374,30.93793,4.167752,334.747,9,5,1393264217,-0.473526,0.8689423,0.1469116,-13.39377,-3.3988,-14.07595,272.8627,272.1517,26,-0.07035246,0.06532681,0.01628283,1.432101,-1.866645,-1.064759,-0.08614837,0.05551383,0.01618167,0.004321663,-0.01203158,0.00678245,3
2014-02-24 18:50:27.867,5839,583.9,43.64327,3.942374,30.93793,4.167752,334.747,9,5,1393264217,-0.4733734,0.8658752,0.1362152,-13.83205,-2.202766,-16.35276,273.9694,273.2584,26,-0.06271904,0.07872411,-0.01662132,1.429039,-1.868138,-1.06404,-0.07851527,0.06891102,-0.01672302,-0.009479917,-0.005381274,0.004716021,3
2014-02-24 18:50:27.956,5840,584,43.64327,3.942374,30.93793,4.167752,334.747,9,5,1393264217,-0.4703369,0.8647919,0.1352692,-14.0512,-0.6805391,-18.17421,275.6595,274.9485,26,-0.06647676,0.06177894,-0.005934055,1.426812,-1.868935,-1.063204,-0.08227231,0.0519664,-0.006036854,-0.008742526,-0.008042326,-0.00656511,3
2014-02-24 18:50:28.076,5841,584.1,43.64327,3.942374,30.93793,4.167752,334.747,9,5,1393264217,-0.462677,0.8757324,0.1538239,-15.09212,-0.4087124,-18.11729,276.8804,276.1694,26,-0.07517704,0.07198631,0.003267166,1.423695,-1.870639,-1.062608,-0.0909728,0.06217372,0.003163775,-0.00447583,-0.01077371,0.002316444,3
2014-02-24 18:50:28.178,5842,584.2,43.64331,3.942366,30.32352,4.187747,351.422,9,5,1393264218,-0.460556,0.8697205,0.1548615,-15.69475,1.167881,-18.40189,279.5776,278.8666,26,-0.03323412,0.05182778,-0.00669066,1.42149,-1.871598,-1.062161,-0.04902943,0.04201549,-0.006794279,0.005525402,0.002170149,-0.0001831665,3
2014-02-24 18:50:28.543,5843,584.3,43.64331,3.942366,30.32352,4.187747,351.422,9,5,1393264218,-0.4604797,0.8647461,0.1597748,-15.69475,2.690104,-17.83269,281.8171,281.1061,26,-0.02935176,0.06751912,-0.03261494,1.419613,-1.872374,-1.061435,-0.04514768,0.05770648,-0.03271853,0.0002042614,-0.007287921,0.00218224,3
2014-02-24 18:50:28.780,5844,584.4,43.64331,3.942366,30.32352,4.187747,351.422,9,5,1393264218,-0.4604797,0.8647461,0.1597748,-15.42082,3.39685,-17.3204,283.3818,282.6708,26,-0.01071976,0.05503795,-0.05225708,1.418202,-1.873088,-1.060689,-0.03899204,0.02944867,-0.02886416,0.00557509,-0.002971614,0.009498716,3
2014-02-24 18:50:28.896,5845,584.5,43.64331,3.942366,30.32352,4.187747,351.422,9,5,1393264218,-0.4616089,0.874649,0.1479797,-14.65383,5.462732,-15.6128,290.6117,289.9007,26,-0.005761749,0.01541917,-0.05064986,1.416598,-1.874014,-1.059764,-0.02651784,0.04522391,-0.05235963,0.006286468,-0.007494195,0.01373989,3
2014-02-24 18:50:29.137,5846,584.6,43.64331,3.942366,30.32352,4.187747,351.422,9,5,1393264218,-0.4644165,0.8677063,0.1411743,-15.5304,7.202415,-15.38512,294.7821,294.0711,26,0.01522849,0.01777394,-0.05985588,1.416198,-1.874123,-1.05885,-0.0215602,0.005604854,-0.05075201,0.005902039,0.002856164,0.001655774,3
2014-02-24 18:50:29.281,5847,584.7,43.64331,3.942366,30.32352,4.187747,351.422,9,5,1393264218,-0.4745026,0.8689117,0.1420288,-12.90071,7.419875,-14.70207,303.2403,302.5293,26,0.02137293,-0.0002833603,-0.05610109,1.416809,-1.873461,-1.057796,-0.000569595,0.007959808,-0.05995789,0.004068076,-0.003569795,-0.005113645,3
2014-02-24 18:50:29.521,5848,584.8,43.64335,3.942389,33.88191,5.069776,25.05823,9,5,1393264219,-0.4743652,0.8658752,0.1342468,-13.2842,8.45282,-12.36834,308.2903,307.5793,26,0.03238377,0.02137293,-0.05151459,1.417745,-1.872848,-1.056773,0.005575088,-0.01009734,-0.05620315,0.002002638,-0.004013152,-0.004130337,3
2014-02-24 18:50:29.646,5849,584.9,43.64335,3.942389,33.88191,5.069776,25.05823,9,5,1393264219,-0.47435,0.8639069,0.1381683,-13.50335,7.039322,-11.00226,310.6273,309.9163,26,0.04220951,0.02033457,-0.04906368,1.419318,-1.871265,-1.055692,0.0165864,0.01155935,-0.05161747,-0.006968928,-0.0002462473,-0.003818465,3
2014-02-24 18:50:29.743,5850,585,43.64335,3.942389,33.88191,5.069776,25.05823,9,5,1393264219,-0.4704437,0.8668671,0.1450043,-13.55813,7.202418,-10.03462,313.8477,313.1367,26,0.04582848,0.01703731,-0.03961186,1.421497,-1.86896,-1.054904,0.02641336,0.01052178,-0.04916715,-0.00292704,2.005876e-05,-0.009739903,3
2014-02-24 18:50:29.836,5851,585.1,43.64335,3.942389,33.88191,5.069776,25.05823,9,5,1393264219,-0.4645081,0.8716888,0.1401672,-13.6677,8.833372,-9.579254,316.3154,315.6044,26,0.07414161,0.03875379,-0.04424443,1.423148,-1.867318,-1.054221,0.03003266,0.007224765,-0.03971568,-0.001999772,-0.005609077,-0.0061484,3
2014-02-24 18:50:29.962,5852,585.2,43.64335,3.942389,33.88191,5.069776,25.05823,9,5,1393264219,-0.4655457,0.8717499,0.1469727,-12.24329,9.268294,-9.806934,317.9895,317.2785,26,0.09510894,0.04452752,-0.05113775,1.425389,-1.864912,-1.05386,0.05834618,0.02894147,-0.04434828,0.002552722,-0.002470547,0.001733633,3
2014-02-24 18:50:30.067,5853,585.3,43.64335,3.942389,33.88191,5.069776,25.05823,9,5,1393264219,-0.4703674,0.8648376,0.140152,-5.395147,9.213928,-4.513351,325.2711,324.5601,26,0.1087691,0.02639699,-0.06373397,1.428382,-1.861674,-1.053587,0.07931373,0.03471522,-0.05124086,0.009177893,0.002486617,-0.001639359,3
2014-02-24 18:50:30.212,5854,585.4,43.64335,3.942389,33.88191,5.069776,25.05823,9,5,1393264219,-0.4734344,0.8649292,0.1459808,-0.9575462,11.33417,-0.1305008,330.344,329.633,26,0.1211336,0.01511291,-0.06937082,1.431893,-1.858281,-1.053193,0.09297367,0.01658441,-0.06383595,0.00894645,0.002742168,0.006677101,3
2014-02-24 18:50:30.372,5855,585.5,43.64335,3.942389,33.88191,5.069776,25.05823,9,5,1393264219,-0.4734344,0.8649292,0.1459808,-0.4644794,14.65044,2.317066,339.6788,338.9678,26,0.1185205,0.007318633,-0.04937687,1.44025,-1.851132,-1.052114,0.1027244,-0.002494475,-0.04947803,0.004886958,0.0003925732,0.005876537,3
2014-02-24 18:50:30.536,5856,585.6,43.64338,3.942441,35.69955,5.590825,48.85753,9,5,1393264220,-0.4812012,0.8580322,0.1322632,-1.560184,19.97823,0.7233047,344.0006,343.2896,26,0.1380889,0.02796399,-0.03765923,1.44439,-1.847491,-1.051784,0.122292,0.01815052,-0.03776067,-0.002153055,-0.007271222,0.003596872,3
2014-02-24 18:50:30.671,5857,585.7,43.64338,3.942441,35.69955,5.590825,48.85753,9,5,1393264220,-0.4746857,0.8817749,0.1272888,-3.039383,20.57625,0.7802238,348.6755,347.9645,26,0.1145162,0.04834942,-0.01696886,1.448836,-1.842977,-1.051777,0.09871934,0.03853609,-0.01707088,-0.003432545,-0.01027374,-0.001085529,3
2014-02-24 18:50:30.787,5858,585.8,43.64338,3.942441,35.69955,5.590825,48.85753,9,5,1393264220,-0.4793243,0.8649445,0.1283417,-3.861158,19.76077,0.8371468,350.0888,349.3778,26,0.1774363,0.05886092,-0.03875592,1.454528,-1.837068,-1.052256,0.161641,0.0490483,-0.03885712,0.003461074,0.01323131,-0.003124849,3
2014-02-24 18:50:30.869,5859,585.9,43.64338,3.942441,35.69955,5.590825,48.85753,9,5,1393264220,-0.4724274,0.8717346,0.1244659,-4.682934,20.46752,0.4387054,351.1157,350.4047,26,0.1701717,0.05529175,-0.05286801,1.46093,-1.830569,-1.05226,0.1543766,0.04547922,-0.05296885,-0.0003431924,-0.003600933,0.001039033,3
2014-02-24 18:50:30.984,5860,586,43.64338,3.942441,35.69955,5.590825,48.85753,9,5,1393264220,-0.4714508,0.8736877,0.120575,-4.463797,20.57625,-0.4720192,352.0173,351.3063,26,0.1553877,0.05519561,-0.05066291,1.466631,-1.824733,-1.052105,0.1395929,0.04538323,-0.05076367,0.003573292,-0.002654566,-0.002987331,3
2014-02-24 18:50:31.144,5861,586.1,43.64338,3.942441,35.69955,5.590825,48.85753,9,5,1393264220,-0.4736176,0.8797607,0.1263428,-6.271702,21.60919,-1.439663,352.6049,351.8939,26,0.1763583,0.05870299,-0.0575344,1.472589,-1.818784,-1.052204,0.1605636,0.04889049,-0.05763386,0.01110415,0.003140532,0.001874246,3
2014-02-24 18:50:31.250,5862,586.2,43.64338,3.942441,35.69955,5.590825,48.85753,9,5,1393264220,-0.4819641,0.8948975,0.12323,-9.175316,22.09848,-3.545712,353.6635,352.9525,26,0.197308,0.0633614,-0.0620711,1.479443,-1.811894,-1.052308,0.1815136,0.05354885,-0.06216925,0.00781526,0.004142051,0.0002804536,3
2014-02-24 18:50:31.400,5863,586.3,43.64338,3.942441,35.69955,5.590825,48.85753,9,5,1393264220,-0.4819641,0.8948975,0.12323,-11.64065,22.26158,-4.968716,354.804,354.093,26,0.2996296,0.1239619,-0.09452651,1.487116,-1.804375,-1.052394,0.2368726,0.06983574,-0.06296781,0.00842012,0.01114886,0.01165587,3
2014-02-24 18:50:31.561,5864,586.4,43.64338,3.942441,35.69955,5.590825,48.85753,9,5,1393264220,-0.4866638,0.881012,0.1203461,-13.39378,21.283,-4.627197,356.0652,355.3542,26,0.3894133,0.1812984,-0.09774307,1.497432,-1.793837,-1.052266,0.2838339,0.1141483,-0.09462205,0.001363656,0.02634895,0.01360447,3
2014-02-24 18:50:31.674,5865,586.5,43.64341,3.942521,35.47992,5.716171,63.91121,9,5,1393264221,-0.485672,0.8878326,0.1007843,-14.92776,19.54331,-7.587048,356.6638,355.9528,26,0.4683278,0.2258968,-0.1244018,1.509829,-1.780631,-1.052108,0.3736159,0.1714838,-0.09783781,-0.001796168,0.01254186,0.01708408,3
2014-02-24 18:50:31.753,5866,586.6,43.64341,3.942521,35.47992,5.716171,63.91121,9,5,1393264221,-0.4821777,0.8716736,0.08534241,-14.81819,18.89093,-8.156254,356.7126,356.0016,26,0.4930454,0.2305102,-0.1382865,1.525994,-1.762977,-1.052025,0.4525299,0.2160818,-0.1244953,0.00101351,0.01940358,0.006083828,3
2014-02-24 18:50:31.877,5867,586.7,43.64341,3.942521,35.47992,5.716171,63.91121,9,5,1393264221,-0.4860535,0.8696594,0.06970215,-13.61292,17.91235,-7.70089,357.387,356.676,26,0.44506,0.2040983,-0.1349706,1.544286,-1.743038,-1.051371,0.4772477,0.2206951,-0.1383792,0.007621364,0.01257154,0.005088849,3
2014-02-24 18:50:31.977,5868,586.8,43.64341,3.942521,35.47992,5.716171,63.91121,9,5,1393264221,-0.4919586,0.8686829,0.05502319,-14.81819,17.04251,-6.334805,357.0146,356.3036,26,0.382247,0.1504649,-0.1197999,1.561897,-1.723951,-1.050509,0.4292627,0.1942832,-0.1350623,0.01134535,-0.002106218,-0.0001722443,3
2014-02-24 18:50:32.052,5869,586.9,43.64341,3.942521,35.47992,5.716171,63.91121,9,5,1393264221,-0.5052032,0.8730621,0.06945801,-16.07825,17.5318,-6.050205,356.7599,356.0489,26,0.3463979,0.1220492,-0.09523198,1.577354,-1.707393,-1.049503,0.3664507,0.1406502,-0.1198908,0.007431521,0.0004081726,-0.008823384,3
2014-02-24 18:50:32.155,5870,587,43.64341,3.942521,35.47992,5.716171,63.91121,9,5,1393264221,-0.4994965,0.888855,0.06259155,-16.46174,17.80363,-7.017849,356.8441,356.1331,26,0.3572974,0.1494742,-0.07779839,1.590418,-1.693935,-1.048388,0.3306017,0.1122346,-0.09532284,0.003231584,0.002062669,-0.006263875,3
2014-02-24 18:50:32.286,5871,587.1,43.64341,3.942521,35.47992,5.716171,63.91121,9,5,1393264221,-0.4981842,0.8846588,0.0353241,-16.6261,17.09688,-6.619408,357.2126,356.5016,26,0.3942043,0.1961815,-0.0837652,1.603239,-1.680453,-1.047623,0.3415013,0.1396596,-0.07788925,-0.008572618,0.006824126,0.01477957,3
2014-02-24 18:50:32.486,5872,587.2,43.64341,3.942521,35.47992,5.716171,63.91121,9,5,1393264221,-0.506012,0.8768158,0.03237915,-16.07825,15.24846,-6.505562,357.2955,356.5845,26,0.4276384,0.1928355,-0.1092197,1.616611,-1.665843,-1.046877,0.3784074,0.1863666,-0.08385587,-0.001476808,0.02298994,0.01511358,3
2014-02-24 18:50:32.618,5873,587.3,43.64343,3.942602,33.97822,6.230867,64.09227,9,5,1393264222,-0.506012,0.8768158,0.03237915,-15.42083,15.13973,-6.733246,357.3871,356.6761,26,0.4522918,0.195247,-0.1148717,1.648194,-1.631571,-1.04417,0.4364957,0.1854324,-0.114962,-0.0002613499,0.01218611,-0.00394695,3
2014-02-24 18:50:32.786,5874,587.4,43.64343,3.942602,33.97822,6.230867,64.09227,9,5,1393264222,-0.5003967,0.8594818,-0.0006103516,-16.73567,17.42307,-6.733242,356.9226,356.2116,26,0.4053515,0.2312894,-0.09807809,1.679763,-1.596565,-1.040623,0.3895561,0.2214752,-0.09816825,0.001975158,0.0008976233,-0.005903345,3
2014-02-24 18:50:32.993,5875,587.5,43.64343,3.942602,33.97822,6.230867,64.09227,9,5,1393264222,-0.5053558,0.8605194,-0.01138306,-16.13303,18.7822,-7.700886,357.2288,356.5178,26,0.3484435,0.2186985,-0.05861591,1.706437,-1.56542,-1.037794,0.3326395,0.208882,-0.05869984,0.001659263,0.000317131,-0.0008846729,3
2014-02-24 18:50:33.094,5876,587.6,43.64343,3.942602,33.97822,6.230867,64.09227,9,5,1393264222,-0.498291,0.8593292,-0.01615906,-16.46174,17.91235,-7.245525,356.383,355.672,26,0.3003225,0.1867592,-0.0376507,1.71753,-1.552366,-1.03688,0.2845187,0.1769427,-0.03773438,0.003465969,-0.0003013664,-0.00200413,3
2014-02-24 18:50:33.195,5877,587.7,43.64343,3.942602,33.97822,6.230867,64.09227,9,5,1393264222,-0.4983215,0.8623047,-0.02006531,-16.29739,17.64053,-7.530128,356.1075,355.3965,26,0.2559601,0.1457266,-0.0235988,1.726848,-1.541529,-1.036195,0.2401563,0.1359101,-0.02368248,0.008028916,-0.003049766,0.002626311,3
2014-02-24 18:50:33.301,5878,587.8,43.64343,3.942602,33.97822,6.230867,64.09227,9,5,1393264222,-0.5072937,0.8634338,-0.02798462,-15.58518,17.47743,-8.042412,355.9693,355.2583,26,0.2265322,0.1148323,-0.03179175,1.735088,-1.532215,-1.035851,0.2107287,0.1050159,-0.03187441,0.01313792,0.0009554097,-0.0003713206,3
2014-02-24 18:50:33.550,5879,587.9,43.64343,3.942602,33.97822,6.230867,64.09227,9,5,1393264222,-0.5072937,0.8634338,-0.02798462,-15.03733,18.56474,-7.245525,355.5887,354.8777,26,0.2047036,0.08491516,-0.06690287,1.742525,-1.524149,-1.034971,0.2034685,0.0810656,-0.04344159,0.007767782,-0.001464335,0.001773382,3
2014-02-24 18:50:33.650,5880,588,43.64343,3.942602,33.97822,6.230867,64.09227,9,5,1393264222,-0.5100861,0.8515625,-0.02305603,-15.03733,18.89093,-7.359367,355.2225,354.5115,26,0.2047036,0.08491516,-0.06690287,1.749518,-1.516701,-1.033624,0.1889002,0.07509881,-0.06698553,0.003666037,0.00427456,-0.0003172805,3
2014-02-24 18:50:33.720,5881,588.1,43.64343,3.942602,33.97822,6.230867,64.09227,9,5,1393264222,-0.5100861,0.8515625,-0.02305603,-15.80432,19.21712,-7.587044,355.1184,354.4074,26,0.2565077,0.09085348,-0.08288663,1.756862,-1.508942,-1.032376,0.22702,0.1037189,-0.06807169,-0.006572003,0.001282323,0.018224,3
2014-02-24 18:50:33.821,5882,588.2,43.64345,3.942686,34.26933,6.470748,63.95987,9,5,1393264223,-0.519165,0.8508148,-0.01730347,-15.47561,18.7822,-8.042404,355.0663,354.3553,26,0.2504269,0.1031884,-0.09362343,1.764427,-1.501004,-1.030611,0.2407031,0.0810364,-0.08296816,0.002956549,-0.006051048,0.01280876,3
2014-02-24 18:50:33.943,5883,588.3,43.64345,3.942686,34.26933,6.470748,63.95987,9,5,1393264223,-0.5110626,0.8583679,-0.04945374,-15.25647,18.89093,-7.473206,354.9453,354.2343,26,0.2342461,0.1236218,-0.07403561,1.771404,-1.493817,-1.028742,0.2346197,0.09337015,-0.09370538,-0.004796072,-0.005835939,0.02237075,3
2014-02-24 18:50:34.020,5884,588.4,43.64345,3.942686,34.26933,6.470748,63.95987,9,5,1393264223,-0.5036469,0.8392792,-0.04533386,-14.59905,19.10839,-8.270088,354.9903,354.2793,26,0.2187214,0.07775632,-0.1253537,1.778911,-1.485476,-1.026583,0.2184383,0.1138033,-0.07411826,-0.007255373,-0.001759943,0.0101546,3
2014-02-24 18:50:34.147,5885,588.5,43.64345,3.942686,34.26933,6.470748,63.95987,9,5,1393264223,-0.5179596,0.8496246,-0.03971863,-14.43469,18.29291,-7.416286,354.0129,353.3019,26,0.1572405,0.02629632,-0.1230961,1.785821,-1.477998,-1.024927,0.2029131,0.06793728,-0.1254341,0.02283296,0.003447681,0.01640053,3
2014-02-24 18:50:34.250,5886,588.6,43.64345,3.942686,34.26933,6.470748,63.95987,9,5,1393264223,-0.5283051,0.8657532,-0.04776001,-14.54426,19.48895,-7.757809,353.5663,352.8553,26,0.1175967,0.0296503,-0.09066252,1.790442,-1.474002,-1.022503,0.1414303,0.01647628,-0.123176,0.01409159,-0.01796633,0.02359435,3
2014-02-24 18:50:34.405,5887,588.7,43.64345,3.942686,34.26933,6.470748,63.95987,9,5,1393264223,-0.537323,0.8679047,-0.05665588,-14.10598,19.81514,-8.213169,354.0771,353.3661,26,0.1210295,0.04804449,-0.06148147,1.793626,-1.471042,-1.020385,0.1017857,0.01982986,-0.09074251,0.002478176,-0.002684737,0.01237036,3
2014-02-24 18:50:34.569,5888,588.8,43.64345,3.942686,34.26933,6.470748,63.95987,9,5,1393264223,-0.5412292,0.8659058,-0.06643677,-13.17463,20.19569,-7.587048,354.1203,353.4093,26,0.1365869,0.06557741,-0.009886187,1.796639,-1.468057,-1.018841,0.1052176,0.0382236,-0.06156133,-0.006716886,0.01425224,0.006016829,3
2014-02-24 18:50:34.682,5889,588.9,43.64345,3.942686,34.26933,6.470748,63.95987,9,5,1393264223,-0.526123,0.8674774,-0.0799408,-13.44856,20.68498,-7.871651,353.9135,353.2025,26,0.107809,0.1178992,0.04094317,1.800598,-1.46397,-1.018106,0.1207751,0.05575663,-0.009966406,-0.01533646,0.01678958,-0.0006811279,3
2014-02-24 18:50:34.775,5890,589,43.64348,3.94277,36.81218,6.965868,62.71725,9,5,1393264224,-0.51091,0.8621216,-0.08361816,-13.72249,20.30443,-7.70089,353.8813,353.1703,26,0.08659774,0.1587777,0.07084142,1.804851,-1.458733,-1.01803,0.09199809,0.108079,0.04086161,-0.019479,0.01483044,-0.007721575,3
2014-02-24 18:50:34.879,5891,589.1,43.64348,3.94277,36.81218,6.965868,62.71725,9,5,1393264224,-0.5005341,0.8469391,-0.08045959,-13.06507,20.41315,-6.220966,353.5351,352.8241,26,0.088426,0.1593356,-0.003052249,1.814144,-1.441831,-1.019914,0.07261787,0.1495169,-0.003133174,0.01861917,-0.008114733,-0.01311065,3
2014-02-24 18:50:34.978,5892,589.2,43.64348,3.94277,36.81218,6.965868,62.71725,9,5,1393264224,-0.5126801,0.8482513,-0.07574463,-11.80501,20.46752,-7.757809,354.1134,353.4024,26,0.0428492,0.1126171,0.009869942,1.815685,-1.438315,-1.020086,0.0270411,0.1027984,0.009789017,0.01817348,-0.005213712,-0.01133582,3
2014-02-24 18:50:35.081,5893,589.3,43.64348,3.94277,36.81218,6.965868,62.71725,9,5,1393264224,-0.5239868,0.8634186,-0.08183289,-12.18851,20.95681,-7.814732,353.2123,352.5013,26,0.02150183,0.1433617,-0.09386844,1.815931,-1.435859,-1.019227,0.005693795,0.133543,-0.09394936,0.00658095,-0.003451828,-0.005248399,3
2014-02-24 18:50:35.177,5894,589.4,43.64348,3.94277,36.81218,6.965868,62.71725,9,5,1393264224,-0.5105743,0.8412933,-0.06494141,-12.29807,20.73935,-6.562489,352.7828,352.0718,26,0.02339614,0.1405377,-0.02343608,1.816339,-1.432956,-1.017941,0.007588761,0.1307193,-0.02351697,-0.00384786,0.01239017,-0.009679439,3
2014-02-24 18:50:35.274,5895,589.5,43.64348,3.94277,36.81218,6.965868,62.71725,9,5,1393264224,-0.5149841,0.8583679,-0.06315613,-11.58587,20.90244,-6.619404,352.8409,352.1299,26,-0.01666899,0.1181876,-0.08695062,1.81503,-1.432186,-1.01665,-0.03247634,0.1083693,-0.08703149,0.01619592,0.0136635,-0.004992004,3
2014-02-24 18:50:35.515,5896,589.6,43.64348,3.94277,36.81218,6.965868,62.71725,9,5,1393264224,-0.4969025,0.8521423,-0.04241943,-8.956179,21.01118,-5.367161,353.4332,352.7222,26,-0.03032329,0.122727,-0.07304891,1.81307,-1.431822,-1.015774,-0.04613071,0.1129086,-0.07312889,0.005905205,0.01044735,0.002014924,3
2014-02-24 18:50:35.636,5897,589.7,43.64348,3.94277,36.81218,6.965868,62.71725,9,5,1393264224,-0.524353,0.8598785,-0.01939392,-9.558815,21.93538,-3.94416,354.051,353.34,26,-0.05964469,0.04871028,-0.08785848,1.809694,-1.433455,-1.015015,-0.07545453,0.03889053,-0.08793689,0.005655842,0.005018925,0.02079738,3
2014-02-24 18:50:35.738,5898,589.8,43.64348,3.94277,36.81218,6.965868,62.71725,9,5,1393264224,-0.524353,0.8598785,-0.01939392,-8.572683,21.71792,-3.716473,354.0276,353.3166,26,0.01578615,-0.0540896,-0.1178044,1.802777,-1.441259,-1.014643,-0.110821,-0.09981336,-0.1068623,0.01641991,0.004147136,0.03929464,3
2014-02-24 18:50:35.836,5899,589.9,43.6435,3.942847,36.4716,6.808053,63.58487,9,5,1393264225,-0.5517426,0.8392944,-0.05563354,-8.46311,21.82665,-4.057991,354.1452,353.4342,26,0.01578615,-0.0540896,-0.1178044,1.800854,-1.444498,-1.012673,-2.89591e-05,-0.06391232,-0.1178793,0.00102395,0.01162805,0.04731547,3
2014-02-24 18:50:35.956,5900,590,43.6435,3.942847,36.4716,6.808053,63.58487,9,5,1393264225,-0.5517426,0.8392944,-0.05563354,-4.737722,21.60919,-0.9842987,354.9974,354.2864,26,0.195312,0.1296794,-0.1296049,1.802625,-1.443064,-1.009835,0.102253,0.02276349,-0.1494167,-0.0101295,-0.0105776,0.03571055,3
2014-02-24 18:50:36.060,5901,590.1,43.6435,3.942847,36.4716,6.808053,63.58487,9,5,1393264225,-0.5724945,0.8384094,-0.1036682,-3.368086,21.1199,2.601669,357.6426,356.9316,26,0.3071291,0.2699401,-0.1310725,1.806311,-1.438893,-1.006662,0.1794952,0.119856,-0.1296814,-0.02170269,-0.005757343,0.01468881,3
2014-02-24 18:50:36.155,5902,590.2,43.6435,3.942847,36.4716,6.808053,63.58487,9,5,1393264225,-0.5401764,0.8013916,-0.1547089,-3.203735,21.39173,2.203228,358.2106,357.4996,26,0.2884009,0.3493061,-0.1097379,1.814032,-1.428383,-1.003526,0.2913123,0.2601167,-0.1311491,-0.02772359,-0.006029351,0.002015436,3
2014-02-24 18:50:36.265,5903,590.3,43.6435,3.942847,36.4716,6.808053,63.58487,9,5,1393264225,-0.5364685,0.8162537,-0.1576996,-2.217604,21.17427,1.634029,359.2273,358.5163,26,0.1481415,0.3244345,-0.1084964,1.823412,-1.414551,-1.000584,0.2725842,0.3394827,-0.1098145,-0.0204759,-0.02400686,-0.05538874,3
2014-02-24 18:50:36.483,5904,590.4,43.6435,3.942847,36.4716,6.808053,63.58487,9,5,1393264225,-0.5442505,0.8395996,-0.1257782,0.357296,20.46753,4.650799,0.601902,359.8909,26,0.0192203,0.2846746,-0.1375014,1.829288,-1.403598,-0.9979994,0.1323249,0.3146112,-0.108573,-0.002758975,-0.03515153,-0.0752386,3
2014-02-24 18:50:36.571,5905,590.5,43.64352,3.942933,32.63676,6.884399,64.50351,9,5,1393264226,-0.5562897,0.8720856,-0.08616638,0.4120808,20.19569,6.529152,1.772692,1.06169,26,-0.03350017,0.3112495,-0.1652486,1.830092,-1.397543,-0.9955798,0.003403737,0.2748513,-0.137578,-0.0005964229,-0.02282087,-0.0639177,3
2014-02-24 18:50:36.697,5906,590.6,43.64352,3.942933,32.63676,6.884399,64.50351,9,5,1393264226,-0.5610199,0.9011993,-0.07669067,0.4668694,20.0326,6.586071,2.613657,1.902654,26,0.006086388,0.3985154,-0.2044322,1.828126,-1.3939,-0.9927937,-0.04931666,0.3014263,-0.1653252,-0.006424416,0.002044028,-0.0296337,3
2014-02-24 18:50:36.785,5907,590.7,43.64352,3.942933,32.63676,6.884399,64.50351,9,5,1393264226,-0.5420837,0.8901978,-0.02177429,0.08337593,19.65204,6.415314,11.81609,11.10509,25,0.08220832,0.4671917,-0.1938137,1.825935,-1.389192,-0.9894758,-0.009730028,0.3886922,-0.2045088,-0.01619192,0.03634735,0.01301046,3
2014-02-24 18:50:36.908,5908,590.8,43.64352,3.942933,32.63676,6.884399,64.50351,9,5,1393264226,-0.5341492,0.9057465,-0.05592346,0.1381531,19.59768,6.244549,14.43359,13.72259,25,0.1108256,0.4308757,-0.2272044,1.825838,-1.381257,-0.9856434,0.06639196,0.4573685,-0.1938903,-0.01858461,0.06757168,0.02737131,3
2014-02-24 18:50:37.085,5909,590.9,43.64352,3.942933,32.63676,6.884399,64.50351,9,5,1393264226,-0.5255737,0.8845215,-0.06736755,0.9051495,20.14133,8.293659,16.11888,15.40788,25,0.1050654,0.5403338,-0.1403449,1.832141,-1.348372,-0.9742901,0.08924922,0.5305107,-0.1404214,0.01376776,0.07844312,0.06799676,3
2014-02-24 18:50:37.186,5910,591,43.64352,3.942933,32.63676,6.884399,64.50351,9,5,1393264226,-0.5180054,0.8672333,-0.08862305,0.7407913,19.21712,9.033627,18.42412,17.71311,25,-0.01592863,0.5024421,-0.08482834,1.831943,-1.339051,-0.9723756,-0.03174477,0.492619,-0.08490491,0.02270488,0.05829519,0.06201822,3
2014-02-24 18:50:37.516,5911,591.1,43.64352,3.942933,32.63676,6.884399,64.50351,9,5,1393264226,-0.509201,0.8477173,-0.1381073,0.02858734,19.92387,10.68431,20.76555,20.05455,25,-0.2399356,0.5834898,0.06121329,1.821325,-1.32845,-0.9733962,-0.2557516,0.5736668,0.06113672,0.01338827,0.02962925,0.02483501,3
2014-02-24 18:50:37.645,5912,591.2,43.64353,3.943008,30.92646,6.389396,81.95818,9,5,1393264227,-0.5014496,0.8575745,-0.1302948,-0.7931881,19.10839,11.42428,24.23367,23.52267,25,-0.3105437,0.664916,0.1066647,1.812411,-1.324016,-0.9764019,-0.3263597,0.6550931,0.1065881,0.01760473,0.02266273,0.01016762,3
2014-02-24 18:50:37.744,5913,591.3,43.64353,3.943008,30.92646,6.389396,81.95818,9,5,1393264227,-0.4683533,0.8549652,-0.1142883,-0.5740471,19.21712,12.56268,27.0387,26.32769,25,-0.3759238,0.7030631,0.1209147,1.801587,-1.320308,-0.9802384,-0.3917397,0.6932402,0.1208381,0.0281553,0.02013887,0.001808952,3
2014-02-24 18:50:37.853,5914,591.4,43.64353,3.943008,30.92646,6.389396,81.95818,9,5,1393264227,-0.5090179,0.9002838,-0.04292297,-0.6288319,19.48895,13.87184,28.71305,28.00205,25,-0.5448623,0.5412846,0.0375804,1.785898,-1.322179,-0.9837929,-0.5606781,0.5314617,0.03750383,0.06580023,0.01328209,0.001552052,3
2014-02-24 18:50:37.953,5915,591.5,43.64353,3.943008,30.92646,6.389396,81.95818,9,5,1393264227,-0.5090179,0.9002838,-0.04292297,-1.505398,19.16276,13.87184,29.57423,28.86323,25,-0.3653277,0.6435379,0.03713379,1.767714,-1.327956,-0.9866043,-0.5284911,0.517934,0.01565579,0.03052147,0.05802343,0.08688954,3
2014-02-24 18:50:38.048,5916,591.6,43.64353,3.943008,30.92646,6.389396,81.95818,9,5,1393264227,-0.5174713,0.8832703,-0.07507324,-2.108036,18.89093,14.72565,32.29675,31.58575,25,-0.322496,0.6644768,0.06314914,1.753814,-1.328262,-0.9889885,-0.3811434,0.6337152,0.03705722,0.02443368,0.06481324,0.0890554,3
2014-02-24 18:50:38.147,5917,591.7,43.64353,3.943008,30.92646,6.389396,81.95818,9,5,1393264227,-0.5100555,0.8729858,-0.09637451,-2.491529,17.31433,14.78257,34.90422,34.19322,25,-0.3436732,0.593249,0.1058726,1.742873,-1.325357,-0.9915013,-0.3383117,0.6546541,0.06307257,0.01355665,0.04642149,0.05794342,3
2014-02-24 18:50:38.239,5918,591.8,43.64353,3.943008,30.92646,6.389396,81.95818,9,5,1393264227,-0.5019836,0.8649597,-0.07670593,-1.998461,17.69489,14.83949,34.02052,33.30952,25,-0.3606572,0.5396718,0.08394364,1.732014,-1.322945,-0.9948022,-0.3594888,0.5834263,0.1057961,0.01796913,0.03433461,0.03724456,3
2014-02-24 18:50:38.519,5919,591.9,43.64353,3.943008,30.92646,6.389396,81.95818,9,5,1393264227,-0.4897766,0.85672,-0.07261658,-1.779324,18.56474,14.38414,31.70021,30.98921,25,-0.3635926,0.4358884,0.006330068,1.720675,-1.322246,-0.9983061,-0.3764728,0.5298491,0.08386707,0.01894562,0.03537623,0.04180321,3
2014-02-24 18:50:38.726,5920,592,43.64353,3.943008,30.92646,6.389396,81.95818,9,5,1393264227,-0.5332489,0.8755646,-0.08787537,-3.532446,19.8695,15.75023,33.0537,32.3427,25,-0.2473675,0.4815171,-0.06925071,1.696372,-1.325878,-1.001819,-0.3248414,0.4339924,-0.04726245,0.03009301,0.005371801,0.05904527,3
2014-02-24 18:50:38.835,5921,592.1,43.64352,3.943088,31.64808,6.601454,97.39667,9,5,1393264228,-0.5276489,0.8963318,-0.0947876,-3.642017,19.43458,16.7748,34.96488,34.25388,25,-0.1282152,0.5720707,-0.05725876,1.686273,-1.325689,-1.001822,-0.2631828,0.4716946,-0.06932727,0.01096166,0.01168721,0.04327432,3
2014-02-24 18:50:38.935,5922,592.2,43.64352,3.943088,31.64808,6.601454,97.39667,9,5,1393264228,-0.5160675,0.8808899,-0.1247864,-4.902075,19.70641,18.08397,36.13748,35.42648,25,-0.04691425,0.5907235,-0.07073702,1.679233,-1.321721,-1.001486,-0.1440305,0.5622482,-0.05733533,-0.01083247,0.03329151,0.04500485,3
2014-02-24 18:50:39.035,5923,592.3,43.64352,3.943088,31.64808,6.601454,97.39667,9,5,1393264228,-0.540802,0.8683777,-0.136673,-4.518578,20.08696,17.68553,35.44904,34.73804,25,-0.03822062,0.5533535,-0.07498103,1.675879,-1.313681,-1.000744,-0.0627371,0.5808991,-0.07080805,-0.005713561,0.05445887,0.04244748,3
2014-02-24 18:50:39.150,5924,592.4,43.64352,3.943088,31.64808,6.601454,97.39667,9,5,1393264228,-0.540802,0.8683777,-0.136673,-4.737719,21.283,15.86409,32.08192,31.37092,25,-0.09588232,0.4814207,-0.08539133,1.669805,-1.299037,-0.9987138,-0.1117051,0.4715964,-0.08546236,-0.005599454,0.04135052,0.01943709,3
2014-02-24 18:50:39.233,5925,592.5,43.64352,3.943088,31.64808,6.601454,97.39667,9,5,1393264228,-0.5504303,0.871109,-0.203125,-5.559498,21.77228,15.01028,30.64908,29.93807,25,-0.1020776,0.5187726,-0.0858153,1.669805,-1.299037,-0.9987138,-0.1117051,0.4715964,-0.08546236,-0.005599454,0.04135052,0.01943709,3
2014-02-24 18:50:39.371,5926,592.6,43.64352,3.943088,31.64808,6.601454,97.39667,9,5,1393264228,-0.5504303,0.871109,-0.203125,-9.668385,21.93538,13.58728,30.65116,29.94016,25,-0.0846531,0.5447502,-0.114056,1.659916,-1.288726,-0.9963976,-0.1004768,0.5349253,-0.1141274,-0.03581982,0.02902636,-0.01392829,3
2014-02-24 18:50:39.559,5927,592.7,43.64352,3.943088,31.64808,6.601454,97.39667,9,5,1393264228,-0.5570221,0.8356934,-0.1551514,-14.54426,21.77228,10.5705,30.68927,29.97827,25,-0.1758073,0.3777311,-0.07693526,1.654254,-1.285271,-0.9955822,-0.1916309,0.3679062,-0.0770067,-0.02844091,0.03203321,-0.04989679,3
2014-02-24 18:50:39.667,5928,592.8,43.64352,3.943088,31.64808,6.601454,97.39667,9,5,1393264228,-0.5673981,0.841156,-0.1202087,-15.80432,20.84808,8.464451,28.65008,27.93908,25,-0.298563,0.2768745,-0.09824614,1.644186,-1.288533,-0.9952339,-0.3143865,0.2670497,-0.09831758,-0.03425494,-0.003192936,-0.003545681,3
2014-02-24 18:50:39.750,5929,592.9,43.64352,3.943088,31.64808,6.601454,97.39667,9,5,1393264228,-0.532547,0.8035736,-0.1049042,-16.46175,20.08696,8.919823,30.74578,30.03478,25,-0.2300779,0.2778183,-0.04598054,1.634506,-1.291734,-0.995315,-0.2459014,0.2679935,-0.04605198,-0.04421381,0.002225567,0.02970439,3
2014-02-24 18:50:39.878,5930,593,43.6435,3.943167,30.37059,6.898056,114.1924,9,5,1393264229,-0.5470581,0.7477722,-0.004211426,-16.95481,19.81514,8.066013,29.97092,29.25992,25,-0.1635847,0.2590404,-0.04867779,1.627688,-1.292729,-0.9955187,-0.1794081,0.2492156,-0.04874922,-0.03093873,-0.01012284,0.03133364,3
2014-02-24 18:50:39.979,5931,593.1,43.6435,3.943167,30.37059,6.898056,114.1924,9,5,1393264229,-0.4754028,0.8395081,-0.06451416,-18.8175,18.72783,7.496819,30.74148,30.03048,25,-0.1421092,0.1782819,-0.1051658,1.621526,-1.294105,-0.9949167,-0.1579326,0.1684572,-0.1052373,0.01435335,-0.03559779,0.05193121,3
2014-02-24 18:50:40.077,5932,593.2,43.6435,3.943167,30.37059,6.898056,114.1924,9,5,1393264229,-0.4754028,0.8395081,-0.06451416,-21.00891,16.87941,7.38298,33.91302,33.20201,25,0.1147727,0.2416014,-0.2300119,1.617989,-1.293542,-0.9942921,0.0106288,0.07581248,-0.08863672,0.04706097,0.002935262,0.05149937,3
2014-02-24 18:50:40.153,5933,593.3,43.6435,3.943167,30.37059,6.898056,114.1924,9,5,1393264229,-0.5832367,0.8344421,-0.1339874,-21.17327,16.2814,6.756859,33.83301,33.12201,25,0.1147727,0.2416014,-0.2300119,1.61841,-1.290632,-0.9901235,0.09894937,0.2317768,-0.2300833,0.05179441,0.00341431,0.08717737,3
2014-02-24 18:50:40.279,5934,593.4,43.6435,3.943167,30.37059,6.898056,114.1924,9,5,1393264229,-0.5832367,0.8344421,-0.1339874,-20.57063,14.81354,8.066029,38.9567,38.24569,25,0.07956513,0.1672771,-0.2777219,1.619283,-1.285787,-0.9856252,0.07439243,0.2032339,-0.2323864,-0.04209879,-0.008239171,0.0449179,3
2014-02-24 18:50:40.468,5935,593.5,43.6435,3.943167,30.37059,6.898056,114.1924,9,5,1393264229,-0.6643372,0.8135986,-0.09576416,-20.29671,14.65044,8.009117,38.46851,37.75751,25,0.04111761,0.1593537,-0.2393015,1.619075,-1.282751,-0.9802651,0.06374199,0.1574526,-0.2777933,-0.04937402,0.00379711,0.02418804,3
2014-02-24 18:50:40.554,5936,593.6,43.6435,3.943167,30.37059,6.898056,114.1924,9,5,1393264229,-0.5597687,0.8745422,-0.1691284,-19.96799,13.45441,9.147522,42.58396,41.87296,25,0.0685202,0.1219597,-0.1225355,1.618016,-1.281419,-0.9754804,0.02529453,0.1495292,-0.239373,-0.1268826,-0.01437276,0.0642546,3
2014-02-24 18:50:40.987,5937,593.7,43.6435,3.943167,30.37059,6.898056,114.1924,9,5,1393264229,-0.5795593,0.8083344,-0.1444855,-17.3383,14.21552,9.033688,41.08195,40.37095,25,0.01694729,0.1214559,-0.1359301,1.617956,-1.27758,-0.9727888,0.05269717,0.1121352,-0.1226069,-0.08813789,-0.0108462,0.04787149,3
2014-02-24 18:50:41.099,5938,593.8,43.64347,3.943251,31.07026,7.095775,113.3165,9,5,1393264230,-0.5619202,0.786911,-0.1558228,-15.31126,12.85639,9.090599,43.04733,42.33632,25,-0.04109364,0.1314014,-0.1119494,1.616917,-1.276754,-0.9702798,0.001124329,0.1116314,-0.1360016,-0.05677909,-0.02218737,0.0337499,3
2014-02-24 18:50:41.196,5939,593.9,43.64347,3.943251,31.07026,7.095775,113.3165,9,5,1393264230,-0.5569,0.7819214,-0.1420746,-15.09212,13.18258,9.090599,42.46972,41.75872,25,-0.08330954,0.09975163,-0.06042952,1.614865,-1.275851,-0.9683454,-0.05691654,0.121577,-0.1120209,-0.02512773,-0.01802577,-0.001064889,3
2014-02-24 18:50:41.299,5940,594,43.64347,3.943251,31.07026,7.095775,113.3165,9,5,1393264230,-0.549881,0.7798462,-0.1322327,-13.6677,13.40004,9.773636,42.80689,42.09589,25,-0.1019551,0.1156416,-0.03964755,1.611399,-1.277128,-0.9673849,-0.0991324,0.08992726,-0.06050095,-0.01875913,-0.03649358,0.008436058,3
2014-02-24 18:50:41.494,5941,594.1,43.64347,3.943251,31.07026,7.095775,113.3165,9,5,1393264230,-0.5514832,0.7726288,-0.1692505,-13.01028,10.3556,9.545944,48.75021,48.0392,25,-0.07265476,0.1998676,-0.02376472,1.607437,-1.278482,-0.9672465,-0.1177779,0.1058173,-0.03971897,-0.01340782,-0.04140465,0.0214811,3
2014-02-24 18:50:41.586,5942,594.2,43.64347,3.943251,31.07026,7.095775,113.3165,9,5,1393264230,-0.5593719,0.7648621,-0.1634216,-11.75022,11.17107,7.439892,41.19897,40.48797,25,-0.06245299,0.1939338,-0.06701366,1.604163,-1.278341,-0.9673644,-0.08847748,0.1900433,-0.02383615,-0.006504768,-0.04354677,0.03137152,3
2014-02-24 18:50:41.796,5943,594.3,43.64347,3.943251,31.07026,7.095775,113.3165,9,5,1393264230,-0.5333862,0.8600464,-0.1638336,-11.0928,10.51869,6.984528,40.98734,40.27633,25,-0.1905801,0.3220744,-0.219653,1.5902,-1.277992,-0.9646707,-0.2064026,0.3122503,-0.2197244,-0.008331271,-0.08599098,0.01100636,3
2014-02-24 18:50:41.988,5944,594.4,43.64347,3.943251,31.07026,7.095775,113.3165,9,5,1393264230,-0.4113159,0.7737885,-0.2602997,-11.91458,10.68179,6.813763,40.23245,39.52145,25,-0.3037847,0.01659842,-0.3256852,1.571563,-1.285516,-0.9537538,-0.2801241,0.1926307,-0.3670766,0.02752925,-0.08228637,-0.1228955,3
2014-02-24 18:50:42.186,5945,594.5,43.64347,3.943348,35.29922,7.091687,93.86419,9,5,1393264231,-0.5977173,0.8488464,-0.1167145,-12.62678,10.95361,5.846123,37.21922,36.50821,25,0.1094168,-0.1531789,-0.2684421,1.548764,-1.309591,-0.9439867,-0.1732215,-0.5196705,-0.3919449,-0.07130279,0.001864571,0.02481426,3
2014-02-24 18:50:42.501,5946,594.6,43.64347,3.943348,35.29922,7.091687,93.86419,9,5,1393264231,-0.5466766,0.943512,-0.2504272,-15.53039,13.07385,1.463264,22.37484,21.66384,25,0.4158646,0.640674,0.06108945,1.550807,-1.31272,-0.9348282,0.2441841,0.1491694,-0.06951229,-0.04256536,0.08194707,0.06656836,3
2014-02-24 18:50:42.608,5947,594.7,43.64347,3.943348,35.29922,7.091687,93.86419,9,5,1393264231,-0.5786285,0.7790985,-0.1842346,-15.80432,13.67187,0.4956245,18.36768,17.65668,25,0.4434938,0.4466768,-0.1303146,1.560818,-1.295441,-0.9328941,0.4000424,0.6308501,0.06101802,0.0109135,-0.02105919,0.0548724,3
2014-02-24 18:50:42.812,5948,594.8,43.64347,3.943348,35.29922,7.091687,93.86419,9,5,1393264231,-0.5406952,0.7315979,-0.2887878,-17.55745,16.17267,-0.8704643,14.13227,13.42127,25,0.395963,0.5454798,-0.2021217,1.585492,-1.257046,-0.9249367,0.4737985,0.5169955,-0.2163619,-0.006125629,-0.01948413,0.001523795,3
2014-02-24 18:50:43.012,5949,594.9,43.64347,3.943348,35.29922,7.091687,93.86419,9,5,1393264231,-0.5849915,0.7863617,-0.3004303,-16.84524,18.72784,-4.570278,3.463016,2.752014,25,0.2723048,0.2835422,-0.2394656,1.607992,-1.213649,-0.9082775,0.2564829,0.2737185,-0.239537,0.02700452,-0.02880183,-0.08380098,3
2014-02-24 18:50:43.167,5950,595,43.64348,3.943432,34.64488,7.034831,79.60013,9,5,1393264232,-0.7055817,0.7989044,-0.3233795,-17.44788,18.456,-4.285671,3.243749,2.532747,25,0.4962218,0.5693681,-0.4301476,1.622851,-1.188786,-0.8902161,0.4804,0.5595444,-0.4302191,-0.1447055,0.01235834,-0.06950345,3
2014-02-24 18:50:43.293,5951,595.1,43.64348,3.943432,34.64488,7.034831,79.60013,9,5,1393264232,-0.6730042,0.7889404,-0.3570709,-17.72181,19.05402,-5.594837,0.7033424,359.9923,25,0.5781472,0.8501266,-0.4086386,1.632376,-1.167835,-0.8789893,0.5623255,0.8403029,-0.4087101,-0.1187477,0.0288099,-0.07321901,3
2014-02-24 18:50:43.502,5952,595.2,43.64348,3.943432,34.64488,7.034831,79.60013,9,5,1393264232,-0.6402893,0.8061829,-0.3529205,-17.00959,17.80363,-6.334801,357.2997,356.5887,25,0.5293845,0.8312669,-0.3103821,1.642728,-1.144175,-0.8692932,0.5135629,0.8214432,-0.3104535,-0.0854824,0.02506749,-0.09001975,3
2014-02-24 18:50:43.597,5953,595.3,43.64348,3.943432,34.64488,7.034831,79.60013,9,5,1393264232,-0.5854645,0.803421,-0.2888641,-16.51653,16.98815,-6.16404,356.9768,356.2658,25,0.3905297,0.8414079,-0.1839461,1.650743,-1.12245,-0.8618307,0.3747081,0.8315843,-0.1840176,-0.0535866,0.04714716,-0.07070653,3
2014-02-24 18:50:43.686,5954,595.4,43.64348,3.943432,34.64488,7.034831,79.60013,9,5,1393264232,-0.5639343,0.8464661,-0.2040863,-16.90002,17.47743,-7.017841,355.4775,354.7665,25,0.2133544,0.6294634,-0.1542516,1.655537,-1.105804,-0.8565688,0.1975328,0.6196399,-0.154323,-0.03289188,0.0532232,-0.04042469,3
2014-02-24 18:50:43.888,5955,595.5,43.64348,3.943432,34.64488,7.034831,79.60013,9,5,1393264232,-0.522522,0.830658,-0.188858,-17.06438,19.05403,-7.530125,352.9543,352.2433,25,0.1693754,0.4828543,-0.01950925,1.65951,-1.085937,-0.8527023,0.09110508,0.3748912,-0.04268493,0.03403501,0.0581419,0.1030166,3
2014-02-24 18:50:44.070,5956,595.6,43.64349,3.94353,34.90055,7.246257,76.37049,9,5,1393264233,-0.46138,0.7796173,-0.299942,-15.91389,19.32585,-7.700882,352.6519,351.9409,25,0.1930837,0.4849776,-0.06036108,1.666432,-1.065813,-0.8488836,0.2133451,0.3256095,-0.08678102,0.07493678,0.09233713,0.08514248,3
2014-02-24 18:50:44.168,5957,595.7,43.64349,3.94353,34.90055,7.246257,76.37049,9,5,1393264233,-0.4663544,0.7523346,-0.3622131,-14.10598,20.0326,-7.416283,352.9451,352.2341,25,0.1242394,0.6145705,-0.08809524,1.667542,-1.061219,-0.845466,0.1772625,0.4751543,-0.0604325,0.1177204,0.03133702,0.02366167,3
2014-02-24 18:50:44.272,5958,595.8,43.64349,3.94353,34.90055,7.246257,76.37049,9,5,1393264233,-0.4577484,0.7359619,-0.3932037,-13.99641,21.1199,-6.733242,352.9846,352.2736,25,0.09396245,0.2357534,-0.09055467,1.667201,-1.051233,-0.8426743,0.1084183,0.6047472,-0.08816666,0.1112968,0.005909151,-0.03180711,3
2014-02-24 18:50:44.469,5959,595.9,43.64349,3.94353,34.90055,7.246257,76.37049,9,5,1393264233,-0.6203766,0.7756348,-0.3748932,-15.25647,20.30442,-6.334805,352.7974,352.0864,25,-0.00343388,0.1671839,-0.209305,1.665927,-1.042752,-0.836956,0.02296498,0.1278758,-0.2520882,0.09594642,0.0170509,-0.02793322,3
2014-02-24 18:50:44.572,5960,596,43.64349,3.94353,34.90055,7.246257,76.37049,9,5,1393264233,-0.5920105,0.7962646,-0.3356934,-13.83206,21.17427,-7.245522,351.6163,350.9053,25,0.03258111,0.2340857,0.04377891,1.66212,-1.043386,-0.8331001,-0.01925484,0.1573607,-0.2093764,-0.007860673,0.02011182,-0.0163942,3
2014-02-24 18:50:44.698,5961,596.1,43.64349,3.94353,34.90055,7.246257,76.37049,9,5,1393264233,-0.5046997,0.8539124,-0.3692627,-13.44857,21.22863,-6.050198,354.0117,353.3008,25,0.1048793,0.4059587,0.2070312,1.661844,-1.039707,-0.8321555,0.01676018,0.2242626,0.04370749,-0.03983375,0.03625041,-0.03389351,3
2014-02-24 18:50:44.797,5962,596.2,43.64349,3.94353,34.90055,7.246257,76.37049,9,5,1393264233,-0.5162506,0.811676,-0.4500427,-13.61292,21.71792,-6.562481,353.3557,352.6447,25,0.2795502,0.2681212,0.2358623,1.663482,-1.034006,-0.8346523,0.08905842,0.3961355,0.2069598,-0.01500936,0.05520156,0.007665326,3
2014-02-24 18:50:44.885,5963,596.3,43.64352,3.943638,38.41124,7.682038,73.12692,9,5,1393264234,-0.5544891,0.7462616,-0.3729401,-13.61292,21.17427,-5.879436,352.1254,351.4144,25,0.3642885,0.01196132,0.2954857,1.670966,-1.023125,-0.8364041,0.2637294,0.2582981,0.2357909,0.06742201,0.1116741,-0.02032264,3
2014-02-24 18:50:44.988,5964,596.4,43.64352,3.943638,38.41124,7.682038,73.12692,9,5,1393264234,-0.5626068,0.7436066,-0.3525238,-13.99641,21.22863,-6.505558,351.3564,350.6454,25,0.1600629,-0.3033074,0.1863286,1.68353,-1.01133,-0.837378,0.3484605,0.002136362,0.2954195,0.05110249,0.06878556,-0.09476226,3
2014-02-24 18:50:45.193,5965,596.5,43.64352,3.943638,38.41124,7.682038,73.12692,9,5,1393264234,-0.5949097,0.7893982,-0.3288727,-11.96936,22.15284,-5.993279,353.2467,352.5357,25,-0.1217589,-0.3224233,0.1931932,1.692876,-1.020804,-0.8445732,-0.1375867,-0.3322482,0.193127,-0.03594401,0.01268822,-0.01381463,3
2014-02-24 18:50:45.295,5966,596.6,43.64352,3.943638,38.41124,7.682038,73.12692,9,5,1393264234,-0.5720062,0.796875,-0.3247375,-11.69544,21.88102,-6.960918,350.9799,350.2689,25,-0.1332979,-0.2733767,0.2430473,1.692639,-1.026548,-0.8497844,-0.1491257,-0.2832015,0.2429811,-0.03014449,0.03826011,0.01293409,3
2014-02-24 18:50:45.483,5967,596.7,43.64352,3.943638,38.41124,7.682038,73.12692,9,5,1393264234,-0.5778809,0.7919922,-0.3306427,-12.1885,21.17427,-6.448643,350.8977,350.1867,25,-0.03349165,-0.2478362,0.2226408,1.693806,-1.030593,-0.8545994,-0.04931935,-0.257661,0.2225746,-0.008971345,0.04256704,0.01291795,3
2014-02-24 18:50:45.588,5968,596.8,43.64352,3.943638,38.41124,7.682038,73.12692,9,5,1393264234,-0.5779419,0.7910461,-0.3208771,-14.32512,21.44609,-5.367157,354.2232,353.5122,25,0.02250424,-0.2808476,0.1507682,1.695595,-1.034167,-0.8574302,0.006676613,-0.2906724,0.150702,-0.01548037,0.03582874,0.003905547,3
2014-02-24 18:50:45.802,5969,596.9,43.64352,3.943638,38.41124,7.682038,73.12692,9,5,1393264234,-0.596283,0.7566071,-0.3140106,-13.44856,21.33736,-5.594837,352.9617,352.2507,25,0.1754853,-0.3377959,0.1105617,1.705581,-1.037363,-0.8600791,0.1596577,-0.3476205,0.1104955,-0.002163586,0.03969801,-0.008526366,3
2014-02-24 18:50:46.021,5970,597,43.64354,3.943731,40.66268,7.739649,70.90214,9,5,1393264235,-0.5696869,0.7311554,-0.3018188,-12.02415,20.79371,-6.16404,350.1771,349.4661,25,0.1350611,-0.210444,-0.08345894,1.716315,-1.04247,-0.858511,0.1796758,-0.2889242,0.06084405,-0.003815068,0.004070276,0.01281968,3
2014-02-24 18:50:46.127,5971,597.1,43.64354,3.943731,40.66268,7.739649,70.90214,9,5,1393264235,-0.5849304,0.7482605,-0.3303986,-14.32513,20.14133,-6.277882,352.4672,351.7562,25,0.1656167,-0.1805716,-0.06234114,1.719851,-1.0444,-0.8566285,0.1192338,-0.2202686,-0.08352511,-0.003368459,-0.02448321,0.02726128,3
2014-02-24 18:50:46.237,5972,597.2,43.64354,3.943731,40.66268,7.739649,70.90214,9,5,1393264235,-0.5900269,0.708374,-0.3399048,-14.0512,20.52188,-6.790165,351.4038,350.6928,25,0.01837075,-0.1696607,-0.1154787,1.721784,-1.047479,-0.8542738,0.1497894,-0.1903962,-0.06240731,-0.01606157,-0.005833663,-0.002175733,3
2014-02-24 18:50:46.352,5973,597.3,43.64354,3.943731,40.66268,7.739649,70.90214,9,5,1393264235,-0.5795898,0.7370605,-0.3439026,-13.44856,20.79372,-6.733246,352.055,351.344,25,-0.1052066,-0.1554567,-0.2047875,1.721837,-1.050487,-0.8520944,0.002543533,-0.1794852,-0.1155448,-0.01874889,-0.04428699,-0.01257792,3
2014-02-24 18:50:46.559,5974,597.4,43.64354,3.943731,40.66268,7.739649,70.90214,9,5,1393264235,-0.6009064,0.7494354,-0.3510742,-12.90071,21.33736,-6.16404,352.6145,351.9035,25,-0.1436733,-0.08072095,-0.1765585,1.717402,-1.057222,-0.8501194,-0.1210338,-0.1652812,-0.2048537,-0.002705801,-0.01835751,-0.02160824,3
2014-02-24 18:50:46.803,5975,597.5,43.64357,3.943824,38.34135,7.761656,69.1735,9,5,1393264236,-0.5686951,0.761322,-0.400528,-13.44856,20.90244,-4.456436,356.2467,355.5357,25,-0.1608094,0.03113076,-0.2047963,1.712367,-1.062421,-0.8454092,-0.159495,-0.09054288,-0.1766331,-0.02307386,-0.01075481,-0.03099985,3
2014-02-24 18:50:46.966,5976,597.6,43.64357,3.943824,38.34135,7.761656,69.1735,9,5,1393264236,-0.568634,0.7515259,-0.3770447,-13.39377,21.39173,-5.196396,355.5728,354.8618,25,-0.1872703,-0.01948422,-0.2725966,1.705765,-1.067073,-0.8437922,-0.176631,0.02130887,-0.2048709,0.0005532354,0.0006185826,-0.06416713,3
2014-02-24 18:50:47.064,5977,597.7,43.64357,3.943824,38.34135,7.761656,69.1735,9,5,1393264236,-0.5748749,0.7489319,-0.3400421,-13.72248,21.82665,-5.65176,354.9743,354.2633,25,-0.2112939,-0.098358,-0.3330595,1.697494,-1.073298,-0.8414282,-0.2030918,-0.02930608,-0.2726712,0.0169223,0.01572642,-0.08250359,3
2014-02-24 18:50:47.172,5978,597.8,43.64357,3.943824,38.34135,7.761656,69.1735,9,5,1393264236,-0.6419983,0.7395782,-0.3270721,-13.17464,22.3703,-6.220963,353.2998,352.5888,25,-0.1722208,-0.1555728,-0.4388783,1.688087,-1.0819,-0.8384386,-0.2271153,-0.1081798,-0.3331341,0.02166248,0.007925828,-0.063024,3
2014-02-24 18:50:47.254,5979,597.9,43.64357,3.943824,38.34135,7.761656,69.1735,9,5,1393264236,-0.6419983,0.7395782,-0.3270721,-13.94163,22.15284,-6.107124,352.8037,352.0927,25,-0.1183695,-0.02128904,-0.4232482,1.66817,-1.100813,-0.8276872,-0.1341909,-0.0311108,-0.4233228,-0.008639248,-0.001383205,-0.008598394,3
2014-02-24 18:50:47.417,5980,598,43.64357,3.943824,38.34135,7.761656,69.1735,9,5,1393264236,-0.6205292,0.7631226,-0.3133545,-12.29807,21.60919,-5.082554,353.6735,352.9625,25,-0.0655814,0.1208244,-0.2774897,1.66817,-1.100813,-0.8276872,-0.1341909,-0.0311108,-0.4233228,-0.008639248,-0.001383205,-0.008598394,3
2014-02-24 18:50:47.567,5981,598.1,43.64357,3.943824,38.34135,7.761656,69.1735,9,5,1393264236,-0.6205292,0.7631226,-0.3133545,-13.06506,20.95681,-4.171833,355.5018,354.7908,25,-0.0259019,0.1322315,-0.1646015,1.656522,-1.106538,-0.8182525,-0.04172482,0.1224076,-0.1646823,-0.03420293,0.02076464,-0.006533498,3
2014-02-24 18:50:47.668,5982,598.2,43.64357,3.943824,38.34135,7.761656,69.1735,9,5,1393264236,-0.5904388,0.7595673,-0.2983551,-14.54426,21.33736,-5.139477,353.7393,353.0284,25,0.003409911,0.05795838,-0.1260557,1.654254,-1.106513,-0.8161535,-0.01241294,0.04813449,-0.1261366,0.002909466,0.04035883,-0.007511514,3
2014-02-24 18:50:47.802,5983,598.3,43.64357,3.943824,38.34135,7.761656,69.1735,9,5,1393264236,-0.5944366,0.7508698,-0.2729645,-13.83206,21.17426,-5.993279,352.5352,351.8242,25,0.05772002,-0.06631484,-0.1278405,1.653561,-1.107362,-0.8167844,0.04189559,-0.07613827,-0.1279119,0.02192329,0.03061893,0.007662779,3
2014-02-24 18:50:47.884,5984,598.4,43.6436,3.943898,37.29051,7.726436,67.91492,9,5,1393264237,-0.6312408,0.7318268,-0.2615662,-12.73635,22.15284,-6.107121,351.9211,351.2101,25,0.1000677,-0.1242258,-0.1820044,1.653561,-1.109529,-0.813455,0.08424338,-0.1340492,-0.1820758,0.02075707,0.02420468,0.03280433,3
2014-02-24 18:50:47.984,5985,598.5,43.6436,3.943898,37.29051,7.726436,67.91492,9,5,1393264237,-0.6372528,0.733902,-0.2684631,-12.572,22.31594,-6.277878,350.982,350.271,25,0.1001724,-0.1492332,-0.1911444,1.649779,-1.117351,-0.8101916,0.08433922,-0.1590627,-0.1912154,-0.01154575,0.007407523,0.04041848,3
2014-02-24 18:50:48.082,5986,598.6,43.6436,3.943898,37.29051,7.726436,67.91492,9,5,1393264237,-0.6427917,0.717926,-0.2888947,-13.50335,21.39173,-5.082554,353.1696,352.4586,25,0.113452,-0.1171815,-0.1643482,1.649758,-1.11993,-0.8064543,0.09761885,-0.127011,-0.1644192,-0.01042683,0.01111805,0.04873988,3
2014-02-24 18:50:48.184,5987,598.7,43.6436,3.943898,37.29051,7.726436,67.91492,9,5,1393264237,-0.6427917,0.717926,-0.2888947,-14.59905,21.17426,-5.424076,353.4088,352.6978,25,0.1327029,-0.1924507,-0.09890767,1.651181,-1.121295,-0.8029413,0.1366864,-0.1331982,-0.1252707,-0.02079723,0.01869596,0.03321182,3
2014-02-24 18:50:48.348,5988,598.8,43.6436,3.943898,37.29051,7.726436,67.91492,9,5,1393264237,-0.6296692,0.7136688,-0.283844,-14.16077,21.283,-5.537918,352.9158,352.2048,25,0.1327029,-0.1924507,-0.09890767,1.65185,-1.125055,-0.7996566,0.1168669,-0.2022825,-0.09898105,-0.009023841,0.001770514,0.0242912,3
2014-02-24 18:50:48.549,5989,598.9,43.6436,3.943898,37.29051,7.726436,67.91492,9,5,1393264237,-0.6296692,0.7136688,-0.283844,-14.37991,20.08696,-6.903999,349.7805,349.0695,25,0.06562428,-0.2965736,-0.1571912,1.652819,-1.128296,-0.7973732,0.06023615,-0.2411814,-0.08976065,-0.004545858,0.006232479,0.01126388,3
2014-02-24 18:50:48.639,5990,599,43.6436,3.943898,37.29051,7.726436,67.91492,9,5,1393264237,-0.643692,0.7129669,-0.2859497,-11.80501,21.44609,-5.708675,351.7631,351.0521,25,0.07808708,-0.2773879,-0.1795479,1.651698,-1.135006,-0.7950562,0.04978622,-0.3064069,-0.1572639,0.005128175,-0.0002341533,0.01174837,3
2014-02-24 18:50:48.769,5991,599.1,43.6436,3.943898,37.29051,7.726436,67.91492,9,5,1393264237,-0.6434479,0.7088318,-0.3073883,-11.805,21.22863,-4.34259,354.752,354.041,25,0.1063488,-0.3020363,-0.1708239,1.651358,-1.140743,-0.7917536,0.06224909,-0.2872211,-0.1796206,-0.005069724,0.001380481,0.006977433,3
2014-02-24 18:50:48.849,5992,599.2,43.64362,3.943973,36.70979,7.489601,67.64275,9,5,1393264238,-0.6614075,0.7003174,-0.29776,-12.1885,20.95681,-4.627193,354.8538,354.1428,25,0.1090101,-0.2535345,-0.2029457,1.652181,-1.14515,-0.787782,0.09051342,-0.3118677,-0.1708974,-0.000971858,4.143209e-05,-0.01611387,3
2014-02-24 18:50:48.950,5993,599.3,43.64362,3.943973,36.70979,7.489601,67.64275,9,5,1393264238,-0.6826172,0.6999359,-0.2785034,-12.95549,20.63062,-4.627193,355.0965,354.3855,25,0.1299889,-0.2409799,-0.2122515,1.652404,-1.150227,-0.7837961,0.09317476,-0.2633659,-0.2030191,-0.0059758,0.0001122016,-0.009515871,3
2014-02-24 18:50:49.067,5994,599.4,43.64362,3.943973,36.70979,7.489601,67.64275,9,5,1393264238,-0.6875153,0.7008972,-0.2970886,-12.95549,20.84808,-4.968716,353.5562,352.8452,25,0.1372087,-0.1241614,-0.2098028,1.652652,-1.154815,-0.7792946,0.1141536,-0.2508112,-0.212325,-0.01765522,-0.009158957,0.008205214,3
2014-02-24 18:50:49.151,5995,599.5,43.64362,3.943973,36.70979,7.489601,67.64275,9,5,1393264238,-0.6815796,0.7057343,-0.3019409,-12.35286,21.1199,-5.025639,353.803,353.092,25,0.1233297,-0.05600681,-0.1777546,1.652232,-1.15916,-0.7737018,0.1213712,-0.133995,-0.2098805,-0.02804883,0.007022528,-0.008940786,3
2014-02-24 18:50:49.281,5996,599.6,43.64362,3.943973,36.70979,7.489601,67.64275,9,5,1393264238,-0.6726227,0.7095337,-0.2989349,-12.13372,20.90244,-5.822517,352.2874,351.5764,25,0.1033826,-0.01175599,-0.1525696,1.65309,-1.160178,-0.769654,0.1074922,-0.06584044,-0.1778323,-0.02906073,0.005010416,-0.01041948,3
2014-02-24 18:50:49.661,5997,599.7,43.64362,3.943973,36.70979,7.489601,67.64275,9,5,1393264238,-0.6580811,0.728241,-0.2872162,-12.35286,22.09848,-5.708679,352.1312,351.4202,25,0.09220556,0.0120319,-0.1435241,1.653988,-1.15992,-0.7656578,0.08754628,-0.021589,-0.1526489,-0.0206547,0.01272289,-0.01399381,3
2014-02-24 18:50:49.925,5998,599.8,43.64362,3.943973,36.70979,7.489601,67.64275,9,5,1393264238,-0.6660461,0.7264252,-0.2902069,-12.35286,22.09848,-5.367161,352.1256,351.4146,25,0.09704959,-0.0195516,-0.1290922,1.654355,-1.15971,-0.7625608,0.07636934,0.00219893,-0.1436035,-0.009794191,0.0187583,-0.009992467,3
2014-02-24 18:50:50.052,5999,599.9,43.64362,3.943973,36.70979,7.489601,67.64275,9,5,1393264238,-0.6660461,0.7264252,-0.2902069,-13.11985,22.09848,-4.911793,354.2184,353.5074,25,0.09072191,-0.0239562,-0.1068207,1.655391,-1.159943,-0.7589654,0.0748845,-0.03378912,-0.1068941,-0.003715812,0.03227254,-0.005296387,3
2014-02-24 18:50:50.134,6000,600,43.64362,3.943973,36.70979,7.489601,67.64275,9,5,1393264238,-0.6698914,0.7194977,-0.29216,-12.40764,22.26158,-6.448639,349.0953,348.3843,25,0.06480989,-0.02634932,-0.09766158,1.656,-1.160033,-0.7597705,0.04897098,-0.03618185,-0.09772542,0.002668591,0.03754804,-0.00359395,3
2014-02-24 18:50:50.262,6001,600.1,43.64364,3.944051,35.8179,6.985437,68.13158,9,5,1393264239,-0.6749573,0.7176819,-0.2834167,-11.96936,21.60919,-5.993279,349.1916,348.4806,25,0.04501142,-0.06148733,-0.07873902,1.655832,-1.161087,-0.7588848,0.02917191,-0.07131983,-0.07879992,-0.004340999,0.03138495,-0.003120958,3
2014-02-24 18:50:50.486,6002,600.2,43.64364,3.944051,35.8179,6.985437,68.13158,9,5,1393264239,-0.6930084,0.7132111,-0.2699432,-13.88684,21.77228,-4.114914,355.9358,355.2248,25,0.007606787,-0.1292166,-0.008050736,1.655236,-1.164074,-0.7592841,-0.008234808,-0.1390502,-0.008109209,-0.008798894,0.02927949,0.003524282,3
2014-02-24 18:50:50.595,6003,600.3,43.64364,3.944051,35.8179,6.985437,68.13158,9,5,1393264239,-0.6930084,0.7141876,-0.2719116,-14.54426,21.88101,-4.911797,355.0232,354.3122,25,0.01338665,-0.06993861,0.02896507,1.653532,-1.168541,-0.7603055,-0.002460329,-0.07977559,0.02890836,-0.0262223,0.02406819,0.01374386,3
2014-02-24 18:50:50.683,6004,600.4,43.64364,3.944051,35.8179,6.985437,68.13158,9,5,1393264239,-0.6849518,0.7100677,-0.2639771,-12.95549,22.04411,-5.310242,353.7457,353.0347,25,0.01930792,-0.04249606,0.05338972,1.652844,-1.17103,-0.761194,0.003457573,-0.05233539,0.0533326,-0.02608257,0.02440121,0.009876606,3
2014-02-24 18:50:50.931,6005,600.5,43.64364,3.944051,35.8179,6.985437,68.13158,9,5,1393264239,-0.6587372,0.7064667,-0.2665558,-12.84592,21.283,-5.310238,354.8107,354.0997,25,0.03625095,-0.01944507,0.08500118,1.654382,-1.171381,-0.7639025,0.0203963,-0.0292873,0.08494511,-0.006497632,0.02282423,-0.01130302,3
2014-02-24 18:50:51.067,6006,600.6,43.64364,3.944051,35.8179,6.985437,68.13158,9,5,1393264239,-0.6587372,0.7064667,-0.2665558,-13.55813,22.85959,-5.367157,354.8736,354.1626,25,0.0144868,-0.07206593,0.04542021,1.655573,-1.171421,-0.7657055,-0.00526966,-0.08852265,0.0723745,0.005577724,0.009346857,0.004023293,3
2014-02-24 18:50:51.167,6007,600.7,43.64367,3.944136,37.39033,6.348173,67.68838,9,5,1393264240,-0.6694641,0.6927338,-0.2685394,-13.99641,22.42467,-4.68412,356.6344,355.9234,25,0.0144868,-0.07206593,0.04542021,1.655635,-1.173201,-0.7672287,-0.001368617,-0.08190835,0.04536761,0.004948853,0.01232368,0.01216692,3
2014-02-24 18:50:51.255,6008,600.8,43.64367,3.944136,37.39033,6.348173,67.68838,9,5,1393264240,-0.6694641,0.6927338,-0.2685394,-14.10598,22.42467,-5.139481,355.8512,355.1402,25,0.0443134,-0.03250415,0.003088734,1.655673,-1.175012,-0.7682694,0.03699218,-0.05013049,0.01375384,0.002756164,0.0106594,0.01456172,3
2014-02-24 18:50:51.399,6009,600.9,43.64367,3.944136,37.39033,6.348173,67.68838,9,5,1393264240,-0.6542358,0.6941528,-0.2985992,-13.72249,23.02269,-6.220963,353.268,352.557,25,0.008672051,-0.05999063,0.00184131,1.656456,-1.175459,-0.7682132,0.02845519,-0.04234823,0.003038506,-0.005781457,-0.002117564,0.008420795,3
2014-02-24 18:50:51.549,6010,601,43.64367,3.944136,37.39033,6.348173,67.68838,9,5,1393264240,-0.7004395,0.6912994,-0.2845001,-14.87297,22.09848,-6.277882,353.6323,352.9213,25,-0.02360173,-0.01702373,-0.1220639,1.657906,-1.175003,-0.7676308,-0.007182914,-0.06983271,0.001789051,0.005390846,-0.03017157,-0.02980201,3
2014-02-24 18:50:51.682,6011,601.1,43.64367,3.944136,37.39033,6.348173,67.68838,9,5,1393264240,-0.6925812,0.7020416,-0.2952271,-15.80432,18.45601,-6.220963,357.1551,356.4441,25,0.01503274,0.07230376,-0.04396666,1.656477,-1.176652,-0.7657759,-0.03946074,-0.02686588,-0.1221129,-0.03211855,0.009158772,-0.004783144,3
2014-02-24 18:50:51.788,6012,601.2,43.64367,3.944136,37.39033,6.348173,67.68838,9,5,1393264240,-0.6683655,0.6964874,-0.2958527,-17.06438,16.87942,-6.847084,354.6876,353.9766,25,-0.01853587,0.07691342,-0.002102033,1.654888,-1.177708,-0.7633465,-0.0008265583,0.06246085,-0.04401966,-0.03633092,0.01202592,-0.003957015,3
2014-02-24 18:50:51.921,6013,601.3,43.64367,3.944136,37.39033,6.348173,67.68838,9,5,1393264240,-0.663559,0.7043915,-0.2909851,-17.44788,16.60759,-7.017841,354.5338,353.8228,25,-0.08610453,0.04345587,-0.0106364,1.655009,-1.175505,-0.7627168,-0.03439284,0.06707212,-0.002156149,-0.008159136,0.007704998,-0.02439961,3
2014-02-24 18:50:52.098,6014,601.4,43.64367,3.944136,37.39033,6.348173,67.68838,9,5,1393264240,-0.6731415,0.7188416,-0.2570648,-16.02346,14.65044,-6.904003,353.2697,352.5587,25,-0.1114229,0.01218157,-0.07040253,1.650856,-1.176518,-0.7633625,-0.127443,-0.002023483,-0.04929921,0.003520769,0.01303665,-0.01343666,3
2014-02-24 18:50:52.306,6015,601.5,43.6437,3.944215,37.98055,5.671281,66.20728,9,5,1393264241,-0.6832275,0.7171326,-0.2474213,-12.40764,11.49726,-3.488792,3.697322,2.98632,25,-0.06376992,0.03778466,-0.03265541,1.63926,-1.185291,-0.7646831,-0.0796296,0.0279425,-0.03270346,-0.01263201,0.02775394,0.02294426,3
2014-02-24 18:50:52.549,6016,601.6,43.6437,3.944215,37.98055,5.671281,66.20728,9,5,1393264241,-0.6752625,0.720932,-0.2483368,-6.819559,8.452816,0.9509811,18.25191,17.54091,25,-0.04922907,0.02679832,-0.003081011,1.637355,-1.186139,-0.7649265,-0.06508867,0.01695621,-0.003129056,-0.009506703,0.02847854,0.01650044,3
2014-02-24 18:50:52.638,6017,601.7,43.6437,3.944215,37.98055,5.671281,66.20728,9,5,1393264241,-0.6742249,0.7208862,-0.2522125,-4.354223,9.268297,1.577106,17.34108,16.63008,25,-0.04074503,0.00661396,0.01596725,1.635935,-1.186916,-0.7654623,-0.05660461,-0.003228136,0.0159192,-0.00668053,0.02806157,0.0217165,3
2014-02-24 18:50:52.768,6018,601.8,43.6437,3.944215,37.98055,5.671281,66.20728,9,5,1393264241,-0.6681824,0.7197418,-0.2521362,-2.436745,10.40997,1.520187,351.7272,351.0162,26,-0.02991316,-0.03042129,0.05162564,1.634684,-1.188642,-0.7670852,-0.04577427,-0.04026424,0.05157937,-0.006221965,0.0268465,0.01626651,3
2014-02-24 18:50:52.855,6019,601.9,43.6437,3.944215,37.98055,5.671281,66.20728,9,5,1393264241,-0.6630859,0.7166595,-0.2530365,-0.9027615,11.49726,1.064827,350.927,350.216,26,-0.01270541,-0.06423145,0.05915999,1.634308,-1.189999,-0.7683633,-0.02856645,-0.07407436,0.05911372,-0.0006397097,0.02478252,0.01510592,3
2014-02-24 18:50:52.962,6020,602,43.6437,3.944215,37.98055,5.671281,66.20728,9,5,1393264241,-0.6618958,0.7115326,-0.2637329,-0.2453423,12.14964,1.064827,349.5074,348.7964,26,0.01196532,-0.09353448,0.0561634,1.634201,-1.192045,-0.770122,-0.003896975,-0.103378,0.05611899,0.001744373,0.02644868,0.01134965,3
2014-02-24 18:50:53.070,6021,602.1,43.6437,3.944215,37.98055,5.671281,66.20728,9,5,1393264241,-0.6776733,0.6969757,-0.2579193,0.8503647,11.93218,0.7233086,347.4749,346.7639,26,0.03682539,-0.106042,0.02719647,1.634412,-1.194198,-0.7716674,0.02096138,-0.1158864,0.02715465,0.001557105,0.01533046,0.005702442,3
2014-02-24 18:50:53.196,6022,602.2,43.64372,3.944289,35.22663,5.192383,63.17747,9,5,1393264242,-0.6962433,0.6764069,-0.2638702,-1.94368,13.6175,-0.1305008,343.0472,342.3362,26,0.04200045,-0.09493078,-0.005709019,1.635015,-1.196076,-0.7719567,0.02613587,-0.1047754,-0.00574933,0.002092069,0.004167258,0.00639039,3
2014-02-24 18:50:53.320,6023,602.3,43.64372,3.944289,35.22663,5.192383,63.17747,9,5,1393264242,-0.6962433,0.6764069,-0.2638702,-1.395828,12.74766,-0.4720154,340.8543,340.1433,26,0.02441639,-0.1139596,0.04123186,1.635376,-1.197693,-0.7713289,0.01011949,-0.09469015,-0.004829891,-0.01187802,-0.001196315,-0.01320547,3
2014-02-24 18:50:53.560,6024,602.4,43.64372,3.944289,35.22663,5.192383,63.17747,9,5,1393264242,-0.6763458,0.7269135,-0.2552185,-0.5192642,11.98655,-2.521141,337.3028,336.5918,26,0.02599911,-0.07353973,-0.00841772,1.63537,-1.200153,-0.7707908,0.008552445,-0.1238044,0.04118723,-0.02759598,-0.02029591,-0.004031761,3
2014-02-24 18:50:53.665,6025,602.5,43.64372,3.944289,35.22663,5.192383,63.17747,9,5,1393264242,-0.6622772,0.7256012,-0.2540741,0.7407913,10.62742,-5.082558,328.5957,327.8847,26,-0.00105115,-0.1394277,-0.0009960223,1.635535,-1.202324,-0.7719095,0.01013331,-0.08338553,-0.008459878,-0.007863471,0.02940864,0.002886874,3
2014-02-24 18:50:53.778,6026,602.6,43.64372,3.944289,35.22663,5.192383,63.17747,9,5,1393264242,-0.6681671,0.7187653,-0.252121,0.5764408,10.68179,-5.594841,327.4529,326.7419,26,-0.02354687,-0.2083157,0.05224989,1.635426,-1.20456,-0.772539,-0.01691683,-0.149273,-0.001035705,0.006370298,0.0276454,0.002379018,3
2014-02-24 18:50:53.884,6027,602.7,43.64372,3.944289,35.22663,5.192383,63.17747,9,5,1393264242,-0.6834869,0.7252197,-0.2338257,0.3025131,10.08377,-5.87944,326.8397,326.1287,26,-0.04096128,-0.2841135,0.08684275,1.634915,-1.208835,-0.7738382,-0.03941368,-0.2181616,0.05221144,0.0006307185,0.02093252,0.01088458,3
2014-02-24 18:50:53.980,6028,602.8,43.64372,3.944289,35.22663,5.192383,63.17747,9,5,1393264242,-0.7058868,0.6976929,-0.2455902,0.7407951,9.866313,-6.107124,324.9771,324.2661,26,-0.0360837,-0.3032768,0.09528843,1.634367,-1.21423,-0.7762241,-0.05682816,-0.2939591,0.08680707,0.01159208,0.01790048,-0.006829285,3
2014-02-24 18:50:54.071,6029,602.9,43.64372,3.944289,35.22663,5.192383,63.17747,9,5,1393264242,-0.6953278,0.7243042,-0.2593231,1.697123,6.835217,-6.865101,331.261,330.55,26,-0.05561905,-0.2039563,0.06128413,1.633666,-1.220739,-0.7788794,-0.05195166,-0.3131229,0.09525455,0.008412961,0.015108,-0.006989052,3
2014-02-24 18:50:54.171,6030,603,43.64372,3.944289,35.22663,5.192383,63.17747,9,5,1393264242,-0.6807251,0.7038879,-0.2765656,1.532965,6.672167,-7.490875,329.9199,329.2089,26,0.009391105,-0.06967016,0.06646371,1.63216,-1.22693,-0.7799022,-0.0714871,-0.2138028,0.06124803,-0.03652676,-0.005517006,-0.005896757,3
2014-02-24 18:50:54.282,6031,603.1,43.64376,3.944316,35.10805,4.912947,28.81104,9,5,1393264243,-0.6717834,0.7116089,-0.284317,1.095215,6.780862,-6.921989,329.5939,328.8829,26,0.02538978,-0.006153767,0.05661241,1.632003,-1.229184,-0.7808104,-0.00647607,-0.0795162,0.06642655,-0.0260311,0.02044889,-0.02135319,3
2014-02-24 18:50:54.536,6032,603.2,43.64376,3.944316,35.10805,4.912947,28.81104,9,5,1393264243,-0.6641083,0.7195892,-0.2608795,0.6027489,3.791636,-9.026871,320.9238,320.2128,26,-0.02260544,-0.02349893,0.05984017,1.633964,-1.227525,-0.7809859,0.009526609,-0.01599714,0.05657372,-0.01194037,-9.203477e-05,-0.03752751,3
2014-02-24 18:50:54.622,6033,603.3,43.64376,3.944316,35.10805,4.912947,28.81104,9,5,1393264243,-0.6641083,0.7195892,-0.2608795,1.532967,2.867694,-8.856201,319.1011,318.3901,26,-0.05465686,-0.0451973,0.07030213,1.635733,-1.225806,-0.7833192,-0.07051284,-0.05503516,0.07026384,-0.001219819,0.01300799,-0.02907613,3
2014-02-24 18:50:54.745,6034,603.4,43.64376,3.944316,35.10805,4.912947,28.81104,9,5,1393264243,-0.6635742,0.7317963,-0.2307129,1.861279,1.563306,-8.173542,316.1547,315.4437,26,-0.07195035,-0.06903792,0.08209966,1.635733,-1.225806,-0.7833192,-0.07051284,-0.05503516,0.07026384,-0.001219819,0.01300799,-0.02907613,3
2014-02-24 18:50:54.833,6035,603.5,43.64376,3.944316,35.10805,4.912947,28.81104,9,5,1393264243,-0.6635742,0.7317963,-0.2307129,2.134869,0.6393642,-8.344208,313.7155,313.0045,26,-0.0682997,-0.05878209,0.08555405,1.633374,-1.229718,-0.7880899,-0.08415486,-0.06861851,0.08551861,-0.004978245,0.02187314,0.002188495,3
2014-02-24 18:50:54.931,6036,603.6,43.64376,3.944316,35.10805,4.912947,28.81104,9,5,1393264243,-0.6608124,0.7387695,-0.2200165,2.627338,-1.045474,-7.604656,311.4504,310.7394,26,-0.0436809,-0.06765708,0.08587682,1.632345,-1.231928,-0.7903903,-0.05953671,-0.07749364,0.08584253,-1.706143e-05,0.02116834,0.003167093,3
2014-02-24 18:50:55.132,6037,603.7,43.64376,3.944316,35.10805,4.912947,28.81104,9,5,1393264243,-0.662262,0.7167969,-0.2286377,1.095221,-4.197746,-7.832207,305.9107,305.1997,26,0.0006263755,-0.09449428,0.08891097,1.631655,-1.235659,-0.7943402,-0.01523057,-0.1043314,0.08887759,0.0001327887,0.01839486,0.007577444,3
2014-02-24 18:50:55.344,6038,603.8,43.64376,3.944316,35.10805,4.912947,28.81104,9,5,1393264243,-0.6587524,0.7406616,-0.2307281,-0.3274689,-8.763107,-9.197533,300.9068,300.1958,26,-0.005592638,-0.01976092,0.08577536,1.632416,-1.23767,-0.7972078,-0.02144996,-0.02959833,0.08574206,-0.01011477,0.01048314,-0.01105612,3
2014-02-24 18:50:55.572,6039,603.9,43.64381,3.944308,34.41807,6.021377,354.0842,9,5,1393264244,-0.6587524,0.7406616,-0.2307281,-5.306873,-10.99144,-11.41618,297.942,297.231,26,0.05737754,-0.01948662,0.05939648,1.632807,-1.237625,-0.7983702,0.002293254,-0.008263651,0.03766499,0.0001511398,0.007458924,-0.00627804,3
2014-02-24 18:50:55.670,6040,604,43.64381,3.944308,34.41807,6.021377,354.0842,9,5,1393264244,-0.6703491,0.7229004,-0.2385406,-6.838995,-12.07843,-12.55396,296.1613,295.4503,26,0.05737754,-0.01948662,0.05939648,1.634108,-1.237156,-0.7992578,0.04152063,-0.02932362,0.05936363,-0.001823309,0.01686482,-0.003339013,3
2014-02-24 18:50:55.795,6041,604.1,43.64381,3.944308,34.41807,6.021377,354.0842,9,5,1393264244,-0.6703491,0.7229004,-0.2385406,-9.1919,-12.56758,-12.38329,288.1352,287.4242,26,-0.001368598,-0.07006271,0.02765134,1.635598,-1.237083,-0.7998646,0.02453916,-0.07610884,0.0361951,0.001044725,0.006325253,-0.01211555,3
2014-02-24 18:50:55.893,6042,604.2,43.64381,3.944308,34.41807,6.021377,354.0842,9,5,1393264244,-0.6655884,0.7318268,-0.23172,-11.2165,-11.96973,-13.46417,286.1341,285.4231,26,0.01339011,-0.05635728,0.02648674,1.636268,-1.23773,-0.8004547,-0.01722323,-0.07989787,0.02761906,-0.01223881,0.0052276,-0.01086417,3
2014-02-24 18:50:55.992,6043,604.3,43.64381,3.944308,34.41807,6.021377,354.0842,9,5,1393264244,-0.6697235,0.7368927,-0.2288666,-12.9675,-11.31754,-15.62593,284.9149,284.2039,26,-0.01021908,-0.06989759,0.05689231,1.636541,-1.238571,-0.8011169,-0.002464036,-0.06619189,0.0264551,-0.007736242,0.01369295,-0.004752211,3
2014-02-24 18:50:56.113,6044,604.4,43.64381,3.944308,34.41807,6.021377,354.0842,9,5,1393264244,-0.6747284,0.7340851,-0.2240448,-15.26568,-10.88274,-17.21882,282.4595,281.7485,26,0.002111088,-0.03473375,0.04845621,1.636274,-1.240305,-0.8019384,-0.02607342,-0.07973257,0.05685996,-0.0120371,0.01818744,-0.003231187,3
2014-02-24 18:50:56.282,6045,604.5,43.64381,3.944308,34.41807,6.021377,354.0842,9,5,1393264244,-0.6685638,0.7308655,-0.2336884,-16.1959,-10.3936,-18.2997,282.1355,281.4245,26,0.01072695,-0.02900928,0.04730999,1.636144,-1.242368,-0.8038998,-0.0001425212,-0.03660489,0.03909221,-0.01086378,0.01479568,-0.005013297,3
2014-02-24 18:50:56.531,6046,604.6,43.64381,3.944308,34.41807,6.021377,354.0842,9,5,1393264244,-0.6685638,0.7308655,-0.2336884,-17.29028,-8.219614,-16.93437,276.4249,275.7139,26,0.005673598,-0.02212714,0.06244474,1.636885,-1.243146,-0.805717,-0.0101806,-0.03196201,0.06241248,-0.01281478,0.00953805,-0.01079846,3
2014-02-24 18:50:56.634,6047,604.7,43.64387,3.944276,32.24229,6.3181,338.0023,9,5,1393264245,-0.6614075,0.7257233,-0.2365112,-17.45443,-7.621769,-18.58414,275.5307,274.8197,26,-0.01175839,-0.02432345,0.08810695,1.637219,-1.243351,-0.8070359,-0.02761178,-0.03415789,0.08807408,-0.01367061,0.008625235,-0.01123861,3
2014-02-24 18:50:56.744,6048,604.8,43.64387,3.944276,32.24229,6.3181,338.0023,9,5,1393264245,-0.6613922,0.725708,-0.2374878,-15.59399,-7.730469,-18.24281,275.4804,274.7694,26,-0.0509998,-0.04853132,0.07506199,1.63692,-1.244025,-0.8085827,-0.06685165,-0.05836467,0.07502875,-0.007423123,0.002414038,-0.01486233,3
2014-02-24 18:50:56.846,6049,604.9,43.64387,3.944276,32.24229,6.3181,338.0023,9,5,1393264245,-0.6573792,0.7226868,-0.2276611,-12.91278,-7.13262,-19.66502,258.094,257.383,25,-0.06817799,-0.01588229,0.06402053,1.635934,-1.244973,-0.8100533,-0.0840283,-0.02571464,0.06398665,-0.00820657,0.001384053,-0.0167995,3
2014-02-24 18:50:56.948,6050,605,43.64387,3.944276,32.24229,6.3181,338.0023,9,5,1393264245,-0.6563873,0.7216949,-0.2208099,-13.13165,-7.676121,-17.2757,250.6725,249.9615,25,-0.08281046,-0.007069627,0.04619706,1.634464,-1.246186,-0.8114384,-0.09865957,-0.01690113,0.04616287,-0.003779106,-0.002698278,-0.01879732,3
2014-02-24 18:50:57.067,6051,605.1,43.64387,3.944276,32.24229,6.3181,338.0023,9,5,1393264245,-0.650589,0.7305756,-0.217865,-13.95243,-6.752174,-17.56015,253.3605,252.6495,25,-0.08387173,0.01086836,0.02254978,1.632353,-1.247584,-0.8123021,-0.09971969,0.001037404,0.02251454,-0.008171734,-0.004131843,-0.008235409,3
2014-02-24 18:50:57.167,6052,605.2,43.64387,3.944276,32.24229,6.3181,338.0023,9,5,1393264245,-0.650589,0.7305756,-0.217865,-13.29581,-6.860874,-18.12903,253.4304,252.7194,25,-0.06623229,0.05588058,-0.03520193,1.630186,-1.248847,-0.8128822,-0.08974731,0.02928938,0.00239128,-0.005457768,0.001465963,-0.00240243,3
2014-02-24 18:50:57.261,6053,605.3,43.64387,3.944276,32.24229,6.3181,338.0023,9,5,1393264245,-0.655777,0.7386627,-0.2199554,-11.54481,-6.426076,-17.90147,254.7948,254.0838,25,-0.06623229,0.05588058,-0.03520193,1.628047,-1.249552,-0.8131901,-0.08207983,0.0460498,-0.03523757,0.001441302,0.004092503,-0.0008883462,3
2014-02-24 18:50:57.466,6054,605.4,43.64387,3.944276,32.24229,6.3181,338.0023,9,5,1393264245,-0.655777,0.7386627,-0.2199554,-10.45044,-6.534779,-18.24281,253.2557,252.5447,25,-0.05236201,0.06131795,-0.07735364,1.625476,-1.250619,-0.8130413,-0.07808938,0.04125697,-0.07151735,0.004567467,0.0121446,0.002310151,3
2014-02-24 18:50:57.566,6055,605.5,43.64394,3.944242,32.35113,6.879867,336.2511,9,5,1393264246,-0.6668243,0.74086,-0.2269135,-9.246626,-7.18697,-17.10504,253.12,252.409,25,-0.05732721,0.03302053,-0.06774043,1.623154,-1.251323,-0.8124282,-0.06821036,0.05148736,-0.07738677,-0.002838133,0.0127034,-0.003960215,3
2014-02-24 18:50:57.668,6056,605.6,43.64394,3.944242,32.35113,6.879867,336.2511,9,5,1393264246,-0.665863,0.7428436,-0.2269135,-9.793812,-6.426079,-16.76371,251.404,250.693,25,-0.0662179,0.01850817,-0.03131771,1.62095,-1.252228,-0.8116512,-0.07317508,0.02319047,-0.06777316,-0.007173386,0.01728159,-0.01322455,3
2014-02-24 18:50:57.794,6057,605.7,43.64394,3.944242,32.35113,6.879867,336.2511,9,5,1393264246,-0.6647949,0.7388153,-0.2259064,-10.28628,-6.154334,-17.2757,252.3255,251.6145,25,-0.07622126,0.02538019,-0.01271127,1.618763,-1.253264,-0.8112456,-0.08207129,0.008677057,-0.03134672,-0.0146818,0.01675218,-0.01194817,3
2014-02-24 18:50:57.885,6058,605.8,43.64394,3.944242,32.35113,6.879867,336.2511,9,5,1393264246,-0.66185,0.7417755,-0.2239532,-10.341,-6.860874,-17.67392,250.5464,249.8354,25,-0.06031794,0.03125486,-0.002057825,1.616673,-1.254181,-0.8115543,-0.09207358,0.01555009,-0.01273986,-0.009616614,0.01542568,-0.01644771,3
2014-02-24 18:50:58.089,6059,605.9,43.64394,3.944242,32.35113,6.879867,336.2511,9,5,1393264246,-0.6518402,0.7406158,-0.2160034,-10.77874,-5.012989,-16.53615,253.9937,253.2827,25,-0.03825391,0.02131967,0.009981794,1.61297,-1.255615,-0.8128149,-0.06650714,0.03073603,0.0190317,-0.008257101,0.01555034,-0.01084915,3
2014-02-24 18:50:58.306,6060,606,43.64394,3.944242,32.35113,6.879867,336.2511,9,5,1393264246,-0.6506348,0.7335663,-0.2198639,-10.28628,-4.741241,-17.73081,255.8603,255.1493,25,-0.003828028,0.01142496,0.01510146,1.611017,-1.256403,-0.8144881,-0.02963189,0.006155735,0.02784003,0.0007640367,0.01324144,-0.003790854,3
2014-02-24 18:50:58.609,6061,606.1,43.64401,3.944203,31.89777,7.675063,335.6911,9,5,1393264247,-0.6506348,0.7335663,-0.2198639,-11.70896,-2.784658,-17.84459,260.459,259.748,25,-0.001222125,0.009038236,-0.002446646,1.610432,-1.256675,-0.8155555,-0.01707294,-0.0007887994,-0.002470089,0.0002048604,0.006512648,-0.003200829,3
2014-02-24 18:50:58.733,6062,606.2,43.64401,3.944203,31.89777,7.675063,335.6911,9,5,1393264247,-0.6548615,0.7406769,-0.2150879,-12.03728,-3.980349,-17.84459,258.2773,257.5663,25,0.01974814,0.02046906,-0.01056822,1.610497,-1.256439,-0.8155814,0.00389793,0.01064267,-0.01059112,0.001220385,0.003473669,-0.003983816,3
2014-02-24 18:50:58.821,6063,606.3,43.64401,3.944203,31.89777,7.675063,335.6911,9,5,1393264247,-0.6527863,0.7386017,-0.2169952,-12.63918,-3.491203,-18.01525,259.3438,258.6328,25,0.04177807,0.03207618,0.002434129,1.610897,-1.255856,-0.8156135,0.02592785,0.02224994,0.002411655,-0.003152131,0.01253063,-0.002772072,3
2014-02-24 18:50:58.943,6064,606.4,43.64401,3.944203,31.89777,7.675063,335.6911,9,5,1393264247,-0.6696625,0.7319641,-0.2239685,-13.35053,-3.328155,-17.04815,259.1262,258.4152,25,0.04806793,0.01161298,-0.01138288,1.611677,-1.254948,-0.8156428,0.03221788,0.001787257,-0.01140427,-0.001290301,0.01043534,-0.004094345,3
2014-02-24 18:50:59.057,6065,606.5,43.64401,3.944203,31.89777,7.675063,335.6911,9,5,1393264247,-0.6517792,0.7415161,-0.2277374,-13.67884,-3.762949,-16.02416,256.5262,255.8152,25,0.03196113,0.0421629,-0.002451173,1.612366,-1.253912,-0.8151053,0.016112,0.03233759,-0.002473325,-0.01801564,0.004166315,-0.01027066,3
2014-02-24 18:50:59.161,6066,606.6,43.64401,3.944203,31.89777,7.675063,335.6911,9,5,1393264247,-0.6525574,0.7325287,-0.2286377,-13.5694,-3.762952,-16.36549,256.0732,255.3622,25,0.03443228,0.03311534,-0.002339054,1.613347,-1.252488,-0.8149337,0.01858431,0.02329092,-0.002361225,-0.008176975,0.008953161,-0.02189247,3
2014-02-24 18:50:59.234,6067,606.7,43.64401,3.944203,31.89777,7.675063,335.6911,9,5,1393264247,-0.6525574,0.7325287,-0.2286377,-13.07693,-3.817299,-15.96727,255.8089,255.0979,25,0.01974787,0.07027975,-0.01809298,1.613968,-1.251617,-0.8144428,0.007942403,-0.004383276,-0.05146205,0.009034254,0.008923762,-0.01808506,3
2014-02-24 18:50:59.416,6068,606.8,43.64401,3.944203,31.89777,7.675063,335.6911,9,5,1393264247,-0.6524963,0.7315063,-0.2344971,-13.02221,-3.219453,-17.38948,258.6945,257.9835,25,0.002276736,0.1020832,0.007236874,1.614052,-1.250928,-0.8135689,0.003902572,0.06045764,-0.01811438,-0.02057105,0.00427471,-0.008967587,3
2014-02-24 18:50:59.557,6069,606.9,43.64408,3.944159,31.54836,8.058973,334.825,9,5,1393264248,-0.6499939,0.7504883,-0.2229004,-12.74862,-5.230387,-17.10504,252.42,251.709,25,-0.03818201,0.07445613,-0.006959106,1.6142,-1.249074,-0.8133327,-0.01356747,0.09226169,0.007214829,-0.01363823,0.001232661,-0.01736325,3
2014-02-24 18:50:59.665,6070,607,43.64408,3.944159,31.54836,8.058973,334.825,9,5,1393264248,-0.6567383,0.739624,-0.2267914,-14.39018,-5.230387,-17.56015,252.3881,251.6771,25,-0.008437959,0.08692984,-0.03495,1.613859,-1.247473,-0.8133036,-0.05402392,0.06463622,-0.006981528,-0.0009967251,0.004945306,-0.01619153,3
2014-02-24 18:50:59.737,6071,607.1,43.64408,3.944159,31.54836,8.058973,334.825,9,5,1393264248,-0.6596375,0.7327423,-0.2228699,-14.60905,-4.578192,-17.44637,253.7244,253.0134,25,0.008693357,0.07809906,-0.02179504,1.612933,-1.246684,-0.8135859,-0.0242799,0.07711075,-0.03497046,0.001138862,0.02373331,-0.004146332,3
2014-02-24 18:50:59.853,6072,607.2,43.64408,3.944159,31.54836,8.058973,334.825,9,5,1393264248,-0.6637421,0.7358704,-0.2180634,-13.84299,-4.795592,-17.33259,253.2162,252.5052,25,-0.001172856,0.07351709,-0.01832574,1.612579,-1.245461,-0.8134084,-0.007148662,0.06828039,-0.02181436,-0.005751349,0.01299095,-0.00719996,3
2014-02-24 18:50:59.979,6073,607.3,43.64408,3.944159,31.54836,8.058973,334.825,9,5,1393264248,-0.6637421,0.7358704,-0.2180634,-13.02221,-3.65425,-17.73081,256.2361,255.5251,25,-0.01218556,0.07789933,-0.02668621,1.611275,-1.243953,-0.8126627,-0.02802726,0.0680808,-0.02670574,-0.01052932,0.01060433,-0.008028266,3
2014-02-24 18:51:00.091,6074,607.4,43.64408,3.944159,31.54836,8.058973,334.825,9,5,1393264248,-0.66185,0.740799,-0.2210083,-12.58447,-3.980349,-16.59304,254.8291,254.1181,25,-0.01470065,0.07566946,-0.0196496,1.610207,-1.243488,-0.8123599,-0.03054273,0.06585053,-0.01966936,-0.01046983,0.01087356,-0.0008489922,3
2014-02-24 18:51:00.200,6075,607.5,43.64408,3.944159,31.54836,8.058973,334.825,9,5,1393264248,-0.6558228,0.7397003,-0.2160492,-13.89771,-4.306444,-16.13793,251.7272,251.0162,25,-0.04067606,0.02918745,0.004016313,1.608818,-1.243609,-0.8123569,-0.05142855,0.03848775,-0.01960263,-0.01054779,0.01488872,3.424077e-05,3
2014-02-24 18:51:00.299,6076,607.6,43.64408,3.944159,31.54836,8.058973,334.825,9,5,1393264248,-0.6548615,0.7426453,-0.219986,-14.33546,-4.306444,-15.91038,250.6641,249.9531,25,-0.04067606,0.02918745,0.004016313,1.607089,-1.244423,-0.8127961,-0.05651917,0.01936795,0.00399719,-0.004642839,0.01348812,0.00436079,3
2014-02-24 18:51:00.518,6077,607.7,43.64408,3.944159,31.54836,8.058973,334.825,9,5,1393264248,-0.6548615,0.7426453,-0.219986,-14.49962,-4.578192,-18.47036,253.8898,253.1788,25,0.02813284,0.02075854,0.01766368,1.605324,-1.246119,-0.8137502,-0.04684229,-0.01096132,0.02902229,-0.006101762,0.01594528,0.01664534,3
2014-02-24 18:51:00.683,6078,607.8,43.64415,3.944113,33.14109,8.500196,333.9533,9,5,1393264249,-0.6543884,0.7245941,-0.229599,-13.40525,-3.056407,-18.12903,257.7319,257.0209,25,0.04576909,-0.005545234,-0.02883431,1.605696,-1.245456,-0.8144103,0.024654,0.01436798,0.009519421,-0.008487198,0.01138751,-0.001600712,3
2014-02-24 18:51:00.883,6079,607.9,43.64415,3.944113,33.14109,8.500196,333.9533,9,5,1393264249,-0.6564331,0.7285919,-0.2345123,-14.4449,-3.65425,-15.7966,254.1113,253.4003,25,0.0260332,0.01246279,-0.02568033,1.607422,-1.243975,-0.8133048,0.01506473,-0.01425305,-0.01727478,-0.004725426,0.002991336,-0.01685906,3
2014-02-24 18:51:00.987,6080,608,43.64415,3.944113,33.14109,8.500196,333.9533,9,5,1393264249,-0.6575623,0.7316589,-0.2306519,-14.82794,-4.68689,-16.42238,251.3506,250.6396,25,0.03095632,0.0113677,-0.02562227,1.607713,-1.243759,-0.8126966,0.01019116,0.002644272,-0.02569894,-0.01338796,0.003592503,-0.01862112,3
2014-02-24 18:51:01.211,6081,608.1,43.64415,3.944113,33.14109,8.500196,333.9533,9,5,1393264249,-0.6565857,0.7297058,-0.2189178,-14.00715,-3.762952,-18.2997,256.3868,255.6758,25,0.01646286,0.01438347,-0.05981087,1.608291,-1.242803,-0.8103291,0.0006233575,0.004566662,-0.05983022,-0.003016862,0.004138873,-0.0007524836,3
2014-02-24 18:51:01.480,6082,608.2,43.64415,3.944113,33.14109,8.500196,333.9533,9,5,1393264249,-0.6605988,0.7297668,-0.2238464,-13.51468,-4.686896,-17.44637,252.8305,252.1195,25,0.04111069,0.01340449,-0.06425702,1.607734,-1.243268,-0.8084245,0.02526999,0.003587094,-0.06427532,-0.003805513,0.01154122,0.005155275,3
2014-02-24 18:51:01.580,6083,608.3,43.64415,3.944113,33.14109,8.500196,333.9533,9,5,1393264249,-0.661499,0.7297211,-0.2345886,-13.24109,-4.958641,-17.73081,251.836,251.125,25,0.04232588,0.01003239,-0.0618663,1.607783,-1.243137,-0.8071371,0.02648519,0.0002149862,-0.06188462,-0.00582221,0.007456616,-0.001280472,3
2014-02-24 18:51:01.678,6084,608.4,43.64415,3.944113,33.14109,8.500196,333.9533,9,5,1393264249,-0.6664429,0.723877,-0.2267914,-13.62412,-4.252096,-18.01525,253.9523,253.2413,25,0.02389628,0.003070625,-0.06432147,1.607915,-1.242938,-0.8059407,0.008056408,-0.006746147,-0.06433985,-0.00594918,0.008238704,-0.01161419,3
2014-02-24 18:51:01.788,6085,608.5,43.64422,3.944067,34.33685,8.771991,334.5023,9,5,1393264250,-0.665329,0.7208405,-0.2316284,-14.39018,-4.68689,-16.99126,251.3936,250.6826,25,0.0224896,0.007761517,-0.04326518,1.607735,-1.243061,-0.804727,0.006650465,-0.002054906,-0.04328419,-0.01003707,0.003235583,-0.003615564,3
2014-02-24 18:51:01.871,6086,608.6,43.64422,3.944067,34.33685,8.771991,334.5023,9,5,1393264250,-0.6604767,0.7277069,-0.232605,-14.11658,-4.089047,-17.61703,252.7584,252.0474,25,0.02102353,0.02269865,-0.01644342,1.607906,-1.242737,-0.8039964,0.005185737,0.01288293,-0.01646347,-0.008497238,0.0007057305,-0.008070722,3
2014-02-24 18:51:01.970,6087,608.7,43.64422,3.944067,34.33685,8.771991,334.5023,9,5,1393264250,-0.6606598,0.731781,-0.220932,-13.78827,-3.545548,-17.61703,254.7005,253.9895,25,-0.00117472,0.008991631,-0.008311193,1.608071,-1.242458,-0.8034394,-0.002226806,-0.00186071,-0.01052541,-0.007203515,0.003045511,-0.01068752,3
2014-02-24 18:51:02.084,6088,608.8,43.64422,3.944067,34.33685,8.771991,334.5023,9,5,1393264250,-0.6555634,0.7296753,-0.2218475,-13.45996,-4.523841,-17.38948,251.3362,250.6252,25,0.02345206,0.0012405,-0.009171926,1.607763,-1.24266,-0.8032821,-0.01701146,-0.0008231975,-0.008331154,-0.002137864,0.005107802,-0.001964191,3
2014-02-24 18:51:02.184,6089,608.9,43.64422,3.944067,34.33685,8.771991,334.5023,9,5,1393264250,-0.6617126,0.7338409,-0.2170715,-13.73356,-4.360795,-17.10503,251.4093,250.6983,25,0.03825578,0.009241968,-0.01497336,1.607336,-1.243285,-0.8032744,0.007614637,-0.008574566,-0.009190997,-0.001138336,0.01010281,0.002463713,3
2014-02-24 18:51:02.284,6090,609,43.64422,3.944067,34.33685,8.771991,334.5023,9,5,1393264250,-0.6635742,0.7308044,-0.2277832,-13.40524,-3.056407,-16.53615,255.7103,254.9993,25,0.06040529,0.02412877,-0.01725222,1.607712,-1.243073,-0.8031273,0.02241808,-0.0005730939,-0.01499181,0.001935754,0.01014392,0.001691114,3
2014-02-24 18:51:02.533,6091,609.1,43.64422,3.944067,34.33685,8.771991,334.5023,9,5,1393264250,-0.6696014,0.7309265,-0.2278595,-13.78827,-4.415146,-16.82059,254.4233,253.7123,25,0.05681268,0.02060727,-0.02898345,1.60834,-1.242598,-0.8028919,0.0445668,0.01431339,-0.01726976,-0.004159536,0.01447304,0.006834093,3
2014-02-24 18:51:02.647,6092,609.2,43.64422,3.944067,34.33685,8.771991,334.5023,9,5,1393264250,-0.6656342,0.7338409,-0.2288055,-14.82793,-3.599902,-17.67393,257.2248,256.5138,25,0.05934109,0.01150406,-0.03590873,1.609107,-1.241729,-0.8022706,0.04097385,0.01079174,-0.02900059,-0.005793036,0.01186826,-0.003162028,3
2014-02-24 18:51:02.751,6093,609.3,43.64422,3.944067,34.33685,8.771991,334.5023,9,5,1393264250,-0.6666412,0.7318878,-0.2258911,-14.88265,-4.197746,-17.16193,255.209,254.498,25,0.05434313,0.003616306,-0.02532187,1.609816,-1.241108,-0.8015271,0.04350213,0.001688487,-0.03592567,-0.003351941,0.008372151,0.0003948972,3
2014-02-24 18:51:02.859,6094,609.4,43.64429,3.94402,34.60798,8.718479,334.981,9,5,1393264251,-0.6666412,0.7318878,-0.2258911,-13.84299,-4.795592,-16.99126,252.7915,252.0805,25,0.04947514,-0.01005903,-0.02992754,1.611248,-1.240499,-0.8004901,0.03363572,-0.01987471,-0.02994363,-0.01091779,0.0152127,-0.003982768,3
2014-02-24 18:51:02.935,6095,609.5,43.64429,3.94402,34.60798,8.718479,334.981,9,5,1393264251,-0.6655731,0.7298584,-0.2268219,-13.13165,-4.306447,-17.16193,255.3759,254.6649,25,0.04319008,-0.009977001,-0.01356508,1.611619,-1.240772,-0.8000912,0.02734991,-0.01979321,-0.01358087,-0.008510239,0.009539581,0.005741641,3
2014-02-24 18:51:03.037,6096,609.6,43.64429,3.94402,34.60798,8.718479,334.981,9,5,1393264251,-0.6704865,0.723999,-0.2239227,-13.29581,-4.360795,-17.21881,255.1625,254.4515,25,0.04563273,-0.01899659,-0.00993439,1.612242,-1.240803,-0.7997522,0.02979242,-0.02881282,-0.009949888,-0.006289363,0.01267497,-0.001005906,3
2014-02-24 18:51:03.151,6097,609.7,43.64429,3.94402,34.60798,8.718479,334.981,9,5,1393264251,-0.6715546,0.7270203,-0.2239532,-13.07693,-4.904291,-16.42237,253.5573,252.8463,25,0.04303615,-0.01661892,0.006440589,1.612753,-1.24114,-0.7996615,0.02719526,-0.02643568,0.006425005,-0.01106525,0.00687879,0.001692547,3
2014-02-24 18:51:03.252,6098,609.8,43.64429,3.94402,34.60798,8.718479,334.981,9,5,1393264251,-0.6675262,0.7259369,-0.2229309,-15.48456,-5.012992,-16.42238,252.8994,252.1884,25,0.05166666,-0.01543728,0.004165983,1.613424,-1.241262,-0.7995583,0.03582534,-0.02525434,0.004150551,-0.009106057,0.01291693,0.003558485,3
2014-02-24 18:51:03.368,6099,609.9,43.64429,3.94402,34.60798,8.718479,334.981,9,5,1393264251,-0.663559,0.7288513,-0.2219238,-14.28074,-4.360792,-17.56015,256.42,255.709,25,0.04564472,-0.02127253,-0.01108514,1.613912,-1.241569,-0.7992768,0.02980291,-0.03109007,-0.01110073,-0.00876944,0.01010721,0.001513606,3
2014-02-24 18:51:03.512,6100,610,43.64429,3.94402,34.60798,8.718479,334.981,9,5,1393264251,-0.661377,0.7208252,-0.2218475,-14.60905,-4.904291,-17.21882,254.5135,253.8025,25,0.05055186,-0.01669136,-0.009909622,1.614425,-1.241874,-0.799015,0.03470952,-0.02650926,-0.009924896,-0.0034726,0.009191131,0.001434387,3
2014-02-24 18:51:03.692,6101,610.1,43.64429,3.94402,34.60798,8.718479,334.981,9,5,1393264251,-0.6676025,0.7279663,-0.2180634,-13.62412,-5.665186,-15.62594,250.2918,249.5808,25,0.05199636,0.003485545,-0.03942038,1.616158,-1.241786,-0.7983622,0.03967996,-0.02878984,-0.01575364,-0.0009287465,0.004611148,0.003642167,3
2014-02-24 18:51:03.784,6102,610.2,43.64429,3.94402,34.60798,8.718479,334.981,9,5,1393264251,-0.6657257,0.7368317,-0.2278595,-12.74862,-4.686893,-17.10504,254.9504,254.2394,25,0.07434507,0.002329467,-0.06382985,1.6164,-1.242154,-0.7977872,0.03615171,-0.006338393,-0.03946818,-0.006681815,0.01215367,0.007316473,3
2014-02-24 18:51:03.885,6103,610.3,43.64436,3.94397,34.09794,8.947974,335.0107,9,5,1393264252,-0.6686096,0.7338562,-0.235672,-12.63918,-4.360795,-16.76371,256.1444,255.4334,25,0.07560848,-0.01014611,-0.06604213,1.617052,-1.241802,-0.7969192,0.0584996,-0.007494665,-0.06387594,-0.004296557,0.02162536,-0.002046689,3
2014-02-24 18:51:03.983,6104,610.4,43.64436,3.94397,34.09794,8.947974,335.0107,9,5,1393264252,-0.6744843,0.7250519,-0.2288361,-13.24109,-4.849939,-16.13794,254.1563,253.4453,25,0.05085732,-0.01812201,-0.04743223,1.618081,-1.24132,-0.795642,0.05976285,-0.01997015,-0.06608744,-0.003480699,0.02051977,-0.002378234,3
2014-02-24 18:51:04.084,6105,610.5,43.64436,3.94397,34.09794,8.947974,335.0107,9,5,1393264252,-0.6735535,0.727066,-0.2239685,-13.35053,-4.197749,-16.82059,256.2919,255.5809,25,0.03601446,-0.02495329,-0.03695029,1.61915,-1.240896,-0.7946172,0.03501222,-0.0279454,-0.04747671,-0.006622958,0.01130384,-0.007689379,3
2014-02-24 18:51:04.189,6106,610.6,43.64436,3.94397,34.09794,8.947974,335.0107,9,5,1393264252,-0.6705933,0.7289886,-0.2229767,-13.24108,-4.197746,-16.13794,254.4192,253.7082,25,0.03089427,-0.008948754,-0.01486656,1.619245,-1.241422,-0.793986,0.02016919,-0.03477679,-0.03699464,-0.009190436,0.01385183,-0.002078834,3
2014-02-24 18:51:04.486,6107,610.7,43.64436,3.94397,34.09794,8.947974,335.0107,9,5,1393264252,-0.6684875,0.7249451,-0.2248688,-14.06187,-4.034699,-15.17083,253.4748,252.7638,25,0.03935886,-0.004209126,0.002764894,1.619335,-1.24262,-0.7935928,0.02479085,0.0006434013,-0.005619643,-0.008821631,0.01820168,0.007913016,3
2014-02-24 18:51:04.595,6108,610.8,43.64444,3.943915,34.15002,9.219824,335.6972,9,5,1393264253,-0.6693115,0.7199097,-0.2326508,-13.45996,-3.871651,-17.95836,256.6996,255.9886,25,0.03073634,-0.01219062,0.005106079,1.619642,-1.242639,-0.7939565,0.02350958,-0.01403493,0.002724129,-0.008971263,0.01491013,0.00197259,3
2014-02-24 18:51:04.672,6109,610.9,43.64444,3.943915,34.15002,9.219824,335.6972,9,5,1393264253,-0.6692963,0.7169647,-0.2267609,-13.24109,-3.980349,-16.47927,255.358,254.647,25,0.02701404,-0.009924537,0.008567655,1.619983,-1.242797,-0.7941563,0.01488671,-0.02201662,0.005065641,-0.007025773,0.01373249,0.001852306,3
2014-02-24 18:51:04.797,6110,611,43.64444,3.943915,34.15002,9.219824,335.6972,9,5,1393264253,-0.6733246,0.7170715,-0.2258453,-13.24109,-4.415143,-16.47927,253.1234,252.4124,25,0.0259549,-0.002177667,-0.01380689,1.620678,-1.243384,-0.7938656,0.0101053,-0.01200375,-0.01384758,-0.00753627,0.00597116,0.002551709,3
2014-02-24 18:51:04.877,6111,611.1,43.64444,3.943915,34.15002,9.219824,335.6972,9,5,1393264253,-0.6753235,0.7151337,-0.2239075,-12.96749,-4.143397,-16.53615,253.9317,253.2207,25,0.04212375,0.01249395,-0.03725683,1.621041,-1.243296,-0.7931764,0.02627412,0.002667755,-0.03729783,-0.009028913,0.004486146,-0.0001612064,3
2014-02-24 18:51:04.979,6112,611.2,43.64444,3.943915,34.15002,9.219824,335.6972,9,5,1393264253,-0.6774445,0.7211609,-0.2229919,-13.29581,-3.708601,-16.64993,255.625,254.914,25,0.04957767,0.007953264,-0.04535284,1.621223,-1.243404,-0.7921939,0.03372763,-0.001873556,-0.04539486,-0.01034078,0.003237966,0.001929897,3
2014-02-24 18:51:05.097,6113,611.3,43.64444,3.943915,34.15002,9.219824,335.6972,9,5,1393264253,-0.6679077,0.6970367,-0.2197876,-12.63918,-3.708601,-16.64993,256.5959,255.8848,25,0.05081631,0.001163002,-0.04527454,1.621254,-1.243706,-0.7912595,0.03496813,-0.008669771,-0.04534444,-0.01176387,0.00992169,0.002857927,3
2014-02-24 18:51:05.191,6114,611.4,43.64444,3.943915,34.15002,9.219824,335.6972,9,5,1393264253,-0.6816254,0.7272797,-0.2201691,-12.20143,-4.143397,-16.87749,256.542,255.831,25,0.03344131,-0.01807035,-0.02413783,1.621416,-1.244163,-0.7902892,0.01759248,-0.02790376,-0.02420805,-0.01097693,0.0066826,0.009641587,3
2014-02-24 18:51:05.269,6115,611.5,43.64444,3.943915,34.15002,9.219824,335.6972,9,5,1393264253,-0.6816254,0.7272797,-0.2201691,-12.52974,-4.034699,-16.42237,256.4837,255.7727,25,0.01369797,-0.03514893,-0.01477602,1.621198,-1.245528,-0.7902987,-0.01083976,-0.06988101,-0.001783478,-0.01070645,0.01059741,0.0008869327,3
2014-02-24 18:51:05.499,6116,611.6,43.64444,3.943915,34.15002,9.219824,335.6972,9,5,1393264253,-0.6754608,0.7191772,-0.2171173,-12.74862,-3.273804,-17.10504,257.0325,256.3215,25,0.01369797,-0.03514893,-0.01477602,1.6205,-1.247439,-0.7903407,-0.002152387,-0.04498385,-0.0148469,-0.01456334,0.01868557,0.006316511,3
2014-02-24 18:51:05.676,6117,611.7,43.64444,3.943915,34.15002,9.219824,335.6972,9,5,1393264253,-0.6754608,0.7191772,-0.2171173,-12.14671,-3.436856,-16.70682,256.6744,255.9634,25,0.03326794,-0.007712515,-0.004297809,1.620475,-1.248074,-0.790118,0.01372706,-0.01871006,-0.004393064,-0.01411877,0.01284557,0.004050648,3
2014-02-24 18:51:05.768,6118,611.8,43.64452,3.943863,34.89501,9.448458,336.1703,9,5,1393264254,-0.6773682,0.7200928,-0.2317657,-12.42031,-4.034699,-16.42238,254.4235,253.7125,25,0.03810877,-0.02797198,0.008850217,1.620519,-1.248589,-0.7900506,0.01741644,-0.01754848,-0.004368838,-0.007870421,0.008788384,0.005751999,3
2014-02-24 18:51:05.872,6119,611.9,43.64452,3.943863,34.89501,9.448458,336.1703,9,5,1393264254,-0.6792145,0.7111816,-0.227829,-13.35053,-3.65425,-16.70682,256.1194,255.4084,25,0.02437032,-0.02448217,0.03331934,1.621208,-1.248613,-0.7899367,0.0222579,-0.03780741,0.008779187,-0.009695577,0.009784075,-0.008887148,3
2014-02-24 18:51:05.995,6120,612,43.64452,3.943863,34.89501,9.448458,336.1703,9,5,1393264254,-0.676239,0.7141113,-0.2287903,-13.18637,-1.969412,-17.21881,262.9686,262.2576,25,0.05416151,0.01284975,-0.004297809,1.622123,-1.249167,-0.7901492,0.01127787,-0.02440102,-0.004352866,-0.0118059,0.0117097,-0.005459541,3
2014-02-24 18:51:06.093,6121,612.1,43.64452,3.943863,34.89501,9.448458,336.1703,9,5,1393264254,-0.6781921,0.7121429,-0.23172,-13.73356,-2.621607,-17.21882,261.6824,260.9714,25,0.05170314,0.01056396,-0.004299141,1.622731,-1.248949,-0.78977,0.03831625,0.003008964,-0.004361003,-0.01144619,0.005003347,-0.004176259,3
2014-02-24 18:51:06.187,6122,612.2,43.64452,3.943863,34.89501,9.448458,336.1703,9,5,1393264254,-0.6782074,0.7111664,-0.2278137,-13.62412,-3.491198,-15.85349,256.5236,255.8126,25,0.05293752,0.007173757,-0.004254133,1.623749,-1.248098,-0.7892873,0.03585853,0.0007235103,-0.004363187,-0.01219593,0.001345463,-0.006428897,3
2014-02-24 18:51:06.288,6123,612.3,43.64452,3.943863,34.89501,9.448458,336.1703,9,5,1393264254,-0.679306,0.7151947,-0.2278595,-13.35052,-4.523838,-15.45527,252.4563,251.7453,25,0.04795474,0.002667156,0.003953462,1.62482,-1.247322,-0.788871,0.03709335,-0.002666422,-0.004318606,-0.01009051,0.002584791,-0.007739075,3
2014-02-24 18:51:06.515,6124,612.4,43.64452,3.943863,34.89501,9.448458,336.1703,9,5,1393264254,-0.6723175,0.717041,-0.2267914,-12.52974,-3.599902,-17.44636,257.4103,256.6993,25,0.05788035,0.02190796,-0.00904303,1.626549,-1.246221,-0.7883245,0.03327965,0.005349428,0.009642189,-0.01108401,0.006021704,-0.003019591,3
2014-02-24 18:51:06.633,6125,612.5,43.64452,3.943863,34.89501,9.448458,336.1703,9,5,1393264254,-0.6723175,0.717041,-0.2267914,-13.24109,-3.219453,-18.52725,260.3737,259.6627,25,0.07020599,0.01179434,-0.009998838,1.628483,-1.244566,-0.7878427,0.05436212,0.001954069,-0.01006438,-0.004221191,0.01023724,0.003139348,3
2014-02-24 18:51:06.781,6126,612.6,43.64459,3.943817,35.06156,9.299129,337.1318,9,5,1393264255,-0.6803436,0.7191772,-0.2337494,-13.35053,-3.762945,-17.73081,258.1269,257.4159,25,0.09005053,0.02311357,-0.03103461,1.631498,-1.242427,-0.786628,0.07419869,0.01327436,-0.03106938,-0.007782846,0.00715778,-6.749425e-05,3
2014-02-24 18:51:06.991,6127,612.7,43.64459,3.943817,35.06156,9.299129,337.1318,9,5,1393264255,-0.6812134,0.7141571,-0.2386017,-14.17131,-3.056407,-18.24281,260.5507,259.8397,25,0.08868353,0.009652628,-0.01214668,1.634955,-1.24005,-0.7849606,0.07283166,-0.0001867347,-0.0121818,-0.01116252,0.007390307,-0.002032988,3
2014-02-24 18:51:07.115,6128,612.8,43.64459,3.943817,35.06156,9.299129,337.1318,9,5,1393264255,-0.680069,0.7081604,-0.2375793,-14.71849,-3.817299,-17.21882,257.2906,256.5797,25,0.07395519,0.002710033,-0.01574008,1.63645,-1.23902,-0.7842529,0.0581038,-0.007129004,-0.01577557,-0.01190324,0.007860577,-0.008017311,3
2014-02-24 18:51:07.310,6129,612.9,43.64459,3.943817,35.06156,9.299129,337.1318,9,5,1393264255,-0.6802521,0.716156,-0.2366638,-15.26568,-2.295511,-18.92547,261.3592,260.6482,25,0.02813789,-0.01660374,0.02272076,1.638343,-1.238337,-0.784084,0.01228778,-0.0264419,0.02268435,-0.01298569,0.01196278,-0.01243451,3
2014-02-24 18:51:07.543,6130,613,43.64459,3.943817,35.06156,9.299129,337.1318,9,5,1393264255,-0.6802521,0.716156,-0.2366638,-15.37512,-2.730309,-18.69792,260.784,260.073,25,0.04789722,0.0197042,0.008479238,1.638903,-1.238125,-0.784125,0.02463016,-0.001478056,0.01434726,-0.01106318,0.008973491,-0.002506027,3
2014-02-24 18:51:07.622,6131,613.1,43.64459,3.943817,35.06156,9.299129,337.1318,9,5,1393264255,-0.6752472,0.7179871,-0.2424622,-14.66378,-2.893357,-18.75481,259.6462,258.9352,25,0.04789722,0.0197042,0.008479238,1.639884,-1.237259,-0.7841209,0.03201802,0.009880369,0.008501617,-0.01126089,0.009952984,-0.004870627,3
2014-02-24 18:51:07.735,6132,613.2,43.64459,3.943817,35.06156,9.299129,337.1318,9,5,1393264255,-0.6752472,0.7179871,-0.2424622,-14.71849,-2.730306,-18.69792,259.8298,259.1188,25,0.03447276,0.02288747,-0.005758021,1.640873,-1.236266,-0.7838634,0.03457173,0.01207368,-0.003226479,-0.006269102,0.008014334,-0.004070147,3
2014-02-24 18:51:07.822,6133,613.3,43.64459,3.943817,35.06156,9.299129,337.1318,9,5,1393264255,-0.6811676,0.7111664,-0.236618,-15.59399,-2.730309,-18.12903,259.1838,258.4728,25,0.04065795,0.01044998,-0.007923704,1.641607,-1.235446,-0.7837619,0.01859462,0.01306464,-0.005735525,-0.006437962,0.01203825,-0.009373142,3
2014-02-24 18:51:07.985,6134,613.4,43.64466,3.943778,33.51932,8.319514,337.8929,9,5,1393264256,-0.6752625,0.7170258,-0.2375793,-15.75815,-2.784658,-18.2997,258.9315,258.2206,25,0.03943875,0.01722186,-0.01034745,1.642251,-1.234962,-0.7833633,0.0247801,0.0006272454,-0.007901673,-0.01220591,0.005499879,-0.003112064,3
2014-02-24 18:51:08.080,6135,613.5,43.64466,3.943778,33.51932,8.319514,337.8929,9,5,1393264256,-0.664032,0.7078094,-0.2354279,-17.72802,-3.002055,-18.41347,258.0872,257.3763,25,0.05041364,0.02080089,0.00145382,1.642649,-1.234635,-0.7830306,0.02356098,0.007399144,-0.01032558,-0.009054532,0.006681713,-0.002801132,3
2014-02-24 18:51:08.165,6136,613.6,43.64466,3.943778,33.51932,8.319514,337.8929,9,5,1393264256,-0.6771545,0.7130585,-0.239502,-15.81287,-2.404213,-18.92547,261.0527,260.3417,25,0.04311365,-0.01782667,-0.002931341,1.643219,-1.234182,-0.7829398,0.03453553,0.01097798,0.00147616,-0.005209187,0.009706324,0.004374782,3
2014-02-24 18:51:08.299,6137,613.7,43.64466,3.943778,33.51932,8.319514,337.8929,9,5,1393264256,-0.6773376,0.7200623,-0.235672,-16.30534,-1.806369,-18.52725,262.3613,261.6503,25,0.03695189,-0.01786502,-0.001817341,1.644012,-1.23371,-0.7828212,0.02723595,-0.02764909,-0.002908576,-0.004004761,0.004678717,-0.006924485,3
2014-02-24 18:51:08.530,6138,613.8,43.64466,3.943778,33.51932,8.319514,337.8929,9,5,1393264256,-0.6821136,0.7111511,-0.2415009,-15.3204,-3.002055,-18.64103,256.2369,255.5259,25,0.04813237,-0.003166499,-0.01710362,1.644546,-1.233897,-0.7826393,0.02107446,-0.02768719,-0.001794539,-0.009027896,0.01092643,-0.005160825,3
2014-02-24 18:51:08.620,6139,613.9,43.64466,3.943778,33.51932,8.319514,337.8929,9,5,1393264256,-0.6771393,0.7140198,-0.2434235,-14.33546,-2.784656,-18.86858,257.9916,257.2806,25,0.04929458,-0.001958755,-0.008892295,1.645085,-1.233931,-0.7823786,0.03220502,-0.01296005,-0.01700023,-0.007961487,0.01509382,-0.001247038,3
2014-02-24 18:51:08.721,6140,614,43.64466,3.943778,33.51932,8.319514,337.8929,9,5,1393264256,-0.677063,0.7090607,-0.2394714,-15.59399,-2.621607,-18.12903,257.8165,257.1055,25,0.04792625,0.002695119,0.007472297,1.645923,-1.233513,-0.7819201,0.03336769,-0.01175204,-0.008789395,-0.01253048,0.006508001,-0.006689317,3
2014-02-24 18:51:08.822,6141,614.1,43.64473,3.943743,34.18327,7.654331,338.8355,9,5,1393264257,-0.6773224,0.720047,-0.2376251,-16.30533,-2.24116,-18.52725,259.356,258.645,25,0.03201386,0.004753742,-0.003258644,1.64677,-1.23307,-0.7817165,0.03199955,-0.007098017,0.007575163,-0.01161419,0.01162678,-0.006375963,3
2014-02-24 18:51:08.942,6142,614.2,43.64473,3.943743,34.18327,7.654331,338.8355,9,5,1393264257,-0.6773224,0.720047,-0.2376251,-14.66377,-2.893354,-19.32369,259.1393,258.4283,25,0.02225604,0.004593687,-0.01390862,1.647773,-1.232415,-0.781404,0.006330347,-0.005198562,-0.01380582,-0.008478589,0.009773417,-0.00777125,3
2014-02-24 18:51:09.032,6143,614.3,43.64473,3.943743,34.18327,7.654331,338.8355,9,5,1393264257,-0.6770325,0.710022,-0.2453461,-13.73356,-2.730309,-18.12903,259.1914,258.4804,25,0.04443378,0.01945253,-0.01970579,1.647773,-1.232415,-0.781404,0.006330347,-0.005198562,-0.01380582,-0.008478589,0.009773417,-0.00777125,3
2014-02-24 18:51:09.191,6144,614.4,43.64473,3.943743,34.18327,7.654331,338.8355,9,5,1393264257,-0.6773071,0.7210236,-0.2424927,-14.17131,-2.839009,-17.10504,259.1477,258.4367,25,0.006154032,-0.01014318,0.001330782,1.649067,-1.231476,-0.7806116,-0.009770799,-0.0199343,0.001434764,-0.007060107,0.006307852,-0.008864637,3
2014-02-24 18:51:09.267,6145,614.5,43.64473,3.943743,34.18327,7.654331,338.8355,9,5,1393264257,-0.6773529,0.7220306,-0.2405701,-13.84299,-2.62161,-17.44637,259.8717,259.1607,25,0.007441671,-0.002265551,-0.006945258,1.648893,-1.231749,-0.7807153,-0.008544932,-0.01201183,-0.006753073,-0.007339148,0.01723578,-0.006218133,3
2014-02-24 18:51:09.486,6146,614.6,43.64473,3.943743,34.18327,7.654331,338.8355,9,5,1393264257,-0.6833344,0.7201691,-0.2406311,-11.2165,-0.8824215,-16.42238,262.7435,262.0325,25,0.02216656,0.008077101,-0.003385677,1.648786,-1.231946,-0.7808452,0.006179787,-0.001669072,-0.003192649,-0.007424643,0.01815063,-0.004457687,3
2014-02-24 18:51:09.585,6147,614.7,43.64473,3.943743,34.18327,7.654331,338.8355,9,5,1393264257,-0.6802368,0.7151642,-0.2366486,-8.80887,-2.078115,-15.85349,262.641,261.93,25,0.02212501,0.01943841,2.263687e-05,1.648999,-1.231647,-0.7808757,0.006138255,0.009692213,0.0002155711,-0.01546527,0.01432951,-0.004325818,3
2014-02-24 18:51:09.777,6148,614.8,43.64473,3.943743,34.18327,7.654331,338.8355,9,5,1393264257,-0.6801758,0.71315,-0.2376099,-7.823933,-1.317215,-14.03306,262.3016,261.5906,25,0.01828793,0.01389131,0.01880937,1.648732,-1.231801,-0.781634,-0.0002387242,0.006466371,0.02834014,-0.01188891,0.0107546,0.001329189,3
2014-02-24 18:51:09.881,6149,614.9,43.64473,3.943743,34.18327,7.654331,338.8355,9,5,1393264257,-0.6780243,0.7090454,-0.2453461,-6.893719,-1.588966,-12.61085,262.107,261.396,25,0.01828793,0.01389131,0.01880937,1.648965,-1.231451,-0.7820498,0.002300557,0.004144531,0.01900242,-0.0111645,0.008414838,-0.001448427,3
2014-02-24 18:51:09.951,6150,615,43.6448,3.943712,40.17371,6.778525,339.6895,9,10,1393264258,-0.6780243,0.7090454,-0.2453461,-6.127655,-2.132462,-12.95218,261.9595,261.2485,25,0.01961897,0.01719869,0.005885586,1.649451,-1.23101,-0.7822613,-0.002584168,-0.01064417,0.01675332,-0.008250642,0.004129708,-0.008924061,3
2014-02-24 18:51:10.055,6151,615.1,43.6448,3.943712,40.17371,6.778525,339.6895,9,10,1393264258,-0.6771851,0.7140656,-0.2375793,-4.267221,-1.48027,-12.04196,261.2459,260.5349,25,0.01217704,0.01946398,0.01283084,1.650004,-1.230094,-0.7822404,-0.007482773,0.01304329,-0.001015379,-0.006546163,0.006128145,-0.003439396,3
2014-02-24 18:51:10.186,6152,615.2,43.6448,3.943712,40.17371,6.778525,339.6895,9,10,1393264258,-0.6771851,0.7140656,-0.2385559,-4.103065,-1.64332,-11.8713,261.0605,260.3495,25,0.0160522,0.00799188,-0.008135957,1.649918,-1.229985,-0.7822685,-0.003901464,0.009783356,0.01312762,-0.01159555,0.007222128,-0.004410688,3
2014-02-24 18:51:10.540,6153,615.3,43.6448,3.943712,40.17371,6.778525,339.6895,9,10,1393264258,-0.6752472,0.7160339,-0.2356262,-0.9293747,-2.404213,-9.709534,259.3371,258.6261,25,0.01234428,0.02269679,-0.008314922,1.649839,-1.229948,-0.7822011,-2.637649e-05,-0.0016888,-0.007839072,-0.007638039,0.0101996,-0.003378321,3
2014-02-24 18:51:10.665,6154,615.4,43.6448,3.943712,40.17371,6.778525,339.6895,9,10,1393264258,-0.6712036,0.7159271,-0.2375336,0.0008430481,-2.675957,-9.993973,258.8727,258.1617,26,0.01849059,0.01935373,-0.007050186,1.649698,-1.229927,-0.7822229,-0.003734347,0.01301611,-0.008017831,-0.00770327,0.01218304,-0.003384696,3
2014-02-24 18:51:10.761,6155,615.5,43.6448,3.943712,40.17371,6.778525,339.6895,9,10,1393264258,-0.6762695,0.7180481,-0.2376099,0.7121849,-3.599902,-9.026867,258.9287,258.2177,26,0.02344194,0.01823094,-0.01051096,1.649633,-1.229749,-0.7822295,0.002411719,0.009672872,-0.006752896,-0.006758134,0.01117126,0.001630982,3
2014-02-24 18:51:10.860,6156,615.6,43.6448,3.943712,40.17371,6.778525,339.6895,9,10,1393264258,-0.6762085,0.7170105,-0.2434387,1.314091,-4.306447,-7.71843,259.066,258.355,26,0.02962207,0.03523202,-0.0164831,1.649695,-1.229451,-0.7822687,0.00736278,0.008550057,-0.01021291,-0.002811241,0.01103666,-8.657813e-05,3
2014-02-24 18:51:10.930,6157,615.7,43.6448,3.943712,40.17371,6.778525,339.6895,9,10,1393264258,-0.6841736,0.7161255,-0.2493896,0.6027489,-3.926001,-7.092655,259.1954,258.4844,26,0.02354953,0.02378602,-0.02464143,1.649719,-1.229147,-0.7820124,0.01354261,0.02555093,-0.0161848,-0.007779346,0.01333946,0.0001013412,3
2014-02-24 18:51:11.081,6158,615.8,43.6448,3.943712,40.17371,6.778525,339.6895,9,10,1393264258,-0.6831665,0.7141571,-0.2444763,0.7121849,-3.491198,-8.344208,264.309,263.598,26,-0.008625979,0.01126597,-0.0001930792,1.649801,-1.228697,-0.7816381,0.007470318,0.01410522,-0.0243429,-0.005516754,0.01050756,-0.007246166,3
2014-02-24 18:51:11.192,6159,615.9,43.64485,3.943705,40.40494,6.135739,355.694,9,5,1393264259,-0.6831665,0.7141571,-0.2444763,-0.6010666,-3.708601,-8.002876,265.4823,264.7713,26,-0.01102549,-0.009190302,-0.004709002,1.64902,-1.22921,-0.7814351,-0.0272319,-0.01879648,-0.004302053,-0.01226392,0.009781865,-0.009570363,3
2014-02-24 18:51:11.280,6160,616,43.64485,3.943705,40.40494,6.135739,355.694,9,5,1393264259,-0.6880646,0.709259,-0.2464447,-0.4916286,-2.839004,-8.116653,265.8546,265.1436,26,-0.009975403,-0.001080178,0.01633769,1.648485,-1.229811,-0.7815382,-0.02618142,-0.01068628,0.01674389,-0.01617202,0.006840028,-0.005129375,3
2014-02-24 18:51:11.536,6161,616.1,43.64485,3.943705,40.40494,6.135739,355.694,9,5,1393264259,-0.6750946,0.7109833,-0.2424011,-1.64072,-1.697667,-7.263329,270.3374,269.6264,26,-0.01618962,0.003461044,0.0232723,1.647842,-1.230417,-0.781759,-0.03239518,-0.006144905,0.02367774,-0.01910474,0.004730205,-0.009523066,3
2014-02-24 18:51:11.649,6162,616.2,43.64485,3.943705,40.40494,6.135739,355.694,9,5,1393264259,-0.6771698,0.7140503,-0.2395172,-0.4916267,0.2045698,-7.320213,275.6363,274.9253,26,-0.01864639,0.007965781,0.02203153,1.647144,-1.230948,-0.7823021,-0.03485166,-0.001640023,0.02243665,-0.00636985,0.006069098,-0.00596254,3
2014-02-24 18:51:11.747,6163,616.3,43.64485,3.943705,40.40494,6.135739,355.694,9,5,1393264259,-0.6730499,0.7099762,-0.2394409,0.383873,-0.3389282,-6.523773,278.0062,277.2952,26,-0.003710849,0.01697073,-0.0002016013,1.646695,-1.231215,-0.7826768,-0.01991606,0.007364927,0.0002034625,-0.008630917,0.00887041,-0.003345464,3
2014-02-24 18:51:11.861,6164,616.4,43.64485,3.943705,40.40494,6.135739,355.694,9,5,1393264259,-0.6719208,0.703949,-0.2423096,-0.3821907,-0.01282978,-8.116653,279.0473,278.3363,26,0.01723305,0.01823866,-0.003532151,1.64641,-1.23116,-0.782691,0.001027851,0.00863285,-0.003127102,-0.008668653,0.008875627,-0.002350521,3
2014-02-24 18:51:11.938,6165,616.5,43.64491,3.94372,38.37061,5.246284,13.56635,9,5,1393264260,-0.6761475,0.7159729,-0.2483215,-1.148251,0.3132687,-8.571762,279.9499,279.2389,26,0.02219665,0.01483967,-0.00814368,1.64639,-1.230957,-0.7825663,0.005991607,0.00523402,-0.007738539,-0.006619676,0.008902982,-0.003131292,3
2014-02-24 18:51:12.058,6166,616.6,43.64491,3.94372,38.37061,5.246284,13.56635,9,5,1393264260,-0.6801605,0.7141113,-0.2424927,-1.257689,1.617657,-7.547768,282.5122,281.8012,26,0.008571916,0.01029418,0.003500725,1.646543,-1.230543,-0.782542,-0.007775753,0.0007632705,0.004004846,-0.008685105,0.009927258,-0.008723488,3
2014-02-24 18:51:12.129,6167,616.7,43.64491,3.94372,38.37061,5.246284,13.56635,9,5,1393264260,-0.6801605,0.7141113,-0.2424927,-0.7105026,1.617657,-8.002876,283.6853,282.9743,26,0.007346862,0.005751363,0.003533482,1.646247,-1.230895,-0.782502,-0.006436806,-0.01857668,-0.006351253,-0.007568086,0.01091699,-0.01189443,3
2014-02-24 18:51:12.245,6168,616.8,43.64491,3.94372,38.37061,5.246284,13.56635,9,5,1393264260,-0.6762238,0.7170258,-0.2414856,-1.31241,1.889405,-8.173538,284.8691,284.1581,26,0.01598616,0.0159811,-0.001175786,1.646123,-1.231071,-0.7824957,-0.009000021,-0.003778849,0.004037581,-0.01153547,0.009059833,-0.006181593,3
2014-02-24 18:51:12.404,6169,616.9,43.64491,3.94372,38.37061,5.246284,13.56635,9,5,1393264260,-0.6771545,0.714035,-0.2424469,-1.148254,3.465541,-6.296223,290.1986,289.4876,26,0.01831376,0.01613023,0.01526817,1.646128,-1.230911,-0.7825676,-0.0003603322,0.006451319,-0.0006714563,-0.007684186,0.0119233,-0.005084725,3
2014-02-24 18:51:12.566,6170,617,43.64491,3.94372,38.37061,5.246284,13.56635,9,5,1393264260,-0.673233,0.7198792,-0.2473297,-2.133188,4.878631,-6.182446,291.9211,291.2101,26,0.009877399,0.01136291,-0.005881591,1.646328,-1.23051,-0.7825932,0.001967602,0.006600744,0.01577248,-0.008726735,0.00891445,-0.005784207,3
2014-02-24 18:51:12.664,6171,617.1,43.64491,3.94372,38.37061,5.246284,13.56635,9,5,1393264260,-0.6812592,0.7181091,-0.2434998,-1.69544,5.748222,-6.865105,293.4745,292.7635,26,0.01600746,0.005771869,-0.002249039,1.646374,-1.230362,-0.7826545,-0.006468473,0.001833762,-0.005377047,-0.006849397,0.01180063,-0.008629509,3
2014-02-24 18:51:12.766,6172,617.2,43.64491,3.94372,38.37061,5.246284,13.56635,9,5,1393264260,-0.6771393,0.7140198,-0.2444,0.2744331,4.443837,-6.865101,295.7716,295.0606,26,0.01471716,0.0001608549,0.006004896,1.646652,-1.22999,-0.7828762,-0.0003376907,-0.003756347,-0.001743758,-0.007084877,0.01262006,-0.01137795,3
2014-02-24 18:51:12.863,6173,617.3,43.64491,3.94372,38.37061,5.246284,13.56635,9,5,1393264260,-0.6772919,0.7190552,-0.2395477,-0.05387878,5.204729,-6.978882,299.0333,298.3223,26,0.01231206,0.001219461,-0.001066862,1.646716,-1.23001,-0.7829739,-0.001627616,-0.009367093,0.006510016,-0.01112776,0.009682117,-0.006546554,3
2014-02-24 18:51:12.959,6174,617.4,43.64491,3.94372,38.37061,5.246284,13.56635,9,5,1393264260,-0.6771545,0.7150116,-0.2453766,-0.7105026,5.530825,-5.954887,300.0889,299.3779,26,0.01474646,0.01598083,-1.464739e-05,1.646688,-1.230008,-0.7830207,-0.004212863,-0.008219668,-0.0004529033,-0.00911474,0.008596106,-0.007502031,3
2014-02-24 18:51:13.061,6175,617.5,43.64491,3.94372,38.37061,5.246284,13.56635,9,5,1393264260,-0.6782227,0.7170563,-0.243454,-0.2727509,6.400416,-5.727333,301.0453,300.3343,26,0.01607271,0.006840329,-0.01047048,1.646755,-1.230035,-0.7830601,-0.001778265,0.006542008,0.0005996886,-0.009287012,0.01360355,-0.002677473,3
2014-02-24 18:51:13.136,6176,617.6,43.64497,3.94377,39.62077,5.298853,34.47133,9,5,1393264261,-0.6782227,0.7170563,-0.243454,-0.7104988,7.161312,-5.84111,301.2235,300.5125,26,0.01092828,0.01041562,0.01642638,1.646762,-1.230025,-0.783087,-0.005595847,0.0009771514,0.0170403,-0.01023806,0.01158561,-0.006583299,3
2014-02-24 18:51:13.244,6177,617.7,43.64497,3.94377,39.62077,5.298853,34.47133,9,5,1393264261,-0.6752014,0.7150116,-0.239502,-1.093533,6.780866,-4.987782,301.5261,300.8151,26,0.01600347,0.009171926,-0.002282329,1.646762,-1.230025,-0.783087,-0.005595847,0.0009771514,0.0170403,-0.01023806,0.01158561,-0.006583299,3
2014-02-24 18:51:13.387,6178,617.8,43.64497,3.94377,39.62077,5.298853,34.47133,9,5,1393264261,-0.6752014,0.7150116,-0.239502,-1.750156,7.759152,-4.418896,302.6786,301.9677,26,0.01106677,0.005752428,5.006743e-05,1.646767,-1.230119,-0.7833074,-0.005457263,-0.00368588,0.0006642888,-0.007432743,0.01338253,-0.002776382,3
2014-02-24 18:51:13.559,6179,617.9,43.64497,3.94377,39.62077,5.298853,34.47133,9,5,1393264261,-0.6691437,0.7129059,-0.236496,-1.038815,8.900495,-4.703339,309.9004,309.1894,26,-0.006166283,-0.00456306,0.002331065,1.646336,-1.230604,-0.7834125,-0.02269047,-0.0140015,0.002945398,-0.007296158,0.008333736,0.0007959838,3
2014-02-24 18:51:13.665,6180,618,43.64497,3.94377,39.62077,5.298853,34.47133,9,5,1393264261,-0.6741333,0.7120056,-0.2375336,-1.148254,9.87878,-3.565567,310.4159,309.7049,26,0.01237145,-0.001103081,-0.008082428,1.645994,-1.231056,-0.7835672,-0.004152835,-0.01054151,-0.007467801,-0.001234681,0.00709499,-0.000427008,3
2014-02-24 18:51:13.762,6181,618.1,43.64497,3.94377,39.62077,5.298853,34.47133,9,5,1393264261,-0.6731873,0.7149811,-0.2375336,-0.9293747,10.74837,-3.224236,310.7935,310.0826,26,0.01974654,0.01367826,-0.009328787,1.645846,-1.231263,-0.7835324,0.003031328,0.004329347,-0.008612229,-0.006152314,0.006219342,-0.001594726,3
2014-02-24 18:51:13.864,6182,618.2,43.64497,3.94377,39.62077,5.298853,34.47133,9,5,1393264261,-0.6691589,0.7138977,-0.2365112,-0.05387688,10.42228,-1.972687,311.2668,310.5558,26,0.02350027,0.01704183,-0.01753745,1.645906,-1.231138,-0.7833628,0.006784942,0.007692958,-0.01682043,-0.005122961,0.009314978,-0.001471181,3
2014-02-24 18:51:13.963,6183,618.3,43.64497,3.94377,39.62077,5.298853,34.47133,9,5,1393264261,-0.6721191,0.710968,-0.2365112,0.493309,10.42228,-0.9486923,311.8273,311.1163,26,0.03721741,0.02376126,-0.04093359,1.64596,-1.230854,-0.7828335,0.02050204,0.01441243,-0.04021626,-0.001801419,0.008622023,-0.001126547,3
2014-02-24 18:51:14.033,6184,618.4,43.64497,3.94377,39.62077,5.298853,34.47133,9,5,1393264261,-0.6729584,0.7069397,-0.2442932,0.8763409,13.19411,0.4735146,314.9147,314.2037,26,0.03096591,0.01135838,-0.02679513,1.646151,-1.230576,-0.782344,0.01425054,0.002009735,-0.02607727,-0.0004126054,0.003933651,-0.00270271,3
2014-02-24 18:51:14.160,6185,618.5,43.645,3.943827,40.44392,5.835957,53.27425,9,5,1393264262,-0.6750641,0.707077,-0.2326202,-1.531284,20.47694,0.1321907,330.5119,329.8009,26,0.00390446,-0.01263324,-0.02447445,1.646156,-1.230833,-0.7816154,-0.002984656,-0.02301946,-0.02130594,-0.006001708,0.009562369,-0.004778563,3
2014-02-24 18:51:14.237,6186,618.6,43.645,3.943827,40.44392,5.835957,53.27425,9,5,1393264262,-0.679306,0.7161713,-0.2298279,-2.735098,20.91174,-0.5504761,331.8702,331.1592,26,0.02747503,0.0100015,-0.05145067,1.645661,-1.231651,-0.7810852,-0.0128106,-0.02198163,-0.02375647,-0.005364676,0.003026564,0.003633111,3
2014-02-24 18:51:14.411,6187,618.7,43.645,3.943827,40.44392,5.835957,53.27425,9,5,1393264262,-0.6764374,0.7260284,-0.2406006,-2.625658,21.56393,-2.143356,333.1009,332.3899,26,0.04846341,0.01462288,-0.06067906,1.644873,-1.232584,-0.7805583,0.010759,0.0006521898,-0.05073265,-0.009036743,0.01249501,0.0059237,3
2014-02-24 18:51:14.554,6188,618.8,43.645,3.943827,40.44392,5.835957,53.27425,9,5,1393264262,-0.6840515,0.7140656,-0.2581329,-3.008688,21.18348,-3.565567,334.704,333.993,26,0.05096119,-0.001242897,-0.06284634,1.644965,-1.232483,-0.77983,0.03168383,0.005350135,-0.05987182,-0.005708706,0.02286989,-0.004610958,3
2014-02-24 18:51:14.679,6189,618.9,43.645,3.943827,40.44392,5.835957,53.27425,9,5,1393264262,-0.6790466,0.7080994,-0.2424316,-8.425844,21.34653,-5.329113,337.3619,336.6509,26,0.0274524,-0.01148515,-0.04537574,1.645859,-1.231761,-0.7786099,0.03418227,-0.01051504,-0.06203901,-0.007725775,0.01073741,-0.01449218,3
2014-02-24 18:51:14.778,6190,619,43.64503,3.943886,40.44392,5.835957,53.27425,9,10,1393264263,-0.6844025,0.722229,-0.2348022,-12.20143,20.74869,-7.32021,338.3123,337.6013,26,0.01752253,-0.00242108,-0.03617452,1.646024,-1.231925,-0.7772882,0.01067455,-0.0207565,-0.04456883,-0.0117558,0.005865364,-0.003582633,3
2014-02-24 18:51:14.878,6191,619.1,43.64503,3.943886,40.44392,5.835957,53.27425,9,10,1393264263,-0.6804199,0.723175,-0.2328033,-11.98256,20.4226,-8.913086,338.5414,337.8304,26,0.0285877,0.0135222,-0.03739691,1.64594,-1.232076,-0.7766134,0.0007451323,-0.01169197,-0.03536735,-0.008420526,0.01423532,-0.008409435,3
2014-02-24 18:51:14.953,6192,619.2,43.64503,3.943886,40.44392,5.835957,53.27425,9,10,1393264263,-0.6803131,0.7181702,-0.2337494,-11.70896,19.71605,-8.74242,338.7614,338.0504,26,0.01852069,0.02611656,-0.01180846,1.645579,-1.232424,-0.7760903,0.01180982,0.004251037,-0.03658929,-0.0112118,0.02173437,0.00209774,3
2014-02-24 18:51:15.071,6193,619.3,43.64503,3.943886,40.44392,5.835957,53.27425,9,10,1393264263,-0.6762085,0.7160339,-0.2395325,-11.27121,19.71605,-8.059765,338.9787,338.2677,26,-4.181163e-05,0.01136078,0.003407781,1.645187,-1.23263,-0.7761321,0.001741415,0.01684463,-0.01099939,-0.007208206,0.02265062,0.003948654,3
2014-02-24 18:51:15.172,6194,619.4,43.64503,3.943886,40.44392,5.835957,53.27425,9,10,1393264263,-0.6731262,0.7139435,-0.2424011,-11.70896,19.71605,-7.377102,341.9361,341.2251,26,0.007136473,0.007089069,0.02932673,1.644554,-1.233073,-0.7764574,-0.01682205,0.002088383,0.004218043,-0.00721151,0.01741368,0.002628649,3
2014-02-24 18:51:15.267,6195,619.5,43.64503,3.943886,40.44392,5.835957,53.27425,9,10,1393264263,-0.6731262,0.7139435,-0.2424011,-12.91278,19.93345,-7.71843,342.511,341.8,26,0.005936719,-0.003139068,0.02706864,1.644438,-1.233253,-0.7778506,-0.01099264,-0.01233008,0.02799284,-0.003986155,0.01623728,-0.01045069,3
2014-02-24 18:51:15.403,6196,619.6,43.64503,3.943886,40.44392,5.835957,53.27425,9,10,1393264263,-0.6759491,0.7050323,-0.2423706,-14.88265,18.30296,-8.856205,340.7727,340.0617,25,0.01976465,-0.00218832,-0.009173791,1.644438,-1.233253,-0.7778506,-0.01099264,-0.01233008,0.02799284,-0.003986155,0.01623728,-0.01045069,3
2014-02-24 18:51:15.562,6197,619.7,43.64503,3.943886,40.44392,5.835957,53.27425,9,10,1393264263,-0.6759491,0.7050323,-0.2423706,-15.81287,17.27032,-10.16464,340.2781,339.5671,25,0.01493447,0.001080444,-0.02098331,1.64498,-1.232662,-0.7777951,-0.001992961,-0.008108515,-0.02005777,-0.0007321751,0.001201194,-0.01084868,3
2014-02-24 18:51:15.633,6198,619.8,43.64503,3.943886,40.44392,5.835957,53.27425,9,10,1393264263,-0.6790924,0.7081604,-0.2346344,-15.81287,17.16162,-10.05086,337.4745,336.7635,25,0.03476704,0.01467535,-0.04086834,1.644931,-1.232635,-0.7771216,0.0178399,0.005486631,-0.03994282,-0.003390427,0.003802147,-0.005852023,3
2014-02-24 18:51:15.738,6199,619.9,43.64503,3.943886,40.44392,5.835957,53.27425,9,10,1393264263,-0.6791229,0.7110901,-0.2395172,-16.25062,16.18332,-9.595749,337.9131,337.2021,25,0.03479473,0.02370506,-0.04564871,1.645158,-1.231854,-0.7752405,0.01786744,0.0145161,-0.04472337,-0.01147256,0.009340645,-0.005010667,3
2014-02-24 18:51:15.870,6200,620,43.64506,3.943962,40.38406,6.697168,58.85809,9,10,1393264264,-0.6781464,0.7111053,-0.2365875,-15.59399,14.77024,-9.709534,336.1356,335.4246,25,0.01872122,0.0168642,-0.03517823,1.645002,-1.231774,-0.7745293,0.001793822,0.00767516,-0.03425278,-0.005055966,0.01171038,-0.001816234,3
2014-02-24 18:51:15.965,6201,620.1,43.64506,3.943962,40.38406,6.697168,58.85809,9,10,1393264264,-0.6812592,0.716156,-0.2386169,-15.37512,14.22674,-10.50597,333.4108,332.6998,25,0.02237082,0.02033031,-0.03048467,1.644787,-1.231737,-0.7740532,0.005443117,0.01114112,-0.02955884,-0.006856568,0.015133,0.001188121,3
2014-02-24 18:51:16.038,6202,620.2,43.64506,3.943962,40.38406,6.697168,58.85809,9,10,1393264264,-0.6840973,0.7102203,-0.2395782,-16.03175,14.22674,-10.39219,334.9886,334.2776,25,0.02991236,0.02249652,-0.05037609,1.644471,-1.231903,-0.7734503,0.01298401,0.01330701,-0.04944952,-0.002284526,0.009506564,0.004237389,3
2014-02-24 18:51:16.135,6203,620.3,43.64506,3.943962,40.38406,6.697168,58.85809,9,10,1393264264,-0.6840973,0.7102203,-0.2405701,-15.64871,15.15068,-9.993977,337.6098,336.8988,25,0.03227112,0.02035108,-0.03742833,1.644473,-1.231655,-0.7728181,0.01158847,0.01347122,-0.03761793,-0.006947437,0.01204941,-0.0004073852,3
2014-02-24 18:51:16.245,6204,620.4,43.64506,3.943962,40.38406,6.697168,58.85809,9,10,1393264264,-0.6830292,0.7062073,-0.2395325,-15.42984,13.8463,-10.90419,333.3813,332.6703,25,0.01495498,0.007852331,-0.02456846,1.644417,-1.231441,-0.7720546,0.01527256,0.01124263,-0.03638739,-0.008479531,0.0126116,-0.001077322,3
2014-02-24 18:51:16.377,6205,620.5,43.64506,3.943962,40.38406,6.697168,58.85809,9,10,1393264264,-0.6850281,0.7042847,-0.236618,-15.42984,13.7376,-11.58686,332.175,331.4641,25,0.01237544,-0.004503139,-0.008049138,1.644103,-1.231639,-0.7715835,-0.002043855,-0.001256327,-0.02352737,-0.008122652,0.01294916,-0.002093238,3
2014-02-24 18:51:16.571,6206,620.6,43.64506,3.943962,40.38406,6.697168,58.85809,9,10,1393264264,-0.6788635,0.700119,-0.2423706,-16.1959,13.6289,-11.35929,336.3982,335.6872,25,0.008549812,-0.003268231,0.008325308,1.643848,-1.231943,-0.7713871,-0.004623577,-0.01361186,-0.007007717,-0.006852756,0.00907688,-0.001216163,3
2014-02-24 18:51:16.681,6207,620.7,43.64506,3.943962,40.38406,6.697168,58.85809,9,10,1393264264,-0.6788635,0.700119,-0.2423706,-16.25062,12.37886,-11.18863,336.6622,335.9512,25,0.01224841,0.006941796,0.005914881,1.643363,-1.232767,-0.7717065,-0.004751209,-0.002167406,0.006956487,-0.005905526,0.008878495,0.004012604,3
2014-02-24 18:51:16.752,6208,620.8,43.64506,3.943962,40.38406,6.697168,58.85809,9,10,1393264264,-0.6799164,0.703125,-0.2424011,-16.7978,12.05276,-10.27841,339.0515,338.3405,25,0.03199682,0.01948688,-0.003402455,1.643829,-1.232277,-0.7717478,0.0149977,0.01037811,-0.002360758,-0.0008306102,0.002684313,-0.004333105,3
2014-02-24 18:51:17.061,6209,620.9,43.64509,3.944029,35.85873,6.842616,57.95134,9,10,1393264265,-0.6929321,0.7014313,-0.2425385,-14.7185,10.42228,-11.41619,333.1926,332.4816,25,0.05563344,0.009227321,-0.03357607,1.645171,-1.230875,-0.7708109,0.03849097,0.0001768319,-0.03246827,-0.006713736,0.01045143,-0.005243221,3
2014-02-24 18:51:17.169,6210,621,43.64509,3.944029,35.85873,6.842616,57.95134,9,10,1393264265,-0.6959534,0.7014923,-0.242569,-15.59399,8.900495,-10.96108,333.2942,332.5832,25,0.05802495,0.003653857,-0.02411359,1.64595,-1.230439,-0.7699581,0.0408828,-0.005396674,-0.02300664,-0.01617665,0.00532609,-0.002872868,3
2014-02-24 18:51:17.264,6211,621.1,43.64509,3.944029,35.85873,6.842616,57.95134,9,10,1393264265,-0.6949768,0.7034607,-0.2415924,-15.70343,9.226593,-11.98507,333.3509,332.6399,25,0.0529977,0.01277518,-0.01252005,1.646544,-1.230132,-0.7692271,0.03585573,0.00372438,-0.01141434,-0.01879189,0.005912159,-0.002526094,3
2014-02-24 18:51:17.466,6212,621.2,43.64509,3.944029,35.85873,6.842616,57.95134,9,10,1393264265,-0.6940308,0.7054291,-0.2415924,-14.11659,7.976555,-12.49707,326.9423,326.2313,25,0.04565111,0.02287149,-0.01855451,1.647151,-1.229596,-0.768757,0.02850917,0.01382067,-0.01744891,-0.01165478,0.01006467,-0.002984017,3
2014-02-24 18:51:17.578,6213,621.3,43.64509,3.944029,35.85873,6.842616,57.95134,9,10,1393264265,-0.6929779,0.705368,-0.2484283,-14.4449,7.433063,-11.58685,327.6793,326.9683,25,0.04812998,0.03192917,-0.02213859,1.647654,-1.229022,-0.7679363,0.03098807,0.02287808,-0.0210338,-0.01626048,0.01074631,-0.004403087,3
2014-02-24 18:51:17.682,6214,621.4,43.64509,3.944029,35.85873,6.842616,57.95134,9,10,1393264265,-0.6929779,0.705368,-0.2484283,-13.35053,7.650454,-10.56286,330.9251,330.2141,25,0.03955087,0.002396046,-0.02193299,1.648055,-1.228431,-0.7671189,0.02983711,0.01939401,-0.03039617,-0.01486138,0.01034273,-0.001858898,3
2014-02-24 18:51:17.778,6215,621.5,43.64509,3.944029,35.85873,6.842616,57.95134,9,10,1393264265,-0.6911163,0.7103729,-0.2425842,-13.07693,6.183019,-10.39219,328.4902,327.7792,25,0.04064143,0.0002783003,-0.004305,1.648397,-1.228043,-0.7664456,0.02240893,-0.006655353,-0.02082894,-0.01449978,0.01178893,-0.006322079,3
2014-02-24 18:51:17.869,6216,621.6,43.64512,3.944091,35.80489,7.036149,55.64683,9,10,1393264266,-0.6920929,0.7073975,-0.2406311,-13.40524,6.183019,-10.8473,328.3958,327.6848,25,0.03313771,-0.009849168,0.01214508,1.648758,-1.228001,-0.7663215,0.02333581,-0.008704965,-0.003149142,-0.01256742,0.01688318,-0.0004203319,3
2014-02-24 18:51:17.971,6217,621.7,43.64512,3.944091,35.80489,7.036149,55.64683,9,10,1393264266,-0.6889648,0.7042847,-0.247406,-13.35052,5.802573,-10.10775,328.3902,327.6792,25,0.02950836,-0.01446682,0.005116465,1.649287,-1.227926,-0.7662585,0.01583169,-0.01883278,0.01330104,-0.013521,0.01395316,0.001598501,3
2014-02-24 18:51:18.077,6218,621.8,43.64512,3.944091,35.80489,7.036149,55.64683,9,10,1393264266,-0.684967,0.7042236,-0.2444153,-12.85806,4.878631,-10.27841,328.1596,327.4486,25,0.03190946,-0.02004961,0.01340582,1.649603,-1.228047,-0.7663342,0.01220223,-0.02345056,0.006272375,-0.01244248,0.01185391,-0.00138532,3
2014-02-24 18:51:18.178,6219,621.9,43.64512,3.944091,35.80489,7.036149,55.64683,9,10,1393264266,-0.6898499,0.6993256,-0.2454071,-11.43537,5.204729,-12.09885,325.3302,324.6192,25,0.03679929,-0.02564065,0.01819978,1.650142,-1.228009,-0.7665464,0.0146034,-0.02903318,0.01456214,-0.008668737,0.01659911,-0.004338834,3
2014-02-24 18:51:18.303,6220,622,43.64512,3.944091,35.80489,7.036149,55.64683,9,10,1393264266,-0.6888885,0.6993561,-0.2395477,-10.72403,5.041683,-11.92818,323.3086,322.5976,25,0.03563736,-0.01892442,0.008738098,1.650757,-1.228096,-0.7666711,0.01949338,-0.03462404,0.01935632,-0.009598917,0.01051265,-0.006349306,3
2014-02-24 18:51:18.528,6221,622.1,43.64512,3.944091,35.80489,7.036149,55.64683,9,10,1393264266,-0.6869659,0.7032928,-0.2395477,-9.903244,4.443834,-11.18863,321.2453,320.5343,25,0.04807325,-0.0178256,-0.007576161,1.651323,-1.228289,-0.7667183,0.01833148,-0.02790797,0.009894149,-0.01055981,0.007564161,-0.000616269,3
2014-02-24 18:51:18.710,6222,622.2,43.64512,3.944091,35.80489,7.036149,55.64683,9,10,1393264266,-0.6967773,0.694519,-0.2444916,-11.54481,4.878631,-13.8055,312.1396,311.4286,25,0.05174149,-0.01437814,-0.005228318,1.652492,-1.228841,-0.7662058,0.02467847,-0.03257994,-0.01346111,-0.008138359,0.009886521,0.002073418,3
2014-02-24 18:51:18.886,6223,622.3,43.64516,3.944139,35.63615,7.104243,37.13452,9,5,1393264267,-0.6888733,0.7003174,-0.2463989,-11.2165,3.791636,-15.73971,303.9999,303.2889,25,0.02956055,-0.002065548,-0.003215501,1.653816,-1.228903,-0.7651356,0.03807091,-0.01543734,-0.01694442,-0.01328399,0.003791552,0.0002961668,3
2014-02-24 18:51:18.991,6224,622.4,43.64516,3.944139,35.63615,7.104243,37.13452,9,5,1393264267,-0.6888733,0.7003174,-0.2463989,-11.76368,4.226437,-15.62594,304.717,304.006,25,0.04930177,-0.02460681,-0.006325274,1.654809,-1.229086,-0.7643014,0.03184473,-0.03352584,-0.00509844,-0.007736385,0.006300843,0.002363973,3
2014-02-24 18:51:19.068,6225,622.5,43.64516,3.944139,35.63615,7.104243,37.13452,9,5,1393264267,-0.6868591,0.6983185,-0.2395172,-13.02221,4.280784,-17.73081,302.4649,301.7539,25,0.03584109,-0.01459519,-0.01711028,1.655289,-1.229141,-0.7639393,0.01838417,-0.02351413,-0.01588347,-0.00849422,0.008545941,-0.004455562,3
2014-02-24 18:51:19.181,6226,622.6,43.64516,3.944139,35.63615,7.104243,37.13452,9,5,1393264267,-0.6950378,0.7064514,-0.243576,-13.5694,4.063387,-17.61703,301.7103,300.9993,25,0.04325906,-0.0123086,-0.0217535,1.655688,-1.229316,-0.7634571,0.02819744,-0.02227714,-0.01228211,-0.006123344,0.00689533,0.002418346,3
2014-02-24 18:51:19.255,6227,622.7,43.64516,3.944139,35.63615,7.104243,37.13452,9,5,1393264267,-0.6928864,0.7013702,-0.2493744,-13.73356,3.900341,-16.3086,303.1333,302.4223,25,0.07278606,-0.01773639,-0.02024402,1.65603,-1.229597,-0.7630761,0.02580181,-0.021228,-0.02052697,-0.01398607,0.01530353,-0.001743277,3
2014-02-24 18:51:19.415,6228,622.8,43.64516,3.944139,35.63615,7.104243,37.13452,9,5,1393264267,-0.6887817,0.6982727,-0.2532196,-14.60906,4.661234,-17.7877,303.8888,303.1778,25,0.04932201,-0.02575836,-0.008659801,1.656951,-1.229415,-0.7626052,0.05532852,-0.026656,-0.01901728,-0.0148373,0.01967228,-0.0005797905,3
2014-02-24 18:51:19.588,6229,622.9,43.64516,3.944139,35.63615,7.104243,37.13452,9,5,1393264267,-0.6917572,0.695343,-0.2502747,-14.39018,5.639524,-18.24281,304.3072,303.5962,25,0.04063185,-0.03254196,0.001880192,1.658126,-1.22888,-0.7621459,0.03173612,-0.03462292,-0.007363433,-0.009327467,0.01080336,-0.01362836,3
2014-02-24 18:51:19.796,6230,623,43.64521,3.944171,34.33388,7.03722,23.20303,9,5,1393264268,-0.6907959,0.6983337,-0.2502899,-14.11658,7.759155,-16.70682,308.648,307.937,25,0.01717845,-0.01680108,0.008540225,1.659465,-1.228972,-0.7616276,0.002111747,-0.03362511,0.004072187,-0.008815427,0.003213295,-0.01253367,3
2014-02-24 18:51:19.880,6231,623.1,43.64521,3.944171,34.33388,7.03722,23.20303,9,5,1393264268,-0.6908569,0.6993713,-0.2434692,-13.78828,8.520048,-17.50326,308.9425,308.2315,25,0.01715129,-0.01790683,0.01207025,1.659714,-1.229214,-0.7617189,-0.0004050807,-0.02566378,0.009835763,-0.005886456,0.005085109,-0.008813383,3
2014-02-24 18:51:19.994,6232,623.2,43.64521,3.944171,34.33388,7.03722,23.20303,9,5,1393264268,-0.6888733,0.7012939,-0.2483521,-14.06187,9.335291,-18.58414,309.3745,308.6635,25,0.02703801,-0.01447641,0.006265885,1.660047,-1.229344,-0.7617311,-0.0004315815,-0.02676905,0.01336544,-0.008929883,0.008158546,-0.007974133,3
2014-02-24 18:51:20.072,6233,623.3,43.64521,3.944171,34.33388,7.03722,23.20303,9,5,1393264268,-0.6938477,0.7003784,-0.2522888,-13.24109,9.389639,-18.75481,308.9363,308.2253,25,0.038039,-0.008659002,0.01452648,1.660337,-1.22962,-0.7618819,0.00945522,-0.02333859,0.007561073,-0.009022094,0.009087058,-0.00137656,3
2014-02-24 18:51:20.170,6234,623.4,43.64521,3.944171,34.33388,7.03722,23.20303,9,5,1393264268,-0.6938477,0.7003784,-0.2522888,-12.85806,9.117888,-19.15303,307.6415,306.9305,25,0.04423084,0.006066148,0.007404121,1.6618,-1.228978,-0.7619498,0.02664896,-0.002795271,0.008699172,-0.009038806,0.003972019,-0.01165072,3
2014-02-24 18:51:20.268,6235,623.5,43.64521,3.944171,34.33388,7.03722,23.20303,9,5,1393264268,-0.6887512,0.6992035,-0.2600403,-13.35052,9.389639,-19.09614,307.8279,307.1169,25,0.05164828,-0.007494668,0.005261341,1.662831,-1.22826,-0.761779,0.0339742,-0.01630264,0.006658412,-0.01120778,0.007147381,-0.01020615,3
2014-02-24 18:51:20.501,6236,623.6,43.64521,3.944171,34.33388,7.03722,23.20303,9,5,1393264268,-0.6958008,0.69841,-0.2542572,-12.31087,8.6831,-19.83569,305.2003,304.4893,25,0.03811383,-0.007599863,0.005132178,1.663842,-1.227686,-0.7616327,0.02409089,-0.01407498,0.01123409,-0.007223919,0.009099498,-0.01657157,3
2014-02-24 18:51:20.680,6237,623.7,43.64521,3.944171,34.33388,7.03722,23.20303,9,5,1393264268,-0.6928558,0.6994019,-0.2464294,-12.20143,8.900495,-19.49436,304.6263,303.9153,25,0.03201652,0.01041083,-0.004486894,1.665264,-1.227053,-0.7611266,0.01426248,-0.00963576,0.008749102,-0.01110835,0.008641862,-0.006302511,3
2014-02-24 18:51:20.793,6238,623.8,43.64521,3.944171,34.33388,7.03722,23.20303,9,5,1393264268,-0.6898804,0.7013092,-0.2483521,-11.92784,8.846144,-20.00635,303.6498,302.9388,25,0.02832645,0.001324923,-0.003260508,1.665684,-1.22688,-0.7609692,0.01434464,0.001604375,-0.003091072,-0.01304729,0.007809857,-0.004209905,3
2014-02-24 18:51:20.897,6239,623.9,43.64521,3.944171,34.33388,7.03722,23.20303,9,5,1393264268,-0.6889801,0.7043152,-0.2444763,-11.8184,8.846144,-20.23391,303.4427,302.7318,25,0.02955097,-0.002056227,-0.002042645,1.665935,-1.22681,-0.7609966,0.01065455,-0.007481599,-0.00186475,-0.01016785,0.01071967,-0.003191772,3
2014-02-24 18:51:20.996,6240,624,43.64526,3.944202,35.90367,7.039855,21.90223,9,5,1393264269,-0.6929626,0.704361,-0.2494049,-10.83347,8.737445,-19.7788,303.0531,302.3421,25,0.02955949,0.006991863,-0.00447704,1.666242,-1.226804,-0.7609982,0.01187886,-0.01086278,-0.0006463152,-0.00519588,0.0126411,0.000763618,3
2014-02-24 18:51:21.072,6241,624.1,43.64526,3.944202,35.90367,7.039855,21.90223,9,5,1393264269,-0.6959381,0.7034149,-0.2513733,-12.63918,8.574395,-18.35658,304.3725,303.6615,25,0.02951049,0.000247674,0.002626942,1.666406,-1.226829,-0.7610709,0.01188706,-0.001814879,-0.00308031,-0.009158538,0.009658785,-0.001238536,3
2014-02-24 18:51:21.194,6242,624.2,43.64526,3.944202,35.90367,7.039855,21.90223,9,5,1393264269,-0.6907501,0.6963196,-0.2512665,-12.80334,9.280944,-18.86859,304.7035,303.9925,25,0.01826396,-0.006461894,0.02487313,1.666997,-1.22671,-0.7613735,0.001854831,-0.007410362,0.009951038,-0.01448035,0.01349854,-0.007179271,3
2014-02-24 18:51:21.272,6243,624.3,43.64526,3.944202,35.90367,7.039855,21.90223,9,5,1393264269,-0.6876984,0.6942596,-0.2512207,-11.2165,9.552685,-19.83569,303.1396,302.4286,25,0.01452568,0.001479652,0.02945243,1.667195,-1.226763,-0.7616474,0.0005005345,-0.01522313,0.02643762,-0.01162431,0.01226272,-0.005294818,3
2014-02-24 18:51:21.501,6244,624.4,43.64526,3.944202,35.90367,7.039855,21.90223,9,5,1393264269,-0.6876984,0.6942596,-0.2512207,-10.39571,9.933128,-18.98236,303.7636,303.0526,25,0.01205267,0.003736681,0.03057975,1.667656,-1.226685,-0.7626565,-0.005710113,-0.005024164,0.0321438,-0.007172072,0.006421108,-0.004393989,3
2014-02-24 18:51:21.853,6245,624.5,43.64526,3.944202,35.90367,7.039855,21.90223,9,5,1393264269,-0.6886444,0.6912994,-0.2512054,-10.28628,9.280937,-18.52725,303.1967,302.4857,25,0.01216825,0.01041589,0.01526497,1.667656,-1.226685,-0.7626565,-0.005710113,-0.005024164,0.0321438,-0.007172072,0.006421108,-0.004393989,3
2014-02-24 18:51:22.044,6246,624.6,43.64526,3.944202,35.90367,7.039855,21.90223,9,5,1393264269,-0.6886444,0.6912994,-0.2512054,-11.54481,9.878778,-19.60813,303.4382,302.7272,25,0.02332903,0.01720881,0.003575027,1.668082,-1.226162,-0.7628812,0.005567428,0.008448854,0.005138608,-0.008346239,0.003267946,-0.00798117,3
2014-02-24 18:51:22.117,6247,624.7,43.64532,3.944231,35.85455,7.306641,20.69747,9,5,1393264270,-0.6907959,0.6973419,-0.2483368,-11.59953,8.846144,-20.68901,298.9618,298.2508,25,0.03198297,0.01497203,-0.001012268,1.668393,-1.22564,-0.7625447,0.01422204,0.006212401,0.0005506101,-0.008209376,0.0005357303,-0.006555357,3
2014-02-24 18:51:22.251,6248,624.8,43.64532,3.944231,35.85455,7.306641,20.69747,9,5,1393264270,-0.6898499,0.7003021,-0.2502899,-11.16178,9.28094,-19.89258,299.2417,298.5307,25,0.01847728,0.0227631,-0.005910353,1.668538,-1.225185,-0.7620063,0.0005718278,0.01404644,-0.004192694,-0.01016805,0.008981734,-0.001313882,3
2014-02-24 18:51:22.408,6249,624.9,43.64532,3.944231,35.85455,7.306641,20.69747,9,5,1393264270,-0.6879272,0.7032623,-0.2463989,-10.88818,9.009195,-18.81169,299.3726,298.6616,25,0.01231313,0.02499137,-0.004818191,1.668448,-1.225064,-0.7620134,-0.005592342,0.01627468,-0.003100506,-0.009241208,0.009937916,-0.002209175,3
2014-02-24 18:51:22.567,6250,625,43.64532,3.944231,35.85455,7.306641,20.69747,9,5,1393264270,-0.6909027,0.7033081,-0.2503204,-11.87312,9.22659,-18.47036,300.169,299.458,25,0.009787916,0.01484632,0.004641091,1.668381,-1.224926,-0.7621569,-0.008117435,0.00612984,0.006359139,-0.004347921,0.01071916,-0.003064796,3
2014-02-24 18:51:22.660,6251,625.1,43.64532,3.944231,35.85455,7.306641,20.69747,9,5,1393264270,-0.6909027,0.7033081,-0.2503204,-11.92784,9.389639,-19.32369,299.8484,299.1375,25,0.01846503,0.02503904,-0.004759601,1.668191,-1.22487,-0.7623256,-0.005629005,0.01517858,0.001602895,-0.006470141,0.009666374,-0.0001669792,3
2014-02-24 18:51:22.758,6252,625.2,43.64532,3.944231,35.85455,7.306641,20.69747,9,5,1393264270,-0.6878662,0.7032013,-0.2541962,-12.03728,9.71574,-19.20991,301.6791,300.9681,25,0.009827331,0.01367613,-3.914847e-05,1.668236,-1.224504,-0.7623335,0.0005594554,0.01632249,-0.003041026,-0.01060878,0.01269713,-0.004848123,3
2014-02-24 18:51:22.851,6253,625.3,43.64532,3.944231,35.85455,7.306641,20.69747,9,5,1393264270,-0.6889191,0.702301,-0.2473907,-10.66931,9.878784,-20.17702,300.4335,299.7225,25,-0.004982508,0.01134107,0.005706355,1.668404,-1.224168,-0.7624083,-0.008077722,0.004960185,0.001679832,-0.007703302,0.01253624,-0.008513036,3
2014-02-24 18:51:22.953,6254,625.4,43.64532,3.944231,35.85455,7.306641,20.69747,9,5,1393264270,-0.6859131,0.7032013,-0.247345,-10.06741,9.607036,-19.43747,300.3807,299.6697,25,0.01597284,0.01939048,-3.595267e-05,1.668155,-1.224272,-0.76272,-0.0228874,0.002625316,0.007425548,-0.008933007,0.0114106,-0.001851794,3
2014-02-24 18:51:23.080,6255,625.5,43.64532,3.944231,35.85455,7.306641,20.69747,9,5,1393264270,-0.690918,0.7033234,-0.2483826,-9.95797,9.498338,-18.07214,301.344,300.633,25,0.02090102,0.02168612,-0.001184308,1.667999,-1.224201,-0.7630417,-0.002105718,0.01073203,0.001856392,-0.005070244,0.008080523,-0.001787264,3
2014-02-24 18:51:23.155,6256,625.6,43.64538,3.944262,36.18821,7.153668,20.02637,9,5,1393264271,-0.6889191,0.702301,-0.2473907,-11.65425,9.770082,-18.24281,302.058,301.347,25,0.01841975,0.01489453,0.002377404,1.667964,-1.224166,-0.7630205,0.002822294,0.01302752,0.0007081149,-0.01209947,0.008263712,-0.0008731059,3
2014-02-24 18:51:23.250,6257,625.7,43.64538,3.944262,36.18821,7.153668,20.02637,9,5,1393264271,-0.6927643,0.6953888,-0.2483521,-11.70896,9.82443,-18.98236,301.1835,300.4725,25,0.007443801,0.01244921,-0.009435047,1.667975,-1.224089,-0.762972,0.0003410242,0.006235833,0.004269656,-0.01207157,0.008283468,-0.002762708,3
2014-02-24 18:51:23.503,6258,625.8,43.64538,3.944262,36.18821,7.153668,20.02637,9,5,1393264271,-0.6918488,0.6983643,-0.2473907,-10.94291,10.15053,-19.7788,300.2981,299.5871,25,0.01234215,0.007982027,-0.005825132,1.667802,-1.224151,-0.7630287,-0.010635,0.003790467,-0.007542703,-0.009163495,0.01118743,-0.001841639,3
2014-02-24 18:51:23.695,6259,625.9,43.64538,3.944262,36.18821,7.153668,20.02637,9,5,1393264271,-0.6919556,0.7033539,-0.2464447,-10.9429,9.172242,-18.64103,299.1772,298.4662,25,0.01470704,0.01715102,0.004665858,1.667139,-1.224515,-0.7630085,-0.003371618,0.008491909,0.006557055,-0.01209761,0.01225484,-0.001138197,3
2014-02-24 18:51:23.792,6260,626,43.64538,3.944262,36.18821,7.153668,20.02637,9,5,1393264271,-0.6908417,0.6993561,-0.2454224,-10.23156,7.487413,-18.8117,293.8618,293.1508,25,0.01351155,0.01144733,0.001190699,1.667139,-1.224515,-0.7630085,-0.003371618,0.008491909,0.006557055,-0.01209761,0.01225484,-0.001138197,3
2014-02-24 18:51:23.863,6261,626.1,43.64538,3.944262,36.18821,7.153668,20.02637,9,5,1393264271,-0.6908417,0.6993561,-0.2454224,-11.10706,8.357001,-18.69792,295.6669,294.9559,25,0.004914331,-0.002219745,0.001241566,1.666705,-1.224911,-0.7630789,-0.01334963,-0.01080727,0.003194242,-0.007880691,0.006115711,-0.003285378,3
2014-02-24 18:51:23.972,6262,626.2,43.64538,3.944262,36.18821,7.153668,20.02637,9,5,1393264271,-0.6867828,0.6962738,-0.2443848,-12.47503,10.04183,-20.00635,298.2815,297.5705,25,0.009823869,9.480854e-05,0.002439456,1.666109,-1.225775,-0.7634723,-0.008440018,-0.008492691,0.004392168,-0.002981132,0.008730631,-0.002958316,3
2014-02-24 18:51:24.082,6263,626.3,43.64538,3.944262,36.18821,7.153668,20.02637,9,5,1393264271,-0.6880493,0.7063141,-0.2405853,-11.05234,9.498338,-19.89258,296.6784,295.9674,25,-0.01228383,0.006676012,-0.003702859,1.665651,-1.22628,-0.7636074,-0.03054781,-0.001911695,-0.001750395,-0.006882614,0.004742098,-0.0004184025,3
2014-02-24 18:51:24.185,6264,626.4,43.64538,3.944262,36.18821,7.153668,20.02637,9,5,1393264271,-0.6858673,0.7031708,-0.2522125,-11.38065,9.498338,-19.55124,297.1771,296.4661,25,0.008730108,0.02146055,-0.01772254,1.664963,-1.226756,-0.7636755,-0.009534243,0.01287248,-0.01577001,-0.008077228,0.0147332,0.003041101,3
2014-02-24 18:51:24.285,6265,626.5,43.64545,3.944294,35.95102,7.622933,19.23701,9,5,1393264272,-0.6877441,0.6972198,-0.2541504,-12.14671,8.954845,-19.7788,296.0492,295.3382,25,0.0432484,0.02166322,-0.0256047,1.665232,-1.226283,-0.7633993,0.02498418,0.01307534,-0.02365188,-0.008943588,0.01488692,-0.006323177,3
2014-02-24 18:51:24.499,6266,626.6,43.64545,3.944294,35.95102,7.622933,19.23701,9,5,1393264272,-0.6877441,0.6972198,-0.2541504,-11.92784,8.30265,-18.98236,296.3773,295.6664,25,0.009942645,-0.01247371,-0.01034079,1.665758,-1.225787,-0.7630715,0.0101526,-0.002822031,-0.01308079,-0.01068256,0.009157554,-0.00978501,3
2014-02-24 18:51:24.597,6267,626.7,43.64545,3.944294,35.95102,7.622933,19.23701,9,5,1393264272,-0.6889496,0.7033081,-0.2434845,-9.793808,8.357001,-18.69792,295.5866,294.8756,25,0.009942645,-0.01247371,-0.01034079,1.665696,-1.226089,-0.7627559,-0.008320275,-0.02106051,-0.008388195,-0.01340953,0.007478382,-0.006025488,3
2014-02-24 18:51:24.671,6268,626.8,43.64545,3.944294,35.95102,7.622933,19.23701,9,5,1393264272,-0.6889496,0.7033081,-0.2434845,-9.793808,9.226593,-19.03925,297.4085,296.6975,25,0.022186,0.01598243,-0.006982009,1.665285,-1.226625,-0.7628464,-0.01721005,-0.008501885,0.002114238,-0.009339675,0.00732142,-0.005404396,3
2014-02-24 18:51:24.772,6269,626.9,43.64545,3.944294,35.95102,7.622933,19.23701,9,5,1393264272,-0.688858,0.6993256,-0.2444305,-8.152248,8.574395,-20.51835,293.7111,293.0001,25,0.01345189,0.01376987,0.008206265,1.664842,-1.226983,-0.7632198,-7.25796e-07,0.005231331,0.002146604,-0.004734685,0.01599313,0.003038789,3
2014-02-24 18:51:24.867,6270,627,43.64545,3.944294,35.95102,7.622933,19.23701,9,5,1393264272,-0.6900482,0.7063446,-0.2425385,-8.261684,8.900491,-20.7459,293.9433,293.2323,25,0.01580639,0.007100254,0.02237109,1.664773,-1.226884,-0.763362,-0.004989529,0.005257895,0.01031026,-0.008818729,0.01398309,0.00401947,3
2014-02-24 18:51:24.968,6271,627.1,43.64545,3.944294,35.95102,7.622933,19.23701,9,5,1393264272,-0.6897125,0.6943054,-0.251236,-8.644716,10.58532,-20.12013,298.5644,297.8534,25,0.01092349,-0.002032524,0.01889406,1.664739,-1.226953,-0.7637225,-0.002635031,-0.001411714,0.02447523,-0.008960155,0.01266981,-0.004901032,3
2014-02-24 18:51:25.066,6272,627.2,43.64545,3.944294,35.95102,7.622933,19.23701,9,5,1393264272,-0.689743,0.6943359,-0.2463531,-9.903248,11.18317,-19.49435,300.9844,300.2734,25,0.01329024,-0.01097755,0.03190813,1.664818,-1.227106,-0.7642395,-0.007518184,-0.01054472,0.02099833,-0.01119769,0.009366767,-0.003156836,3
2014-02-24 18:51:25.171,6273,627.3,43.64552,3.944327,35.57165,7.542783,18.27051,9,5,1393264273,-0.6929016,0.7014008,-0.2464447,-9.356058,12.05276,-18.69792,303.8576,303.1466,25,0.02708302,0.02057292,-0.004633368,1.664834,-1.227604,-0.7649221,-0.005034647,-0.004886354,0.01744645,-0.01037718,0.001855097,-0.003593374,3
2014-02-24 18:51:25.270,6274,627.4,43.64552,3.944327,35.57165,7.542783,18.27051,9,5,1393264273,-0.691864,0.6983948,-0.2434845,-9.903248,11.94406,-18.12903,305.0292,304.3182,25,0.01120632,-4.420847e-05,-0.01631559,1.664669,-1.227621,-0.7650199,0.0086419,0.01206064,-0.002530654,-0.007552913,0.007720241,-0.002666344,3
2014-02-24 18:51:25.479,6275,627.5,43.64552,3.944327,35.57165,7.542783,18.27051,9,5,1393264273,-0.6870575,0.7063141,-0.2376404,-9.465498,10.42228,-16.99127,303.8046,303.0936,25,0.023451,0.01029764,-0.01043347,1.664411,-1.227833,-0.7647081,-0.007450487,-0.00851784,-0.01404936,-0.01334052,0.009074376,-0.003790818,3
2014-02-24 18:51:25.568,6276,627.6,43.64552,3.944327,35.57165,7.542783,18.27051,9,5,1393264273,-0.6870575,0.7063141,-0.2376404,-9.082464,11.23752,-17.84459,304.4286,303.7176,25,0.01479785,0.01253417,-0.005845905,1.663762,-1.228557,-0.7643479,-0.003859432,0.004059766,-0.003580382,-0.01199934,0.00936486,0.003613239,3
2014-02-24 18:51:25.664,6277,627.7,43.64552,3.944327,35.57165,7.542783,18.27051,9,5,1393264273,-0.6878662,0.7012634,-0.2483368,-7.714497,11.07447,-17.44637,303.9014,303.1904,25,0.02094789,0.005791577,-0.00454788,1.663762,-1.228557,-0.7643479,-0.003859432,0.004059766,-0.003580382,-0.01199934,0.00936486,0.003613239,3
2014-02-24 18:51:25.751,6278,627.8,43.64552,3.944327,35.57165,7.542783,18.27051,9,5,1393264273,-0.6878662,0.7012634,-0.2483368,-7.878654,10.58533,-16.93437,303.1159,302.4049,25,0.009839315,0.01140019,-0.0011899,1.663347,-1.228977,-0.7644896,-0.008818788,0.002925167,0.001076295,-0.008022709,0.01312304,-0.0005812041,3
2014-02-24 18:51:25.852,6279,627.9,43.64552,3.944327,35.57165,7.542783,18.27051,9,5,1393264273,-0.6899567,0.7042999,-0.2483826,-8.42584,11.23752,-17.2757,303.7782,303.0672,25,0.007379619,0.002323874,4.79369e-05,1.663207,-1.229063,-0.7645029,-0.01127821,-0.006150845,0.002314392,-0.007873426,0.009085109,-0.006471149,3
2014-02-24 18:51:25.975,6280,628,43.64552,3.944327,35.57165,7.542783,18.27051,9,5,1393264273,-0.691925,0.7033234,-0.2503357,-7.112593,11.34622,-16.82059,304.3521,303.6411,25,0.008586298,-0.00217234,0.003622698,1.66311,-1.229194,-0.7646604,-0.01007139,-0.01064686,0.005889454,-0.01003475,0.01200796,-0.006642987,3
2014-02-24 18:51:26.051,6281,628.1,43.64552,3.944327,35.57165,7.542783,18.27051,9,5,1393264273,-0.6908875,0.6994019,-0.2405548,-6.018219,11.78102,-16.47927,305.0214,304.3104,25,0.00370712,0.00227647,-0.002333195,1.662945,-1.229374,-0.7648091,-0.0150532,-0.00611323,5.682373e-05,-0.0120567,0.01092411,-0.008752794,3
2014-02-24 18:51:26.151,6282,628.2,43.64559,3.944356,34.71213,7.609825,17.36517,9,5,1393264274,-0.6868744,0.6983337,-0.2385559,-5.963499,11.72666,-17.10504,304.9924,304.2814,25,0.01107609,0.005743107,-0.001122789,1.662785,-1.229657,-0.7648822,-0.007684204,-0.002646706,0.001266856,-0.01296698,0.005973288,-0.002125856,3
2014-02-24 18:51:26.280,6283,628.3,43.64559,3.944356,34.71213,7.609825,17.36517,9,5,1393264274,-0.6918182,0.6963806,-0.2444458,-4.923845,11.88971,-16.02416,304.7012,303.9902,25,0.0147611,0.01143828,-0.001143029,1.662604,-1.22991,-0.7648665,-0.003999225,0.003048236,0.001246167,-0.01089667,0.006930626,-0.003240696,3
2014-02-24 18:51:26.459,6284,628.4,43.64559,3.944356,34.71213,7.609825,17.36517,9,5,1393264274,-0.6918182,0.6963806,-0.2444458,-4.814404,12.21581,-15.00016,307.6771,306.9661,25,0.01600214,0.0103051,-0.002293514,1.662626,-1.230047,-0.7649475,0.007097085,-0.0002844837,-0.0009613125,-0.00902441,0.0108242,-0.001414764,3
2014-02-24 18:51:26.532,6285,628.5,43.64559,3.944356,34.71213,7.609825,17.36517,9,5,1393264274,-0.6929474,0.7024231,-0.2445068,-4.595528,11.34622,-14.3175,307.1291,306.4181,25,0.01600214,0.0103051,-0.002293514,1.662532,-1.230214,-0.7648466,-0.002758296,0.001914641,9.493597e-05,-0.01282462,0.006990763,-0.002496568,3
2014-02-24 18:51:26.649,6286,628.6,43.64559,3.944356,34.71213,7.609825,17.36517,9,5,1393264274,-0.6929474,0.7024231,-0.2445068,-3.501156,11.67232,-13.74861,307.8934,307.1824,25,0.01850364,0.008020376,-0.006939665,1.662498,-1.2303,-0.7647839,-0.002780113,-0.003724165,0.003668629,-0.01074869,0.006013734,-0.001533598,3
2014-02-24 18:51:26.743,6287,628.7,43.64559,3.944356,34.71213,7.609825,17.36517,9,5,1393264274,-0.6909332,0.7033386,-0.2454529,-1.640722,12.21581,-13.63484,308.8947,308.1837,25,0.0196757,0.009219331,9.880328e-05,1.662445,-1.23035,-0.7647005,-0.0002563453,-0.0003699759,-0.004551963,-0.01277283,0.01010218,-0.003562205,3
2014-02-24 18:51:26.843,6288,628.8,43.64559,3.944356,34.71213,7.609825,17.36517,9,5,1393264274,-0.6859894,0.705246,-0.2424774,-2.187902,12.21581,-11.92818,312.0607,311.3497,25,0.01840617,0.01830391,0.00351697,1.662376,-1.230376,-0.7646964,0.0009158042,0.0008290171,0.00248645,-0.01074965,0.01102067,-0.004525206,3
2014-02-24 18:51:26.948,6289,628.9,43.64559,3.944356,34.71213,7.609825,17.36517,9,5,1393264274,-0.6878662,0.6993103,-0.2424622,-1.969027,12.10711,-11.58685,312.4482,311.7372,25,0.01709723,0.0206355,0.01286653,1.662402,-1.230202,-0.7648226,-0.0005249217,0.009994822,0.006016579,-0.01079766,0.006962321,-0.003428932,3
2014-02-24 18:51:27.020,6290,629,43.64559,3.944356,34.71213,7.609825,17.36517,9,5,1393264274,-0.6868591,0.7002716,-0.2453918,-1.367125,12.05276,-12.09885,310.9398,310.2288,25,0.03066524,0.008255267,0.01077116,1.662479,-1.229951,-0.7650236,-0.001833813,0.01232649,0.01536631,-0.007937743,0.004726823,-0.004235243,3
2014-02-24 18:51:27.144,6291,629.1,43.64566,3.94439,34.67763,7.821618,19.27067,9,5,1393264275,-0.6878662,0.7002869,-0.2454071,-1.586,13.35715,-12.21262,312.0546,311.3436,25,0.02338628,0.01715316,-0.003462376,1.662718,-1.22964,-0.7651319,0.01173446,-5.351735e-05,0.01327098,-0.005123206,0.007578451,-0.006963294,3
2014-02-24 18:51:27.243,6292,629.2,43.64566,3.94439,34.67763,7.821618,19.27067,9,5,1393264275,-0.688736,0.695282,-0.2502441,-0.6010666,14.22674,-11.30241,314.2104,313.4994,25,0.02714933,0.0125837,-0.01159354,1.662997,-1.229383,-0.7650549,0.004455611,0.00884446,-0.0009625374,-0.007149014,0.007695012,-0.003872037,3
2014-02-24 18:51:27.320,6293,629.3,43.64566,3.94439,34.67763,7.821618,19.27067,9,5,1393264275,-0.6888123,0.698288,-0.2493134,-0.6010628,15.20504,-10.61975,317.1706,316.4596,25,0.0196765,0.02506727,-0.002402171,1.663251,-1.229053,-0.7649137,0.008219036,0.00427529,-0.009093824,-0.008143608,0.007812148,-0.003630453,3
2014-02-24 18:51:27.511,6294,629.4,43.64566,3.94439,34.67763,7.821618,19.27067,9,5,1393264275,-0.6940155,0.7054138,-0.2445221,-0.8199387,14.77024,-11.07485,315.5557,314.8447,25,0.007345265,-0.001039165,0.004772651,1.66338,-1.228693,-0.7646167,0.00074673,0.01675913,9.698048e-05,-0.008906715,0.003021567,-0.008153843,3
2014-02-24 18:51:27.684,6295,629.5,43.64566,3.94439,34.67763,7.821618,19.27067,9,5,1393264275,-0.6918793,0.69841,-0.2415314,-4.431372,16.07463,-12.55396,314.2697,313.5587,25,0.02841673,0.02161342,-0.01753505,1.663056,-1.22876,-0.7641656,0.009487545,0.01330541,-0.01503686,-0.01381503,0.01144955,-0.005286772,3
2014-02-24 18:51:27.795,6296,629.6,43.64566,3.94439,34.67763,7.821618,19.27067,9,5,1393264275,-0.6909027,0.7023468,-0.2483826,-4.54081,15.96593,-11.8713,315.2185,314.5075,25,0.01977237,0.01591692,-0.01286999,1.662992,-1.228585,-0.7640358,0.0007120257,0.007701441,-0.01024828,-0.00971403,0.009483341,-0.003123265,3
2014-02-24 18:51:27.870,6297,629.7,43.64566,3.94439,34.67763,7.821618,19.27067,9,5,1393264275,-0.6908875,0.6994019,-0.239563,-5.033278,16.12898,-12.26951,315.2748,314.5638,25,0.01602637,0.005753227,-0.004594752,1.663041,-1.228468,-0.7640417,-0.003033803,-0.002462116,-0.001973074,-0.01075333,0.01050144,-0.006005134,3
2014-02-24 18:51:27.994,6298,629.8,43.64566,3.94439,34.67763,7.821618,19.27067,9,5,1393264275,-0.6849213,0.7032013,-0.2463531,-5.689905,16.99857,-13.17973,315.3554,314.6444,25,0.02098784,0.02046932,-0.01172963,1.66273,-1.228768,-0.763948,0.001991142,0.00653085,-0.01609016,-0.01060438,0.007624099,0.002632146,3
2014-02-24 18:51:28.068,6299,629.9,43.64566,3.94439,34.67763,7.821618,19.27067,9,5,1393264275,-0.685791,0.6992035,-0.2512207,-5.306875,16.83552,-13.91928,315.3572,314.6462,25,0.01979288,0.01476483,-0.01520452,1.662905,-1.228458,-0.7639198,0.001927388,0.01225374,-0.00910763,-0.004694897,0.01144394,-0.003940571,3
2014-02-24 18:51:28.170,6300,630,43.64571,3.944437,32.722,8.129184,31.9413,9,5,1393264276,-0.6878662,0.6993103,-0.2424622,-7.112593,16.02028,-13.63483,316.0441,315.3331,25,-0.002391252,0.0134969,-0.01071283,1.662914,-1.228217,-0.763757,0.0007324211,0.006549312,-0.01258228,-0.005623667,0.0106002,-0.00277802,3
2014-02-24 18:51:28.287,6301,630.1,43.64571,3.944437,32.722,8.129184,31.9413,9,5,1393264276,-0.6869507,0.7032776,-0.2424774,-7.003155,16.56377,-14.65883,316.5974,315.8864,25,0.001317466,0.01463993,-0.01303458,1.662714,-1.228195,-0.7636673,-0.02145113,0.005281922,-0.008090501,-0.006470867,0.006682469,-0.005656499,3
2014-02-24 18:51:28.503,6302,630.2,43.64571,3.944437,32.722,8.129184,31.9413,9,5,1393264276,-0.6889496,0.7052612,-0.2513123,-7.222031,15.36808,-15.22772,314.0402,313.3292,25,0.0198038,0.02154657,-0.01761708,1.661989,-1.228738,-0.763815,-0.01774297,0.006424461,-0.010412,-0.007656353,0.01264872,0.00460605,3
2014-02-24 18:51:28.596,6303,630.3,43.64571,3.944437,32.722,8.129184,31.9413,9,5,1393264276,-0.689621,0.6893158,-0.2492371,-7.386185,15.53113,-15.51216,313.8975,313.1865,25,0.02233593,0.001119327,-0.02325872,1.661799,-1.228632,-0.7638793,0.0005949724,0.01340541,-0.0149021,-0.005755478,0.01847696,-0.006079026,3
2014-02-24 18:51:28.694,6304,630.4,43.64571,3.944437,32.722,8.129184,31.9413,9,5,1393264276,-0.6928253,0.6954498,-0.2405548,-6.838997,15.63983,-15.51216,314.1578,313.4468,25,-0.02578739,-0.02855308,-0.002315619,1.66182,-1.228562,-0.7635207,0.003127357,-0.007021536,-0.02054351,-0.008437961,0.01379215,-0.008877855,3
2014-02-24 18:51:28.793,6305,630.5,43.64571,3.944437,32.722,8.129184,31.9413,9,5,1393264276,-0.6948853,0.7004547,-0.2454834,-7.823935,15.20503,-15.62593,314.1568,313.4458,25,-0.03312999,-0.01393259,-0.009567406,1.661583,-1.228814,-0.7633252,-0.04499474,-0.03669308,0.0003988719,-0.008920741,-0.002012013,-0.00692929,3
2014-02-24 18:51:28.893,6306,630.6,43.64571,3.944437,32.722,8.129184,31.9413,9,5,1393264276,-0.6948853,0.7004547,-0.2454834,-8.973026,14.82459,-14.08995,317.2159,316.5049,25,-0.006045642,0.01456403,-0.01545086,1.659591,-1.230805,-0.7633787,-0.0252524,0.006424173,-0.01273734,-0.01373895,0.009088181,-0.004543496,3
2014-02-24 18:51:28.992,6307,630.7,43.64571,3.944437,32.722,8.129184,31.9413,9,5,1393264276,-0.6919556,0.7004395,-0.2386322,-9.027746,14.44414,-14.82949,315.0422,314.3312,25,0.002555037,0.01690681,-0.01421782,1.659591,-1.230805,-0.7633787,-0.0252524,0.006424173,-0.01273734,-0.01373895,0.009088181,-0.004543496,3
2014-02-24 18:51:29.060,6308,630.8,43.64571,3.944437,32.722,8.129184,31.9413,9,5,1393264276,-0.6919556,0.7004395,-0.2386322,-9.465502,14.98764,-14.48816,316.9752,316.2642,25,0.01106703,0.0136764,-0.001200287,1.65835,-1.231593,-0.7632517,-0.008140554,0.005535676,0.001513213,-0.01151334,0.01015649,-0.002106326,3
2014-02-24 18:51:29.166,6309,630.9,43.64577,3.944492,35.30782,8.061122,33.73515,9,10,1393264277,-0.6847076,0.6941986,-0.2492218,-9.027746,15.53113,-15.05705,316.7923,316.0813,25,0.01361301,0.00568798,-0.01048274,1.657927,-1.232077,-0.7634202,-0.009305633,-0.01038756,-0.004208239,-0.007554851,0.01098081,0.001446582,3
2014-02-24 18:51:29.282,6310,631,43.64577,3.944492,35.30782,8.061122,33.73515,9,10,1393264277,-0.6856537,0.6912384,-0.2472534,-9.356058,15.74853,-16.19482,315.8554,315.1444,25,0.01003639,-0.01143348,-0.02208133,1.657738,-1.232179,-0.7634557,-0.005728512,-0.002382229,-0.007686825,-0.006500749,0.01087886,-0.003483173,3
2014-02-24 18:51:29.451,6311,631.1,43.64577,3.944492,35.30782,8.061122,33.73515,9,10,1393264277,-0.6947479,0.694458,-0.2464142,-10.88818,15.42244,-16.64993,315.3606,314.6496,25,0.003858388,-0.01372007,-0.01859898,1.6577,-1.232295,-0.7632506,-0.009304478,-0.0195031,-0.01928544,-0.003119659,0.002924636,-0.009267395,3
2014-02-24 18:51:29.576,6312,631.2,43.64577,3.944492,35.30782,8.061122,33.73515,9,10,1393264277,-0.6947632,0.6954193,-0.2493439,-11.05234,16.23768,-14.65883,321.7512,321.0402,25,0.00758122,-0.008061921,-0.02331065,1.657544,-1.232599,-0.7628463,-0.0154815,-0.02178896,-0.01580356,-0.003728946,0.0002566644,-0.00741413,3
2014-02-24 18:51:29.677,6313,631.3,43.64577,3.944492,35.30782,8.061122,33.73515,9,10,1393264277,-0.7008362,0.696579,-0.243576,-9.356058,16.72682,-15.05705,321.549,320.838,25,0.002783802,-0.0002969425,-0.03985607,1.657293,-1.232965,-0.7623677,-0.0117581,-0.01613043,-0.02051566,-0.006289714,-0.001335201,-0.009537259,3
2014-02-24 18:51:29.780,6314,631.4,43.64577,3.944492,35.30782,8.061122,33.73515,9,10,1393264277,-0.7008362,0.696579,-0.243576,-7.823933,17.37902,-14.48816,322.4666,321.7556,25,-0.006008091,0.006603308,-0.0188922,1.656245,-1.233914,-0.7611416,-0.02534627,-0.001464864,-0.01609908,-0.01744035,0.004846868,-0.005205463,3
2014-02-24 18:51:29.884,6315,631.5,43.64577,3.944492,35.30782,8.061122,33.73515,9,10,1393264277,-0.6921082,0.7083893,-0.2425842,-6.565405,16.67247,-13.17973,323.1596,322.4486,25,-0.003706854,0.02149491,-0.001418932,1.655557,-1.23441,-0.7610139,-0.02304507,0.01342637,0.00137338,-0.009273564,0.004832503,0.002373558,3
2014-02-24 18:51:29.979,6316,631.6,43.64577,3.944492,35.30782,8.061122,33.73515,9,10,1393264277,-0.6929016,0.7014008,-0.2454681,-5.635187,15.96593,-12.78151,321.9527,321.2417,25,0.0001685781,0.01002307,-0.02238547,1.654876,-1.234817,-0.7611278,-0.01916973,0.001954606,-0.01959264,-0.008533141,0.01865081,-0.003866722,3
2014-02-24 18:51:30.079,6317,631.7,43.64577,3.944492,35.30782,8.061122,33.73515,9,10,1393264277,-0.694931,0.7024536,-0.2464752,-5.744625,16.29203,-12.55396,322.5947,321.8837,25,0.01721947,0.02164804,-0.002392584,1.65457,-1.234836,-0.7611962,-0.002250525,0.01365356,0.0004807427,-0.009366602,0.01161277,-0.006779184,3
2014-02-24 18:51:30.176,6318,631.8,43.64582,3.944547,35.31357,7.702766,35.34362,9,5,1393264278,-0.69487,0.7004395,-0.2484131,-6.018219,16.12897,-12.72462,322.0577,321.3467,25,0.007360711,0.01026595,0.001143029,1.654439,-1.234765,-0.7611951,-0.0121088,0.002272019,0.004016708,-0.01141245,0.01266638,-0.007737017,3
2014-02-24 18:51:30.282,6319,631.9,43.64582,3.944547,35.31357,7.702766,35.34362,9,5,1393264278,-0.6857605,0.6952515,-0.2433777,-6.182377,16.50942,-12.55395,322.8651,322.1541,25,6.844324e-05,0.01464925,-0.01070032,1.654029,-1.234752,-0.761313,-0.01940096,0.006655449,-0.007826488,-0.00744868,0.0105059,-0.004764264,3
2014-02-24 18:51:30.415,6320,632,43.64582,3.944547,35.31357,7.702766,35.34362,9,5,1393264278,-0.6867828,0.6952972,-0.2424164,-6.182375,16.29202,-13.12284,321.4269,320.7159,25,-0.01730176,0.007864049,0.007968178,1.653529,-1.234945,-0.7617076,-0.03677063,-0.0001292983,0.01084193,-0.005553878,0.005169577,-0.004925294,3
2014-02-24 18:51:30.581,6321,632.1,43.64582,3.944547,35.31357,7.702766,35.34362,9,5,1393264278,-0.6867828,0.6952972,-0.2424164,-5.908781,17.43337,-13.63484,323.7485,323.0375,25,-0.009773535,0.01343938,-0.01078314,1.652943,-1.235193,-0.7620518,-0.02689862,-0.00800406,0.008667639,-0.004727361,0.005881859,-0.006149238,3
2014-02-24 18:51:30.800,6322,632.2,43.64582,3.944547,35.31357,7.702766,35.34362,9,5,1393264278,-0.6897736,0.6953278,-0.2463531,-6.948433,16.18332,-11.87129,325.6034,324.8924,25,-0.007229151,0.006584399,-0.02007677,1.652225,-1.235664,-0.7622023,-0.02924176,0.005446667,-0.007909159,-0.003706208,0.004781153,-0.00452176,3
2014-02-24 18:51:31.059,6323,632.3,43.64582,3.944547,35.31357,7.702766,35.34362,9,5,1393264278,-0.6937103,0.6904755,-0.2405243,-6.127655,17.54206,-12.38329,325.7382,325.0272,25,0.00137286,0.007793741,-0.01883281,1.651719,-1.235888,-0.7621577,-0.02669668,-0.001407708,-0.01720286,-0.006614573,0.004843907,-0.008601495,3
2014-02-24 18:51:31.170,6324,632.4,43.64582,3.944547,35.31357,7.702766,35.34362,9,5,1393264278,-0.6927185,0.6924286,-0.2444305,-6.072935,18.35731,-11.87129,327.7334,327.0224,25,0.005098622,0.01910925,-0.02477272,1.651106,-1.236265,-0.7618092,-0.01809423,-0.000198244,-0.01595959,-0.01023459,0.0002437338,-0.00295098,3
2014-02-24 18:51:31.267,6325,632.5,43.64582,3.944547,35.31357,7.702766,35.34362,9,5,1393264278,-0.6967621,0.6945038,-0.2464447,-5.799341,18.08556,-11.47308,328.1807,327.4697,25,0.005112736,0.0236241,-0.02716318,1.650594,-1.236487,-0.761366,-0.01448597,0.01118497,-0.02182867,-0.01090005,0.001586866,-0.004955375,3
2014-02-24 18:51:31.451,6326,632.6,43.64588,3.944614,34.75484,8.210356,37.91417,9,5,1393264279,-0.694809,0.6954803,-0.2425079,-5.689905,17.86817,-10.79041,328.9168,328.2058,25,-0.00107645,0.01455604,-0.0212688,1.650193,-1.236349,-0.7608103,-0.01447106,0.01570028,-0.02421988,-0.01160834,0.00397294,-0.008671978,3
2014-02-24 18:51:31.554,6327,632.7,43.64588,3.944614,34.75484,8.210356,37.91417,9,5,1393264279,-0.6927795,0.6954041,-0.2454224,-6.291811,17.59642,-10.50597,328.8409,328.1299,25,0.009923737,0.02037398,-0.01300794,1.64986,-1.236349,-0.760278,-0.02065945,0.006632616,-0.01832638,-0.01222301,0.00338197,-0.007590459,3
2014-02-24 18:51:31.681,6328,632.8,43.64588,3.944614,34.75484,8.210356,37.91417,9,5,1393264279,-0.6906586,0.6903839,-0.2434082,-6.127655,17.97686,-12.04196,327.8798,327.1688,25,0.01615607,0.01694703,-0.02229945,1.649351,-1.236192,-0.7597638,-0.003426095,0.009024102,-0.01935772,-0.007989012,0.006653821,-0.00733614,3
2014-02-24 18:51:31.797,6329,632.9,43.64588,3.944614,34.75484,8.210356,37.91417,9,5,1393264279,-0.6898346,0.6963654,-0.2405243,-6.729565,17.59642,-11.41619,327.815,327.104,25,0.005078915,0.003279949,-0.01992604,1.648981,-1.236233,-0.759389,-0.01450271,-0.00464266,-0.01698475,-0.005614434,0.001905423,-0.005265589,3
2014-02-24 18:51:31.914,6330,633,43.64588,3.944614,34.75484,8.210356,37.91417,9,5,1393264279,-0.6898193,0.6944122,-0.2366028,-8.53528,18.19426,-10.3353,331.027,330.316,25,0.006177735,0.01021003,-0.00473297,1.648648,-1.236562,-0.759443,-0.01340408,0.002287291,-0.001791416,-0.004747433,0.007847746,-0.002618679,3
2014-02-24 18:51:32.036,6331,633.1,43.64588,3.944614,34.75484,8.210356,37.91417,9,5,1393264279,-0.6908112,0.6963806,-0.2424774,-7.550339,18.30296,-8.628647,332.2354,331.5244,25,0.02464889,0.005811017,-0.005685583,1.648513,-1.236725,-0.7593623,0.005067058,-0.002111796,-0.002744128,-0.00763146,0.006014212,-0.000789956,3
2014-02-24 18:51:32.175,6332,633.2,43.64588,3.944614,34.75484,8.210356,37.91417,9,5,1393264279,-0.6968384,0.6955414,-0.2406006,-7.550343,18.19426,-8.514866,332.3704,331.6594,25,0.024667,0.01484979,-0.009293101,1.648539,-1.236757,-0.7592784,0.004990774,0.006957421,-0.006293226,-0.006608082,0.007036317,0.0001990195,3
2014-02-24 18:51:32.285,6333,633.3,43.64594,3.94469,34.14541,8.446862,41.27592,9,5,1393264280,-0.6968384,0.6955414,-0.2406006,-5.689905,20.04214,-9.31131,334.357,333.646,25,0.03572311,0.01382101,-0.006830742,1.648739,-1.236716,-0.7591173,0.01361416,-0.002042204,-0.00612258,-0.009473365,0.006237658,0.0002332347,3
2014-02-24 18:51:32.450,6334,633.4,43.64594,3.94469,34.14541,8.446862,41.27592,9,5,1393264280,-0.6967316,0.6915436,-0.2415314,-6.346529,20.47694,-9.31131,334.7177,334.0067,25,0.03572311,0.01382101,-0.006830742,1.649122,-1.23637,-0.7588245,0.016047,0.005928582,-0.003831148,-0.01139482,0.00747242,-0.002423686,3
2014-02-24 18:51:32.561,6335,633.5,43.64594,3.94469,34.14541,8.446862,41.27592,9,5,1393264280,-0.6967316,0.6915436,-0.2415314,-6.565405,19.17255,-9.53886,334.6483,333.9373,25,0.03576732,0.008117315,-0.01146731,1.649471,-1.236031,-0.7584102,0.01981135,0.0002257205,-0.01195153,-0.01120636,0.008749746,-0.004050789,3
2014-02-24 18:51:32.662,6336,633.6,43.64594,3.94469,34.14541,8.446862,41.27592,9,5,1393264280,-0.6987,0.690567,-0.2434998,-7.167313,19.4443,-9.709526,333.8325,333.1215,25,0.01845997,0.00466719,-0.001041562,1.649929,-1.235621,-0.7579401,0.01609178,0.0002249306,-0.008468871,-0.01089216,0.004116661,-0.00264114,3
2014-02-24 18:51:32.783,6337,633.7,43.64594,3.94469,34.14541,8.446862,41.27592,9,5,1393264280,-0.6988983,0.6966095,-0.2357483,-8.15225,19.1182,-9.140644,334.9008,334.1898,25,0.003649063,0.01138928,0.003442935,1.6502,-1.235424,-0.7577035,-0.00121506,-0.003224982,0.001956167,-0.01275405,0.003311981,-0.004420826,3
2014-02-24 18:51:32.968,6338,633.8,43.64594,3.94469,34.14541,8.446862,41.27592,9,5,1393264280,-0.6949158,0.7014618,-0.2445068,-9.246622,19.4443,-9.026867,337.5991,336.8881,25,0.02222301,0.02500282,-0.01293497,1.649941,-1.235705,-0.7576047,-0.01602584,0.003496951,0.006440012,-0.01361447,0.001430621,-0.001677201,3
2014-02-24 18:51:33.053,6339,633.9,43.64594,3.94469,34.14541,8.446862,41.27592,9,5,1393264280,-0.689682,0.6913452,-0.2453461,-9.684368,18.24861,-8.116653,337.8497,337.1387,25,0.04560104,0.03310842,-0.01396242,1.649511,-1.236053,-0.7576458,0.002547483,0.01710978,-0.009938004,-0.01390918,0.01542355,0.001874587,3
2014-02-24 18:51:33.171,6340,634,43.64594,3.94469,34.14541,8.446862,41.27592,9,5,1393264280,-0.6956329,0.6884613,-0.2473602,-9.410776,19.17255,-8.401096,337.3548,336.6438,25,0.03704324,0.01827115,-0.01859259,1.649987,-1.235284,-0.7573383,0.02584076,0.02527346,-0.01089983,-0.006660643,0.009421435,-0.004227031,3
2014-02-24 18:51:33.315,6341,634.1,43.64594,3.94469,34.14541,8.446862,41.27592,9,5,1393264280,-0.6968384,0.6955414,-0.2396088,-8.37112,19.3356,-9.140648,336.0651,335.3541,25,0.00883264,0.006643788,-0.0281347,1.650445,-1.234612,-0.756916,0.01728322,0.01043645,-0.01552996,-0.003419584,0.004662419,-0.00553234,3
2014-02-24 18:51:33.515,6342,634.2,43.646,3.944786,33.08881,8.437865,53.97705,9,5,1393264281,-0.6998291,0.6946106,-0.2396393,-9.793808,19.1182,-9.368198,336.4079,335.6969,25,0.02107066,0.01472808,-0.02105762,1.650386,-1.234562,-0.7564276,-0.01092662,-0.001190342,-0.02507244,-0.009065982,0.002133654,-0.007401532,3
2014-02-24 18:51:33.639,6343,634.3,43.646,3.944786,33.08881,8.437865,53.97705,9,5,1393264281,-0.6990051,0.7016296,-0.2348022,-9.903244,19.22691,-10.16464,334.7537,334.0427,25,0.0234984,0.01025104,-0.01629828,1.650061,-1.234792,-0.7560167,0.001311482,0.006893873,-0.01799565,-0.009950234,0.009512633,0.0002854446,3
2014-02-24 18:51:33.761,6344,634.4,43.646,3.944786,33.08881,8.437865,53.97705,9,5,1393264281,-0.7019043,0.6966705,-0.2357941,-10.77875,19.22691,-9.937088,335.9006,335.1896,25,0.02459855,0.0002002697,0.001406948,1.649886,-1.234876,-0.7556614,0.003739169,0.002416754,-0.01323633,-0.01276694,0.01282295,-0.002682858,3
2014-02-24 18:51:33.860,6345,634.5,43.646,3.944786,33.08881,8.437865,53.97705,9,5,1393264281,-0.7019043,0.6966705,-0.2357941,-10.341,20.20519,-10.73352,335.1134,334.4024,25,0.0122295,0.006960438,0.008260859,1.649333,-1.235887,-0.7558982,-0.007530973,-0.0008751912,0.01132283,-0.01365464,0.01068225,0.001436398,3
2014-02-24 18:51:33.965,6346,634.6,43.646,3.944786,33.08881,8.437865,53.97705,9,5,1393264281,-0.6957245,0.6914978,-0.2434692,-9.838235,21.48468,-9.497288,339.0261,338.3151,25,0.01950978,0.004853079,0.02125549,1.649244,-1.236094,-0.7563789,-0.0002512691,-0.002983164,0.02431752,-0.007950531,0.01321641,0.001246859,3
2014-02-24 18:51:34.064,6347,634.7,43.646,3.944786,33.08881,8.437865,53.97705,9,5,1393264281,-0.6945801,0.6864777,-0.2463531,-10.33056,21.53902,-9.554169,341.3076,340.5966,25,0.02188346,-0.001834918,0.0330746,1.649636,-1.235891,-0.7569143,0.002057788,-0.009616122,0.03620479,-0.009154985,0.004816227,-0.004532569,3
2014-02-24 18:51:34.185,6348,634.8,43.646,3.944786,33.08881,8.437865,53.97705,9,5,1393264281,-0.6926422,0.6913757,-0.2522125,-10.00234,21.86506,-10.12297,340.4589,339.7479,25,0.01460557,-0.001994708,0.02010207,1.649975,-1.235654,-0.7570729,-0.005219197,-0.00977531,0.02323151,-0.008169961,-0.0003192028,-0.007289939,3
2014-02-24 18:51:34.518,6349,634.9,43.646,3.944786,33.08881,8.437865,53.97705,9,5,1393264281,-0.6975708,0.6855469,-0.2463684,-9.017687,22.40846,-9.440407,342.2013,341.4903,25,0.05062616,0.009272594,-0.02306644,1.650747,-1.234931,-0.7566387,0.03080286,0.00149326,-0.01993744,-0.006108337,0.001949614,-0.00376581,3
2014-02-24 18:51:34.660,6350,635,43.646,3.944786,33.08881,8.437865,53.97705,9,5,1393264281,-0.6916504,0.6893921,-0.2453613,-8.433455,22.48265,-9.318539,340.4273,339.7163,25,0.03206526,0.001307346,-0.009089901,1.651277,-1.234516,-0.7561453,0.01224261,-0.006471465,-0.005961128,-0.008955191,0.00532972,-0.00927439,3
2014-02-24 18:51:34.762,6351,635.1,43.64605,3.944874,33.00374,8.022152,54.45402,9,5,1393264282,-0.689743,0.6943359,-0.2453766,-7.339355,22.48265,-8.408466,340.537,339.826,25,0.02465901,0.0216499,-0.00935968,1.651516,-1.234181,-0.7555985,0.004837168,0.01387144,-0.00623202,-0.009551468,-0.0002080909,-0.006936681,3
2014-02-24 18:51:34.837,6352,635.2,43.64605,3.944874,33.00374,8.022152,54.45402,9,5,1393264282,-0.689743,0.6943359,-0.2453766,-6.518776,21.66755,-7.327755,344.0029,343.2919,25,0.01230141,0.03519128,-0.004917793,1.651578,-1.233788,-0.7554914,-9.903897e-05,0.01837559,-0.005150198,-0.004755011,0.006766868,-0.001759262,3
2014-02-24 18:51:34.950,6353,635.3,43.64605,3.944874,33.00374,8.022152,54.45402,9,5,1393264282,-0.6836395,0.6950989,-0.2589722,-5.971724,22.10227,-8.010303,342.8297,342.1187,25,0.01116983,0.06451827,-0.02163872,1.651946,-1.231717,-0.7553661,0.01102951,0.04901124,-0.0181742,0.003004897,0.003623235,-0.008975836,3
2014-02-24 18:51:35.078,6354,635.4,43.64605,3.944874,33.00374,8.022152,54.45402,9,5,1393264282,-0.6915741,0.6912689,-0.2629242,-5.752907,22.86303,-8.692863,341.7624,341.0514,25,0.002892992,0.06978361,-0.06400109,1.652319,-1.229962,-0.7552353,-0.008665215,0.05679327,-0.01843831,0.002587016,0.009638893,-0.01558412,3
2014-02-24 18:51:35.150,6355,635.5,43.64605,3.944874,33.00374,8.022152,54.45402,9,5,1393264282,-0.6917419,0.6982727,-0.2610474,-5.260559,23.46077,-8.635986,342.0752,341.3642,25,0.008925051,0.09145775,-0.05242353,1.652027,-1.228679,-0.7544115,-0.01694077,0.06205993,-0.0608004,-4.742353e-05,0.006256341,-0.02524179,3
2014-02-24 18:51:35.276,6356,635.6,43.64605,3.944874,33.00374,8.022152,54.45402,9,5,1393264282,-0.6979675,0.7044678,-0.2514038,-4.713509,24.87361,-8.522228,343.6917,342.9807,25,-0.0246124,0.0937723,-0.01405616,1.651517,-1.225492,-0.7533585,-0.0209075,0.07249408,-0.02809196,-0.003447848,0.0151722,-0.007292754,3
2014-02-24 18:51:35.415,6357,635.7,43.64605,3.944874,33.00374,8.022152,54.45402,9,5,1393264282,-0.6980438,0.7064972,-0.2465363,-4.257204,25.46128,-8.452003,343.6727,342.9617,25,-0.04431793,0.09363808,-0.01189794,1.650641,-1.22447,-0.7534344,-0.04444399,0.08605161,-0.0108531,-0.01191279,0.02128148,-0.006746239,3
2014-02-24 18:51:35.567,6358,635.8,43.64605,3.944874,33.00374,8.022152,54.45402,9,5,1393264282,-0.7039642,0.703598,-0.250473,-5.241861,25.56996,-7.883217,345.7072,344.9962,25,-0.04795954,0.08337212,-0.01652491,1.649108,-1.223809,-0.7539018,-0.06415007,0.08591726,-0.008693771,-0.01239252,0.01997929,-0.003487655,3
2014-02-24 18:51:35.652,6359,635.9,43.64608,3.944956,31.03307,7.294936,55.87165,9,5,1393264283,-0.7039642,0.703598,-0.250473,-5.953007,26.60242,-7.371315,347.6422,346.9312,25,-0.0468458,0.08575992,-0.002460495,1.64566,-1.223301,-0.7548834,-0.06668831,0.07807697,0.0008115799,-0.02023085,0.02042368,0.0004468194,3
2014-02-24 18:51:35.775,6360,636,43.64608,3.944956,31.03307,7.294936,55.87165,9,5,1393264283,-0.7108154,0.6928406,-0.242691,-2.720837,25.59975,-3.424606,352.7169,352.0059,25,-0.06530524,0.07203478,-0.0001579254,1.64566,-1.223301,-0.7548834,-0.06668831,0.07807697,0.0008115799,-0.02023085,0.02042368,0.0004468194,3
2014-02-24 18:51:35.887,6361,636.1,43.64608,3.944956,31.03307,7.294936,55.87165,9,5,1393264283,-0.7108154,0.6928406,-0.242691,-2.22851,24.34997,-2.912708,353.1646,352.4536,25,-0.08123467,0.06392146,-0.007269897,1.640934,-1.224732,-0.7556,-0.1010784,0.05623646,-0.004000045,-0.02506886,0.006092694,0.003251752,3
2014-02-24 18:51:36.013,6362,636.2,43.64608,3.944956,31.03307,7.294936,55.87165,9,5,1393264283,-0.7047272,0.6877747,-0.2347717,-2.009699,23.6979,-2.002674,354.5745,353.8635,25,-0.08987476,0.0627494,-0.003822435,1.638117,-1.225781,-0.7559817,-0.1097187,0.05506374,-0.0005535521,-0.0260942,0.006837242,0.003390776,3
2014-02-24 18:51:36.204,6363,636.3,43.64608,3.944956,31.03307,7.294936,55.87165,9,5,1393264283,-0.6865845,0.6863251,-0.2423553,-3.377272,23.10018,-3.310852,353.5453,352.8344,25,-0.1069765,0.07041851,-0.02048477,1.631134,-1.229094,-0.7566488,-0.1268221,0.06273004,-0.01721897,-0.00950921,-0.001933497,0.008047736,3
2014-02-24 18:51:36.347,6364,636.4,43.64608,3.944956,31.03307,7.294936,55.87165,9,5,1393264283,-0.6846313,0.6902313,-0.2462616,-2.173809,23.10019,-1.490776,356.0198,355.3088,25,-0.1042782,0.07020545,-0.0497846,1.627724,-1.230391,-0.7568666,-0.124124,0.06251663,-0.04651914,-0.00130854,-0.0003217833,0.0003646385,3
2014-02-24 18:51:36.518,6365,636.5,43.64608,3.944956,31.03307,7.294936,55.87165,9,5,1393264283,-0.6906891,0.6933441,-0.2502441,-0.587429,22.39378,-1.433895,354.5867,353.8757,25,-0.07822556,0.08265041,-0.07781011,1.624586,-1.231252,-0.7564473,-0.09807138,0.07496165,-0.07454437,0.002116597,0.003889313,-0.0001298629,3
2014-02-24 18:51:36.705,6366,636.6,43.64612,3.945037,32.15031,6.073061,58.0847,9,5,1393264284,-0.6965485,0.6864777,-0.2532196,-0.587431,21.52436,0.613678,358.6297,357.9187,25,-0.07321589,0.08033852,-0.08829737,1.619171,-1.231934,-0.7546191,-0.09307127,0.07268617,-0.08495519,-0.004516395,0.005326918,-0.01101468,3
2014-02-24 18:51:36.900,6367,636.7,43.64612,3.945037,32.15031,6.073061,58.0847,9,5,1393264284,-0.698822,0.6965332,-0.2454987,-2.884945,22.17643,1.751221,2.549857,1.838854,25,-0.09180715,0.09843949,-0.0745757,1.613035,-1.232821,-0.7528999,-0.1239495,0.08615068,-0.07247991,-0.008120494,0.002719952,-0.01126439,3
2014-02-24 18:51:37.049,6368,636.8,43.64612,3.945037,32.15031,6.073061,58.0847,9,5,1393264284,-0.7007446,0.6945496,-0.2513733,-2.502026,22.9915,0.6705589,359.9997,359.2887,25,-0.06965897,0.1065358,-0.07561487,1.609492,-1.233625,-0.7523484,-0.1116603,0.09078879,-0.07123451,-0.00984393,0.01317801,-0.003972536,3
2014-02-24 18:51:37.192,6369,636.9,43.64612,3.945037,32.15031,6.073061,58.0847,9,5,1393264284,-0.6987152,0.693512,-0.2532806,-1.909777,21.22534,1.001213,0.4893837,359.7784,25,-0.06734921,0.1055698,-0.05681348,1.606617,-1.233704,-0.7517623,-0.08951212,0.09888512,-0.07227355,-0.009431914,0.01261418,-0.00387884,3
2014-02-24 18:51:37.297,6370,637,43.64612,3.945037,32.15031,6.073061,58.0847,9,5,1393264284,-0.6996155,0.6875458,-0.2493439,-2.019176,23.39889,0.7737198,0.7618966,0.05089421,25,-0.09329027,0.09528071,-0.04288515,1.601598,-1.233231,-0.7509026,-0.1131416,0.08763151,-0.03954429,-0.01074711,0.005231606,-0.0121022,3
2014-02-24 18:51:37.505,6371,637.1,43.64612,3.945037,32.15031,6.073061,58.0847,9,5,1393264284,-0.7067413,0.6897583,-0.2416229,-3.933678,23.01852,0.7168465,2.351711,1.640708,25,-0.1018441,0.08496735,-0.04873212,1.598583,-1.233701,-0.750876,-0.1217018,0.07734485,-0.04532277,-0.009670424,0.005266315,-0.007537007,3
2014-02-24 18:51:37.708,6372,637.2,43.64612,3.945037,32.15031,6.073061,58.0847,9,5,1393264284,-0.7088318,0.6908722,-0.2319183,-4.918274,22.25778,1.171837,5.01536,4.304358,25,-0.10572,0.08059099,-0.02526434,1.592108,-1.235246,-0.7510592,-0.1255782,0.07296757,-0.0218561,-0.0136422,0.01131224,0.001990586,3
2014-02-24 18:51:37.843,6373,637.3,43.64613,3.945097,30.95925,5.171913,71.16345,9,5,1393264285,-0.710907,0.6929321,-0.2290344,-8.528471,23.34455,-1.78561,2.872237,2.161235,25,-0.09587833,0.07387689,-0.02393143,1.588615,-1.236644,-0.7513563,-0.1157374,0.06625242,-0.02052352,-0.01848757,0.008241664,0.007748975,3
